篇号,篇名,分类,状态,稿件路径,来源
1,灵能者 Psyker,通用概念,中文行文已逐段精校，部分术语仍为暂定,正文/01-通用概念/0001.md,https://www.bilibili.com/opus/1052221838868873289
2,机器人 Robot,通用概念,中文行文已逐段精校，部分术语仍为暂定,正文/01-通用概念/0002.md,https://www.bilibili.com/opus/1087801270626943013
3,狙击手 Sniper,通用概念,中文行文已逐段精校，部分术语仍为暂定,正文/01-通用概念/0003.md,https://www.bilibili.com/opus/1034056012678561817
4,超光速航行 Faster-Than-Light,通用概念,中文行文已逐段精校，部分术语仍为暂定,正文/01-通用概念/0004.md,https://www.bilibili.com/opus/1179835715324739585
5,亚空间驱动 Warp Drive,通用概念,中文行文已逐段精校，部分术语仍为暂定,正文/01-通用概念/0005.md,https://www.bilibili.com/opus/1180178015655559171
6,亚空间跳跃 Warp Jump,通用概念,中文行文已逐段精校，部分术语仍为暂定,正文/01-通用概念/0006.md,https://www.bilibili.com/opus/1053726735253635081
7,传送 Teleportation,通用概念,中文行文已逐段精校，部分术语仍为暂定,正文/01-通用概念/0007.md,https://www.bilibili.com/opus/1218195322370523193
8,深度打击 Deep Strike,通用概念,中文行文已逐段精校，部分术语仍为暂定,正文/01-通用概念/0008.md,https://www.bilibili.com/opus/1218450439150764072
9,奴隶制度 Slavery,通用概念,中文行文已逐段精校，部分术语仍为暂定,正文/01-通用概念/0009.md,https://www.bilibili.com/opus/1186853627493351445
10,人类帝国 Imperium of Man,通用概念,中文行文已逐段精校，部分术语仍为暂定,正文/01-通用概念/0010.md,https://www.bilibili.com/opus/978405498893107206
11,秩序 The Order,通用概念,中文行文已逐段精校，部分术语仍为暂定,正文/01-通用概念/0011.md,https://www.bilibili.com/opus/1189869154099789845
12,加迪纳尔 Gardinaal,通用概念,中文行文已逐段精校，部分术语仍为暂定,正文/01-通用概念/0012.md,https://www.bilibili.com/opus/1181755308038422544
13,英特雷斯 Interex,通用概念,中文行文已逐段精校，部分术语仍为暂定,正文/01-通用概念/0013.md,https://www.bilibili.com/opus/1185421109860761600
14,奥瑞提安技术联盟 Auretian Technocracy,通用概念,中文行文已逐段精校，部分术语仍为暂定,正文/01-通用概念/0014.md,https://www.bilibili.com/opus/1185783205679071240
15,戈尔迪安联盟 Gordian League,通用概念,中文行文已逐段精校，部分术语仍为暂定,正文/01-通用概念/0015.md,https://www.bilibili.com/opus/1186525848451153940
16,毁灭兄弟会 The Brotherhood of Ruin,通用概念,中文行文已逐段精校，部分术语仍为暂定,正文/01-通用概念/0016.md,https://www.bilibili.com/opus/1183895180994936835
17,流散者 The Diasporex,通用概念,中文行文已逐段精校，部分术语仍为暂定,正文/01-通用概念/0017.md,https://www.bilibili.com/opus/1185012336359899160
18,帝国 Imperium,通用概念,中文行文已逐段精校，部分术语仍为暂定,正文/01-通用概念/0018.md,https://www.bilibili.com/opus/1080495758876082198
19,人类 Human,通用概念,中文行文已逐段精校，部分术语仍为暂定,正文/01-通用概念/0019.md,https://www.bilibili.com/opus/1051859515400519689
20,金人 Men of Gold,通用概念,中文行文已逐段精校，部分术语仍为暂定,正文/01-通用概念/0020.md,https://www.bilibili.com/opus/1085994193221844995
21,石人 Men of Stone,通用概念,中文行文已逐段精校，部分术语仍为暂定,正文/01-通用概念/0021.md,https://www.bilibili.com/opus/1087798534705512453
22,永生者 Perpetual,通用概念,中文行文已逐段精校，部分术语仍为暂定,正文/01-通用概念/0022.md,https://www.bilibili.com/opus/1053346665008726021
23,导师 Sensei,通用概念,中文行文已逐段精校，部分术语仍为暂定,正文/01-通用概念/0023.md,https://www.bilibili.com/opus/1078628182540681249
24,亚人 Abhuman,通用概念,中文行文已逐段精校，部分术语仍为暂定,正文/01-通用概念/0024.md,https://www.bilibili.com/opus/1125341161720905733
25,欧格林 Ogryn,通用概念,中文行文已逐段精校，部分术语仍为暂定,正文/01-通用概念/0025.md,https://www.bilibili.com/opus/1175082724169351207
26,莱特林 Ratling,通用概念,中文行文已逐段精校，部分术语仍为暂定,正文/01-通用概念/0026.md,https://www.bilibili.com/opus/1175376959440420865
27,变种人 Mutant,通用概念,中文行文已逐段精校，部分术语仍为暂定,正文/01-通用概念/0027.md,https://www.bilibili.com/opus/1123856576202932241
28,空白者 Blank,通用概念,中文行文已逐段精校，部分术语仍为暂定,正文/01-通用概念/0028.md,https://www.bilibili.com/opus/1082419341591314441
29,萨满 Shaman,通用概念,中文行文已逐段精校，部分术语仍为暂定,正文/01-通用概念/0029.md,https://www.bilibili.com/opus/1053346312843427876
30,铁人 Men of Iron,通用概念,中文行文已逐段精校，部分术语仍为暂定,正文/01-通用概念/0030.md,https://www.bilibili.com/opus/1087799118843084804
31,星辰之子 Star Child,通用概念,中文行文已逐段精校，部分术语仍为暂定,正文/01-通用概念/0031.md,https://www.bilibili.com/opus/1078628036520181780
32,神之化身 God Incarnate,通用概念,中文行文已逐段精校，部分术语仍为暂定,正文/01-通用概念/0032.md,https://www.bilibili.com/opus/1080489471073320960
33,帝皇灵魂碎片 Fragment of the Emperor's Soul,通用概念,中文行文已逐段精校，部分术语仍为暂定,正文/01-通用概念/0033.md,https://www.bilibili.com/opus/1068932358320685065
34,暗言 Enuncia,通用概念,中文行文已逐段精校，部分术语仍为暂定,正文/01-通用概念/0034.md,https://www.bilibili.com/opus/1052974342915227684
35,战略价值评级 Aestimare,通用概念,中文行文已逐段精校，部分术语仍为暂定,正文/01-通用概念/0035.md,https://www.bilibili.com/opus/1167204650297851922
36,灵能分级 Assignment,通用概念,中文行文已逐段精校，部分术语仍为暂定,正文/01-通用概念/0036.md,https://www.bilibili.com/opus/1193636686481850373
37,异端 Heresy,通用概念,中文行文已逐段精校，部分术语仍为暂定,正文/01-通用概念/0037.md,https://www.bilibili.com/opus/1131952499339558918
38,第二帝国 Imperium Secundus,通用概念,中文行文已逐段精校，部分术语仍为暂定,正文/01-通用概念/0038.md,https://www.bilibili.com/opus/1203971778008842247
39,高哥特语 High Gothic,通用概念,中文行文已逐段精校，部分术语仍为暂定,正文/01-通用概念/0039.md,https://www.bilibili.com/opus/1124916277780938771
40,低哥特语 Low Gothic,通用概念,中文行文已逐段精校，部分术语仍为暂定,正文/01-通用概念/0040.md,https://www.bilibili.com/opus/1124634742673637393
41,帝国天鹰 Aquila,通用概念,中文行文已逐段精校，部分术语仍为暂定,正文/01-通用概念/0041.md,https://www.bilibili.com/opus/1176116011648155648
42,帝国货币 Imperial Currencies,通用概念,中文行文已逐段精校，部分术语仍为暂定,正文/01-通用概念/0042.md,https://www.bilibili.com/opus/1177943352777113625
43,帝国真理 Imperial Truth,通用概念,中文行文已逐段精校，部分术语仍为暂定,正文/01-通用概念/0043.md,https://www.bilibili.com/opus/1052614806889037843
44,帝国文化 Imperium Culture,通用概念,中文行文已逐段精校，部分术语仍为暂定,正文/01-通用概念/0044.md,https://www.bilibili.com/opus/1173958615236608006
45,帝国律法 Lex Imperialis,通用概念,中文行文已逐段精校，部分术语仍为暂定,正文/01-通用概念/0045.md,https://www.bilibili.com/opus/1140605531270938629
46,帝国什一税 Imperial Tithe,通用概念,中文行文已逐段精校，部分术语仍为暂定,正文/01-通用概念/0046.md,https://www.bilibili.com/opus/1138747236409147397
47,帝国历法 Imperial Calendar,通用概念,中文行文已逐段精校，部分术语仍为暂定,正文/01-通用概念/0047.md,https://www.bilibili.com/opus/1180225840072359959
48,帝国饮食 Imperium Food,通用概念,中文行文已逐段精校，部分术语仍为暂定,正文/01-通用概念/0048.md,https://www.bilibili.com/opus/1174280587430592517
49,无束阿斯塔特统治 The Reign of the Astartes Unfettered,通用概念,中文行文已逐段精校，部分术语仍为暂定,正文/01-通用概念/0049.md,https://www.bilibili.com/opus/1190563886510637077
50,麻醉药物 Narcotics,通用概念,中文行文已逐段精校，部分术语仍为暂定,正文/01-通用概念/0050.md,https://www.bilibili.com/opus/1174690885699371012
51,硅基知灵 Silica Animus,通用概念,中文行文已逐段精校，部分术语仍为暂定,正文/01-通用概念/0051.md,https://www.bilibili.com/opus/1175750475606130688
52,标准模板构造 Standard Template Construct,通用概念,中文行文已逐段精校，部分术语仍为暂定,正文/01-通用概念/0052.md,https://www.bilibili.com/opus/1192961526255845377
53,远征 Crusade,通用概念,中文行文已逐段精校，部分术语仍为暂定,正文/01-通用概念/0053.md,https://www.bilibili.com/opus/1129430404364763145
54,远征舰队 Expeditionary Fleet,通用概念,中文行文已逐段精校，部分术语仍为暂定,正文/01-通用概念/0054.md,https://www.bilibili.com/opus/1181739506820186118
55,信仰战争 War of Faith,通用概念,中文行文已逐段精校，部分术语仍为暂定,正文/01-通用概念/0055.md,https://www.bilibili.com/opus/1130087216534519858
56,原体计划 Primarch Project,通用概念,中文行文已逐段精校，部分术语仍为暂定,正文/01-通用概念/0056.md,https://www.bilibili.com/opus/1089684815659139094
57,网道计划 Webway Project,通用概念,中文行文已逐段精校，部分术语仍为暂定,正文/01-通用概念/0057.md,https://www.bilibili.com/opus/1053726550609887285
58,尼凯亚会议 Council of Nikaea,通用概念,中文行文已逐段精校，部分术语仍为暂定,正文/01-通用概念/0058.md,https://www.bilibili.com/opus/1057805416616951817
59,塑钢 Plasteel,通用概念,中文行文已逐段精校，部分术语仍为暂定,正文/01-通用概念/0059.md,https://www.bilibili.com/opus/1213641793737850882
60,陶钢 Ceramite,通用概念,中文行文已逐段精校，部分术语仍为暂定,正文/01-通用概念/0060.md,https://www.bilibili.com/opus/1213634067150405633
61,帝国摄政 Imperial Regent,通用概念,中文行文已逐段精校，部分术语仍为暂定,正文/01-通用概念/0061.md,https://www.bilibili.com/opus/1125680820604895248
62,帝国最高统帅 Lord Commander of the Imperium,通用概念,中文行文已逐段精校，部分术语仍为暂定,正文/01-通用概念/0062.md,https://www.bilibili.com/opus/1137890094071414790
63,星区领主 Sector Lord,通用概念,中文行文已逐段精校，部分术语仍为暂定,正文/01-通用概念/0063.md,https://www.bilibili.com/opus/1145376376689262596
64,帝国指挥官 Imperial Commander,通用概念,中文行文已逐段精校，部分术语仍为暂定,正文/01-通用概念/0064.md,https://www.bilibili.com/opus/1143871364314169367
65,舰队司令 Fleetmaster,通用概念,中文行文已逐段精校，部分术语仍为暂定,正文/01-通用概念/0065.md,https://www.bilibili.com/opus/1122819101092216848
66,老兵 Veteran,通用概念,中文行文已逐段精校，部分术语仍为暂定,正文/01-通用概念/0066.md,https://www.bilibili.com/opus/1051858712250023940
67,执法者 Enforcer,通用概念,中文行文已逐段精校，部分术语仍为暂定,正文/01-通用概念/0067.md,https://www.bilibili.com/opus/1127231625884598309
68,合法灵能者 Sanctioned Psyker,通用概念,中文行文已逐段精校，部分术语仍为暂定,正文/01-通用概念/0068.md,https://www.bilibili.com/opus/1144255480381571077
69,帝国任职者 Adept,通用概念,中文行文已逐段精校，部分术语仍为暂定,正文/01-通用概念/0069.md,https://www.bilibili.com/opus/1179534444872073239
70,行商浪人 Rogue Trader,通用概念,中文行文已逐段精校，部分术语仍为暂定,正文/01-通用概念/0070.md,https://www.bilibili.com/opus/1213262990519828480
71,虚空盾 Void shield,通用概念,中文行文已逐段精校，部分术语仍为暂定,正文/01-通用概念/0071.md,https://www.bilibili.com/opus/1066359900514287633
72,盖勒力场 Gellar Field,通用概念,中文行文已逐段精校，部分术语仍为暂定,正文/01-通用概念/0072.md,https://www.bilibili.com/opus/1091506117986484233
73,黄金王座 Golden Throne,通用概念,中文行文已逐段精校，部分术语仍为暂定,正文/01-通用概念/0073.md,https://www.bilibili.com/opus/1052221774423392279
74,黑暗琉璃 Dark Glass,通用概念,中文行文已逐段精校，部分术语仍为暂定,正文/01-通用概念/0074.md,https://www.bilibili.com/opus/1203650110727127063
75,七锤护身符 Talisman of Seven Hammers,通用概念,中文行文已逐段精校，部分术语仍为暂定,正文/01-通用概念/0075.md,https://www.bilibili.com/opus/1066360098114240518
76,帝皇塔罗牌 Emperor's Tarot,通用概念,中文行文已逐段精校，部分术语仍为暂定,正文/01-通用概念/0076.md,https://www.bilibili.com/opus/1052221937620615234
77,雷霆战士 Thunder Warrior,通用概念,中文行文已逐段精校，部分术语仍为暂定,正文/01-通用概念/0077.md,https://www.bilibili.com/opus/1055305612467896377
78,生物技术部 Biotechnical Division,通用概念,中文行文已逐段精校，部分术语仍为暂定,正文/01-通用概念/0078.md,https://www.bilibili.com/opus/1106489214529175558
79,泰拉议会 Council of Terra,通用概念,中文行文已逐段精校，部分术语仍为暂定,正文/01-通用概念/0079.md,https://www.bilibili.com/opus/1057805274861010945
80,帝国参议院 Senatorum Imperialis,通用概念,中文行文已逐段精校，部分术语仍为暂定,正文/01-通用概念/0080.md,https://www.bilibili.com/opus/1070767151132966928
81,帝国无敌舰队 Imperialis Armada,通用概念,中文行文已逐段精校，部分术语仍为暂定,正文/01-通用概念/0081.md,https://www.bilibili.com/opus/1144653207282122760
82,帝国军 Imperial Army,通用概念,中文行文已逐段精校，部分术语仍为暂定,正文/01-通用概念/0082.md,https://www.bilibili.com/opus/1130468927463227401
83,太阳辅助军 Solar Auxilia,通用概念,中文行文已逐段精校，部分术语仍为暂定,正文/01-通用概念/0083.md,https://www.bilibili.com/opus/1151727550976753686
84,基诺五二千连团 Geno Five-Two Chiliad,通用概念,中文行文已逐段精校，部分术语仍为暂定,正文/01-通用概念/0084.md,https://www.bilibili.com/opus/1056407705376260100
85,行星防御部队 Planetary Defence Forces,通用概念,中文行文已逐段精校，部分术语仍为暂定,正文/01-通用概念/0085.md,https://www.bilibili.com/opus/1127229229290749961
86,帝国民兵 Imperialis Militia,通用概念,中文行文已逐段精校，部分术语仍为暂定,正文/01-通用概念/0086.md,https://www.bilibili.com/opus/1150504481748680711
87,卡戎议会 Council of Charon,通用概念,中文行文已逐段精校，部分术语仍为暂定,正文/01-通用概念/0087.md,https://www.bilibili.com/opus/1207333345817526297
88,通信部 Officio Communicatus,通用概念,中文行文已逐段精校，部分术语仍为暂定,正文/01-通用概念/0088.md,https://www.bilibili.com/opus/1140886611124289568
89,宣传部 Officio Propagandum,通用概念,中文行文已逐段精校，部分术语仍为暂定,正文/01-通用概念/0089.md,https://www.bilibili.com/opus/1140887650525249556
90,后勤部 Officio Logisticarum,通用概念,中文行文已逐段精校，部分术语仍为暂定,正文/01-通用概念/0090.md,https://www.bilibili.com/opus/1139883813584764931
91,破袭庭 Officio Sabatorum,通用概念,中文行文已逐段精校，部分术语仍为暂定,正文/01-通用概念/0091.md,https://www.bilibili.com/opus/1137893448459747337
92,殖民部 Departmento Colonia,通用概念,中文行文已逐段精校，部分术语仍为暂定,正文/01-通用概念/0092.md,https://www.bilibili.com/opus/1139375272296972309
93,星图会 Astra Cartographica,通用概念,中文行文已逐段精校，部分术语仍为暂定,正文/01-通用概念/0093.md,https://www.bilibili.com/opus/1140110454702473234
94,灵能圣殿 Templars Psykologis,通用概念,中文行文已逐段精校，部分术语仍为暂定,正文/01-通用概念/0094.md,https://www.bilibili.com/opus/1137913424335863816
95,历史真理部 Logos Historica Verita,通用概念,中文行文已逐段精校，部分术语仍为暂定,正文/01-通用概念/0095.md,https://www.bilibili.com/opus/1140614967352885288
96,先驱打击部队 Strike Force Herald,通用概念,中文行文已逐段精校，部分术语仍为暂定,正文/01-通用概念/0096.md,https://www.bilibili.com/opus/1034708744635678720
97,第三不屈远征舰队 Indomitus Crusade Fleet Tertius,通用概念,中文行文已逐段精校，部分术语仍为暂定,正文/01-通用概念/0097.md,https://www.bilibili.com/opus/1123400931706142737
98,审判庭 Inquisition,通用概念,中文行文已逐段精校，部分术语仍为暂定,正文/01-通用概念/0098.md,https://www.bilibili.com/opus/1070767756735938576
99,绝对封锁 Cordon Impenetra,通用概念,中文行文已逐段精校，部分术语仍为暂定,正文/01-通用概念/0099.md,https://www.bilibili.com/opus/1136557670640123905
100,恶魔审判庭 Ordo Malleus,通用概念,中文行文已逐段精校，部分术语仍为暂定,正文/01-通用概念/0100.md,https://www.bilibili.com/opus/1144597888069795843
101,异形审判庭 Ordo Xenos,通用概念,中文行文已逐段精校，部分术语仍为暂定,正文/01-通用概念/0101.md,https://www.bilibili.com/opus/1144265638015926274
102,异端审判庭 Ordo Hereticus,通用概念,中文行文已逐段精校，部分术语仍为暂定,正文/01-通用概念/0102.md,https://www.bilibili.com/opus/1144276173549731844
103,托尔派 Thorians,通用概念,中文行文已逐段精校，部分术语仍为暂定,正文/01-通用概念/0103.md,https://www.bilibili.com/opus/1080489346476277765
104,审判官 Inquisitor,通用概念,中文行文已逐段精校，部分术语仍为暂定,正文/01-通用概念/0104.md,https://www.bilibili.com/opus/1148431919480832006
105,侍从 Acolyte,通用概念,中文行文已逐段精校，部分术语仍为暂定,正文/01-通用概念/0105.md,https://www.bilibili.com/opus/1148800277330001925
106,国教会 Ecclesiarchy,通用概念,中文行文已逐段精校，部分术语仍为暂定,正文/01-通用概念/0106.md,https://www.bilibili.com/opus/1051859335011893283
107,帝皇信仰 Imperial Cult,通用概念,中文行文已逐段精校，部分术语仍为暂定,正文/01-通用概念/0107.md,https://www.bilibili.com/opus/1051859219066650630
108,最高圣会 Holy Synod,通用概念,中文行文已逐段精校，部分术语仍为暂定,正文/01-通用概念/0108.md,https://www.bilibili.com/opus/1142350632318926871
109,忠嗣学院 Schola Progenia,通用概念,中文行文已逐段精校，部分术语仍为暂定,正文/01-通用概念/0109.md,https://www.bilibili.com/opus/1144989159615627267
110,世俗教务部 Creed Temporal,通用概念,中文行文已逐段精校，部分术语仍为暂定,正文/01-通用概念/0110.md,https://www.bilibili.com/opus/1142365681925226501
111,教会民兵 Frateris Militia,通用概念,中文行文已逐段精校，部分术语仍为暂定,正文/01-通用概念/0111.md,https://www.bilibili.com/opus/1150202708765966345
112,银河传教团 Missionaria Galaxia,通用概念,中文行文已逐段精校，部分术语仍为暂定,正文/01-通用概念/0112.md,https://www.bilibili.com/opus/1142724642422652946
113,圣堂兄弟会 Frateris Templar,通用概念,中文行文已逐段精校，部分术语仍为暂定,正文/01-通用概念/0113.md,https://www.bilibili.com/opus/1144972757137621016
114,红衣主教 Cardinal,通用概念,中文行文已逐段精校，部分术语仍为暂定,正文/01-通用概念/0114.md,https://www.bilibili.com/opus/1208160569385811984
115,告解者 Confessor,通用概念,中文行文已逐段精校，部分术语仍为暂定,正文/01-通用概念/0115.md,https://www.bilibili.com/opus/1208152829888299016
116,传教士 Missionary,通用概念,中文行文已逐段精校，部分术语仍为暂定,正文/01-通用概念/0116.md,https://www.bilibili.com/opus/1144982893242613766
117,教廷牧师 Ministorum Priest,通用概念,中文行文已逐段精校，部分术语仍为暂定,正文/01-通用概念/0117.md,https://www.bilibili.com/opus/1076691461512101894
118,修女会 Adepta Sororitas,通用概念,中文行文已逐段精校，部分术语仍为暂定,正文/01-通用概念/0118.md,https://www.bilibili.com/opus/1144944921427312646
119,战斗修女 Sisters of Battle,通用概念,中文行文已逐段精校，部分术语仍为暂定,正文/01-通用概念/0119.md,https://www.bilibili.com/opus/1127132206033010711
120,神圣玫瑰修会 The Order of the Sacred Rose,通用概念,中文行文已逐段精校，部分术语仍为暂定,正文/01-通用概念/0120.md,https://www.bilibili.com/opus/1209327928644468756
121,白色玫瑰修会 The Order of the White Rose,通用概念,中文行文已逐段精校，部分术语仍为暂定,正文/01-通用概念/0121.md,https://www.bilibili.com/opus/1202479212418564105
122,受伤之心修会 The Order of the Wounded Heart,通用概念,中文行文已逐段精校，部分术语仍为暂定,正文/01-通用概念/0122.md,https://www.bilibili.com/opus/1208601220165402660
123,炽热之泪修会 The Order of the Fiery Tear,通用概念,中文行文已逐段精校，部分术语仍为暂定,正文/01-通用概念/0123.md,https://www.bilibili.com/opus/1202479182362181651
124,机械修会 Adeptus Mechanicus,通用概念,中文行文已逐段精校，部分术语仍为暂定,正文/01-通用概念/0124.md,https://www.bilibili.com/opus/1056644280766955520
125,机械教派 Cult Mechanicus,通用概念,中文行文已逐段精校，部分术语仍为暂定,正文/01-通用概念/0125.md,https://www.bilibili.com/opus/1126031483202437129
126,万机神 Machine God,通用概念,中文行文已逐段精校，部分术语仍为暂定,正文/01-通用概念/0126.md,https://www.bilibili.com/opus/1176906173965664263
127,欧姆尼赛亚 Omnissiah,通用概念,中文行文已逐段精校，部分术语仍为暂定,正文/01-通用概念/0127.md,https://www.bilibili.com/opus/1176989401837731894
128,机械之语 Cant Mechanicus,通用概念,中文行文已逐段精校，部分术语仍为暂定,正文/01-通用概念/0128.md,https://www.bilibili.com/opus/1127223332305895448
129,技术之语 Lingua Technis,通用概念,中文行文已逐段精校，部分术语仍为暂定,正文/01-通用概念/0129.md,https://www.bilibili.com/opus/1176471682190147587
130,机魂 Machine Spirit,通用概念,中文行文已逐段精校，部分术语仍为暂定,正文/01-通用概念/0130.md,https://www.bilibili.com/opus/1048519585638121496
131,智控神术 Cybertheurgy,通用概念,中文行文已逐段精校，部分术语仍为暂定,正文/01-通用概念/0131.md,https://www.bilibili.com/opus/1177220406700933126
132,铸造神殿 Forge Temple,通用概念,中文行文已逐段精校，部分术语仍为暂定,正文/01-通用概念/0132.md,https://www.bilibili.com/opus/1197321837179043877
133,奥林匹斯条约 Treaty of Olympus,通用概念,中文行文已逐段精校，部分术语仍为暂定,正文/01-通用概念/0133.md,https://www.bilibili.com/opus/1056644010224910358
134,护教军 Skitarii,通用概念,中文行文已逐段精校，部分术语仍为暂定,正文/01-通用概念/0134.md,https://www.bilibili.com/opus/1127517627808219159
135,百机队 Centurio Ordinatus,通用概念,中文行文已逐段精校，部分术语仍为暂定,正文/01-通用概念/0135.md,https://www.bilibili.com/opus/1147921101848838196
136,机神禁卫军 Taghmata Omnissiah,通用概念,中文行文已逐段精校，部分术语仍为暂定,正文/01-通用概念/0136.md,https://www.bilibili.com/opus/1150877641403793430
137,智控军团 Legio Cybernetica,通用概念,中文行文已逐段精校，部分术语仍为暂定,正文/01-通用概念/0137.md,https://www.bilibili.com/opus/1130869652220542983
138,辅军精锐 Auxilia Myrmidon,通用概念,中文行文已逐段精校，部分术语仍为暂定,正文/01-通用概念/0138.md,https://www.bilibili.com/opus/1147594057264922626
139,统合议会 Adnector Concillium,通用概念,中文行文已逐段精校，部分术语仍为暂定,正文/01-通用概念/0139.md,https://www.bilibili.com/opus/1141672018936070194
140,源还修会 Ordo Reductor,通用概念,中文行文已逐段精校，部分术语仍为暂定,正文/01-通用概念/0140.md,https://www.bilibili.com/opus/1147602788926095362
141,绝境学院 Collegiate Extremis,通用概念,中文行文已逐段精校，部分术语仍为暂定,正文/01-通用概念/0141.md,https://www.bilibili.com/opus/1141653786791510022
142,律法督查 Astynomia,通用概念,中文行文已逐段精校，部分术语仍为暂定,正文/01-通用概念/0142.md,https://www.bilibili.com/opus/1144593060541235204
143,辖区裁判所 Prefecture Magisterium,通用概念,中文行文已逐段精校，部分术语仍为暂定,正文/01-通用概念/0143.md,https://www.bilibili.com/opus/1141623541597208583
144,机械传教士教派 Sect Missionarius Mechanicus,通用概念,中文行文已逐段精校，部分术语仍为暂定,正文/01-通用概念/0144.md,https://www.bilibili.com/opus/1141630757142265865
145,机械教派战斗集群 Cult Mechanicus Battle Congregation,通用概念,中文行文已逐段精校，部分术语仍为暂定,正文/01-通用概念/0145.md,https://www.bilibili.com/opus/1152805789616832514
146,星界君主 Basilikon Astra,通用概念,中文行文已逐段精校，部分术语仍为暂定,正文/01-通用概念/0146.md,https://www.bilibili.com/opus/1143876041545089048
147,探索者舰队 Explorator Fleet,通用概念,中文行文已逐段精校，部分术语仍为暂定,正文/01-通用概念/0147.md,https://www.bilibili.com/opus/1141609995316494353
148,泰坦修会 Collegia Titanica,通用概念,中文行文已逐段精校，部分术语仍为暂定,正文/01-通用概念/0148.md,https://www.bilibili.com/opus/1126745650350784537
149,帝国泰坦 Imperial Titan,通用概念,中文行文已逐段精校，部分术语仍为暂定,正文/01-通用概念/0149.md,https://www.bilibili.com/opus/1147593889741275144
150,愤怒者军团 Legio Fureans,通用概念,中文行文已逐段精校，部分术语仍为暂定,正文/01-通用概念/0150.md,https://www.bilibili.com/opus/1198770894674067457
151,狮鹫军团 Legio Gryphonicus,通用概念,中文行文已逐段精校，部分术语仍为暂定,正文/01-通用概念/0151.md,https://www.bilibili.com/opus/1198839227621572609
152,帝国骑士 Imperial Knight,通用概念,中文行文已逐段精校，部分术语仍为暂定,正文/01-通用概念/0152.md,https://www.bilibili.com/opus/1127938972676259840
153,骑士家族卫队 Knight Household Guard,通用概念,中文行文已逐段精校，部分术语仍为暂定,正文/01-通用概念/0153.md,https://www.bilibili.com/opus/1147920496231186432
154,铸造将军 Fabricator-General,通用概念,中文行文已逐段精校，部分术语仍为暂定,正文/01-通用概念/0154.md,https://www.bilibili.com/opus/1196887233703968774
155,技术祭司 Tech-priest,通用概念,中文行文已逐段精校，部分术语仍为暂定,正文/01-通用概念/0155.md,https://www.bilibili.com/opus/1144638149141463042
156,贤者 Magi,通用概念,中文行文已逐段精校，部分术语仍为暂定,正文/01-通用概念/0156.md,https://www.bilibili.com/opus/1177589254160646160
157,基因士 Genetor,通用概念,中文行文已逐段精校，部分术语仍为暂定,正文/01-通用概念/0157.md,https://www.bilibili.com/opus/1178326034352701441
158,驭电祭司 Electro-priest,通用概念,中文行文已逐段精校，部分术语仍为暂定,正文/01-通用概念/0158.md,https://www.bilibili.com/opus/1147597978587889703
159,机仆 Servitor,通用概念,中文行文已逐段精校，部分术语仍为暂定,正文/01-通用概念/0159.md,https://www.bilibili.com/opus/1033597847068475400
160,中央政务部 Adeptus Terra,通用概念,中文行文已逐段精校，部分术语仍为暂定,正文/01-通用概念/0160.md,https://www.bilibili.com/opus/1070767086727331845
161,税务部 Adeptus Fidicius,通用概念,中文行文已逐段精校，部分术语仍为暂定,正文/01-通用概念/0161.md,https://www.bilibili.com/opus/1139882155751505957
162,星炬庭 Adeptus Astronomica,通用概念,中文行文已逐段精校，部分术语仍为暂定,正文/01-通用概念/0162.md,https://www.bilibili.com/opus/1144260660123664387
163,星语庭 Adeptus Astra Telepathica,通用概念,中文行文已逐段精校，部分术语仍为暂定,正文/01-通用概念/0163.md,https://www.bilibili.com/opus/1143884897744584705
164,灵魂结合仪式 Soul Binding,通用概念,中文行文已逐段精校，部分术语仍为暂定,正文/01-通用概念/0164.md,https://www.bilibili.com/opus/1052222010629816321
165,黑船联盟 League of Black Ships,通用概念,中文行文已逐段精校，部分术语仍为暂定,正文/01-通用概念/0165.md,https://www.bilibili.com/opus/1144233030592757763
166,灵能学院 Scholastia Psykana,通用概念,中文行文已逐段精校，部分术语仍为暂定,正文/01-通用概念/0166.md,https://www.bilibili.com/opus/1140510633968533506
167,黑色哨兵 Black Sentinels,通用概念,中文行文已逐段精校，部分术语仍为暂定,正文/01-通用概念/0167.md,https://www.bilibili.com/opus/1143526534262292487
168,寂静修女 Sisters of Silence,通用概念,中文行文已逐段精校，部分术语仍为暂定,正文/01-通用概念/0168.md,https://www.bilibili.com/opus/1060007798545317956
169,星语者 Astropath,通用概念,中文行文已逐段精校，部分术语仍为暂定,正文/01-通用概念/0169.md,https://www.bilibili.com/opus/1056407769834323972
170,法务部 Adeptus Arbites,通用概念,中文行文已逐段精校，部分术语仍为暂定,正文/01-通用概念/0170.md,https://www.bilibili.com/opus/1070767211298160679
171,仲裁官 Arbitrator,通用概念,中文行文已逐段精校，部分术语仍为暂定,正文/01-通用概念/0171.md,https://www.bilibili.com/opus/1149778396060844036
172,帝皇禁军 Adeptus Custodes,通用概念,中文行文已逐段精校，部分术语仍为暂定,正文/01-通用概念/0172.md,https://www.bilibili.com/opus/1067201576701001747
173,禁军元帅 Captain-General,通用概念,中文行文已逐段精校，部分术语仍为暂定,正文/01-通用概念/0173.md,https://www.bilibili.com/opus/1072639516392554503
174,禁军卫队 Custodian Guard,通用概念,中文行文已逐段精校，部分术语仍为暂定,正文/01-通用概念/0174.md,https://www.bilibili.com/opus/1058165261827309588
175,阿拉鲁斯亲卫 Allarus Custodian,通用概念,中文行文已逐段精校，部分术语仍为暂定,正文/01-通用概念/0175.md,https://www.bilibili.com/opus/1219192609530970115
176,星际战士军团 Space Marine Legion,通用概念,中文行文已逐段精校，部分术语仍为暂定,正文/01-通用概念/0176.md,https://www.bilibili.com/opus/994367108952358916
177,新血 Newblood,通用概念,中文行文已逐段精校，部分术语仍为暂定,正文/01-通用概念/0177.md,https://www.bilibili.com/opus/1030762112088014851
178,原型军团士兵 Prototype Legionaries,通用概念,中文行文已逐段精校，部分术语仍为暂定,正文/01-通用概念/0178.md,https://www.bilibili.com/opus/1031875028291944487
179,两个未知军团 Two Unknown Legions,通用概念,中文行文已逐段精校，部分术语仍为暂定,正文/01-通用概念/0179.md,https://www.bilibili.com/opus/1105738462825283604
180,战士结社 Warrior Lodges,通用概念,中文行文已逐段精校，部分术语仍为暂定,正文/01-通用概念/0180.md,https://www.bilibili.com/opus/1190585129389522951
181,破碎军团 Shattered Legions,通用概念,中文行文已逐段精校，部分术语仍为暂定,正文/01-通用概念/0181.md,https://www.bilibili.com/opus/1198095575496523783
182,黑盾 Blackshields,通用概念,中文行文已逐段精校，部分术语仍为暂定,正文/01-通用概念/0182.md,https://www.bilibili.com/opus/1198397601913765897
183,游侠骑士 Knights-Errant,通用概念,中文行文已逐段精校，部分术语仍为暂定,正文/01-通用概念/0183.md,https://www.bilibili.com/opus/1061864615972962327
184,军团辅助军 Legiones Auxilia,通用概念,中文行文已逐段精校，部分术语仍为暂定,正文/01-通用概念/0184.md,https://www.bilibili.com/opus/1025819910393036816
185,军团长 Legion Master,通用概念,中文行文已逐段精校，部分术语仍为暂定,正文/01-通用概念/0185.md,https://www.bilibili.com/opus/1025492702599315475
186,第一连长 First Captain,通用概念,中文行文已逐段精校，部分术语仍为暂定,正文/01-通用概念/0186.md,https://www.bilibili.com/opus/1205772434444124160
187,军团冠军 Legion Champion,通用概念,中文行文已逐段精校，部分术语仍为暂定,正文/01-通用概念/0187.md,https://www.bilibili.com/opus/1025492500726415362
188,执政官 Praetor,通用概念,中文行文已逐段精校，部分术语仍为暂定,正文/01-通用概念/0188.md,https://www.bilibili.com/opus/1031413856198459399
189,军团百夫长 Legion Centurion,通用概念,中文行文已逐段精校，部分术语仍为暂定,正文/01-通用概念/0189.md,https://www.bilibili.com/opus/1019944992128368660
190,领事 Consul,通用概念,中文行文已逐段精校，部分术语仍为暂定,正文/01-通用概念/0190.md,https://www.bilibili.com/opus/1020657668919918610
191,冠军领事 Champion Consul,通用概念,中文行文已逐段精校，部分术语仍为暂定,正文/01-通用概念/0191.md,https://www.bilibili.com/opus/1019945077994160147
192,领事教士 Consul-Chaplain,通用概念,中文行文已逐段精校，部分术语仍为暂定,正文/01-通用概念/0192.md,https://www.bilibili.com/opus/1020658128465690632
193,信号大师 Master of Signals,通用概念,中文行文已逐段精校，部分术语仍为暂定,正文/01-通用概念/0193.md,https://www.bilibili.com/opus/1112447618326200329
194,暗杀精英 Moritat,通用概念,中文行文已逐段精校，部分术语仍为暂定,正文/01-通用概念/0194.md,https://www.bilibili.com/opus/1030340445063872513
195,领事执法官 Consul-Opsequiari,通用概念,中文行文已逐段精校，部分术语仍为暂定,正文/01-通用概念/0195.md,https://www.bilibili.com/opus/1021090464205373446
196,领事智控顾问 Consul Praevian,通用概念,中文行文已逐段精校，部分术语仍为暂定,正文/01-通用概念/0196.md,https://www.bilibili.com/opus/1020658055487946774
197,副指挥官 Lieutenant-Commander,通用概念,中文行文已逐段精校，部分术语仍为暂定,正文/01-通用概念/0197.md,https://www.bilibili.com/opus/1026559207383498759
198,军团十夫长 Legiones Decurion,通用概念,中文行文已逐段精校，部分术语仍为暂定,正文/01-通用概念/0198.md,https://www.bilibili.com/opus/1025820133737627651
199,军团警戒者 Legion Vigilator,通用概念,中文行文已逐段精校，部分术语仍为暂定,正文/01-通用概念/0199.md,https://www.bilibili.com/opus/1025819669843410949
200,湮灭者 Nullificator,通用概念,中文行文已逐段精校，部分术语仍为暂定,正文/01-通用概念/0200.md,https://www.bilibili.com/opus/1031034889761193984
201,追踪者 Seeker,通用概念,中文行文已逐段精校，部分术语仍为暂定,正文/01-通用概念/0201.md,https://www.bilibili.com/opus/1033597782653403153
202,劫掠者 Despoiler,通用概念,中文行文已逐段精校，部分术语仍为暂定,正文/01-通用概念/0202.md,https://www.bilibili.com/opus/1022077159899922438
203,毁灭者 Destroyer,通用概念,中文行文已逐段精校，部分术语仍为暂定,正文/01-通用概念/0203.md,https://www.bilibili.com/opus/1024791948599230464
204,攻坚者 Breacher Siege,通用概念,中文行文已逐段精校，部分术语仍为暂定,正文/01-通用概念/0204.md,https://www.bilibili.com/opus/1019190130115608598
205,侦察小队 Reconnaissance Squad,通用概念,中文行文已逐段精校，部分术语仍为暂定,正文/01-通用概念/0205.md,https://www.bilibili.com/opus/1032514269749444615
206,战术支援小队 Tactical Support Squad,通用概念,中文行文已逐段精校，部分术语仍为暂定,正文/01-通用概念/0206.md,https://www.bilibili.com/opus/1035086525682941961
207,先遣者 Outrider,通用概念,中文行文已逐段精校，部分术语仍为暂定,正文/01-通用概念/0207.md,https://www.bilibili.com/opus/1034371147310825473
208,轻骑兵中队 Hussar Squadron,通用概念,中文行文已逐段精校，部分术语仍为暂定,正文/01-通用概念/0208.md,https://www.bilibili.com/opus/1023970089426223104
209,天空猎手 Sky-Hunter,通用概念,中文行文已逐段精校，部分术语仍为暂定,正文/01-通用概念/0209.md,https://www.bilibili.com/opus/1034055815085948936
210,探天者中队 Sky Seeker Squadron,通用概念,中文行文已逐段精校，部分术语仍为暂定,正文/01-通用概念/0210.md,https://www.bilibili.com/opus/1033598186371940357
211,掠食者刺客中队 Predator Assassin Squadron,通用概念,中文行文已逐段精校，部分术语仍为暂定,正文/01-通用概念/0211.md,https://www.bilibili.com/opus/1031413989339299841
212,星际战士 Space Marine,通用概念,中文行文已逐段精校，部分术语仍为暂定,正文/01-通用概念/0212.md,https://www.bilibili.com/opus/855310241292615700
213,阿斯塔特修会 Adeptus Astartes,通用概念,中文行文已逐段精校，部分术语仍为暂定,正文/01-通用概念/0213.md,https://www.bilibili.com/opus/1060007600939073544
214,原体 Primarch,通用概念,中文行文已逐段精校，部分术语仍为暂定,正文/01-通用概念/0214.md,https://www.bilibili.com/opus/993979715786113030
215,建军 Founding,通用概念,中文行文已逐段精校，部分术语仍为暂定,正文/01-通用概念/0215.md,https://www.bilibili.com/opus/1109843300498538513
216,战团 Chapter,通用概念,中文行文已逐段精校，部分术语仍为暂定,正文/01-通用概念/0216.md,https://www.bilibili.com/opus/985487835324743685
217,大师 Master,通用概念,中文行文已逐段精校，部分术语仍为暂定,正文/01-通用概念/0217.md,https://www.bilibili.com/opus/1026955143265910787
218,修士 Brother,通用概念,中文行文已逐段精校，部分术语仍为暂定,正文/01-通用概念/0218.md,https://www.bilibili.com/opus/1019190417884708870
219,新进者 Neophyte,通用概念,中文行文已逐段精校，部分术语仍为暂定,正文/01-通用概念/0219.md,https://www.bilibili.com/opus/1030761987492020233
220,有志者 Aspirant,通用概念,中文行文已逐段精校，部分术语仍为暂定,正文/01-通用概念/0220.md,https://www.bilibili.com/opus/1110581416397111303
221,长子 Firstborn,通用概念,中文行文已逐段精校，部分术语仍为暂定,正文/01-通用概念/0221.md,https://www.bilibili.com/opus/1112832670713249827
222,原铸星际战士 Primaris Space Marines,通用概念,中文行文已逐段精校，部分术语仍为暂定,正文/01-通用概念/0222.md,https://www.bilibili.com/opus/985554673587978248
223,先锋星际战士 Vanguard Space Marines,通用概念,中文行文已逐段精校，部分术语仍为暂定,正文/01-通用概念/0223.md,https://www.bilibili.com/opus/1036603666998493202
224,星际战士指挥官 Space Marine Commander,通用概念,中文行文已逐段精校，部分术语仍为暂定,正文/01-通用概念/0224.md,https://www.bilibili.com/opus/1020657522912002052
225,忠诚派星际战士战团 Loyal Space Marine Chapters,通用概念,中文行文已逐段精校，部分术语仍为暂定,正文/01-通用概念/0225.md,https://www.bilibili.com/opus/1051473238926819334
226,圣典战团 Codex Chapter,通用概念,中文行文已逐段精校，部分术语仍为暂定,正文/01-通用概念/0226.md,https://www.bilibili.com/opus/1207696708653285399
227,星际战士连队 Space Marine Company,通用概念,中文行文已逐段精校，部分术语仍为暂定,正文/01-通用概念/0227.md,https://www.bilibili.com/opus/1207688969080274964
228,基因种子 Gene-seed,通用概念,中文行文已逐段精校，部分术语仍为暂定,正文/01-通用概念/0228.md,https://www.bilibili.com/opus/1057106505136865286
229,堡垒修道院 Fortress-Monasteries,通用概念,中文行文已逐段精校，部分术语仍为暂定,正文/01-通用概念/0229.md,https://www.bilibili.com/opus/1051474351363194888
230,星际战士舰队 Space Marine Fleet,通用概念,中文行文已逐段精校，部分术语仍为暂定,正文/01-通用概念/0230.md,https://www.bilibili.com/opus/1051472873869279237
231,阿斯塔特圣典 Codex Astartes,通用概念,中文行文已逐段精校，部分术语仍为暂定,正文/01-通用概念/0231.md,https://www.bilibili.com/opus/988442742727114803
232,斯卡罗斯次经 Apocrypha of Skaros,通用概念,中文行文已逐段精校，部分术语仍为暂定,正文/01-通用概念/0232.md,https://www.bilibili.com/opus/1213255251024412691
233,星际战士母星 Space Marine homeworld,通用概念,中文行文已逐段精校，部分术语仍为暂定,正文/01-通用概念/0233.md,https://www.bilibili.com/opus/1051473062871957545
234,创造一名星际战士 Create a Space Marine,通用概念,中文行文已逐段精校，部分术语仍为暂定,正文/01-通用概念/0234.md,https://www.bilibili.com/opus/1112843111788183555
235,星际战士日常生活 Space Marines daily routines,通用概念,中文行文已逐段精校，部分术语仍为暂定,正文/01-通用概念/0235.md,https://www.bilibili.com/opus/1113188938260938753
236,战斗分队 Battle Squad,通用概念,中文行文已逐段精校，部分术语仍为暂定,正文/01-通用概念/0236.md,https://www.bilibili.com/opus/1020227132805087233
237,战线小队 Battleline Squad,通用概念,中文行文已逐段精校，部分术语仍为暂定,正文/01-通用概念/0237.md,https://www.bilibili.com/opus/1110581326179729414
238,近战支援小队 Close Support Squad,通用概念,中文行文已逐段精校，部分术语仍为暂定,正文/01-通用概念/0238.md,https://www.bilibili.com/opus/1110581197330710529
239,火力支援小队 Fire Support Squad,通用概念,中文行文已逐段精校，部分术语仍为暂定,正文/01-通用概念/0239.md,https://www.bilibili.com/opus/1110581261746831379
240,战团农奴 Chapter serfs,通用概念,中文行文已逐段精校，部分术语仍为暂定,正文/01-通用概念/0240.md,https://www.bilibili.com/opus/1207704448153944131
241,阿斯塔特总督 Astartes Praeses,通用概念,中文行文已逐段精校，部分术语仍为暂定,正文/01-通用概念/0241.md,https://www.bilibili.com/opus/1212891909649858610
242,摧毁祷文 Litany of Demolition,通用概念,中文行文已逐段精校，部分术语仍为暂定,正文/01-通用概念/0242.md,https://www.bilibili.com/opus/1221048048249995333
243,智库馆 Librarium,通用概念,中文行文已逐段精校，部分术语仍为暂定,正文/01-通用概念/0243.md,https://www.bilibili.com/opus/1111581490951487509
244,隐修室 Reclusiam,通用概念,中文行文已逐段精校，部分术语仍为暂定,正文/01-通用概念/0244.md,https://www.bilibili.com/opus/1111581551092563989
245,军械库 Armoury,通用概念,中文行文已逐段精校，部分术语仍为暂定,正文/01-通用概念/0245.md,https://www.bilibili.com/opus/1111581675636129795
246,药剂部 Apothecarion,通用概念,中文行文已逐段精校，部分术语仍为暂定,正文/01-通用概念/0246.md,https://www.bilibili.com/opus/1111581606921895941
247,战团长 Chapter Master,通用概念,中文行文已逐段精校，部分术语仍为暂定,正文/01-通用概念/0247.md,https://www.bilibili.com/opus/1020226510048460800
248,连长 Captain,通用概念,中文行文已逐段精校，部分术语仍为暂定,正文/01-通用概念/0248.md,https://www.bilibili.com/opus/1019533426859966473
249,副官 Lieutenant,通用概念,中文行文已逐段精校，部分术语仍为暂定,正文/01-通用概念/0249.md,https://www.bilibili.com/opus/1026559108627562516
250,军士 Sergeant,通用概念,中文行文已逐段精校，部分术语仍为暂定,正文/01-通用概念/0250.md,https://www.bilibili.com/opus/1034371327688966160
251,首席智库员 Chief Librarian,通用概念,中文行文已逐段精校，部分术语仍为暂定,正文/01-通用概念/0251.md,https://www.bilibili.com/opus/1020226832169959449
252,智库员 Librarian,通用概念,中文行文已逐段精校，部分术语仍为暂定,正文/01-通用概念/0252.md,https://www.bilibili.com/opus/1025820378525597703
253,先锋智库员 Vanguard Librarian,通用概念,中文行文已逐段精校，部分术语仍为暂定,正文/01-通用概念/0253.md,https://www.bilibili.com/opus/1036603602602295297
254,星语官 Epistolary,通用概念,中文行文已逐段精校，部分术语仍为暂定,正文/01-通用概念/0254.md,https://www.bilibili.com/opus/1022463148602425345
255,典记员 Codicier,通用概念,中文行文已逐段精校，部分术语仍为暂定,正文/01-通用概念/0255.md,https://www.bilibili.com/opus/1022462873750732801
256,编修员 Lexicanium,通用概念,中文行文已逐段精校，部分术语仍为暂定,正文/01-通用概念/0256.md,https://www.bilibili.com/opus/1025820296941142021
257,侍僧 Acolyta,通用概念,中文行文已逐段精校，部分术语仍为暂定,正文/01-通用概念/0257.md,https://www.bilibili.com/opus/1018029050171490308
258,圣洁导师 Master of Sanctity,通用概念,中文行文已逐段精校，部分术语仍为暂定,正文/01-通用概念/0258.md,https://www.bilibili.com/opus/1027352818568134662
259,隐修长 Reclusiarch,通用概念,中文行文已逐段精校，部分术语仍为暂定,正文/01-通用概念/0259.md,https://www.bilibili.com/opus/1032514162385747993
260,教士 Chaplain,通用概念,中文行文已逐段精校，部分术语仍为暂定,正文/01-通用概念/0260.md,https://www.bilibili.com/opus/1019945382963052566
261,裁决者 Judiciar,通用概念,中文行文已逐段精校，部分术语仍为暂定,正文/01-通用概念/0261.md,https://www.bilibili.com/opus/1025143032102518840
262,铸造大师 Master of the Forge,通用概念,中文行文已逐段精校，部分术语仍为暂定,正文/01-通用概念/0262.md,https://www.bilibili.com/opus/1028220925955276808
263,科技战士 Techmarine,通用概念,中文行文已逐段精校，部分术语仍为暂定,正文/01-通用概念/0263.md,https://www.bilibili.com/opus/1035458280832368649
264,首席药剂师 Chief Apothecary,通用概念,中文行文已逐段精校，部分术语仍为暂定,正文/01-通用概念/0264.md,https://www.bilibili.com/opus/1027352908778176519
265,药剂师 Apothecaries,通用概念,中文行文已逐段精校，部分术语仍为暂定,正文/01-通用概念/0265.md,https://www.bilibili.com/opus/1018379180160581652
266,先锋药剂师 Helix Adepts,通用概念,中文行文已逐段精校，部分术语仍为暂定,正文/01-通用概念/0266.md,https://www.bilibili.com/opus/1036358024949661697
267,战团冠军 Chapter Champion,通用概念,中文行文已逐段精校，部分术语仍为暂定,正文/01-通用概念/0267.md,https://www.bilibili.com/opus/1019945266975866901
268,连队冠军 Company Champion,通用概念,中文行文已逐段精校，部分术语仍为暂定,正文/01-通用概念/0268.md,https://www.bilibili.com/opus/1020657587326025784
269,旗手 Ancient,通用概念,中文行文已逐段精校，部分术语仍为暂定,正文/01-通用概念/0269.md,https://www.bilibili.com/opus/1018378965418508294
270,守望大师 Master of the Watch,通用概念,中文行文已逐段精校，部分术语仍为暂定,正文/01-通用概念/0270.md,https://www.bilibili.com/opus/1030340221701455879
271,军械大师 Master of the Arsenal,通用概念,中文行文已逐段精校，部分术语仍为暂定,正文/01-通用概念/0271.md,https://www.bilibili.com/opus/1028221570209808385
272,舰队大师 Master of the Fleet,通用概念,中文行文已逐段精校，部分术语仍为暂定,正文/01-通用概念/0272.md,https://www.bilibili.com/opus/1028221471394103304
273,行军大师 Master of the Marches,通用概念,中文行文已逐段精校，部分术语仍为暂定,正文/01-通用概念/0273.md,https://www.bilibili.com/opus/1028220840067465237
274,祭仪大师 Master of the Rites,通用概念,中文行文已逐段精校，部分术语仍为暂定,正文/01-通用概念/0274.md,https://www.bilibili.com/opus/1028221651789021193
275,处刑者领主 Lord Executioner,通用概念,中文行文已逐段精校，部分术语仍为暂定,正文/01-通用概念/0275.md,https://www.bilibili.com/opus/1026954799639166983
276,遗物大师 Master of Relics,通用概念,中文行文已逐段精校，部分术语仍为暂定,正文/01-通用概念/0276.md,https://www.bilibili.com/opus/1027352474958168064
277,新兵大师 Master of the Recruits,通用概念,中文行文已逐段精校，部分术语仍为暂定,正文/01-通用概念/0277.md,https://www.bilibili.com/opus/1027353029043552280
278,侦察大师 Master of Reconnaissance,通用概念,中文行文已逐段精校，部分术语仍为暂定,正文/01-通用概念/0278.md,https://www.bilibili.com/opus/1027352380507684885
279,训练机仆 Tractoris Servitor,通用概念,中文行文已逐段精校，部分术语仍为暂定,正文/01-通用概念/0279.md,https://www.bilibili.com/opus/1035980596111736868
280,指挥小队 Command Squad,通用概念,中文行文已逐段精校，部分术语仍为暂定,正文/01-通用概念/0280.md,https://www.bilibili.com/opus/1020228189391159297
281,隐修圣殿指挥小队 Reclusiam Command Squad,通用概念,中文行文已逐段精校，部分术语仍为暂定,正文/01-通用概念/0281.md,https://www.bilibili.com/opus/1032514072171511830
282,荣誉卫队 Honour Guard,通用概念,中文行文已逐段精校，部分术语仍为暂定,正文/01-通用概念/0282.md,https://www.bilibili.com/opus/1034371027054886914
283,终结者 Terminator,通用概念,中文行文已逐段精校，部分术语仍为暂定,正文/01-通用概念/0283.md,https://www.bilibili.com/opus/1035458491310931988
284,终结者泰坦之锤小队 Terminator Titanhammer Squad,通用概念,中文行文已逐段精校，部分术语仍为暂定,正文/01-通用概念/0284.md,https://www.bilibili.com/opus/1035460303778742272
285,肃卫老兵 Sternguard Veteran,通用概念,中文行文已逐段精校，部分术语仍为暂定,正文/01-通用概念/0285.md,https://www.bilibili.com/opus/1051859012928143362
286,剑卫老兵 Bladeguard Veteran,通用概念,中文行文已逐段精校，部分术语仍为暂定,正文/01-通用概念/0286.md,https://www.bilibili.com/opus/1019189258259267593
287,先锋老兵 Vanguard Veteran,通用概念,中文行文已逐段精校，部分术语仍为暂定,正文/01-通用概念/0287.md,https://www.bilibili.com/opus/1036603740062220304
288,老兵小队 Veteran Squad,通用概念,中文行文已逐段精校，部分术语仍为暂定,正文/01-通用概念/0288.md,https://www.bilibili.com/opus/1036603916119179267
289,战术小队 Tactical Squad,通用概念,中文行文已逐段精校，部分术语仍为暂定,正文/01-通用概念/0289.md,https://www.bilibili.com/opus/1035086456916279301
290,突击小队 Assault Squad,通用概念,中文行文已逐段精校，部分术语仍为暂定,正文/01-通用概念/0290.md,https://www.bilibili.com/opus/1018747508008943625
291,破坏者小队 Devastator Squad,通用概念,中文行文已逐段精校，部分术语仍为暂定,正文/01-通用概念/0291.md,https://www.bilibili.com/opus/1022077439073845255
292,仲裁者小队 Intercessor Squad,通用概念,中文行文已逐段精校，部分术语仍为暂定,正文/01-通用概念/0292.md,https://www.bilibili.com/opus/1024791789684391939
293,焚狱者小队 Infernus Squad,通用概念,中文行文已逐段精校，部分术语仍为暂定,正文/01-通用概念/0293.md,https://www.bilibili.com/opus/1024420227795910674
294,地狱轰击者小队 Hellblaster Squad,通用概念,中文行文已逐段精校，部分术语仍为暂定,正文/01-通用概念/0294.md,https://www.bilibili.com/opus/1023969488152821785
295,寂灭小队 Desolation Squad,通用概念,中文行文已逐段精校，部分术语仍为暂定,正文/01-通用概念/0295.md,https://www.bilibili.com/opus/1022076661683716096
296,侵略者小队 Aggressor Squad,通用概念,中文行文已逐段精校，部分术语仍为暂定,正文/01-通用概念/0296.md,https://www.bilibili.com/opus/1018029247741034568
297,根除者小队 Eradicator Squad,通用概念,中文行文已逐段精校，部分术语仍为暂定,正文/01-通用概念/0297.md,https://www.bilibili.com/opus/1022838356949598215
298,先驱者小队 Inceptor Squad,通用概念,中文行文已逐段精校，部分术语仍为暂定,正文/01-通用概念/0298.md,https://www.bilibili.com/opus/1024420025933496386
299,掠夺者小队 Reiver Squad,通用概念,中文行文已逐段精校，部分术语仍为暂定,正文/01-通用概念/0299.md,https://www.bilibili.com/opus/1032883340596740105
300,渗透者 Infiltrator,通用概念,中文行文已逐段精校，部分术语仍为暂定,正文/01-通用概念/0300.md,https://www.bilibili.com/opus/1036358080796819477
301,入侵者 Incursor,通用概念,中文行文已逐段精校，部分术语仍为暂定,正文/01-通用概念/0301.md,https://www.bilibili.com/opus/1024420124697821190
302,歼灭者 Eliminator,通用概念,中文行文已逐段精校，部分术语仍为暂定,正文/01-通用概念/0302.md,https://www.bilibili.com/opus/1036357960524103680
303,压制者 Suppressor,通用概念,中文行文已逐段精校，部分术语仍为暂定,正文/01-通用概念/0303.md,https://www.bilibili.com/opus/1035086203559346195
304,侦察兵 Scout,通用概念,中文行文已逐段精校，部分术语仍为暂定,正文/01-通用概念/0304.md,https://www.bilibili.com/opus/1034371241796960259
305,摩托小队 Bike Squad,通用概念,中文行文已逐段精校，部分术语仍为暂定,正文/01-通用概念/0305.md,https://www.bilibili.com/opus/1034056072802861080
306,原铸摩托警卫 Primaris Outrider,通用概念,中文行文已逐段精校，部分术语仍为暂定,正文/01-通用概念/0306.md,https://www.bilibili.com/opus/1031874792067694608
307,百夫长 Centurion,通用概念,中文行文已逐段精校，部分术语仍为暂定,正文/01-通用概念/0307.md,https://www.bilibili.com/opus/1019533607254884357
308,压制部队 Suppression Force,通用概念,中文行文已逐段精校，部分术语仍为暂定,正文/01-通用概念/0308.md,https://www.bilibili.com/opus/1034709251459645463
309,装甲矛头编队 Armoured Spearhead,通用概念,中文行文已逐段精校，部分术语仍为暂定,正文/01-通用概念/0309.md,https://www.bilibili.com/opus/1018746876639313925
310,破阵者中队 Line Breaker Squadron,通用概念,中文行文已逐段精校，部分术语仍为暂定,正文/01-通用概念/0310.md,https://www.bilibili.com/opus/1220692412050964497
311,自动防御部队 Automated Defence Force,通用概念,中文行文已逐段精校，部分术语仍为暂定,正文/01-通用概念/0311.md,https://www.bilibili.com/opus/1018747623938457602
312,涅尔瓦打击部队 Strike Force Nerva,通用概念,中文行文已逐段精校，部分术语仍为暂定,正文/01-通用概念/0312.md,https://www.bilibili.com/opus/1034708916434370569
313,塔罗斯干预部队 Taros Intervention Force,通用概念,中文行文已逐段精校，部分术语仍为暂定,正文/01-通用概念/0313.md,https://www.bilibili.com/opus/1035458164863008777
314,死亡风暴打击部队 Deathstorm Strike Force,通用概念,中文行文已逐段精校，部分术语仍为暂定,正文/01-通用概念/0314.md,https://www.bilibili.com/opus/1021348050565595138
315,天锤轨道打击部队 Skyhammer Orbital Strike Force,通用概念,中文行文已逐段精校，部分术语仍为暂定,正文/01-通用概念/0315.md,https://www.bilibili.com/opus/1034055948279218184
316,米诺陶 Minotaurs,通用概念,中文行文已逐段精校，部分术语仍为暂定,正文/01-通用概念/0316.md,https://www.bilibili.com/opus/1122808994975449091
317,饮魂者 Soul Drinkers,通用概念,中文行文已逐段精校，部分术语仍为暂定,正文/01-通用概念/0317.md,https://www.bilibili.com/opus/1139051839775309830
318,血鸦 Blood Ravens,通用概念,中文行文已逐段精校，部分术语仍为暂定,正文/01-通用概念/0318.md,https://www.bilibili.com/opus/1122081320188510243
319,红蝎 Red Scorpions,通用概念,中文行文已逐段精校，部分术语仍为暂定,正文/01-通用概念/0319.md,https://www.bilibili.com/opus/1122348029082337289
320,天罚行者 Retributors,通用概念,中文行文已逐段精校，部分术语仍为暂定,正文/01-通用概念/0320.md,https://www.bilibili.com/opus/1157560215322755077
321,奉信者 Adulators,通用概念,中文行文已逐段精校，部分术语仍为暂定,正文/01-通用概念/0321.md,https://www.bilibili.com/opus/1210008251450523667
322,红色猎手 Red Hunters,通用概念,中文行文已逐段精校，部分术语仍为暂定,正文/01-通用概念/0322.md,https://www.bilibili.com/opus/1210387067545059361
323,星辰幻影 Star Phantoms,通用概念,中文行文已逐段精校，部分术语仍为暂定,正文/01-通用概念/0323.md,https://www.bilibili.com/opus/1210394802757042180
324,帝国卡斯蒂利亚 Imperial Castilians,通用概念,中文行文已逐段精校，部分术语仍为暂定,正文/01-通用概念/0324.md,https://www.bilibili.com/opus/1211500327383072789
325,火鹰 Fire Hawks,通用概念,中文行文已逐段精校，部分术语仍为暂定,正文/01-通用概念/0325.md,https://www.bilibili.com/opus/1217734180318740532
326,I - 黑暗天使 Dark Angels,通用概念,中文行文已逐段精校，部分术语仍为暂定,正文/01-通用概念/0326.md,https://www.bilibili.com/opus/1091506367100878857
327,戴罪者 Unforgiven,通用概念,中文行文已逐段精校，部分术语仍为暂定,正文/01-通用概念/0327.md,https://www.bilibili.com/opus/1111333890393374728
328,黑暗守望者 Watchers in the Dark,通用概念,中文行文已逐段精校，部分术语仍为暂定,正文/01-通用概念/0328.md,https://www.bilibili.com/opus/1218465901019398166
329,死翼 Deathwing,通用概念,中文行文已逐段精校，部分术语仍为暂定,正文/01-通用概念/0329.md,https://www.bilibili.com/opus/1212613578610180177
330,鸦翼 Ravenwing,通用概念,中文行文已逐段精校，部分术语仍为暂定,正文/01-通用概念/0330.md,https://www.bilibili.com/opus/1114165828579754003
331,恐翼 Dreadwing,通用概念,中文行文已逐段精校，部分术语仍为暂定,正文/01-通用概念/0331.md,https://www.bilibili.com/opus/1026954683687632914
332,炎翼 Firewing,通用概念,中文行文已逐段精校，部分术语仍为暂定,正文/01-通用概念/0332.md,https://www.bilibili.com/opus/1212621309554458633
333,铁翼 Ironwing,通用概念,中文行文已逐段精校，部分术语仍为暂定,正文/01-通用概念/0333.md,https://www.bilibili.com/opus/1026954580618903555
334,风暴翼 Stormwing,通用概念,中文行文已逐段精校，部分术语仍为暂定,正文/01-通用概念/0334.md,https://www.bilibili.com/opus/1034708663050174468
335,大导师 Grand Master,通用概念,中文行文已逐段精校，部分术语仍为暂定,正文/01-通用概念/0335.md,https://www.bilibili.com/opus/1114154927950659587
336,死翼打击大师 Deathwing Strikemaster,通用概念,中文行文已逐段精校，部分术语仍为暂定,正文/01-通用概念/0336.md,https://www.bilibili.com/opus/1022076498476007432
337,鸦翼利爪大师 Ravenwing Talonmaster,通用概念,中文行文已逐段精校，部分术语仍为暂定,正文/01-通用概念/0337.md,https://www.bilibili.com/opus/1032139619734388741
338,审讯教士 Interrogator-Chaplain,通用概念,中文行文已逐段精校，部分术语仍为暂定,正文/01-通用概念/0338.md,https://www.bilibili.com/opus/1110978516177911810
339,死翼药剂师 Deathwing Apothecaries,通用概念,中文行文已逐段精校，部分术语仍为暂定,正文/01-通用概念/0339.md,https://www.bilibili.com/opus/1021796543937642569
340,鸦翼药剂师 Ravenwing Apothecaries,通用概念,中文行文已逐段精校，部分术语仍为暂定,正文/01-通用概念/0340.md,https://www.bilibili.com/opus/1031875427741728793
341,死翼冠军 Deathwing Champion,通用概念,中文行文已逐段精校，部分术语仍为暂定,正文/01-通用概念/0341.md,https://www.bilibili.com/opus/1021796608357957648
342,鸦翼冠军 Ravenwing Champion,通用概念,中文行文已逐段精校，部分术语仍为暂定,正文/01-通用概念/0342.md,https://www.bilibili.com/opus/1032139185980440583
343,鸦翼旗手 Ravenwing Ancient,通用概念,中文行文已逐段精校，部分术语仍为暂定,正文/01-通用概念/0343.md,https://www.bilibili.com/opus/1031875363284713497
344,圣骑士 Paladin,通用概念,中文行文已逐段精校，部分术语仍为暂定,正文/01-通用概念/0344.md,https://www.bilibili.com/opus/1031035366471106568
345,纳夫拉基亚 Naufragia,通用概念,中文行文已逐段精校，部分术语仍为暂定,正文/01-通用概念/0345.md,https://www.bilibili.com/opus/1030761725502160900
346,迷影 Enigmatii,通用概念,中文行文已逐段精校，部分术语仍为暂定,正文/01-通用概念/0346.md,https://www.bilibili.com/opus/1022462667578671106
347,屠灭者 Interemptor,通用概念,中文行文已逐段精校，部分术语仍为暂定,正文/01-通用概念/0347.md,https://www.bilibili.com/opus/1024792068861460482
348,内环骑士 Knights Cenobium,通用概念,中文行文已逐段精校，部分术语仍为暂定,正文/01-通用概念/0348.md,https://www.bilibili.com/opus/1026954477518716933
349,内环近卫 Inner Circle Companion,通用概念,中文行文已逐段精校，部分术语仍为暂定,正文/01-通用概念/0349.md,https://www.bilibili.com/opus/1024791695210840086
350,死翼骑士 Deathwing Knight,通用概念,中文行文已逐段精校，部分术语仍为暂定,正文/01-通用概念/0350.md,https://www.bilibili.com/opus/1021796741475729415
351,死翼指挥小队 Deathwing Command Squad,通用概念,中文行文已逐段精校，部分术语仍为暂定,正文/01-通用概念/0351.md,https://www.bilibili.com/opus/1021796672758349848
352,鸦翼老兵 Ravenwing Veteran,通用概念,中文行文已逐段精校，部分术语仍为暂定,正文/01-通用概念/0352.md,https://www.bilibili.com/opus/1032139709970644993
353,鸦翼黑骑士 Ravenwing Black Knight,通用概念,中文行文已逐段精校，部分术语仍为暂定,正文/01-通用概念/0353.md,https://www.bilibili.com/opus/1032139082897031186
354,鸦翼指挥小队 Ravenwing Command Squad,通用概念,中文行文已逐段精校，部分术语仍为暂定,正文/01-通用概念/0354.md,https://www.bilibili.com/opus/1032139254684188678
355,白疤 White Scars,通用概念,中文行文已逐段精校，部分术语仍为暂定,正文/01-通用概念/0355.md,https://www.bilibili.com/opus/1094499263547703304
356,怯薛 Keshig,通用概念,中文行文已逐段精校，部分术语仍为暂定,正文/01-通用概念/0356.md,https://www.bilibili.com/opus/1025492260197761047
357,风暴先知 Stormseer,通用概念,中文行文已逐段精校，部分术语仍为暂定,正文/01-通用概念/0357.md,https://www.bilibili.com/opus/1110978408805826576
358,黑檀怯薛 Ebon Keshig,通用概念,中文行文已逐段精校，部分术语仍为暂定,正文/01-通用概念/0358.md,https://www.bilibili.com/opus/1022462246688653313
359,猎鹰之爪 Falcon's Claw,通用概念,中文行文已逐段精校，部分术语仍为暂定,正文/01-通用概念/0359.md,https://www.bilibili.com/opus/1022838769293721600
360,死暗之子 Karaoghlanlar,通用概念,中文行文已逐段精校，部分术语仍为暂定,正文/01-通用概念/0360.md,https://www.bilibili.com/opus/1025491710457675847
361,黄金怯薛 Golden Keshig,通用概念,中文行文已逐段精校，部分术语仍为暂定,正文/01-通用概念/0361.md,https://www.bilibili.com/opus/1023297995751292931
362,VI - 太空野狼 Space Wolves,通用概念,中文行文已逐段精校，部分术语仍为暂定,正文/01-通用概念/0362.md,https://www.bilibili.com/opus/1058164995539337222
363,芬里斯祭司 Priests of Fenris,通用概念,中文行文已逐段精校，部分术语仍为暂定,正文/01-通用概念/0363.md,https://www.bilibili.com/opus/1031414092383911941
364,头狼 Great Wolf,通用概念,中文行文已逐段精校，部分术语仍为暂定,正文/01-通用概念/0364.md,https://www.bilibili.com/opus/1023298244863590419
365,英灵 Einherjar,通用概念,中文行文已逐段精校，部分术语仍为暂定,正文/01-通用概念/0365.md,https://www.bilibili.com/opus/1022462474306191369
366,狼主 Wolf Lord,通用概念,中文行文已逐段精校，部分术语仍为暂定,正文/01-通用概念/0366.md,https://www.bilibili.com/opus/1036937012307820547
367,符文牧师 Rune Priest,通用概念,中文行文已逐段精校，部分术语仍为暂定,正文/01-通用概念/0367.md,https://www.bilibili.com/opus/1032883456574488585
368,狼牧师 Wolf Priest,通用概念,中文行文已逐段精校，部分术语仍为暂定,正文/01-通用概念/0368.md,https://www.bilibili.com/opus/1036937089601503236
369,见习牧师 Initiate-Priest,通用概念,中文行文已逐段精校，部分术语仍为暂定,正文/01-通用概念/0369.md,https://www.bilibili.com/opus/1024420463996043268
370,钢铁牧师 Iron Priest,通用概念,中文行文已逐段精校，部分术语仍为暂定,正文/01-通用概念/0370.md,https://www.bilibili.com/opus/1025142697089826822
371,孤狼 Lone Wolve,通用概念,中文行文已逐段精校，部分术语仍为暂定,正文/01-通用概念/0371.md,https://www.bilibili.com/opus/1026559503739387959
372,死誓者 Deathsworn,通用概念,中文行文已逐段精校，部分术语仍为暂定,正文/01-通用概念/0372.md,https://www.bilibili.com/opus/1021796479509987337
373,长牙 Long Fang,通用概念,中文行文已逐段精校，部分术语仍为暂定,正文/01-通用概念/0373.md,https://www.bilibili.com/opus/1026559589662851078
374,灰色猎手 Grey Hunter,通用概念,中文行文已逐段精校，部分术语仍为暂定,正文/01-通用概念/0374.md,https://www.bilibili.com/opus/1023599339277123601
375,天爪 Skyclaw,通用概念,中文行文已逐段精校，部分术语仍为暂定,正文/01-通用概念/0375.md,https://www.bilibili.com/opus/1034055870970855430
376,血爪 Blood Claw,通用概念,中文行文已逐段精校，部分术语仍为暂定,正文/01-通用概念/0376.md,https://www.bilibili.com/opus/1019189829497258017
377,瓦拉吉尔 Varagyr,通用概念,中文行文已逐段精校，部分术语仍为暂定,正文/01-通用概念/0377.md,https://www.bilibili.com/opus/1036603838837030918
378,野狼守卫 Wolf Guard,通用概念,中文行文已逐段精校，部分术语仍为暂定,正文/01-通用概念/0378.md,https://www.bilibili.com/opus/1036936934985826325
379,莫凯猎犬 Hounds of Morkai,通用概念,中文行文已逐段精校，部分术语仍为暂定,正文/01-通用概念/0379.md,https://www.bilibili.com/opus/1023969720076861458
380,灰色追猎者 Grey Stalker,通用概念,中文行文已逐段精校，部分术语仍为暂定,正文/01-通用概念/0380.md,https://www.bilibili.com/opus/1023599532555894785
381,灰色屠杀者 Grey Slayer,通用概念,中文行文已逐段精校，部分术语仍为暂定,正文/01-通用概念/0381.md,https://www.bilibili.com/opus/1023599472393846788
382,狼侦查 Wolf Scout,通用概念,中文行文已逐段精校，部分术语仍为暂定,正文/01-通用概念/0382.md,https://www.bilibili.com/opus/1036937171236290579
383,迅爪 Swiftclaw,通用概念,中文行文已逐段精校，部分术语仍为暂定,正文/01-通用概念/0383.md,https://www.bilibili.com/opus/1035086272234782725
384,雷狼骑兵 Thunderwolf Cavalry,通用概念,中文行文已逐段精校，部分术语仍为暂定,正文/01-通用概念/0384.md,https://www.bilibili.com/opus/1035980102183157762
385,狼矛 Wolfspear,通用概念,中文行文已逐段精校，部分术语仍为暂定,正文/01-通用概念/0385.md,https://www.bilibili.com/opus/1172433936192634887
386,VII - 帝国之拳 Imperial Fists,通用概念,中文行文已逐段精校，部分术语仍为暂定,正文/01-通用概念/0386.md,https://www.bilibili.com/opus/1095943746935062535
387,堡主 Castellan,通用概念,中文行文已逐段精校，部分术语仍为暂定,正文/01-通用概念/0387.md,https://www.bilibili.com/opus/1019533517063716864
388,破石者 Stonebreaker,通用概念,中文行文已逐段精校，部分术语仍为暂定,正文/01-通用概念/0388.md,https://www.bilibili.com/opus/1034371405017251857
389,胡斯卡尔亲卫 Huscarl,通用概念,中文行文已逐段精校，部分术语仍为暂定,正文/01-通用概念/0389.md,https://www.bilibili.com/opus/1023969952006144005
390,山阵卫队 Phalanx Warder,通用概念,中文行文已逐段精校，部分术语仍为暂定,正文/01-通用概念/0390.md,https://www.bilibili.com/opus/1031035804586082344
391,恐怖侦察兵 Terror Scout,通用概念,中文行文已逐段精校，部分术语仍为暂定,正文/01-通用概念/0391.md,https://www.bilibili.com/opus/1035979926122004483
392,神盾飞行员 Aegis Pilot,通用概念,中文行文已逐段精校，部分术语仍为暂定,正文/01-通用概念/0392.md,https://www.bilibili.com/opus/1018378797952532482
393,绯红之拳 Crimson Fists,通用概念,中文行文已逐段精校，部分术语仍为暂定,正文/01-通用概念/0393.md,https://www.bilibili.com/opus/1119452675663986713
394,天狮 Celestial Lions,通用概念,中文行文已逐段精校，部分术语仍为暂定,正文/01-通用概念/0394.md,https://www.bilibili.com/opus/1123081240128258068
395,凤凰之子 Sons of the Phoenix,通用概念,中文行文已逐段精校，部分术语仍为暂定,正文/01-通用概念/0395.md,https://www.bilibili.com/opus/1172132377989742611
396,医院骑士 Hospitallers,通用概念,中文行文已逐段精校，部分术语仍为暂定,正文/01-通用概念/0396.md,https://www.bilibili.com/opus/1210023713286651961
397,压制者 Subjugators,通用概念,中文行文已逐段精校，部分术语仍为暂定,正文/01-通用概念/0397.md,https://www.bilibili.com/opus/1210758161342922800
398,黑色圣堂 Black Templars,通用概念,中文行文已逐段精校，部分术语仍为暂定,正文/01-通用概念/0398.md,https://www.bilibili.com/opus/1110133206489759744
399,至高元帅 High Marshal,通用概念,中文行文已逐段精校，部分术语仍为暂定,正文/01-通用概念/0399.md,https://www.bilibili.com/opus/1119130359805509683
400,圣剑兄弟会 Sword Brethren,通用概念,中文行文已逐段精校，部分术语仍为暂定,正文/01-通用概念/0400.md,https://www.bilibili.com/opus/1035086332362227712
401,十字军小队 Crusader Squad,通用概念,中文行文已逐段精校，部分术语仍为暂定,正文/01-通用概念/0401.md,https://www.bilibili.com/opus/1021090700406554632
402,进阶者 Initiate,通用概念,中文行文已逐段精校，部分术语仍为暂定,正文/01-通用概念/0402.md,https://www.bilibili.com/opus/1024420360906342409
403,IX - 圣血天使 Blood Angels,通用概念,中文行文已逐段精校，部分术语仍为暂定,正文/01-通用概念/0403.md,https://www.bilibili.com/opus/1097441230215708679
404,英勇天使 Erelim,通用概念,中文行文已逐段精校，部分术语仍为暂定,正文/01-通用概念/0404.md,https://www.bilibili.com/opus/1022838442848944134
405,死亡连队教士 Death Company Chaplain,通用概念,中文行文已逐段精校，部分术语仍为暂定,正文/01-通用概念/0405.md,https://www.bilibili.com/opus/1021347887328526343
406,圣血祭司 Sanguinary Priest,通用概念,中文行文已逐段精校，部分术语仍为暂定,正文/01-通用概念/0406.md,https://www.bilibili.com/opus/1033269887631360040
407,圣血旗手 Sanguinary Ancient,通用概念,中文行文已逐段精校，部分术语仍为暂定,正文/01-通用概念/0407.md,https://www.bilibili.com/opus/1033269664326615044
408,圣骸布守护者 Guardian of the Shroud,通用概念,中文行文已逐段精校，部分术语仍为暂定,正文/01-通用概念/0408.md,https://www.bilibili.com/opus/1023599588382081031
409,圣血天使第八连队 8th Company of the Blood Angels,通用概念,中文行文已逐段精校，部分术语仍为暂定,正文/01-通用概念/0409.md,https://www.bilibili.com/opus/1219208071374438401
410,破晓者 Dawnbreaker,通用概念,中文行文已逐段精校，部分术语仍为暂定,正文/01-通用概念/0410.md,https://www.bilibili.com/opus/1021347603860684801
411,死亡连队 Death Company,通用概念,中文行文已逐段精校，部分术语仍为暂定,正文/01-通用概念/0411.md,https://www.bilibili.com/opus/1021347788570492932
412,燃烧之眼 Burning Eyes,通用概念,中文行文已逐段精校，部分术语仍为暂定,正文/01-通用概念/0412.md,https://www.bilibili.com/opus/1019533225003843589
413,天使之泪 Angel's Tears,通用概念,中文行文已逐段精校，部分术语仍为暂定,正文/01-通用概念/0413.md,https://www.bilibili.com/opus/1019533362427068416
414,至高军势 High Host,通用概念,中文行文已逐段精校，部分术语仍为暂定,正文/01-通用概念/0414.md,https://www.bilibili.com/opus/1023969604110647314
415,巴尔剑士 Baalite Bladesmen,通用概念,中文行文已逐段精校，部分术语仍为暂定,正文/01-通用概念/0415.md,https://www.bilibili.com/opus/1018747731350388758
416,圣血守卫 Sanguinary Guard,通用概念,中文行文已逐段精校，部分术语仍为暂定,正文/01-通用概念/0416.md,https://www.bilibili.com/opus/1033269810355503127
417,猩红圣骑士 Crimson Paladin,通用概念,中文行文已逐段精校，部分术语仍为暂定,正文/01-通用概念/0417.md,https://www.bilibili.com/opus/1021090605939294210
418,撕肉者 Flesh Tearers,通用概念,中文行文已逐段精校，部分术语仍为暂定,正文/01-通用概念/0418.md,https://www.bilibili.com/opus/1119463778133475329
419,饮血者 Blood Drinkers,通用概念,中文行文已逐段精校，部分术语仍为暂定,正文/01-通用概念/0419.md,https://www.bilibili.com/opus/1123794470950666245
420,食肉者 Flesh Eaters,通用概念,中文行文已逐段精校，部分术语仍为暂定,正文/01-通用概念/0420.md,https://www.bilibili.com/opus/1123470656193691666
421,X - 钢铁之手 Iron Hands,通用概念,中文行文已逐段精校，部分术语仍为暂定,正文/01-通用概念/0421.md,https://www.bilibili.com/opus/1093788081400578089
422,阿维尼氏族 Clan Avernii,通用概念,中文行文已逐段精校，部分术语仍为暂定,正文/01-通用概念/0422.md,https://www.bilibili.com/opus/1119056314587152469
423,钢铁领主 Iron Thane,通用概念,中文行文已逐段精校，部分术语仍为暂定,正文/01-通用概念/0423.md,https://www.bilibili.com/opus/1025142907545321478
424,钢铁圣父 Iron Father,通用概念,中文行文已逐段精校，部分术语仍为暂定,正文/01-通用概念/0424.md,https://www.bilibili.com/opus/1112059185806180392
425,莫洛克 Morlock,通用概念,中文行文已逐段精校，部分术语仍为暂定,正文/01-通用概念/0425.md,https://www.bilibili.com/opus/1030340655519367203
426,美杜莎不朽者 Medusan Immortal,通用概念,中文行文已逐段精校，部分术语仍为暂定,正文/01-通用概念/0426.md,https://www.bilibili.com/opus/1030340277560148006
427,钢铁神父 Steel Confessors,通用概念,中文行文已逐段精校，部分术语仍为暂定,正文/01-通用概念/0427.md,https://www.bilibili.com/opus/1210750426061734001
428,XIII - 极限战士 Ultramarines,通用概念,中文行文已逐段精校，部分术语仍为暂定,正文/01-通用概念/0428.md,https://www.bilibili.com/opus/1099352984622465077
429,奥特拉玛 Ultramar,通用概念,中文行文已逐段精校，部分术语仍为暂定,正文/01-通用概念/0429.md,https://www.bilibili.com/opus/1135082473934290966
430,马库拉格领主 Lord Macragge,通用概念,中文行文已逐段精校，部分术语仍为暂定,正文/01-通用概念/0430.md,https://www.bilibili.com/opus/1113194732217958421
431,冠军决斗者 Champion Duellist,通用概念,中文行文已逐段精校，部分术语仍为暂定,正文/01-通用概念/0431.md,https://www.bilibili.com/opus/1019945185407139849
432,极限战士荣誉卫队 Ultramarines Honour Guard,通用概念,中文行文已逐段精校，部分术语仍为暂定,正文/01-通用概念/0432.md,https://www.bilibili.com/opus/1036357896117420037
433,四方领主的受选者 Chosen of the Tetrarchy,通用概念,中文行文已逐段精校，部分术语仍为暂定,正文/01-通用概念/0433.md,https://www.bilibili.com/opus/1020226999689412609
434,常胜卫队 Victrix Guard,通用概念,中文行文已逐段精校，部分术语仍为暂定,正文/01-通用概念/0434.md,https://www.bilibili.com/opus/1113572732291776513
435,常胜军 Invictarii,通用概念,中文行文已逐段精校，部分术语仍为暂定,正文/01-通用概念/0435.md,https://www.bilibili.com/opus/1025142606926970914
436,辉脊 Fulmentarus,通用概念,中文行文已逐段精校，部分术语仍为暂定,正文/01-通用概念/0436.md,https://www.bilibili.com/opus/1023297896971239463
437,后备军 Evocati,通用概念,中文行文已逐段精校，部分术语仍为暂定,正文/01-通用概念/0437.md,https://www.bilibili.com/opus/1022838571694817283
438,传喻者 Locutarus,通用概念,中文行文已逐段精校，部分术语仍为暂定,正文/01-通用概念/0438.md,https://www.bilibili.com/opus/1026559366326648841
439,禁卫军攻坚者 Praetorian Breacher,通用概念,中文行文已逐段精校，部分术语仍为暂定,正文/01-通用概念/0439.md,https://www.bilibili.com/opus/1031413924903256081
440,泰伦战争老兵 Tyrannic War Veteran,通用概念,中文行文已逐段精校，部分术语仍为暂定,正文/01-通用概念/0440.md,https://www.bilibili.com/opus/1035980673450508312
441,复仇女神毁灭者 Nemesis Destroyer,通用概念,中文行文已逐段精校，部分术语仍为暂定,正文/01-通用概念/0441.md,https://www.bilibili.com/opus/1030761888761249795
442,阿拉里斯飞行员 Alaris Pilot,通用概念,中文行文已逐段精校，部分术语仍为暂定,正文/01-通用概念/0442.md,https://www.bilibili.com/opus/1018378686247731205
443,白色执政官 White Consuls,通用概念,中文行文已逐段精校，部分术语仍为暂定,正文/01-通用概念/0443.md,https://www.bilibili.com/opus/1109477257622061065
444,银色颅骨 Silver Skulls,通用概念,中文行文已逐段精校，部分术语仍为暂定,正文/01-通用概念/0444.md,https://www.bilibili.com/opus/1123846216719794176
445,彩虹勇士 Rainbow Warriors,通用概念,中文行文已逐段精校，部分术语仍为暂定,正文/01-通用概念/0445.md,https://www.bilibili.com/opus/1123842523075182594
446,火焰天使 Fire Angels,通用概念,中文行文已逐段精校，部分术语仍为暂定,正文/01-通用概念/0446.md,https://www.bilibili.com/opus/1210015995258732553
447,新星战士 Novamarines,通用概念,中文行文已逐段精校，部分术语仍为暂定,正文/01-通用概念/0447.md,https://www.bilibili.com/opus/1210379345207492642
448,裂隙堡主 Castellans of the Rift,通用概念,中文行文已逐段精校，部分术语仍为暂定,正文/01-通用概念/0448.md,https://www.bilibili.com/opus/1212884170154442818
449,咆哮狮鹫 Howling Griffons,通用概念,中文行文已逐段精校，部分术语仍为暂定,正文/01-通用概念/0449.md,https://www.bilibili.com/opus/1216239389999366162
450,帝皇之镰 Scythes of the Emperor,通用概念,中文行文已逐段精校，部分术语仍为暂定,正文/01-通用概念/0450.md,https://www.bilibili.com/opus/1221063501548617761
451,XVIII - 火蜥蜴 Salamanders,通用概念,中文行文已逐段精校，部分术语仍为暂定,正文/01-通用概念/0451.md,https://www.bilibili.com/opus/1103382166414295064
452,铸造之父 Forgefather,通用概念,中文行文已逐段精校，部分术语仍为暂定,正文/01-通用概念/0452.md,https://www.bilibili.com/opus/1115350320465051670
453,火龙 Firedrake,通用概念,中文行文已逐段精校，部分术语仍为暂定,正文/01-通用概念/0453.md,https://www.bilibili.com/opus/1022838910994087938
454,焚火者 Pyroclast,通用概念,中文行文已逐段精校，部分术语仍为暂定,正文/01-通用概念/0454.md,https://www.bilibili.com/opus/1031875268836327431
455,净化者 Sanctifier,通用概念,中文行文已逐段精校，部分术语仍为暂定,正文/01-通用概念/0455.md,https://www.bilibili.com/opus/1032883636956823584
456,XIX - 暗鸦守卫 Raven Guard,通用概念,中文行文已逐段精校，部分术语仍为暂定,正文/01-通用概念/0456.md,https://www.bilibili.com/opus/1060007708303818820
457,拯救者 Deliverer,通用概念,中文行文已逐段精校，部分术语仍为暂定,正文/01-通用概念/0457.md,https://www.bilibili.com/opus/1022076588669272064
458,暗影守望 Shadow Warden,通用概念,中文行文已逐段精校，部分术语仍为暂定,正文/01-通用概念/0458.md,https://www.bilibili.com/opus/1033598096153509889
459,摩尔戴斯 Mor Deythan,通用概念,中文行文已逐段精校，部分术语仍为暂定,正文/01-通用概念/0459.md,https://www.bilibili.com/opus/1030340376366415926
460,黑暗狂怒 Dark Furies,通用概念,中文行文已逐段精校，部分术语仍为暂定,正文/01-通用概念/0460.md,https://www.bilibili.com/opus/1021090906575470614
461,暗影鸟 Shadow Bird,通用概念,中文行文已逐段精校，部分术语仍为暂定,正文/01-通用概念/0461.md,https://www.bilibili.com/opus/1033597924344332292
462,死亡守望 Deathwatch,通用概念,中文行文已逐段精校，部分术语仍为暂定,正文/01-通用概念/0462.md,https://www.bilibili.com/opus/1122007146083385376
463,守望连长 Watch Captain,通用概念,中文行文已逐段精校，部分术语仍为暂定,正文/01-通用概念/0463.md,https://www.bilibili.com/opus/1122044065603387415
464,灰骑士 Grey Knights,通用概念,中文行文已逐段精校，部分术语仍为暂定,正文/01-通用概念/0464.md,https://www.bilibili.com/opus/1062997821628612617
465,至高大导师 Supreme Grand Master,通用概念,中文行文已逐段精校，部分术语仍为暂定,正文/01-通用概念/0465.md,https://www.bilibili.com/opus/1147923176319090693
466,灰骑士见习者 Grey Knight Novitiates,通用概念,中文行文已逐段精校，部分术语仍为暂定,正文/01-通用概念/0466.md,https://www.bilibili.com/opus/1023599403690098692
467,兄弟会连长 Brother-Captain,通用概念,中文行文已逐段精校，部分术语仍为暂定,正文/01-通用概念/0467.md,https://www.bilibili.com/opus/1147924073987178512
468,暴风之刃 Tempest Blade,通用概念,中文行文已逐段精校，部分术语仍为暂定,正文/01-通用概念/0468.md,https://www.bilibili.com/opus/1035458388209696769
469,内政部 Adeptus Administratum,通用概念,中文行文已逐段精校，部分术语仍为暂定,正文/01-通用概念/0469.md,https://www.bilibili.com/opus/1123850245375000581
470,计校部 Departmento Exacta,通用概念,中文行文已逐段精校，部分术语仍为暂定,正文/01-通用概念/0470.md,https://www.bilibili.com/opus/1138737645747175424
471,分级部 Departmento Gradio,通用概念,中文行文已逐段精校，部分术语仍为暂定,正文/01-通用概念/0471.md,https://www.bilibili.com/opus/1139879677556424704
472,传染部 Departmento Contagio,通用概念,中文行文已逐段精校，部分术语仍为暂定,正文/01-通用概念/0472.md,https://www.bilibili.com/opus/1139380628101267457
473,流程部 Departmento Processium,通用概念,中文行文已逐段精校，部分术语仍为暂定,正文/01-通用概念/0473.md,https://www.bilibili.com/opus/1139878848618299398
474,终虑部 Department of Final Consideration,通用概念,中文行文已逐段精校，部分术语仍为暂定,正文/01-通用概念/0474.md,https://www.bilibili.com/opus/1139381542942932992
475,医疗部 Officio Medicae,通用概念,中文行文已逐段精校，部分术语仍为暂定,正文/01-通用概念/0475.md,https://www.bilibili.com/opus/1139374722541158406
476,农业部 Officio Agricultae,通用概念,中文行文已逐段精校，部分术语仍为暂定,正文/01-通用概念/0476.md,https://www.bilibili.com/opus/1139880420538580998
477,情报部 Logis Strategos,通用概念,中文行文已逐段精校，部分术语仍为暂定,正文/01-通用概念/0477.md,https://www.bilibili.com/opus/1140109617226842114
478,阐释修会 Order Elucidatum,通用概念,中文行文已逐段精校，部分术语仍为暂定,正文/01-通用概念/0478.md,https://www.bilibili.com/opus/1144977266841747477
479,暴风修会 Ordo Tempestus,通用概念,中文行文已逐段精校，部分术语仍为暂定,正文/01-通用概念/0479.md,https://www.bilibili.com/opus/1143490843110277126
480,后勤问询部 Questio Logisticus,通用概念,中文行文已逐段精校，部分术语仍为暂定,正文/01-通用概念/0480.md,https://www.bilibili.com/opus/1140111412503248900
481,帝国档案部 Estate Imperium,通用概念,中文行文已逐段精校，部分术语仍为暂定,正文/01-通用概念/0481.md,https://www.bilibili.com/opus/1137918054310608905
482,刺客庭 Officio Assassinorum,通用概念,中文行文已逐段精校，部分术语仍为暂定,正文/01-通用概念/0482.md,https://www.bilibili.com/opus/1143240120085774355
483,文士 Literati,通用概念,中文行文已逐段精校，部分术语仍为暂定,正文/01-通用概念/0483.md,https://www.bilibili.com/opus/1143525172732493828
484,帝国舰队 Imperial Fleet,通用概念,中文行文已逐段精校，部分术语仍为暂定,正文/01-通用概念/0484.md,https://www.bilibili.com/opus/1143866974831378433
485,商船舰队 Merchant Fleet,通用概念,中文行文已逐段精校，部分术语仍为暂定,正文/01-通用概念/0485.md,https://www.bilibili.com/opus/1138732530390794261
588,人类之主 - 帝皇(上) Emperor of Mankind,人类帝国,中文行文已逐段精校，部分术语仍为暂定,正文/02-人类帝国/0588.md,https://www.bilibili.com/opus/980320358295928870
589,欧良尼乌斯·佩松,人类帝国,中文行文已逐段精校，部分术语仍为暂定,正文/02-人类帝国/0589.md,https://www.bilibili.com/opus/1052973698629238789
590,尔达 Erda,人类帝国,中文行文已逐段精校，部分术语仍为暂定,正文/02-人类帝国/0590.md,https://www.bilibili.com/opus/1052973780250394643
591,阿利维亚·苏雷卡,人类帝国,中文行文已逐段精校，部分术语仍为暂定,正文/02-人类帝国/0591.md,https://www.bilibili.com/opus/1053346832515596295
592,约翰·格拉马迪库斯 John Grammaticus,人类帝国,中文行文已逐段精校，部分术语仍为暂定,正文/02-人类帝国/0592.md,https://www.bilibili.com/opus/1070767267094986752
593,掌印者马卡多 Malcador the Sigillite,人类帝国,中文行文已逐段精校，部分术语仍为暂定,正文/02-人类帝国/0593.md,https://www.bilibili.com/opus/1055305556674215936
594,艾尔·温特,人类帝国,中文行文已逐段精校，部分术语仍为暂定,正文/02-人类帝国/0594.md,https://www.bilibili.com/opus/1062997886052073479
595,以西结·赛丹 Ezekiel Sedayne,人类帝国,中文行文已逐段精校，部分术语仍为暂定,正文/02-人类帝国/0595.md,https://www.bilibili.com/opus/1056407632396419079
596,阿玛尔·阿斯塔特,人类帝国,中文行文已逐段精校，部分术语仍为暂定,正文/02-人类帝国/0596.md,https://www.bilibili.com/opus/1055305685486534692
597,乌利亚·奥拉泰尔 Uriah Olathaire,人类帝国,中文行文已逐段精校，部分术语仍为暂定,正文/02-人类帝国/0597.md,https://www.bilibili.com/opus/1080496733830512646
598,尤弗拉蒂·琪乐,人类帝国,中文行文已逐段精校，部分术语仍为暂定,正文/02-人类帝国/0598.md,https://www.bilibili.com/opus/1206954529700970566
599,科赫兰·赫苏拉 Cohran Hursula,人类帝国,中文行文已逐段精校，部分术语仍为暂定,正文/02-人类帝国/0599.md,https://www.bilibili.com/opus/1182064391017725952
600,天使 The Angel,人类帝国,中文行文已逐段精校，部分术语仍为暂定,正文/02-人类帝国/0600.md,https://www.bilibili.com/opus/1104879525174444033
601,尤根·坦巴 Eugan Temba,人类帝国,中文行文已逐段精校，部分术语仍为暂定,正文/02-人类帝国/0601.md,https://www.bilibili.com/opus/1190652324166500356
602,乌什坦 Ushotan,人类帝国,中文行文已逐段精校，部分术语仍为暂定,正文/02-人类帝国/0602.md,https://www.bilibili.com/opus/1087802176843022338
603,阿里克·塔兰尼斯,人类帝国,中文行文已逐段精校，部分术语仍为暂定,正文/02-人类帝国/0603.md,https://www.bilibili.com/opus/1105346065984389121
604,纳夏·沙汉森 Nashir Sahansun,人类帝国,中文行文已逐段精校，部分术语仍为暂定,正文/02-人类帝国/0604.md,https://www.bilibili.com/opus/1136783856544776258
605,菲杜斯·克里普特曼 Fidus Kryptman,人类帝国,中文行文已逐段精校，部分术语仍为暂定,正文/02-人类帝国/0605.md,https://www.bilibili.com/opus/1142394883379560453
606,格雷戈·艾森霍恩 Gregor Eisenhorn,人类帝国,中文行文已逐段精校，部分术语仍为暂定,正文/02-人类帝国/0606.md,https://www.bilibili.com/opus/1108730186692558880
607,阿德拉斯蒂娅 Adrastia,人类帝国,中文行文已逐段精校，部分术语仍为暂定,正文/02-人类帝国/0607.md,https://www.bilibili.com/opus/1209343390520442903
608,莱昂·奇拉斯特斯 Leon ­Chirastes,人类帝国,中文行文已逐段精校，部分术语仍为暂定,正文/02-人类帝国/0608.md,https://www.bilibili.com/opus/1208168308931559473
609,佩里尼奥 Perigino,人类帝国,中文行文已逐段精校，部分术语仍为暂定,正文/02-人类帝国/0609.md,https://www.bilibili.com/opus/1208608955395211288
610,贝利萨留斯·考尔 Belisarius Cawl,人类帝国,中文行文已逐段精校，部分术语仍为暂定,正文/02-人类帝国/0610.md,https://www.bilibili.com/opus/988020775087767554
611,阿坎·兰德 Arkhan Land,人类帝国,中文行文已逐段精校，部分术语仍为暂定,正文/02-人类帝国/0611.md,https://www.bilibili.com/opus/1082418551322574854
612,扎格列欧斯·凯恩 Zagreus Kane,人类帝国,中文行文已逐段精校，部分术语仍为暂定,正文/02-人类帝国/0612.md,https://www.bilibili.com/opus/1188376455383351336
613,伊普露维恩·马克西姆 Ipluvien Maximal,人类帝国,中文行文已逐段精校，部分术语仍为暂定,正文/02-人类帝国/0613.md,https://www.bilibili.com/opus/1197622368919355414
614,科瑞尔·泽斯 Koriel Zeth,人类帝国,中文行文已逐段精校，部分术语仍为暂定,正文/02-人类帝国/0614.md,https://www.bilibili.com/opus/1198009723420409859
615,蒂尔维乌斯 Tilvius,人类帝国,中文行文已逐段精校，部分术语仍为暂定,正文/02-人类帝国/0615.md,https://www.bilibili.com/opus/1217337200793878567
616,凯尔博·哈尔 Kelbor-Hal,人类帝国,中文行文已逐段精校，部分术语仍为暂定,正文/02-人类帝国/0616.md,https://www.bilibili.com/opus/1190256959591284771
617,雷古勒斯 Regulus,人类帝国,中文行文已逐段精校，部分术语仍为暂定,正文/02-人类帝国/0617.md,https://www.bilibili.com/opus/1192953803895209984
618,西蒙·彭塔西安 Simion Pentasian,人类帝国,中文行文已逐段精校，部分术语仍为暂定,正文/02-人类帝国/0618.md,https://www.bilibili.com/opus/1188705389764411393
619,尼莫·志明 Nemo Zhi-Meng,人类帝国,中文行文已逐段精校，部分术语仍为暂定,正文/02-人类帝国/0619.md,https://www.bilibili.com/opus/1189075031781539845
620,凯·祖兰 Kai Zulane,人类帝国,中文行文已逐段精校，部分术语仍为暂定,正文/02-人类帝国/0620.md,https://www.bilibili.com/opus/1058591795072466952
621,珍提亚·科勒 Jenetia Krole,人类帝国,中文行文已逐段精校，部分术语仍为暂定,正文/02-人类帝国/0621.md,https://www.bilibili.com/opus/1188714954648190984
622,凯莉娅·卡斯琳 Kaeria Casryn,人类帝国,中文行文已逐段精校，部分术语仍为暂定,正文/02-人类帝国/0622.md,https://www.bilibili.com/opus/1084131633377837128
623,康斯坦丁·瓦尔多 Constantin Valdor,人类帝国,中文行文已逐段精校，部分术语仍为暂定,正文/02-人类帝国/0623.md,https://www.bilibili.com/opus/1056407958784573457
624,图拉真·瓦洛瑞斯 Trajann Valoris,人类帝国,中文行文已逐段精校，部分术语仍为暂定,正文/02-人类帝国/0624.md,https://www.bilibili.com/opus/1074827922455396359
625,凯卡尔图斯·达斯克 Caecaltus Dusk,人类帝国,中文行文已逐段精校，部分术语仍为暂定,正文/02-人类帝国/0625.md,https://www.bilibili.com/opus/1067204991182176281
626,戴克里先·科罗斯 Diocletian Coros,人类帝国,中文行文已逐段精校，部分术语仍为暂定,正文/02-人类帝国/0626.md,https://www.bilibili.com/opus/1061864276679983123
627,拉·恩底弥翁 Ra Endymion,人类帝国,中文行文已逐段精校，部分术语仍为暂定,正文/02-人类帝国/0627.md,https://www.bilibili.com/opus/1061864212228210696
628,哈尔·兰塔尔 Harr Rantal,人类帝国,中文行文已逐段精校，部分术语仍为暂定,正文/02-人类帝国/0628.md,https://www.bilibili.com/opus/1189481103801450501
629,赛尔·瓦努斯 Sire Vanus,人类帝国,中文行文已逐段精校，部分术语仍为暂定,正文/02-人类帝国/0629.md,https://www.bilibili.com/opus/1176618316654968848
630,阿德林 Adreen,人类帝国,中文行文已逐段精校，部分术语仍为暂定,正文/02-人类帝国/0630.md,https://www.bilibili.com/opus/1188405936001122310
631,勒图 Leetu,人类帝国,中文行文已逐段精校，部分术语仍为暂定,正文/02-人类帝国/0631.md,https://www.bilibili.com/opus/1068932177932058624
632,莱昂·艾尔’庄森 Lion El'Jonson,人类帝国,中文行文已逐段精校，部分术语仍为暂定,正文/02-人类帝国/0632.md,https://www.bilibili.com/opus/1082419135408766984
633,考斯韦恩 Corswain,人类帝国,中文行文已逐段精校，部分术语仍为暂定,正文/02-人类帝国/0633.md,https://www.bilibili.com/opus/1206946798716846102
634,阿兹瑞尔 Azrael,人类帝国,中文行文已逐段精校，部分术语仍为暂定,正文/02-人类帝国/0634.md,https://www.bilibili.com/opus/1114173422060961816
635,以西结 Ezekiel,人类帝国,中文行文已逐段精校，部分术语仍为暂定,正文/02-人类帝国/0635.md,https://www.bilibili.com/opus/1114176939699994663
636,阿斯莫德 Asmodai,人类帝国,中文行文已逐段精校，部分术语仍为暂定,正文/02-人类帝国/0636.md,https://www.bilibili.com/opus/1114184400000516099
637,贝利亚 Belial,人类帝国,中文行文已逐段精校，部分术语仍为暂定,正文/02-人类帝国/0637.md,https://www.bilibili.com/opus/1114576457557868553
638,萨麦尔 Sammael,人类帝国,中文行文已逐段精校，部分术语仍为暂定,正文/02-人类帝国/0638.md,https://www.bilibili.com/opus/1114560020688666674
639,拉撒路 Lazarus,人类帝国,中文行文已逐段精校，部分术语仍为暂定,正文/02-人类帝国/0639.md,https://www.bilibili.com/opus/1114593474157477928
640,福格瑞姆 Fulgrim,人类帝国,中文行文已逐段精校，部分术语仍为暂定,正文/02-人类帝国/0640.md,https://www.bilibili.com/opus/1092239475079118871
641,法比乌斯·拜尔 Fabius Bile,人类帝国,中文行文已逐段精校，部分术语仍为暂定,正文/02-人类帝国/0641.md,https://www.bilibili.com/opus/1106804645497405441
642,佩图拉博 Perturabo,人类帝国,中文行文已逐段精校，部分术语仍为暂定,正文/02-人类帝国/0642.md,https://www.bilibili.com/opus/1089686117042618369
643,察合台可汗 Jaghatai Khan,人类帝国,中文行文已逐段精校，部分术语仍为暂定,正文/02-人类帝国/0643.md,https://www.bilibili.com/opus/1095198136300732419
644,苏博登可汗 Suboden Khan,人类帝国,中文行文已逐段精校，部分术语仍为暂定,正文/02-人类帝国/0644.md,https://www.bilibili.com/opus/1118610355230081033
645,科萨罗可汗 Kor'sarro Khan,人类帝国,中文行文已逐段精校，部分术语仍为暂定,正文/02-人类帝国/0645.md,https://www.bilibili.com/opus/1118616960927531027
646,黎曼·鲁斯 Leman Russ,人类帝国,中文行文已逐段精校，部分术语仍为暂定,正文/02-人类帝国/0646.md,https://www.bilibili.com/opus/1058165072884400164
647,洛根·格里姆纳尔 Logan Grimnar,人类帝国,中文行文已逐段精校，部分术语仍为暂定,正文/02-人类帝国/0647.md,https://www.bilibili.com/opus/1114600204374376455
648,断手比约恩 Bjorn the Fell-Handed,人类帝国,中文行文已逐段精校，部分术语仍为暂定,正文/02-人类帝国/0648.md,https://www.bilibili.com/opus/1115319538442829842
649,杀戮牙 Murderfang,人类帝国,中文行文已逐段精校，部分术语仍为暂定,正文/02-人类帝国/0649.md,https://www.bilibili.com/opus/1115346987558895617
650,风暴召唤者纳吉奥 Njal Stormcaller,人类帝国,中文行文已逐段精校，部分术语仍为暂定,正文/02-人类帝国/0650.md,https://www.bilibili.com/opus/1114603412724383768
651,博德瓦尔·比亚尔基 Bodvar Bjarki,人类帝国,中文行文已逐段精校，部分术语仍为暂定,正文/02-人类帝国/0651.md,https://www.bilibili.com/opus/1064897468472229906
652,杀戮者乌尔里克 Ulrik the Slayer,人类帝国,中文行文已逐段精校，部分术语仍为暂定,正文/02-人类帝国/0652.md,https://www.bilibili.com/opus/1114906349656866816
653,阿贾克·石拳 Arjac Rockfist,人类帝国,中文行文已逐段精校，部分术语仍为暂定,正文/02-人类帝国/0653.md,https://www.bilibili.com/opus/1115322909968039937
654,哈拉尔德·死狼 Harald Deathwolf,人类帝国,中文行文已逐段精校，部分术语仍为暂定,正文/02-人类帝国/0654.md,https://www.bilibili.com/opus/1114930332764733444
655,卡尼斯·狼裔 Canis Wolfborn,人类帝国,中文行文已逐段精校，部分术语仍为暂定,正文/02-人类帝国/0655.md,https://www.bilibili.com/opus/1114935456652328981
656,克罗姆·龙瞪 Krom Dragongaze,人类帝国,中文行文已逐段精校，部分术语仍为暂定,正文/02-人类帝国/0656.md,https://www.bilibili.com/opus/1114922485866823685
657,拉格纳·黑鬃 Ragnar Blackmane,人类帝国,中文行文已逐段精校，部分术语仍为暂定,正文/02-人类帝国/0657.md,https://www.bilibili.com/opus/1114911937442873367
658,骗子卢卡斯 Lukas the Trickster,人类帝国,中文行文已逐段精校，部分术语仍为暂定,正文/02-人类帝国/0658.md,https://www.bilibili.com/opus/1115333475609608199
659,罗格·多恩 Rogal Dorn,人类帝国,中文行文已逐段精校，部分术语仍为暂定,正文/02-人类帝国/0659.md,https://www.bilibili.com/opus/1058591661897023537
660,西吉斯蒙德 Sigismund,人类帝国,中文行文已逐段精校，部分术语仍为暂定,正文/02-人类帝国/0660.md,https://www.bilibili.com/opus/1198048489773203521
661,坎巴·迪亚兹 Camba Diaz,人类帝国,中文行文已逐段精校，部分术语仍为暂定,正文/02-人类帝国/0661.md,https://www.bilibili.com/opus/1198088171026382857
662,达纳斯·莱山德 Darnath Lysander,人类帝国,中文行文已逐段精校，部分术语仍为暂定,正文/02-人类帝国/0662.md,https://www.bilibili.com/opus/1117878106231668736
663,托尔·加拉顿 Tor Garadon,人类帝国,中文行文已逐段精校，部分术语仍为暂定,正文/02-人类帝国/0663.md,https://www.bilibili.com/opus/1118228042990223363
664,赫尔布雷彻 Helbrecht,人类帝国,中文行文已逐段精校，部分术语仍为暂定,正文/02-人类帝国/0664.md,https://www.bilibili.com/opus/1119414970127220742
665,梅瑞克·格里玛度斯 Merek Grimaldus,人类帝国,中文行文已逐段精校，部分术语仍为暂定,正文/02-人类帝国/0665.md,https://www.bilibili.com/opus/1119422018171699206
666,佩德罗·坎托 Pedro Kantor,人类帝国,中文行文已逐段精校，部分术语仍为暂定,正文/02-人类帝国/0666.md,https://www.bilibili.com/opus/1119446112897335312
667,康拉德·科兹 Konrad Curze,人类帝国,中文行文已逐段精校，部分术语仍为暂定,正文/02-人类帝国/0667.md,https://www.bilibili.com/opus/1072639404706627591
668,圣吉列斯 Sanguinius,人类帝国,中文行文已逐段精校，部分术语仍为暂定,正文/02-人类帝国/0668.md,https://www.bilibili.com/opus/1066359256306941961
669,但丁 Dante,人类帝国,中文行文已逐段精校，部分术语仍为暂定,正文/02-人类帝国/0669.md,https://www.bilibili.com/opus/1115647523597320215
670,墨菲斯顿 Mephiston,人类帝国,中文行文已逐段精校，部分术语仍为暂定,正文/02-人类帝国/0670.md,https://www.bilibili.com/opus/1116024522909155337
671,阿斯托拉斯 Astorath,人类帝国,中文行文已逐段精校，部分术语仍为暂定,正文/02-人类帝国/0671.md,https://www.bilibili.com/opus/1116758335285100553
672,雷马特斯 Lemartes,人类帝国,中文行文已逐段精校，部分术语仍为暂定,正文/02-人类帝国/0672.md,https://www.bilibili.com/opus/1117511118506426372
673,科布罗 Corbulo,人类帝国,中文行文已逐段精校，部分术语仍为暂定,正文/02-人类帝国/0673.md,https://www.bilibili.com/opus/1116501066721001513
674,阿瑞诺斯·卡莱恩 Arenos Karlaen,人类帝国,中文行文已逐段精校，部分术语仍为暂定,正文/02-人类帝国/0674.md,https://www.bilibili.com/opus/1117102542571962372
675,卡莱昂 Carleon,人类帝国,中文行文已逐段精校，部分术语仍为暂定,正文/02-人类帝国/0675.md,https://www.bilibili.com/opus/1219710595419340800
676,加百列·赛斯 Gabriel Seth,人类帝国,中文行文已逐段精校，部分术语仍为暂定,正文/02-人类帝国/0676.md,https://www.bilibili.com/opus/1147922712437456921
677,费鲁斯·马努斯 Ferrus Manus,人类帝国,中文行文已逐段精校，部分术语仍为暂定,正文/02-人类帝国/0677.md,https://www.bilibili.com/opus/1091506281209921572
678,沙德拉克·梅杜森 Shadrak Meduson,人类帝国,中文行文已逐段精校，部分术语仍为暂定,正文/02-人类帝国/0678.md,https://www.bilibili.com/opus/1197646085739249666
679,卡丹·斯特罗诺斯 Kardan Stronos,人类帝国,中文行文已逐段精校，部分术语仍为暂定,正文/02-人类帝国/0679.md,https://www.bilibili.com/opus/1118662981483233285
680,马尔坎·费洛斯 Malkaan Feirros,人类帝国,中文行文已逐段精校，部分术语仍为暂定,正文/02-人类帝国/0680.md,https://www.bilibili.com/opus/1118672602177470505
681,卡诺克·瓦尔 Caanok Var,人类帝国,中文行文已逐段精校，部分术语仍为暂定,正文/02-人类帝国/0681.md,https://www.bilibili.com/opus/1119083055058780216
682,安格隆 Angron,人类帝国,中文行文已逐段精校，部分术语仍为暂定,正文/02-人类帝国/0682.md,https://www.bilibili.com/opus/1064897339591753737
683,罗保特·基里曼 Roboute Guilliman,人类帝国,中文行文已逐段精校，部分术语仍为暂定,正文/02-人类帝国/0683.md,https://www.bilibili.com/opus/1067206004810186758
684,马涅乌斯·奥古斯图斯·卡尔加 Marneus Augustus Calgar,人类帝国,中文行文已逐段精校，部分术语仍为暂定,正文/02-人类帝国/0684.md,https://www.bilibili.com/opus/1113207496857616389
685,瓦罗·狄格里斯 Varro Tigurius,人类帝国,中文行文已逐段精校，部分术语仍为暂定,正文/02-人类帝国/0685.md,https://www.bilibili.com/opus/1113577791720259585
686,奥坦·卡西乌斯 Ortan Cassius,人类帝国,中文行文已逐段精校，部分术语仍为暂定,正文/02-人类帝国/0686.md,https://www.bilibili.com/opus/1113590427498315785
687,卡托·西卡留斯 Cato Sicarius,人类帝国,中文行文已逐段精校，部分术语仍为暂定,正文/02-人类帝国/0687.md,https://www.bilibili.com/opus/1113228366078541842
688,西弗勒斯·阿格曼 Severus Agemman,人类帝国,中文行文已逐段精校，部分术语仍为暂定,正文/02-人类帝国/0688.md,https://www.bilibili.com/opus/1113596642356887552
689,西瓦图斯·阿切兰 Sevastus Acheran,人类帝国,中文行文已逐段精校，部分术语仍为暂定,正文/02-人类帝国/0689.md,https://www.bilibili.com/opus/1113789469189734421
690,乌瑞尔·文崔斯 Uriel Ventris,人类帝国,中文行文已逐段精校，部分术语仍为暂定,正文/02-人类帝国/0690.md,https://www.bilibili.com/opus/1113799132903899175
691,费伦·阿瑞奥斯 Ferren Areios,人类帝国,中文行文已逐段精校，部分术语仍为暂定,正文/02-人类帝国/0691.md,https://www.bilibili.com/opus/1113805132910297106
692,安塔罗·克罗诺斯 Antaro Chronus,人类帝国,中文行文已逐段精校，部分术语仍为暂定,正文/02-人类帝国/0692.md,https://www.bilibili.com/opus/1113829167607054375
693,托利亚斯·泰利昂 Torias Telion,人类帝国,中文行文已逐段精校，部分术语仍为暂定,正文/02-人类帝国/0693.md,https://www.bilibili.com/opus/1113838745378881555
694,维特里安·梅西尼乌斯 Vitrian Messinius,人类帝国,中文行文已逐段精校，部分术语仍为暂定,正文/02-人类帝国/0694.md,https://www.bilibili.com/opus/1123459287442522133
695,莫塔里安 Mortarion,人类帝国,中文行文已逐段精校，部分术语仍为暂定,正文/02-人类帝国/0695.md,https://www.bilibili.com/opus/1074828154402504711
696,泰弗斯 Typhus,人类帝国,中文行文已逐段精校，部分术语仍为暂定,正文/02-人类帝国/0696.md,https://www.bilibili.com/opus/1192087616375226374
697,纳撒尼尔·伽罗 Nathaniel Garro,人类帝国,中文行文已逐段精校，部分术语仍为暂定,正文/02-人类帝国/0697.md,https://www.bilibili.com/opus/1193909202197676035
698,赤红之马格努斯 Magnus the Red,人类帝国,中文行文已逐段精校，部分术语仍为暂定,正文/02-人类帝国/0698.md,https://www.bilibili.com/opus/1058164849548197892
699,荷鲁斯·卢佩卡尔 Horus Lupercal,人类帝国,中文行文已逐段精校，部分术语仍为暂定,正文/02-人类帝国/0699.md,https://www.bilibili.com/opus/1053346450259312660
700,马洛赫斯特 Maloghurst,人类帝国,中文行文已逐段精校，部分术语仍为暂定,正文/02-人类帝国/0700.md,https://www.bilibili.com/opus/1206575717869944904
701,以泽凯尔·阿巴顿 Ezekyle Abaddon,人类帝国,中文行文已逐段精校，部分术语仍为暂定,正文/02-人类帝国/0701.md,https://www.bilibili.com/opus/1061864362575134744
702,哈斯塔·赛詹努斯 Hastur Sejanus,人类帝国,中文行文已逐段精校，部分术语仍为暂定,正文/02-人类帝国/0702.md,https://www.bilibili.com/opus/1191338445207765013
703,加维尔·洛肯 Garviel Loken,人类帝国,中文行文已逐段精校，部分术语仍为暂定,正文/02-人类帝国/0703.md,https://www.bilibili.com/opus/1068932276716306432
704,珞珈·奥瑞利安 Lorgar Aurelian,人类帝国,中文行文已逐段精校，部分术语仍为暂定,正文/02-人类帝国/0704.md,https://www.bilibili.com/opus/1102624779000610838
705,科尔·法伦 Kor Phaeron,人类帝国,中文行文已逐段精校，部分术语仍为暂定,正文/02-人类帝国/0705.md,https://www.bilibili.com/opus/1186142179044622355
706,艾瑞巴斯 Erebus,人类帝国,中文行文已逐段精校，部分术语仍为暂定,正文/02-人类帝国/0706.md,https://www.bilibili.com/opus/1091506225399463939
707,阿格尔·塔尔 Argel Tal,人类帝国,中文行文已逐段精校，部分术语仍为暂定,正文/02-人类帝国/0707.md,https://www.bilibili.com/opus/1089686314590142486
708,沃坎 Vulkan,人类帝国,中文行文已逐段精校，部分术语仍为暂定,正文/02-人类帝国/0708.md,https://www.bilibili.com/opus/1082419204168089632
709,伏尔甘·赫斯坦 Vulkan He'stan,人类帝国,中文行文已逐段精校，部分术语仍为暂定,正文/02-人类帝国/0709.md,https://www.bilibili.com/opus/1118407345010900999
710,阿德拉克斯·阿伽顿 Adrax Agatone,人类帝国,中文行文已逐段精校，部分术语仍为暂定,正文/02-人类帝国/0710.md,https://www.bilibili.com/opus/1118590413696925713
711,格拉维斯 Gravius,人类帝国,中文行文已逐段精校，部分术语仍为暂定,正文/02-人类帝国/0711.md,https://www.bilibili.com/opus/1113564318401560577
712,科沃斯·科拉克斯 Corvus Corax,人类帝国,中文行文已逐段精校，部分术语仍为暂定,正文/02-人类帝国/0712.md,https://www.bilibili.com/opus/1058591850900750354
713,凯万·史瑞克 Kayvaan Shrike,人类帝国,中文行文已逐段精校，部分术语仍为暂定,正文/02-人类帝国/0713.md,https://www.bilibili.com/opus/1119127447817682963
714,艾索·沙恩 Aethon Shaan,人类帝国,中文行文已逐段精校，部分术语仍为暂定,正文/02-人类帝国/0714.md,https://www.bilibili.com/opus/1119109589365686293
715,阿尔法瑞斯·欧米伽 Alpharius Omegon,人类帝国,中文行文已逐段精校，部分术语仍为暂定,正文/02-人类帝国/0715.md,https://www.bilibili.com/opus/1057106749957341189
716,谢德·兰科 Sheed Ranko,人类帝国,中文行文已逐段精校，部分术语仍为暂定,正文/02-人类帝国/0716.md,https://www.bilibili.com/opus/1202486556806348808
717,卡尔多·迪亚哥 Kaldor Draigo,人类帝国,中文行文已逐段精校，部分术语仍为暂定,正文/02-人类帝国/0717.md,https://www.bilibili.com/opus/1149008836667899921
718,雷吉斯·沃蒂默 Regis Vortimer,人类帝国,中文行文已逐段精校，部分术语仍为暂定,正文/02-人类帝国/0718.md,https://www.bilibili.com/opus/1218179869114892328
719,阿尔德里克·沃尔达斯 Aldrik Voldus,人类帝国,中文行文已逐段精校，部分术语仍为暂定,正文/02-人类帝国/0719.md,https://www.bilibili.com/opus/1121965446243811332
720,艾维安·斯特恩 Arvann Stern,人类帝国,中文行文已逐段精校，部分术语仍为暂定,正文/02-人类帝国/0720.md,https://www.bilibili.com/opus/1149009768709357570
721,加兰·克罗 Garran Crowe,人类帝国,中文行文已逐段精校，部分术语仍为暂定,正文/02-人类帝国/0721.md,https://www.bilibili.com/opus/1149010709314535431
722,阿尔忒弥斯 Artemis,人类帝国,中文行文已逐段精校，部分术语仍为暂定,正文/02-人类帝国/0722.md,https://www.bilibili.com/opus/1122049657706381313
723,亚撒利雅·凯拉斯 Azariah Kyras,人类帝国,中文行文已逐段精校，部分术语仍为暂定,正文/02-人类帝国/0723.md,https://www.bilibili.com/opus/1209683573408268312
724,加百列·安杰罗斯 Gabriel Angelos,人类帝国,中文行文已逐段精校，部分术语仍为暂定,正文/02-人类帝国/0724.md,https://www.bilibili.com/opus/1122338232256692264
725,阿波罗·狄俄墨得斯 Apollo Diomedes,人类帝国,中文行文已逐段精校，部分术语仍为暂定,正文/02-人类帝国/0725.md,https://www.bilibili.com/opus/1209335663873228818
726,伊瑞尔·里卡里乌斯 Yriel Rikarius,人类帝国,中文行文已逐段精校，部分术语仍为暂定,正文/02-人类帝国/0726.md,https://www.bilibili.com/opus/1217352658418925571
727,卡拉布·库伦 Carab Culln,人类帝国,中文行文已逐段精校，部分术语仍为暂定,正文/02-人类帝国/0727.md,https://www.bilibili.com/opus/1122698756058251273
728,卡桑·萨比乌斯 Casan Sabius,人类帝国,中文行文已逐段精校，部分术语仍为暂定,正文/02-人类帝国/0728.md,https://www.bilibili.com/opus/1122366239738429449
729,西拉·卡拉贡 Sirae Karagon,人类帝国,中文行文已逐段精校，部分术语仍为暂定,正文/02-人类帝国/0729.md,https://www.bilibili.com/opus/1122370238309990419
730,阿斯忒里昂·摩洛克 Asterion Moloc,人类帝国,中文行文已逐段精校，部分术语仍为暂定,正文/02-人类帝国/0730.md,https://www.bilibili.com/opus/1123091998973100068
731,伊万努斯·恩科米 Ivanus Enkomi,人类帝国,中文行文已逐段精校，部分术语仍为暂定,正文/02-人类帝国/0731.md,https://www.bilibili.com/opus/1123116463111012359
486,贸易守护者 Praeses Mercatura,组织,中文行文已逐段精校，部分术语仍为暂定,正文/03-组织/0486.md,https://www.bilibili.com/opus/1143524528490545155
487,帝国海军 Imperial Navy,组织,中文行文已逐段精校，部分术语仍为暂定,正文/03-组织/0487.md,https://www.bilibili.com/opus/1126382442171596819
488,帝国海航 Aeronautica Imperialis,组织,中文行文已逐段精校，部分术语仍为暂定,正文/03-组织/0488.md,https://www.bilibili.com/opus/1143255947022434305
489,导航员家族 Navis Nobilite,组织,中文行文已逐段精校，部分术语仍为暂定,正文/03-组织/0489.md,https://www.bilibili.com/opus/1143499888257925154
490,最高族长 Paternova,组织,中文行文已逐段精校，部分术语仍为暂定,正文/03-组织/0490.md,https://www.bilibili.com/opus/1190240600015765512
491,导航员 Navigator,组织,中文行文已逐段精校，部分术语仍为暂定,正文/03-组织/0491.md,https://www.bilibili.com/opus/1143861275408728082
492,军务部 Departmento Munitorum,组织,中文行文已逐段精校，部分术语仍为暂定,正文/03-组织/0492.md,https://www.bilibili.com/opus/1143253756563947542
493,星界军 Astra Militarum,组织,中文行文已逐段精校，部分术语仍为暂定,正文/03-组织/0493.md,https://www.bilibili.com/opus/1112458815343689751
494,战帅 Warmaster,组织,中文行文已逐段精校，部分术语仍为暂定,正文/03-组织/0494.md,https://www.bilibili.com/opus/1052973930574249993
495,将军 General,组织,中文行文已逐段精校，部分术语仍为暂定,正文/03-组织/0495.md,https://www.bilibili.com/opus/1220321352703016979
496,卫兵 Guardsman,组织,中文行文已逐段精校，部分术语仍为暂定,正文/03-组织/0496.md,https://www.bilibili.com/opus/1146112495440625705
497,巢都 Hive,组织,中文行文已逐段精校，部分术语仍为暂定,正文/03-组织/0497.md,https://www.bilibili.com/opus/1218458182986236038
498,巢都渣滓 Hive Scum,组织,中文行文已逐段精校，部分术语仍为暂定,正文/03-组织/0498.md,https://www.bilibili.com/opus/1178824263452327954
499,混沌 Chaos,组织,中文行文已逐段精校，部分术语仍为暂定,正文/03-组织/0499.md,https://www.bilibili.com/opus/1053726430328782857
500,巫术 Sorcery,组织,中文行文已逐段精校，部分术语仍为暂定,正文/03-组织/0500.md,https://www.bilibili.com/opus/1191377537979121671
501,神瘟 Godblight,组织,中文行文已逐段精校，部分术语仍为暂定,正文/03-组织/0501.md,https://www.bilibili.com/opus/1074828081373380616
502,仪式之刃 Athames,组织,中文行文已逐段精校，部分术语仍为暂定,正文/03-组织/0502.md,https://www.bilibili.com/opus/1068932444178087956
503,黑色远征 Black Crusade,组织,中文行文已逐段精校，部分术语仍为暂定,正文/03-组织/0503.md,https://www.bilibili.com/opus/1145689832006090758
504,光照会 Illuminati,组织,中文行文已逐段精校，部分术语仍为暂定,正文/03-组织/0504.md,https://www.bilibili.com/opus/1078628294210879509
505,闻道学派 Cognitae,组织,中文行文已逐段精校，部分术语仍为暂定,正文/03-组织/0505.md,https://www.bilibili.com/opus/1052974205437476869
506,混沌诸神 Chaos Gods,组织,中文行文已逐段精校，部分术语仍为暂定,正文/03-组织/0506.md,https://www.bilibili.com/opus/1052614557781983281
507,纳垢 Nurgle,组织,中文行文已逐段精校，部分术语仍为暂定,正文/03-组织/0507.md,https://www.bilibili.com/opus/1135085334360490100
508,奸奇 Tzeentch,组织,中文行文已逐段精校，部分术语仍为暂定,正文/03-组织/0508.md,https://www.bilibili.com/opus/1076691671982276609
509,色孽 Slaanesh,组织,中文行文已逐段精校，部分术语仍为暂定,正文/03-组织/0509.md,https://www.bilibili.com/opus/1189191747519905799
510,恐虐 Khorne,组织,中文行文已逐段精校，部分术语仍为暂定,正文/03-组织/0510.md,https://www.bilibili.com/opus/1211508058333642835
511,黑暗之王 Dark King,组织,中文行文已逐段精校，部分术语仍为暂定,正文/03-组织/0511.md,https://www.bilibili.com/opus/1085994038566322196
512,恶魔 Daemons,组织,中文行文已逐段精校，部分术语仍为暂定,正文/03-组织/0512.md,https://www.bilibili.com/opus/1052618539201986569
513,恶魔亲王 Daemon Princes,组织,中文行文已逐段精校，部分术语仍为暂定,正文/03-组织/0513.md,https://www.bilibili.com/opus/1206962260626374697
514,嗜血狂魔 Bloodthirsters,组织,中文行文已逐段精校，部分术语仍为暂定,正文/03-组织/0514.md,https://www.bilibili.com/opus/1206591175464583172
515,迷失者与被诅咒者 The Lost and the Damned,组织,中文行文已逐段精校，部分术语仍为暂定,正文/03-组织/0515.md,https://www.bilibili.com/opus/1067204673366130713
516,混沌教派 Chaos Cult,组织,中文行文已逐段精校，部分术语仍为暂定,正文/03-组织/0516.md,https://www.bilibili.com/opus/1076691538842484740
517,蛇之结社 Serpent Lodge,组织,中文行文已逐段精校，部分术语仍为暂定,正文/03-组织/0517.md,https://www.bilibili.com/opus/1191319581685186563
518,黑暗机械教 Dark Mechanicum,组织,中文行文已逐段精校，部分术语仍为暂定,正文/03-组织/0518.md,https://www.bilibili.com/opus/1187981533128949769
519,废码 Scrapcode,组织,中文行文已逐段精校，部分术语仍为暂定,正文/03-组织/0519.md,https://www.bilibili.com/opus/1196924999343013895
520,混沌星际战士 Chaos Space Marine,组织,中文行文已逐段精校，部分术语仍为暂定,正文/03-组织/0520.md,https://www.bilibili.com/opus/1124190711778902049
521,黑暗帝国 Dark Empire,组织,中文行文已逐段精校，部分术语仍为暂定,正文/03-组织/0521.md,https://www.bilibili.com/opus/1186869523132710913
522,收割者领域 Realm of the Reaper,组织,中文行文已逐段精校，部分术语仍为暂定,正文/03-组织/0522.md,https://www.bilibili.com/opus/1187251002152058886
523,腐尸领域 Carrion Realms,组织,中文行文已逐段精校，部分术语仍为暂定,正文/03-组织/0523.md,https://www.bilibili.com/opus/1187314838262513680
524,钢铁帝国 Empire of Iron,组织,中文行文已逐段精校，部分术语仍为暂定,正文/03-组织/0524.md,https://www.bilibili.com/opus/1187732107210784773
525,科尔基斯辖区 Colchisian Satrapy,组织,中文行文已逐段精校，部分术语仍为暂定,正文/03-组织/0525.md,https://www.bilibili.com/opus/1187973153681309703
526,万古长战 Long War,组织,中文行文已逐段精校，部分术语仍为暂定,正文/03-组织/0526.md,https://www.bilibili.com/opus/1214739591675772962
527,混沌终结者 Chaos Terminators,组织,中文行文已逐段精校，部分术语仍为暂定,正文/03-组织/0527.md,https://www.bilibili.com/opus/1219200344738758693
528,瘟疫战士 Plague Marines,组织,中文行文已逐段精校，部分术语仍为暂定,正文/03-组织/0528.md,https://www.bilibili.com/opus/1206583453101850677
529,III - 帝皇之子 Emperor's Children,组织,中文行文已逐段精校，部分术语仍为暂定,正文/03-组织/0529.md,https://www.bilibili.com/opus/1091876258303705089
530,凤凰卫队 Phoenix Guard,组织,中文行文已逐段精校，部分术语仍为暂定,正文/03-组织/0530.md,https://www.bilibili.com/opus/1031413714422595600
531,宫廷剑士 Palatine Blades,组织,中文行文已逐段精校，部分术语仍为暂定,正文/03-组织/0531.md,https://www.bilibili.com/opus/1031035576954912774
532,太阳杀手 Sun Killer,组织,中文行文已逐段精校，部分术语仍为暂定,正文/03-组织/0532.md,https://www.bilibili.com/opus/1034708993761607683
533,紫庭凤凰之翼 Wings of the Phoenician,组织,中文行文已逐段精校，部分术语仍为暂定,正文/03-组织/0533.md,https://www.bilibili.com/opus/1036936844837650456
534,IV - 钢铁勇士 Iron Warriors,组织,中文行文已逐段精校，部分术语仍为暂定,正文/03-组织/0534.md,https://www.bilibili.com/opus/1093430722934341635
732,黄衣之王 King in Yellow,混沌,中文行文已逐段精校，部分术语仍为暂定,正文/04-混沌/0732.md,https://www.bilibili.com/opus/1087801876234108928
733,德拉科尼恩 Drach'nyen,混沌,中文行文已逐段精校，部分术语仍为暂定,正文/04-混沌/0733.md,https://www.bilibili.com/opus/1060007755596693511
734,凯瑞斯 Kyriss,混沌,中文行文已逐段精校，部分术语仍为暂定,正文/04-混沌/0734.md,https://www.bilibili.com/opus/1195397756257042433
735,卡'班哈 Ka'Bandha,混沌,中文行文已逐段精校，部分术语仍为暂定,正文/04-混沌/0735.md,https://www.bilibili.com/opus/1195761015983177735
736,升天者英格泰尔 Ingethel the Ascended,混沌,中文行文已逐段精校，部分术语仍为暂定,正文/04-混沌/0736.md,https://www.bilibili.com/opus/1089685193623601157
737,艾尔德拉德·乌瑟兰 Eldrad Ulthran,混沌,中文行文已逐段精校，部分术语仍为暂定,正文/04-混沌/0737.md,https://www.bilibili.com/opus/1089686013927751680
738,伽尔库·黑牙 Gharkul Blackfang,混沌,中文行文已逐段精校，部分术语仍为暂定,正文/04-混沌/0738.md,https://www.bilibili.com/opus/1057468978914394113
739,野兽 Beast,混沌,中文行文已逐段精校，部分术语仍为暂定,正文/04-混沌/0739.md,https://www.bilibili.com/opus/1131231906889728001
740,碎骨者·斯拉卡 Ghazghkull Mag Uruk Thraka,混沌,中文行文已逐段精校，部分术语仍为暂定,正文/04-混沌/0740.md,https://www.bilibili.com/opus/1137914953344221191
741,无尽者塔拉辛 Trazyn the Infinite,混沌,中文行文已逐段精校，部分术语仍为暂定,正文/04-混沌/0741.md,https://www.bilibili.com/opus/1108341045491400707
535,大连 Grand Company,概念,中文行文已逐段精校，部分术语仍为暂定,正文/05-概念/0535.md,https://www.bilibili.com/opus/1198791373141049350
536,提兰提科斯卫队 Tyranthiko,概念,中文行文已逐段精校，部分术语仍为暂定,正文/05-概念/0536.md,https://www.bilibili.com/opus/1036357827392700457
537,VIII - 午夜领主 Night Lords,概念,中文行文已逐段精校，部分术语仍为暂定,正文/05-概念/0537.md,https://www.bilibili.com/opus/1096692415581913090
538,恐怖小队 Terror Squad,概念,中文行文已逐段精校，部分术语仍为暂定,正文/05-概念/0538.md,https://www.bilibili.com/opus/1035980024864309248
539,午夜猛禽 Night Raptor,概念,中文行文已逐段精校，部分术语仍为暂定,正文/05-概念/0539.md,https://www.bilibili.com/opus/1031034705037754376
540,XII - 吞世者 World Eaters,概念,中文行文已逐段精校，部分术语仍为暂定,正文/05-概念/0540.md,https://www.bilibili.com/opus/1098549580905054216
541,红手 Red Hand,概念,中文行文已逐段精校，部分术语仍为暂定,正文/05-概念/0541.md,https://www.bilibili.com/opus/1032883044247142402
542,红屠夫 Red Butcher,概念,中文行文已逐段精校，部分术语仍为暂定,正文/05-概念/0542.md,https://www.bilibili.com/opus/1032514518840770580
543,染血者 Bloodied,概念,中文行文已逐段精校，部分术语仍为暂定,正文/05-概念/0543.md,https://www.bilibili.com/opus/1019189885336027136
544,红猎手 Red Hunter,概念,中文行文已逐段精校，部分术语仍为暂定,正文/05-概念/0544.md,https://www.bilibili.com/opus/1032883241819832342
545,XIV - 死亡守卫 Death Guard,概念,中文行文已逐段精校，部分术语仍为暂定,正文/05-概念/0545.md,https://www.bilibili.com/opus/1100027968786268162
546,守墓人 Grave Warden,概念,中文行文已逐段精校，部分术语仍为暂定,正文/05-概念/0546.md,https://www.bilibili.com/opus/1023298094569095200
547,死亡寿衣 Deathshroud,概念,中文行文已逐段精校，部分术语仍为暂定,正文/05-概念/0547.md,https://www.bilibili.com/opus/1021347973242552321
548,莫图斯毒杀者 Mortus Poisoner,概念,中文行文已逐段精校，部分术语仍为暂定,正文/05-概念/0548.md,https://www.bilibili.com/opus/1030761575195082774
549,XV - 千子 Thousand Sons,概念,中文行文已逐段精校，部分术语仍为暂定,正文/05-概念/0549.md,https://www.bilibili.com/opus/1100774227904036869
550,圣甲虫密会 Scarab Occult,概念,中文行文已逐段精校，部分术语仍为暂定,正文/05-概念/0550.md,https://www.bilibili.com/opus/1033270003620642854
551,肯特泰密会 Khenetai Occult,概念,中文行文已逐段精校，部分术语仍为暂定,正文/05-概念/0551.md,https://www.bilibili.com/opus/1025492371852230662
552,阿米塔拉密会 Ammitara Occult,概念,中文行文已逐段精校，部分术语仍为暂定,正文/05-概念/0552.md,https://www.bilibili.com/opus/1018378548802486280
553,黑鸦信徒 Corvidae Initiate,概念,中文行文已逐段精校，部分术语仍为暂定,正文/05-概念/0553.md,https://www.bilibili.com/opus/1021090777713868818
554,XVI - 荷鲁斯之子 Sons of Horus,概念,中文行文已逐段精校，部分术语仍为暂定,正文/05-概念/0554.md,https://www.bilibili.com/opus/1101509874197463044
555,四王议会 Mournival,概念,中文行文已逐段精校，部分术语仍为暂定,正文/05-概念/0555.md,https://www.bilibili.com/opus/1191003149968605189
556,加斯塔林 Justaerin,概念,中文行文已逐段精校，部分术语仍为暂定,正文/05-概念/0556.md,https://www.bilibili.com/opus/1025143216791355416
557,掠夺者攻击小队 Reaver Attack Squad,概念,中文行文已逐段精校，部分术语仍为暂定,正文/05-概念/0557.md,https://www.bilibili.com/opus/1032513917590437892
558,XVII - 怀言者 Word Bearers,概念,中文行文已逐段精校，部分术语仍为暂定,正文/05-概念/0558.md,https://www.bilibili.com/opus/1102264753385897987
559,检察官教团 Order of the Procurators,概念,中文行文已逐段精校，部分术语仍为暂定,正文/05-概念/0559.md,https://www.bilibili.com/opus/1033270128183083046
560,灰烬之环 Ashen Circle,概念,中文行文已逐段精校，部分术语仍为暂定,正文/05-概念/0560.md,https://www.bilibili.com/opus/1018747005486235656
561,XX - 阿尔法军团 Alpha Legion,概念,中文行文已逐段精校，部分术语仍为暂定,正文/05-概念/0561.md,https://www.bilibili.com/opus/1104490620176564241
562,异形 Xenos,概念,中文行文已逐段精校，部分术语仍为暂定,正文/05-概念/0562.md,https://www.bilibili.com/opus/1057106406402949144
563,古圣 The Old Ones,概念,中文行文已逐段精校，部分术语仍为暂定,正文/05-概念/0563.md,https://www.bilibili.com/opus/1207621503767543816
564,冉丹 Rangdan,概念,中文行文已逐段精校，部分术语仍为暂定,正文/05-概念/0564.md,https://www.bilibili.com/opus/1182543524697997318
565,莱尔 Laer,概念,中文行文已逐段精校，部分术语仍为暂定,正文/05-概念/0565.md,https://www.bilibili.com/opus/1183643693461012501
566,史洛斯 Slaugth,概念,中文行文已逐段精校，部分术语仍为暂定,正文/05-概念/0566.md,https://www.bilibili.com/opus/1181387001708937235
567,赫鲁德 Hrud,概念,中文行文已逐段精校，部分术语仍为暂定,正文/05-概念/0567.md,https://www.bilibili.com/opus/1180924734353702921
568,恶臭瑞克 Noisome Reek,概念,中文行文已逐段精校，部分术语仍为暂定,正文/05-概念/0568.md,https://www.bilibili.com/opus/1129769504906149928
569,密教 The Cabal,概念,中文行文已逐段精校，部分术语仍为暂定,正文/05-概念/0569.md,https://www.bilibili.com/opus/1192110263739875328
570,乌卢梅亚蒂克联盟 Uluméathic League,概念,中文行文已逐段精校，部分术语仍为暂定,正文/05-概念/0570.md,https://www.bilibili.com/opus/1129784421340151833
571,艾达灵族 Aeldari,概念,中文行文已逐段精校，部分术语仍为暂定,正文/05-概念/0571.md,https://www.bilibili.com/opus/1055305427818905605
572,伊纳德 Ynnead,概念,中文行文已逐段精校，部分术语仍为暂定,正文/05-概念/0572.md,https://www.bilibili.com/opus/1078628100962517046
573,黑暗灵族 Drukhari,概念,中文行文已逐段精校，部分术语仍为暂定,正文/05-概念/0573.md,https://www.bilibili.com/opus/1124221669857034272
574,欧克蛮人 Orks,概念,中文行文已逐段精校，部分术语仍为暂定,正文/05-概念/0574.md,https://www.bilibili.com/opus/1057468381920231430
575,Waaagh!,概念,中文行文已逐段精校，部分术语仍为暂定,正文/05-概念/0575.md,https://www.bilibili.com/opus/1136396257204371464
576,大Waaagh! Da Great Waaagh!,概念,中文行文已逐段精校，部分术语仍为暂定,正文/05-概念/0576.md,https://www.bilibili.com/opus/1136553006310883332
577,奥克塔琉斯的欧克帝国 Ork Empire of Octarius,概念,中文行文已逐段精校，部分术语仍为暂定,正文/05-概念/0577.md,https://www.bilibili.com/opus/1143095482726219796
578,战争头目 Warboss,概念,中文行文已逐段精校，部分术语仍为暂定,正文/05-概念/0578.md,https://www.bilibili.com/opus/1057468446329012264
579,泰伦虫族 Tyranids,概念,中文行文已逐段精校，部分术语仍为暂定,正文/05-概念/0579.md,https://www.bilibili.com/opus/1124185334465167395
580,利维坦 Leviathan,概念,中文行文已逐段精校，部分术语仍为暂定,正文/05-概念/0580.md,https://www.bilibili.com/opus/1143085582849671174
581,基因窃取者教派 Genestealer Cult,概念,中文行文已逐段精校，部分术语仍为暂定,正文/05-概念/0581.md,https://www.bilibili.com/opus/1134947208264679478
582,钛帝国 T'au Empire,概念,中文行文已逐段精校，部分术语仍为暂定,正文/05-概念/0582.md,https://www.bilibili.com/opus/1140953019939028993
583,钛族,概念,中文行文已逐段精校，部分术语仍为暂定,正文/05-概念/0583.md,https://www.bilibili.com/opus/1124239416680775685
584,太空死灵 Necrons,概念,中文行文已逐段精校，部分术语仍为暂定,正文/05-概念/0584.md,https://www.bilibili.com/opus/1124242040907890691
585,灯塔 Pharos,概念,中文行文已逐段精校，部分术语仍为暂定,正文/05-概念/0585.md,https://www.bilibili.com/opus/1204346732949798916
586,方尖碑 Pylons,概念,中文行文已逐段精校，部分术语仍为暂定,正文/05-概念/0586.md,https://www.bilibili.com/opus/1202229554587893766
587,驱灵死域 Pariah Nexus,概念,中文行文已逐段精校，部分术语仍为暂定,正文/05-概念/0587.md,https://www.bilibili.com/opus/1135695198300405761
742,-M15/M18 泰拉时代 The Age of Terra,时间线,中文行文已逐段精校，部分术语仍为暂定,正文/06-时间线/0742.md,https://www.bilibili.com/opus/1180571507672219650
743,M15-M25 黑暗科技时代 Dark Age of Technology,时间线,中文行文已逐段精校，部分术语仍为暂定,正文/06-时间线/0743.md,https://www.bilibili.com/opus/1053346583388618752
744,M25-M30 纷争时代 The Age of Strife,时间线,中文行文已逐段精校，部分术语仍为暂定,正文/06-时间线/0744.md,https://www.bilibili.com/opus/1055305496552013832
745,M29-712.M30 统一战争 Unification Wars,时间线,中文行文已逐段精校，部分术语仍为暂定,正文/06-时间线/0745.md,https://www.bilibili.com/opus/1057805081596919814
746,703.M30 第一次月球平定 First Pacification of Luna,时间线,中文行文已逐段精校，部分术语仍为暂定,正文/06-时间线/0746.md,https://www.bilibili.com/opus/1180246524679946241
747,M30- 帝国时代 Age of the Imperium,时间线,中文行文已逐段精校，部分术语仍为暂定,正文/06-时间线/0747.md,https://www.bilibili.com/opus/1128732403471220755
748,798.M30-005.M31 大远征 Great Crusade,时间线,中文行文已逐段精校，部分术语仍为暂定,正文/06-时间线/0748.md,https://www.bilibili.com/opus/993982086604914690
749,大远征时期 莱兰清洗 Cleansing of Laeran,时间线,中文行文已逐段精校，部分术语仍为暂定,正文/06-时间线/0749.md,https://www.bilibili.com/opus/1183525014922592265
750,大远征时期 戈尔戈坦大屠杀 Golgothan Slaughter,时间线,中文行文已逐段精校，部分术语仍为暂定,正文/06-时间线/0750.md,https://www.bilibili.com/opus/1183946965422964737
751,大远征时期 加迪纳尔诸领主之陨 Fall of the Lords of Gardinaal,时间线,中文行文已逐段精校，部分术语仍为暂定,正文/06-时间线/0751.md,https://www.bilibili.com/opus/1182803769695404038
752,大远征时期 加拉斯帕征服战 Conquest of Galaspar,时间线,中文行文已逐段精校，部分术语仍为暂定,正文/06-时间线/0752.md,https://www.bilibili.com/opus/1183206680533401602
753,大远征时期 谋杀星战争 War on Murder,时间线,中文行文已逐段精校，部分术语仍为暂定,正文/06-时间线/0753.md,https://www.bilibili.com/opus/1185066203830288418
754,大远征时期 奥瑞提安技术联盟战争 Auretian Technocracy War,时间线,中文行文已逐段精校，部分术语仍为暂定,正文/06-时间线/0754.md,https://www.bilibili.com/opus/1185751882478387200
755,007.M31 法尔之战 Battle of Phall,时间线,中文行文已逐段精校，部分术语仍为暂定,正文/06-时间线/0755.md,https://www.bilibili.com/opus/1199223356610576402
756,大远征早期 莱利斯围攻战 Siege of Reillis,时间线,中文行文已逐段精校，部分术语仍为暂定,正文/06-时间线/0756.md,https://www.bilibili.com/opus/1057467827861061656
757,大远征早期 戈罗之战 Battle of Gorro,时间线,中文行文已逐段精校，部分术语仍为暂定,正文/06-时间线/0757.md,https://www.bilibili.com/opus/1057106973286203393
758,大远征末期 杰罗斯-萨洛维安之战 Battle of Gyros-Thravian,时间线,中文行文已逐段精校，部分术语仍为暂定,正文/06-时间线/0758.md,https://www.bilibili.com/opus/1057467909462294545
759,803.M30 塞德娜战役 Sedna Campaign,时间线,中文行文已逐段精校，部分术语仍为暂定,正文/06-时间线/0759.md,https://www.bilibili.com/opus/1181293848121311235
760,839-890s.M30 冉丹灭绝战争 Rangdan Xenocides,时间线,中文行文已逐段精校，部分术语仍为暂定,正文/06-时间线/0760.md,https://www.bilibili.com/opus/1182047975692566534
761,956.M30 47-16之战 Battle of 47-16,时间线,中文行文已逐段精校，部分术语仍为暂定,正文/06-时间线/0761.md,https://www.bilibili.com/opus/1184353003025465353
762,M30末 科莱克之战 Battle of Keylek,时间线,中文行文已逐段精校，部分术语仍为暂定,正文/06-时间线/0762.md,https://www.bilibili.com/opus/1181304512518815746
763,M31 夜曲星之战 Battle of Nocturne,时间线,中文行文已逐段精校，部分术语仍为暂定,正文/06-时间线/0763.md,https://www.bilibili.com/opus/1204686941604282387
764,000.M31 乌兰诺远征 Ullanor Crusade,时间线,中文行文已逐段精校，部分术语仍为暂定,正文/06-时间线/0764.md,https://www.bilibili.com/opus/1057804836765958153
765,000.M31 四十二之门之战 Battle of Gate Forty-Two,时间线,中文行文已逐段精校，部分术语仍为暂定,正文/06-时间线/0765.md,https://www.bilibili.com/opus/1184264294799245312
766,001.M31 63-19之战 Battle of Sixty-Three Nineteen,时间线,中文行文已逐段精校，部分术语仍为暂定,正文/06-时间线/0766.md,https://www.bilibili.com/opus/1182793612072583176
767,004.M31 戴文之月之战 Battle of Davin's Moon,时间线,中文行文已逐段精校，部分术语仍为暂定,正文/06-时间线/0767.md,https://www.bilibili.com/opus/1185430386996412436
768,004-014.M31 网道战争 War in the Webway,时间线,中文行文已逐段精校，部分术语仍为暂定,正文/06-时间线/0768.md,https://www.bilibili.com/opus/1058591588882579461
769,734.004.M31 普罗斯佩罗之焚 The Burning of Prospero,时间线,中文行文已逐段精校，部分术语仍为暂定,正文/06-时间线/0769.md,https://www.bilibili.com/opus/1058165205990637570
770,005.M31-010.M31 荷鲁斯之乱（上） Horus Heresy,时间线,中文行文已逐段精校，部分术语仍为暂定,正文/06-时间线/0770.md,https://www.bilibili.com/opus/985455824921952264
771,005.M31 伊斯塔万三号之战 Battle of Isstvan III,时间线,中文行文已逐段精校，部分术语仍为暂定,正文/06-时间线/0771.md,https://www.bilibili.com/opus/1179063501695483928
772,005-006.M31 西格纳斯战役 Signus Campaign,时间线,中文行文已逐段精校，部分术语仍为暂定,正文/06-时间线/0772.md,https://www.bilibili.com/opus/1196146695441743969
773,005-006.M31 火星大分裂 Schism of Mars,时间线,中文行文已逐段精校，部分术语仍为暂定,正文/06-时间线/0773.md,https://www.bilibili.com/opus/1196654412159778835
774,005-010.M31/010-015.M31 铁灾 Cataclysm of Iron,时间线,中文行文已逐段精校，部分术语仍为暂定,正文/06-时间线/0774.md,https://www.bilibili.com/opus/1205014226642403331
775,006.M31 登陆点大屠杀 Drop Site Massacre,时间线,中文行文已逐段精校，部分术语仍为暂定,正文/06-时间线/0775.md,https://www.bilibili.com/opus/1058591911001980930
776,673.006.M31 帕拉马尔五号入侵 Invasion of Paramar V,时间线,中文行文已逐段精校，部分术语仍为暂定,正文/06-时间线/0776.md,https://www.bilibili.com/opus/1198440762042220544
777,006.M31/006-013.M31/013-014.M31 科索尼亚围城 Siege of Cthonia,时间线,中文行文已逐段精校，部分术语仍为暂定,正文/06-时间线/0777.md,https://www.bilibili.com/opus/1199207100174041127
778,006-008.M31 玛纳基安战争 Manachean War,时间线,中文行文已逐段精校，部分术语仍为暂定,正文/06-时间线/0778.md,https://www.bilibili.com/opus/1198853736028438553
779,006-011.M31/012-013.M31 贝塔-伽蒙之战 Battle of Beta-Garmon,时间线,中文行文已逐段精校，部分术语仍为暂定,正文/06-时间线/0779.md,https://www.bilibili.com/opus/1205806484950089809
780,007.M31 香德克斯战役 Chondax Campaign,时间线,中文行文已逐段精校，部分术语仍为暂定,正文/06-时间线/0780.md,https://www.bilibili.com/opus/1186512022977642517
781,007.M31 考斯之战 Battle of Calth,时间线,中文行文已逐段精校，部分术语仍为暂定,正文/06-时间线/0781.md,https://www.bilibili.com/opus/1192471745376813059
782,考斯之战后 钢铁远征 Crusade of Iron,时间线,中文行文已逐段精校，部分术语仍为暂定,正文/06-时间线/0782.md,https://www.bilibili.com/opus/1201762794689527813
783,007.M31 阿拉克斯星云之战 Battle of the Alaxxes Nebula,时间线,中文行文已逐段精校，部分术语仍为暂定,正文/06-时间线/0783.md,https://www.bilibili.com/opus/1199964526274936834
784,007-008.M31 暗影远征 Shadow Crusade,时间线,中文行文已逐段精校，部分术语仍为暂定,正文/06-时间线/0784.md,https://www.bilibili.com/opus/1201336755440058390
785,007-009.M31 萨拉玛斯远征 Thramas Crusade,时间线,中文行文已逐段精校，部分术语仍为暂定,正文/06-时间线/0785.md,https://www.bilibili.com/opus/1201426524509569029
786,~007.M31 第一次海德拉之心围城 First Siege of Hydra Cordatus,时间线,中文行文已逐段精校，部分术语仍为暂定,正文/06-时间线/0786.md,https://www.bilibili.com/opus/1200651072496992340
787,~007.M31 第二次普罗斯佩罗之战 Second Battle of Prospero,时间线,中文行文已逐段精校，部分术语仍为暂定,正文/06-时间线/0787.md,https://www.bilibili.com/opus/1201775237199298561
788,008.M31 完美堡垒攻破战 Breaking of the Perfect Fortress,时间线,中文行文已逐段精校，部分术语仍为暂定,正文/06-时间线/0788.md,https://www.bilibili.com/opus/1202798672105963523
789,008.M31 梅佐安战役 Mezoan Campaign,时间线,中文行文已逐段精校，部分术语仍为暂定,正文/06-时间线/0789.md,https://www.bilibili.com/opus/1202822973003661317
790,008.M31 德威尔之战 Battle of Dwell,时间线,中文行文已逐段精校，部分术语仍为暂定,正文/06-时间线/0790.md,https://www.bilibili.com/opus/1203938565024645122
791,008-009.M31 瓦纳海姆之战 Battle of Vanaheim,时间线,中文行文已逐段精校，部分术语仍为暂定,正文/06-时间线/0791.md,https://www.bilibili.com/opus/1203207531466326038
792,008-013.M31 巴尔围城 Siege of Baal,时间线,中文行文已逐段精校，部分术语仍为暂定,正文/06-时间线/0792.md,https://www.bilibili.com/opus/1202856357821153282
793,009.M31 摩洛之战 Battle of Molech,时间线,中文行文已逐段精校，部分术语仍为暂定,正文/06-时间线/0793.md,https://www.bilibili.com/opus/1201043984700407808
794,009.M31 安维鲁斯分裂之战 Breaking of Anvillus,时间线,中文行文已逐段精校，部分术语仍为暂定,正文/06-时间线/0794.md,https://www.bilibili.com/opus/1203659181642481671
795,009-013.M31 因维特围城 Siege of Inwit,时间线,中文行文已逐段精校，部分术语仍为暂定,正文/06-时间线/0795.md,https://www.bilibili.com/opus/1204640126415667218
796,~009.M31 索萨之战 Battle of Sotha,时间线,中文行文已逐段精校，部分术语仍为暂定,正文/06-时间线/0796.md,https://www.bilibili.com/opus/1204390060525355015
797,010-011.M31 塔兰之战 Battle of Tallarn,时间线,中文行文已逐段精校，部分术语仍为暂定,正文/06-时间线/0797.md,https://www.bilibili.com/opus/1204665054419484676
798,010-014.M31 太阳战争 Solar War,时间线,中文行文已逐段精校，部分术语仍为暂定,正文/06-时间线/0798.md,https://www.bilibili.com/opus/1062998311249641494
799,~010.M31 冥王星之战 Battle of Pluto,时间线,中文行文已逐段精校，部分术语仍为暂定,正文/06-时间线/0799.md,https://www.bilibili.com/opus/1205065607379156999
800,011.M41 卡塔鲁斯之战 Battle of Catallus,时间线,中文行文已逐段精校，部分术语仍为暂定,正文/06-时间线/0800.md,https://www.bilibili.com/opus/1203623988678361123
801,~011.M31 第二次戴文之战 Second Battle of Davin,时间线,中文行文已逐段精校，部分术语仍为暂定,正文/06-时间线/0801.md,https://www.bilibili.com/opus/1205388326910033952
802,012.M31 特里索兰之战 Battle of Trisolian,时间线,中文行文已逐段精校，部分术语仍为暂定,正文/06-时间线/0802.md,https://www.bilibili.com/opus/1205402049349419024
803,012.M31 雅兰特之战 Battle of Yarant,时间线,中文行文已逐段精校，部分术语仍为暂定,正文/06-时间线/0803.md,https://www.bilibili.com/opus/1205434115558473765
804,012.M31-013.M31 天使前进 Passage of the Angels,时间线,中文行文已逐段精校，部分术语仍为暂定,正文/06-时间线/0804.md,https://www.bilibili.com/opus/1206201338430488613
805,014.M31 泰拉围城 Siege of Terra,时间线,中文行文已逐段精校，部分术语仍为暂定,正文/06-时间线/0805.md,https://www.bilibili.com/opus/1061864530045304832
806,叛乱后 军团战争 Legion War,时间线,中文行文已逐段精校，部分术语仍为暂定,正文/06-时间线/0806.md,https://www.bilibili.com/opus/1207317892526243875
807,015.M31-546.M32 重生时代 Age of Rebirth,时间线,中文行文已逐段精校，部分术语仍为暂定,正文/06-时间线/0807.md,https://www.bilibili.com/opus/1128338232847630342
808,015.M31-???.M31 大清洗 Great Scouring,时间线,中文行文已逐段精校，部分术语仍为暂定,正文/06-时间线/0808.md,https://www.bilibili.com/opus/1064897558650814472
809,M31 和谐星之战 Battle of Harmony,时间线,中文行文已逐段精校，部分术语仍为暂定,正文/06-时间线/0809.md,https://www.bilibili.com/opus/1107131836111257618
810,121.M31 色萨拉之战 Battle of Thessala,时间线,中文行文已逐段精校，部分术语仍为暂定,正文/06-时间线/0810.md,https://www.bilibili.com/opus/1207325614875344921
811,544-546.M32 野兽战争 War of the Beast,时间线,中文行文已逐段精校，部分术语仍为暂定,正文/06-时间线/0811.md,https://www.bilibili.com/opus/1131590382056898580
812,764.M34 大粉碎 Shattering,时间线,中文行文已逐段精校，部分术语仍为暂定,正文/06-时间线/0812.md,https://www.bilibili.com/opus/1107598063379152903
813,大锻造 Forging,时间线,中文行文已逐段精校，部分术语仍为暂定,正文/06-时间线/0813.md,https://www.bilibili.com/opus/1128730161498292240
814,新泰拉空位期 Nova Terra Interregnum,时间线,中文行文已逐段精校，部分术语仍为暂定,正文/06-时间线/0814.md,https://www.bilibili.com/opus/1129033016767676417
815,M36 叛教时代 Age of Apostasy,时间线,中文行文已逐段精校，部分术语仍为暂定,正文/06-时间线/0815.md,https://www.bilibili.com/opus/1072639335976665109
816,叛教时代 火焰战争 War of Flames,时间线,中文行文已逐段精校，部分术语仍为暂定,正文/06-时间线/0816.md,https://www.bilibili.com/opus/1208894995935789057
817,020.M37-034.M38 救赎时代 Age of Redemption,时间线,中文行文已逐段精校，部分术语仍为暂定,正文/06-时间线/0817.md,https://www.bilibili.com/opus/1129449783243571221
818,857.M38 赫利俄斯围城 Siege of Helios,时间线,中文行文已逐段精校，部分术语仍为暂定,正文/06-时间线/0818.md,https://www.bilibili.com/opus/1211770906004684809
819,131.M39-500.M41 救赎远征 Redemption Crusades,时间线,中文行文已逐段精校，部分术语仍为暂定,正文/06-时间线/0819.md,https://www.bilibili.com/opus/1129036963874078742
820,392-399.M41 马卡里安远征 Macharian Crusade,时间线,中文行文已逐段精校，部分术语仍为暂定,正文/06-时间线/0820.md,https://www.bilibili.com/opus/1133073842320703520
821,444.M41 第一次阿玛吉多顿战争 First War for Armageddon,时间线,中文行文已逐段精校，部分术语仍为暂定,正文/06-时间线/0821.md,https://www.bilibili.com/opus/1209699013807308801
822,444.M41 耻辱之月 Months of Shame,时间线,中文行文已逐段精校，部分术语仍为暂定,正文/06-时间线/0822.md,https://www.bilibili.com/opus/1209691287157997587
823,大衰落 Waning,时间线,中文行文已逐段精校，部分术语仍为暂定,正文/06-时间线/0823.md,https://www.bilibili.com/opus/1127224264369373187
824,750.M41- 终结之时 Time of Ending,时间线,中文行文已逐段精校，部分术语仍为暂定,正文/06-时间线/0824.md,https://www.bilibili.com/opus/1130105487289745426
825,886.M41 愚者入侵 Incursion of Fools,时间线,中文行文已逐段精校，部分术语仍为暂定,正文/06-时间线/0825.md,https://www.bilibili.com/opus/1208593493532868630
826,901-912.M41 巴达布战争 Badab War,时间线,中文行文已逐段精校，部分术语仍为暂定,正文/06-时间线/0826.md,https://www.bilibili.com/opus/1217723743600640033
827,998.M41- 第三次阿玛吉多顿战争 Third War for Armageddon,时间线,中文行文已逐段精校，部分术语仍为暂定,正文/06-时间线/0827.md,https://www.bilibili.com/opus/1140120822753525777
828,999.M41- 奥克塔琉斯战争 Octarius War,时间线,中文行文已逐段精校，部分术语仍为暂定,正文/06-时间线/0828.md,https://www.bilibili.com/opus/1142729164973932545
829,999.M41 第十三次黑色远征 13th Black Crusade,时间线,中文行文已逐段精校，部分术语仍为暂定,正文/06-时间线/0829.md,https://www.bilibili.com/opus/1133819878099124280
830,大裂隙形成后 第五次扩张 Fifth Sphere of Expansion,时间线,中文行文已逐段精校，部分术语仍为暂定,正文/06-时间线/0830.md,https://www.bilibili.com/opus/1140928448431128583
831,-999.M41 泰拉远征 Terran Crusade,时间线,中文行文已逐段精校，部分术语仍为暂定,正文/06-时间线/0831.md,https://www.bilibili.com/opus/1072639464840364057
832,M42 黑暗帝国时代 Age of the Dark Imperium,时间线,中文行文已逐段精校，部分术语仍为暂定,正文/06-时间线/0832.md,https://www.bilibili.com/opus/1211044197531910149
833,001-025.M42 野兽之战（警戒星）上 War of Beasts,时间线,中文行文已逐段精校，部分术语仍为暂定,正文/06-时间线/0833.md,https://www.bilibili.com/opus/1140526748697362451
834,001-025.M42 野兽之战（警戒星）下 War of Beasts,时间线,中文行文已逐段精校，部分术语仍为暂定,正文/06-时间线/0834.md,https://www.bilibili.com/opus/1140535098100154373
835,M42 纳克蒙德裂隙战争 Nachmund Rift War,时间线,中文行文已逐段精校，部分术语仍为暂定,正文/06-时间线/0835.md,https://www.bilibili.com/opus/1138287730716835876
836,不屈远征 Indomitus Crusade,时间线,中文行文已逐段精校，部分术语仍为暂定,正文/06-时间线/0836.md,https://www.bilibili.com/opus/1132326925992198153
837,-005.M42 被遗弃者远征 Pariah Crusade,时间线,中文行文已逐段精校，部分术语仍为暂定,正文/06-时间线/0837.md,https://www.bilibili.com/opus/1138728583365132313
838,-012.M42 瘟疫战争 Plague Wars,时间线,中文行文已逐段精校，部分术语仍为暂定,正文/06-时间线/0838.md,https://www.bilibili.com/opus/1074828257464942597
839,裂隙战争 War in the Rift,时间线,中文行文已逐段精校，部分术语仍为暂定,正文/06-时间线/0839.md,https://www.bilibili.com/opus/1136565225485500425
840,M42早期 巴尔的毁灭 Devastation of Baal,时间线,中文行文已逐段精校，部分术语仍为暂定,正文/06-时间线/0840.md,https://www.bilibili.com/opus/1138674702976286744
841,M42早期 天使光环 Angel's Halo,时间线,中文行文已逐段精校，部分术语仍为暂定,正文/06-时间线/0841.md,https://www.bilibili.com/opus/1138436972243582977
842,M42早期 噩兆方舟战役(上) Arks of Omen Campaign,时间线,中文行文已逐段精校，部分术语仍为暂定,正文/06-时间线/0842.md,https://www.bilibili.com/opus/1133191494314754082
843,M42早期 噩兆方舟战役(下) Arks of Omen Campaign,时间线,中文行文已逐段精校，部分术语仍为暂定,正文/06-时间线/0843.md,https://www.bilibili.com/opus/1133464778796171264
844,M42 普罗斯佩罗裂隙战争 Prosperan Rift War,时间线,中文行文已逐段精校，部分术语仍为暂定,正文/06-时间线/0844.md,https://www.bilibili.com/opus/1140143002005536768
845,未知 沃尔盖特救援之战 Deliverance of Vulgate,时间线,中文行文已逐段精校，部分术语仍为暂定,正文/06-时间线/0845.md,https://www.bilibili.com/opus/1218187587148054560
846,亚空间 Warp,地理,中文行文已逐段精校，部分术语仍为暂定,正文/07-地理/0846.md,https://www.bilibili.com/opus/1052222075092074520
847,纳垢花园 Garden of Nurgle,地理,中文行文已逐段精校，部分术语仍为暂定,正文/07-地理/0847.md,https://www.bilibili.com/opus/1076691268288905248
848,必然之城 Inevitable City,地理,中文行文已逐段精校，部分术语仍为暂定,正文/07-地理/0848.md,https://www.bilibili.com/opus/1067203973247664131
849,网道 Webway,地理,中文行文已逐段精校，部分术语仍为暂定,正文/07-地理/0849.md,https://www.bilibili.com/opus/1053726834039980052
850,混沌黑图书馆 Black Library of Chaos,地理,中文行文已逐段精校，部分术语仍为暂定,正文/07-地理/0850.md,https://www.bilibili.com/opus/1078628345781944321
851,亚空间风暴 Warp Storm,地理,中文行文已逐段精校，部分术语仍为暂定,正文/07-地理/0851.md,https://www.bilibili.com/opus/1127601177804931081
852,帝皇之怒风暴 Storm of the Emperor's Wrath,地理,中文行文已逐段精校，部分术语仍为暂定,正文/07-地理/0852.md,https://www.bilibili.com/opus/1072639254359703575
853,毁灭风暴 Ruinstorm,地理,中文行文已逐段精校，部分术语仍为暂定,正文/07-地理/0853.md,https://www.bilibili.com/opus/1204329621793800193
854,真实空间 Real Space,地理,中文行文已逐段精校，部分术语仍为暂定,正文/07-地理/0854.md,https://www.bilibili.com/opus/1062998251086544902
855,银河系 Milky Way Galaxy,地理,中文行文已逐段精校，部分术语仍为暂定,正文/07-地理/0855.md,https://www.bilibili.com/opus/1052614686602690601
856,帝国圣疆 Imperium Sanctus,地理,中文行文已逐段精校，部分术语仍为暂定,正文/07-地理/0856.md,https://www.bilibili.com/opus/1137179766618587160
857,大裂隙 Great Rift,地理,中文行文已逐段精校，部分术语仍为暂定,正文/07-地理/0857.md,https://www.bilibili.com/opus/1076691341256163336
858,帝国暗面 Imperium Nihilus,地理,中文行文已逐段精校，部分术语仍为暂定,正文/07-地理/0858.md,https://www.bilibili.com/opus/1091506453026439225
859,星域 Segmentum,地理,中文行文已逐段精校，部分术语仍为暂定,正文/07-地理/0859.md,https://www.bilibili.com/opus/1151363934748409863
860,星区 Sector,地理,中文行文已逐段精校，部分术语仍为暂定,正文/07-地理/0860.md,https://www.bilibili.com/opus/1145331429853364263
861,次星区 Subsector,地理,中文行文已逐段精校，部分术语仍为暂定,正文/07-地理/0861.md,https://www.bilibili.com/opus/1145335535863070736
862,星系 System,地理,中文行文已逐段精校，部分术语仍为暂定,正文/07-地理/0862.md,https://www.bilibili.com/opus/1145371278570422279
863,巢都世界 Hive World,地理,中文行文已逐段精校，部分术语仍为暂定,正文/07-地理/0863.md,https://www.bilibili.com/opus/1112818166645391378
864,铸造世界 Forge World,地理,中文行文已逐段精校，部分术语仍为暂定,正文/07-地理/0864.md,https://www.bilibili.com/opus/1144645141303132176
865,农业世界 Agri World,地理,中文行文已逐段精校，部分术语仍为暂定,正文/07-地理/0865.md,https://www.bilibili.com/opus/1161721132392382467
866,红衣主教世界 Cardinal World,地理,中文行文已逐段精校，部分术语仍为暂定,正文/07-地理/0866.md,https://www.bilibili.com/opus/1157268131785211910
867,墓地世界 Cemetery World,地理,中文行文已逐段精校，部分术语仍为暂定,正文/07-地理/0867.md,https://www.bilibili.com/opus/1157590756845682697
868,文明世界 Civilised World,地理,中文行文已逐段精校，部分术语仍为暂定,正文/07-地理/0868.md,https://www.bilibili.com/opus/1112823917623377944
869,死亡世界 Death World,地理,中文行文已逐段精校，部分术语仍为暂定,正文/07-地理/0869.md,https://www.bilibili.com/opus/1165329390265958404
870,蛮荒世界 Feral World,地理,中文行文已逐段精校，部分术语仍为暂定,正文/07-地理/0870.md,https://www.bilibili.com/opus/1112808210933219335
871,封建世界 Feudal World,地理,中文行文已逐段精校，部分术语仍为暂定,正文/07-地理/0871.md,https://www.bilibili.com/opus/1167979208980299778
872,堡垒世界 Fortress World,地理,中文行文已逐段精校，部分术语仍为暂定,正文/07-地理/0872.md,https://www.bilibili.com/opus/1167243270634340434
873,工业世界 Industrial World,地理,中文行文已逐段精校，部分术语仍为暂定,正文/07-地理/0873.md,https://www.bilibili.com/opus/1168029241056428036
874,骑士世界 Knight World,地理,中文行文已逐段精校，部分术语仍为暂定,正文/07-地理/0874.md,https://www.bilibili.com/opus/1168369406815764498
875,矿业世界 Mining World,地理,中文行文已逐段精校，部分术语仍为暂定,正文/07-地理/0875.md,https://www.bilibili.com/opus/1170682865125425185
876,天堂世界 Paradise World,地理,中文行文已逐段精校，部分术语仍为暂定,正文/07-地理/0876.md,https://www.bilibili.com/opus/1166457974540992531
877,刑罚世界 Penal World,地理,中文行文已逐段精校，部分术语仍为暂定,正文/07-地理/0877.md,https://www.bilibili.com/opus/1172115180918669329
878,圣地世界 Shrine World,地理,中文行文已逐段精校，部分术语仍为暂定,正文/07-地理/0878.md,https://www.bilibili.com/opus/1145321276527607816
879,战争世界 War World,地理,中文行文已逐段精校，部分术语仍为暂定,正文/07-地理/0879.md,https://www.bilibili.com/opus/1170974729639559191
880,哨兵世界 Sentinel World,地理,中文行文已逐段精校，部分术语仍为暂定,正文/07-地理/0880.md,https://www.bilibili.com/opus/1173198380263800835
881,采石世界 Quarry World,地理,中文行文已逐段精校，部分术语仍为暂定,正文/07-地理/0881.md,https://www.bilibili.com/opus/1171363643249393682
882,仓库世界 Repository World,地理,中文行文已逐段精校，部分术语仍为暂定,正文/07-地理/0882.md,https://www.bilibili.com/opus/1172443608448499767
883,赎罪世界 Penitent World,地理,中文行文已逐段精校，部分术语仍为暂定,正文/07-地理/0883.md,https://www.bilibili.com/opus/1171363707648737289
884,行商世界 Merchant World,地理,中文行文已逐段精校，部分术语仍为暂定,正文/07-地理/0884.md,https://www.bilibili.com/opus/1172444123873935360
885,电池世界 Battery World,地理,中文行文已逐段精校，部分术语仍为暂定,正文/07-地理/0885.md,https://www.bilibili.com/opus/1172444643554492436
886,伐木世界 Lumber World,地理,中文行文已逐段精校，部分术语仍为暂定,正文/07-地理/0886.md,https://www.bilibili.com/opus/1172809170313805832
887,殖民世界 Colony World,地理,中文行文已逐段精校，部分术语仍为暂定,正文/07-地理/0887.md,https://www.bilibili.com/opus/1139377548584550409
888,科罗尼德深渊 Coronid Deeps,地理,中文行文已逐段精校，部分术语仍为暂定,正文/07-地理/0888.md,https://www.bilibili.com/opus/1199122643956006934
889,铁带 Belt of Iron,地理,中文行文已逐段精校，部分术语仍为暂定,正文/07-地理/0889.md,https://www.bilibili.com/opus/1205032351425363972
890,47-16 Forty-seven sixteen,地理,中文行文已逐段精校，部分术语仍为暂定,正文/07-地理/0890.md,https://www.bilibili.com/opus/1184636788724989954
891,乔拉纳 Jollana,地理,中文行文已逐段精校，部分术语仍为暂定,正文/07-地理/0891.md,https://www.bilibili.com/opus/1158321305059065856
892,六十三—十九 Sixty-Three Nineteen,地理,中文行文已逐段精校，部分术语仍为暂定,正文/07-地理/0892.md,https://www.bilibili.com/opus/1158329873520918547
893,卡尔德拉 Caldera,地理,中文行文已逐段精校，部分术语仍为暂定,正文/07-地理/0893.md,https://www.bilibili.com/opus/1159869705171763209
894,谋杀星 Murder,地理,中文行文已逐段精校，部分术语仍为暂定,正文/07-地理/0894.md,https://www.bilibili.com/opus/1160167501002178561
895,布雷贡迪亚 Bregundia,地理,中文行文已逐段精校，部分术语仍为暂定,正文/07-地理/0895.md,https://www.bilibili.com/opus/1160894226654822402
896,火卫一 Phobos,地理,中文行文已逐段精校，部分术语仍为暂定,正文/07-地理/0896.md,https://www.bilibili.com/opus/1165501231906422805
897,科尔沃西 Korvosi,地理,中文行文已逐段精校，部分术语仍为暂定,正文/07-地理/0897.md,https://www.bilibili.com/opus/1168771445820489734
898,泰瑞昂 Terion,地理,中文行文已逐段精校，部分术语仍为暂定,正文/07-地理/0898.md,https://www.bilibili.com/opus/1169994068347846657
899,朦胧星 Obscurus,地理,中文行文已逐段精校，部分术语仍为暂定,正文/07-地理/0899.md,https://www.bilibili.com/opus/1169994132805910528
900,黄泉星 Acheron,地理,中文行文已逐段精校，部分术语仍为暂定,正文/07-地理/0900.md,https://www.bilibili.com/opus/1170990195827277846
901,寒霜星 Bleakfrost,地理,中文行文已逐段精校，部分术语仍为暂定,正文/07-地理/0901.md,https://www.bilibili.com/opus/1171005653403041815
902,塔尔尼斯 Tarnis,地理,中文行文已逐段精校，部分术语仍为暂定,正文/07-地理/0902.md,https://www.bilibili.com/opus/1172797530938802178
903,维迪康 Verdicon,地理,中文行文已逐段精校，部分术语仍为暂定,正文/07-地理/0903.md,https://www.bilibili.com/opus/1173157354755063825
904,拉沙德主星 Rashad Prime,地理,中文行文已逐段精校，部分术语仍为暂定,正文/07-地理/0904.md,https://www.bilibili.com/opus/1173193277808050192
905,奥罗斯四号 Auros IV,地理,中文行文已逐段精校，部分术语仍为暂定,正文/07-地理/0905.md,https://www.bilibili.com/opus/1171363596005802001
906,伊格纳图斯枢机 Ignatius Cardinal,地理,中文行文已逐段精校，部分术语仍为暂定,正文/07-地理/0906.md,https://www.bilibili.com/opus/1173591056198926357
907,罗瑟恩一号 Rothern I,地理,中文行文已逐段精校，部分术语仍为暂定,正文/07-地理/0907.md,https://www.bilibili.com/opus/1220684689745903651
908,庄严星 Solemnus,地理,中文行文已逐段精校，部分术语仍为暂定,正文/07-地理/0908.md,https://www.bilibili.com/opus/1165849137190535268
909,皮希纳四号 Piscina IV,地理,中文行文已逐段精校，部分术语仍为暂定,正文/07-地理/0909.md,https://www.bilibili.com/opus/1169157958470205445
910,艾米琳之希望 Emiline's Hope,地理,中文行文已逐段精校，部分术语仍为暂定,正文/07-地理/0910.md,https://www.bilibili.com/opus/1170217106042519554
911,摩洛三号 Moloch III,地理,中文行文已逐段精校，部分术语仍为暂定,正文/07-地理/0911.md,https://www.bilibili.com/opus/1171021123876290598
912,萨夫拉 Savlar,地理,中文行文已逐段精校，部分术语仍为暂定,正文/07-地理/0912.md,https://www.bilibili.com/opus/1172412452776706055
913,香德克斯星系 Chondax System,地理,中文行文已逐段精校，部分术语仍为暂定,正文/07-地理/0913.md,https://www.bilibili.com/opus/1202187330766503990
914,香德克斯 Chondax,地理,中文行文已逐段精校，部分术语仍为暂定,正文/07-地理/0914.md,https://www.bilibili.com/opus/1192502024881569825
915,加拉斯帕星群 Galaspar Cluster,地理,中文行文已逐段精校，部分术语仍为暂定,正文/07-地理/0915.md,https://www.bilibili.com/opus/1189876880721838083
916,加拉斯帕 Galaspar,地理,中文行文已逐段精校，部分术语仍为暂定,正文/07-地理/0916.md,https://www.bilibili.com/opus/1183253366861463569
917,黑暗9-50 Tenebrae 9-50,地理,中文行文已逐段精校，部分术语仍为暂定,正文/07-地理/0917.md,https://www.bilibili.com/opus/1202470519417339925
918,乌兰诺一号 Ullanor Prime,地理,中文行文已逐段精校，部分术语仍为暂定,正文/07-地理/0918.md,https://www.bilibili.com/opus/1206208193215070215
919,朦胧星域 Segmentum Obscurus,地理,中文行文已逐段精校，部分术语仍为暂定,正文/07-地理/0919.md,https://www.bilibili.com/opus/1137574216422391814
920,炼狱之门 Inferni Gates,地理,中文行文已逐段精校，部分术语仍为暂定,正文/07-地理/0920.md,https://www.bilibili.com/opus/1137145810616582144
921,纳克蒙德走廊 Nachmund Gauntlet,地理,中文行文已逐段精校，部分术语仍为暂定,正文/07-地理/0921.md,https://www.bilibili.com/opus/1134580022877618200
922,光环群星 Halo Stars,地理,中文行文已逐段精校，部分术语仍为暂定,正文/07-地理/0922.md,https://www.bilibili.com/opus/1153839781544722434
923,卢修斯 Lucius,地理,中文行文已逐段精校，部分术语仍为暂定,正文/07-地理/0923.md,https://www.bilibili.com/opus/1156813488070328321
924,迪马默 Dimmamar,地理,中文行文已逐段精校，部分术语仍为暂定,正文/07-地理/0924.md,https://www.bilibili.com/opus/1157292694750363673
925,塞浦拉·蒙迪 Cypra Mundi,地理,中文行文已逐段精校，部分术语仍为暂定,正文/07-地理/0925.md,https://www.bilibili.com/opus/1167673639258030083
926,沃斯特洛亚 Vostroya,地理,中文行文已逐段精校，部分术语仍为暂定,正文/07-地理/0926.md,https://www.bilibili.com/opus/1168724875429281794
927,法尔星系 Phall System,地理,中文行文已逐段精校，部分术语仍为暂定,正文/07-地理/0927.md,https://www.bilibili.com/opus/1199623127863132161
928,阿拉里克主星 Alaric Prime,地理,中文行文已逐段精校，部分术语仍为暂定,正文/07-地理/0928.md,https://www.bilibili.com/opus/1168755962410958849
929,卡利班 Caliban,地理,中文行文已逐段精校，部分术语仍为暂定,正文/07-地理/0929.md,https://www.bilibili.com/opus/1092578193395679239
930,美杜莎四号 Medusa IV,地理,中文行文已逐段精校，部分术语仍为暂定,正文/07-地理/0930.md,https://www.bilibili.com/opus/1098188820829962275
931,塞特斯次星 Certus Minor,地理,中文行文已逐段精校，部分术语仍为暂定,正文/07-地理/0931.md,https://www.bilibili.com/opus/1157603697580048406
932,警戒星 Vigilus,地理,中文行文已逐段精校，部分术语仍为暂定,正文/07-地理/0932.md,https://www.bilibili.com/opus/1173579434038394880
933,恐惧之眼 Eye of Terror,地理,中文行文已逐段精校，部分术语仍为暂定,正文/07-地理/0933.md,https://www.bilibili.com/opus/1080489230560395270
934,和谐星 Harmony,地理,中文行文已逐段精校，部分术语仍为暂定,正文/07-地理/0934.md,https://www.bilibili.com/opus/1107993836061196297
935,莫迪安 Mordian,地理,中文行文已逐段精校，部分术语仍为暂定,正文/07-地理/0935.md,https://www.bilibili.com/opus/1155071436400885762
936,辛提拉 Scintilla,地理,中文行文已逐段精校，部分术语仍为暂定,正文/07-地理/0936.md,https://www.bilibili.com/opus/1155385355556356104
937,伊卡索斯 Iocanthos,地理,中文行文已逐段精校，部分术语仍为暂定,正文/07-地理/0937.md,https://www.bilibili.com/opus/1162013903145664515
938,瑟菲瑞斯次星 Sepheris Secundus,地理,中文行文已逐段精校，部分术语仍为暂定,正文/07-地理/0938.md,https://www.bilibili.com/opus/1166827904379650057
939,明珠卫星 Pearl Moon,地理,中文行文已逐段精校，部分术语仍为暂定,正文/07-地理/0939.md,https://www.bilibili.com/opus/1161261377664319488
940,马卡贝乌斯五号 Maccabeus Quintus,地理,中文行文已逐段精校，部分术语仍为暂定,正文/07-地理/0940.md,https://www.bilibili.com/opus/1170201648396501189
941,瑞斯 Reth,地理,中文行文已逐段精校，部分术语仍为暂定,正文/07-地理/0941.md,https://www.bilibili.com/opus/1171760060145074216
942,菲尔 Phyrr,地理,中文行文已逐段精校，部分术语仍为暂定,正文/07-地理/0942.md,https://www.bilibili.com/opus/1173150796286525445
943,巨口港 Port Maw,地理,中文行文已逐段精校，部分术语仍为暂定,正文/07-地理/0943.md,https://www.bilibili.com/opus/1156090168321507347
944,梅佐亚 Mezoa,地理,中文行文已逐段精校，部分术语仍为暂定,正文/07-地理/0944.md,https://www.bilibili.com/opus/1160161960538406916
945,阿格里皮娜 Agripinaa,地理,中文行文已逐段精校，部分术语仍为暂定,正文/07-地理/0945.md,https://www.bilibili.com/opus/1156559475061030912
946,卡厄罗斯 Chaeros,地理,中文行文已逐段精校，部分术语仍为暂定,正文/07-地理/0946.md,https://www.bilibili.com/opus/1172841661720428546
947,卡迪亚星区 Cadian Sector,地理,中文行文已逐段精校，部分术语仍为暂定,正文/07-地理/0947.md,https://www.bilibili.com/opus/1134169874973589504
948,凯詹 Khai-Zhan,地理,中文行文已逐段精校，部分术语仍为暂定,正文/07-地理/0948.md,https://www.bilibili.com/opus/1167179241270280196
949,卡迪亚主星 Cadia Prime,地理,中文行文已逐段精校，部分术语仍为暂定,正文/07-地理/0949.md,https://www.bilibili.com/opus/1132718962014945285
950,圣约斯曼之希望 St. Josmane's Hope,地理,中文行文已逐段精校，部分术语仍为暂定,正文/07-地理/0950.md,https://www.bilibili.com/opus/1172770953696903175
951,色雷斯主星 Thracian Primaris,地理,中文行文已逐段精校，部分术语仍为暂定,正文/07-地理/0951.md,https://www.bilibili.com/opus/1109050784562020356
952,巴尼什 Banish,地理,中文行文已逐段精校，部分术语仍为暂定,正文/07-地理/0952.md,https://www.bilibili.com/opus/1160181356605472776
953,贝利斯·卡罗纳 Belis Corona,地理,中文行文已逐段精校，部分术语仍为暂定,正文/07-地理/0953.md,https://www.bilibili.com/opus/1168320671820808210
954,太平星域 Segmentum Pacificus,地理,中文行文已逐段精校，部分术语仍为暂定,正文/07-地理/0954.md,https://www.bilibili.com/opus/1137545160946614272
955,帷幕地区 Veiled Region,地理,中文行文已逐段精校，部分术语仍为暂定,正文/07-地理/0955.md,https://www.bilibili.com/opus/1150972452784832520
956,科尔基斯 Colchis,地理,中文行文已逐段精校，部分术语仍为暂定,正文/07-地理/0956.md,https://www.bilibili.com/opus/1102997633750794245
957,哈拉孔 Harakon,地理,中文行文已逐段精校，部分术语仍为暂定,正文/07-地理/0957.md,https://www.bilibili.com/opus/1155718352952360969
958,海德拉弗 Hydraphur,地理,中文行文已逐段精校，部分术语仍为暂定,正文/07-地理/0958.md,https://www.bilibili.com/opus/1167665899750031431
959,洛基 Loki,地理,中文行文已逐段精校，部分术语仍为暂定,正文/07-地理/0959.md,https://www.bilibili.com/opus/1168361671580712979
960,摩纳齐亚 Monarchia,地理,中文行文已逐段精校，部分术语仍为暂定,正文/07-地理/0960.md,https://www.bilibili.com/opus/1180981891794206720
961,约兰 Jouran,地理,中文行文已逐段精校，部分术语仍为暂定,正文/07-地理/0961.md,https://www.bilibili.com/opus/1156897708046286869
962,黄泉八号 Stygies VIII,地理,中文行文已逐段精校，部分术语仍为暂定,正文/07-地理/0962.md,https://www.bilibili.com/opus/1160518133524463640
963,新泰拉 Nova Terra,地理,中文行文已逐段精校，部分术语仍为暂定,正文/07-地理/0963.md,https://www.bilibili.com/opus/1152439686649610242
964,福蒂斯双星 Fortis Binary,地理,中文行文已逐段精校，部分术语仍为暂定,正文/07-地理/0964.md,https://www.bilibili.com/opus/1173227813647417344
965,塔尼斯 Tanith,地理,中文行文已逐段精校，部分术语仍为暂定,正文/07-地理/0965.md,https://www.bilibili.com/opus/1164594340977180681
966,贝塔利斯三号 Betalis III,地理,中文行文已逐段精校，部分术语仍为暂定,正文/07-地理/0966.md,https://www.bilibili.com/opus/1169598630699466760
967,马卡里亚 Macharia,地理,中文行文已逐段精校，部分术语仍为暂定,正文/07-地理/0967.md,https://www.bilibili.com/opus/1169994201534824535
968,光环区 Halo Zone,地理,中文行文已逐段精校，部分术语仍为暂定,正文/07-地理/0968.md,https://www.bilibili.com/opus/1150956947923533824
969,极限马卡里亚 Ultima Macharia,地理,中文行文已逐段精校，部分术语仍为暂定,正文/07-地理/0969.md,https://www.bilibili.com/opus/1169994244459331593
970,太阳星域 Segmentum Solar,地理,中文行文已逐段精校，部分术语仍为暂定,正文/07-地理/0970.md,https://www.bilibili.com/opus/1152363330715779079
971,科索尼亚 Cthonia,地理,中文行文已逐段精校，部分术语仍为暂定,正文/07-地理/0971.md,https://www.bilibili.com/opus/1101900398411644963
972,加塔拉莫 Gathalamor,地理,中文行文已逐段精校，部分术语仍为暂定,正文/07-地理/0972.md,https://www.bilibili.com/opus/1157568139594039328
973,圣港 Port Sanctus,地理,中文行文已逐段精校，部分术语仍为暂定,正文/07-地理/0973.md,https://www.bilibili.com/opus/1168013783518412809
974,克里西斯 Chrysis,地理,中文行文已逐段精校，部分术语仍为暂定,正文/07-地理/0974.md,https://www.bilibili.com/opus/1169173424650584087
975,艾多利卡 Eidolica,地理,中文行文已逐段精校，部分术语仍为暂定,正文/07-地理/0975.md,https://www.bilibili.com/opus/1170248021200338952
976,瓦纳海姆 Vanaheim,地理,中文行文已逐段精校，部分术语仍为暂定,正文/07-地理/0976.md,https://www.bilibili.com/opus/1203218135745822728
977,雅兰特三号 Yarant III,地理,中文行文已逐段精校，部分术语仍为暂定,正文/07-地理/0977.md,https://www.bilibili.com/opus/1205760932473470998
978,贝塔-伽蒙星群 Beta-Garmon Star Cluster,地理,中文行文已逐段精校，部分术语仍为暂定,正文/07-地理/0978.md,https://www.bilibili.com/opus/1206183282433064962
979,贝塔-伽蒙四号 Beta-Garmon IV,地理,中文行文已逐段精校，部分术语仍为暂定,正文/07-地理/0979.md,https://www.bilibili.com/opus/1168036972023775257
980,涅克罗蒙达 Necromunda,地理,中文行文已逐段精校，部分术语仍为暂定,正文/07-地理/0980.md,https://www.bilibili.com/opus/1155046873524862997
981,艾丽西亚 Elysia,地理,中文行文已逐段精校，部分术语仍为暂定,正文/07-地理/0981.md,https://www.bilibili.com/opus/1158017461849686070
982,帕拉马尔五号 Paramar V,地理,中文行文已逐段精校，部分术语仍为暂定,正文/07-地理/0982.md,https://www.bilibili.com/opus/1198731707453276162
983,阿拉克斯星云 Alaxxes Nebula,地理,中文行文已逐段精校，部分术语仍为暂定,正文/07-地理/0983.md,https://www.bilibili.com/opus/1200214278617956353
984,太阳系 Sol System,地理,中文行文已逐段精校，部分术语仍为暂定,正文/07-地理/0984.md,https://www.bilibili.com/opus/1056643885629964306
985,塞德娜 Sedna,地理,中文行文已逐段精校，部分术语仍为暂定,正文/07-地理/0985.md,https://www.bilibili.com/opus/1180615187500105730
986,水星 Mercury,地理,中文行文已逐段精校，部分术语仍为暂定,正文/07-地理/0986.md,https://www.bilibili.com/opus/1169993763449208839
987,金星 Venus,地理,中文行文已逐段精校，部分术语仍为暂定,正文/07-地理/0987.md,https://www.bilibili.com/opus/1169117633043234821
988,泰拉 Terra,地理,中文行文已逐段精校，部分术语仍为暂定,正文/07-地理/0988.md,https://www.bilibili.com/opus/1056407829929263120
989,星炬 Astronomican,地理,中文行文已逐段精校，部分术语仍为暂定,正文/07-地理/0989.md,https://www.bilibili.com/opus/1052614205571596297
990,雷石教堂 Church of the Lightning Stone,地理,中文行文已逐段精校，部分术语仍为暂定,正文/07-地理/0990.md,https://www.bilibili.com/opus/1082418426768523282
991,帝国皇宫 Imperial Palace,地理,中文行文已逐段精校，部分术语仍为暂定,正文/07-地理/0991.md,https://www.bilibili.com/opus/1057805347890135045
992,帝国圣所 Sanctum Imperialis,地理,中文行文已逐段精校，部分术语仍为暂定,正文/07-地理/0992.md,https://www.bilibili.com/opus/1064897408311230469
993,永恒之门 Eternity Gate,地理,中文行文已逐段精校，部分术语仍为暂定,正文/07-地理/0993.md,https://www.bilibili.com/opus/1064897683224789032
994,巴布堡垒 Bhab Bastion,地理,中文行文已逐段精校，部分术语仍为暂定,正文/07-地理/0994.md,https://www.bilibili.com/opus/1066359818899423250
995,视界之城 City of Sight,地理,中文行文已逐段精校，部分术语仍为暂定,正文/07-地理/0995.md,https://www.bilibili.com/opus/1193233840072556549
996,月球 Luna,地理,中文行文已逐段精校，部分术语仍为暂定,正文/07-地理/0996.md,https://www.bilibili.com/opus/1127908401068638233
997,火星 Mars,地理,中文行文已逐段精校，部分术语仍为暂定,正文/07-地理/0997.md,https://www.bilibili.com/opus/1057106303308005395
998,莫拉维克秘库 Vaults of Moravec,地理,中文行文已逐段精校，部分术语仍为暂定,正文/07-地理/0998.md,https://www.bilibili.com/opus/1197310910752882705
999,岩浆城 Magma City,地理,中文行文已逐段精校，部分术语仍为暂定,正文/07-地理/0999.md,https://www.bilibili.com/opus/1197627583001264133
1000,全知图书馆 Great Librarius Omnis,地理,中文行文已逐段精校，部分术语仍为暂定,正文/07-地理/1000.md,https://www.bilibili.com/opus/1220676971690721280
1001,木星 Jupiter,地理,中文行文已逐段精校，部分术语仍为暂定,正文/07-地理/1001.md,https://www.bilibili.com/opus/1056644465440063510
1002,土星 Saturn,地理,中文行文已逐段精校，部分术语仍为暂定,正文/07-地理/1002.md,https://www.bilibili.com/opus/1056644370953928711
1003,土卫六 Titan,地理,中文行文已逐段精校，部分术语仍为暂定,正文/07-地理/1003.md,https://www.bilibili.com/opus/1062997937557078017
1004,火卫二 Deimos,地理,中文行文已逐段精校，部分术语仍为暂定,正文/07-地理/1004.md,https://www.bilibili.com/opus/1160884167866581014
1005,海王星 Neptune,地理,中文行文已逐段精校，部分术语仍为暂定,正文/07-地理/1005.md,https://www.bilibili.com/opus/1180579869945233410
1006,阿玛吉多顿 Armageddon,地理,中文行文已逐段精校，部分术语仍为暂定,正文/07-地理/1006.md,https://www.bilibili.com/opus/1136059536021389316
1007,沃斯主星 Voss Prime,地理,中文行文已逐段精校，部分术语仍为暂定,正文/07-地理/1007.md,https://www.bilibili.com/opus/1159060889821773840
1008,芬里斯 Fenris,地理,中文行文已逐段精校，部分术语仍为暂定,正文/07-地理/1008.md,https://www.bilibili.com/opus/1095563096842305561
1009,米德加迪亚 Midgardia,地理,中文行文已逐段精校，部分术语仍为暂定,正文/07-地理/1009.md,https://www.bilibili.com/opus/1166083191403970564
1010,极限星域 Ultima Segmentum,地理,中文行文已逐段精校，部分术语仍为暂定,正文/07-地理/1010.md,https://www.bilibili.com/opus/1137547901114777640
1011,查尔纳斯广域 Chalnath Expanse,地理,中文行文已逐段精校，部分术语仍为暂定,正文/07-地理/1011.md,https://www.bilibili.com/opus/1142037877102739462
1012,奈姆亚尔环礁 Nem'yar Atoll,地理,中文行文已逐段精校，部分术语仍为暂定,正文/07-地理/1012.md,https://www.bilibili.com/opus/1141259697777541129
1013,普罗斯佩罗裂隙 Prosperan Rift,地理,中文行文已逐段精校，部分术语仍为暂定,正文/07-地理/1013.md,https://www.bilibili.com/opus/1140912591381463043
1014,悲伤降临 Sorrowfall,地理,中文行文已逐段精校，部分术语仍为暂定,正文/07-地理/1014.md,https://www.bilibili.com/opus/1136793219552509954
1015,新星炼狱 Nova Purgatoria,地理,中文行文已逐段精校，部分术语仍为暂定,正文/07-地理/1015.md,https://www.bilibili.com/opus/1136793305470730260
1016,食尸鬼群星 Ghoul Stars,地理,中文行文已逐段精校，部分术语仍为暂定,正文/07-地理/1016.md,https://www.bilibili.com/opus/1154725167559081986
1017,红疤地区 Red Scar,地理,中文行文已逐段精校，部分术语仍为暂定,正文/07-地理/1017.md,https://www.bilibili.com/opus/1135052855849254937
1018,摩洛 Molech,地理,中文行文已逐段精校，部分术语仍为暂定,正文/07-地理/1018.md,https://www.bilibili.com/opus/1053723123177750545
1019,黑域 Black Reach,地理,中文行文已逐段精校，部分术语仍为暂定,正文/07-地理/1019.md,https://www.bilibili.com/opus/1153202837910454274
1020,赛贝利 Cybele,地理,中文行文已逐段精校，部分术语仍为暂定,正文/07-地理/1020.md,https://www.bilibili.com/opus/1157622866059984903
1021,桑洛尔 San Leor,地理,中文行文已逐段精校，部分术语仍为暂定,正文/07-地理/1021.md,https://www.bilibili.com/opus/1156891050879483906
1022,瓦尔哈拉 Valhalla,地理,中文行文已逐段精校，部分术语仍为暂定,正文/07-地理/1022.md,https://www.bilibili.com/opus/1163504222472241169
1023,荣誉星 Honourum,地理,中文行文已逐段精校，部分术语仍为暂定,正文/07-地理/1023.md,https://www.bilibili.com/opus/1160225431524212737
1024,曼科拉 Mancora,地理,中文行文已逐段精校，部分术语仍为暂定,正文/07-地理/1024.md,https://www.bilibili.com/opus/1165733155880042497
1025,卡杜尼亚斯 Kar Duniash,地理,中文行文已逐段精校，部分术语仍为暂定,正文/07-地理/1025.md,https://www.bilibili.com/opus/1167681374531878978
1026,宁博撒 Nimbosa,地理,中文行文已逐段精校，部分术语仍为暂定,正文/07-地理/1026.md,https://www.bilibili.com/opus/1168353940620705824
1027,龙之终 Dragon's End,地理,中文行文已逐段精校，部分术语仍为暂定,正文/07-地理/1027.md,https://www.bilibili.com/opus/1168779146694754325
1028,克拉斯特兰 Krastellan,地理,中文行文已逐段精校，部分术语仍为暂定,正文/07-地理/1028.md,https://www.bilibili.com/opus/1169150236122153113
1029,索萨 Sotha,地理,中文行文已逐段精校，部分术语仍为暂定,正文/07-地理/1029.md,https://www.bilibili.com/opus/1170232559276130306
1030,贝勒斯主星 Bellus Prime,地理,中文行文已逐段精校，部分术语仍为暂定,正文/07-地理/1030.md,https://www.bilibili.com/opus/1171363471469576210
1031,安维鲁斯 Anvillus,地理,中文行文已逐段精校，部分术语仍为暂定,正文/07-地理/1031.md,https://www.bilibili.com/opus/1203930563453386753
1032,伊斯塔万五号 Isstvan V,地理,中文行文已逐段精校，部分术语仍为暂定,正文/07-地理/1032.md,https://www.bilibili.com/opus/1060007656772599808
1033,伊斯塔万三号 Isstvan III,地理,中文行文已逐段精校，部分术语仍为暂定,正文/07-地理/1033.md,https://www.bilibili.com/opus/1186130054332022791
1034,伊卡尔四号 Ichar IV,地理,中文行文已逐段精校，部分术语仍为暂定,正文/07-地理/1034.md,https://www.bilibili.com/opus/1154290718737432578
1035,奥林匹亚 Olympia,地理,中文行文已逐段精校，部分术语仍为暂定,正文/07-地理/1035.md,https://www.bilibili.com/opus/1094116989945774104
1036,巴尔 Baal,地理,中文行文已逐段精校，部分术语仍为暂定,正文/07-地理/1036.md,https://www.bilibili.com/opus/1097777912730353670
1037,巴尔二号 Baal Secundus,地理,中文行文已逐段精校，部分术语仍为暂定,正文/07-地理/1037.md,https://www.bilibili.com/opus/1219718313495494708
1038,努凯里亚 Nuceria,地理,中文行文已逐段精校，部分术语仍为暂定,正文/07-地理/1038.md,https://www.bilibili.com/opus/1098928225193558021
1039,夜曲星 Nocturne,地理,中文行文已逐段精校，部分术语仍为暂定,正文/07-地理/1039.md,https://www.bilibili.com/opus/1103763598199488515
1040,戴文 Davin,地理,中文行文已逐段精校，部分术语仍为暂定,正文/07-地理/1040.md,https://www.bilibili.com/opus/1159847839502696482
1041,阿提拉 Attila,地理,中文行文已逐段精校，部分术语仍为暂定,正文/07-地理/1041.md,https://www.bilibili.com/opus/1165362070684696600
1042,卡塔昌 Catachan,地理,中文行文已逐段精校，部分术语仍为暂定,正文/07-地理/1042.md,https://www.bilibili.com/opus/1165699152591454216
1043,美杜莎五号 Medusa V,地理,中文行文已逐段精校，部分术语仍为暂定,正文/07-地理/1043.md,https://www.bilibili.com/opus/1171363346901893120
1044,瑞扎 Ryza,地理,中文行文已逐段精校，部分术语仍为暂定,正文/07-地理/1044.md,https://www.bilibili.com/opus/1158764395339186182
1045,考拉瓦星系 Kaurava system,地理,中文行文已逐段精校，部分术语仍为暂定,正文/07-地理/1045.md,https://www.bilibili.com/opus/1208902735459516660
1046,梅塔利卡 Metalica,地理,中文行文已逐段精校，部分术语仍为暂定,正文/07-地理/1046.md,https://www.bilibili.com/opus/1157186785101479961
1047,彻莫斯 Chemos,地理,中文行文已逐段精校，部分术语仍为暂定,正文/07-地理/1047.md,https://www.bilibili.com/opus/1092994229703016449
1048,埃斯潘多 Espandor,地理,中文行文已逐段精校，部分术语仍为暂定,正文/07-地理/1048.md,https://www.bilibili.com/opus/1163123031251353606
1049,马库拉格 Macragge,地理,中文行文已逐段精校，部分术语仍为暂定,正文/07-地理/1049.md,https://www.bilibili.com/opus/1099652111865479176
1050,宏伟马库拉格城邦 Magna Macragge Civitas,地理,中文行文已逐段精校，部分术语仍为暂定,正文/07-地理/1050.md,https://www.bilibili.com/opus/1193969782689366039
1051,赫拉皇冠山脉 Hera's Crown Mountains,地理,中文行文已逐段精校，部分术语仍为暂定,正文/07-地理/1051.md,https://www.bilibili.com/opus/1193969868597100549
1052,拉波尼斯山谷 Valley of Laponis,地理,中文行文已逐段精校，部分术语仍为暂定,正文/07-地理/1052.md,https://www.bilibili.com/opus/1193976684677693460
1053,赫拉要塞 Fortress of Hera,地理,中文行文已逐段精校，部分术语仍为暂定,正文/07-地理/1053.md,https://www.bilibili.com/opus/1194268910001586197
1054,托勒密图书馆 Library of Ptolemy,地理,中文行文已逐段精校，部分术语仍为暂定,正文/07-地理/1054.md,https://www.bilibili.com/opus/1196200812029673474
1055,伊利里亚姆 Illyrium,地理,中文行文已逐段精校，部分术语仍为暂定,正文/07-地理/1055.md,https://www.bilibili.com/opus/1194306714280656981
1056,加兰之石 Gallan's Rock,地理,中文行文已逐段精校，部分术语仍为暂定,正文/07-地理/1056.md,https://www.bilibili.com/opus/1196193068236144706
1057,校正圣殿 Temple of Correction,地理,中文行文已逐段精校，部分术语仍为暂定,正文/07-地理/1057.md,https://www.bilibili.com/opus/1196208547274162179
1058,基里曼圣地 Shrine of Guilliman,地理,中文行文已逐段精校，部分术语仍为暂定,正文/07-地理/1058.md,https://www.bilibili.com/opus/1196162453719744561
1059,艾克斯 Iax,地理,中文行文已逐段精校，部分术语仍为暂定,正文/07-地理/1059.md,https://www.bilibili.com/opus/1074827991208427525
1060,马萨里 Masali,地理,中文行文已逐段精校，部分术语仍为暂定,正文/07-地理/1060.md,https://www.bilibili.com/opus/1157259945624731685
1061,昆塔恩 Quintarn,地理,中文行文已逐段精校，部分术语仍为暂定,正文/07-地理/1061.md,https://www.bilibili.com/opus/1156903609325060096
1062,塔伦图斯 Tarentus,地理,中文行文已逐段精校，部分术语仍为暂定,正文/07-地理/1062.md,https://www.bilibili.com/opus/1157230555120533511
1063,康诺 Konor,地理,中文行文已逐段精校，部分术语仍为暂定,正文/07-地理/1063.md,https://www.bilibili.com/opus/1159779244544360449
1064,考斯 Calth,地理,中文行文已逐段精校，部分术语仍为暂定,正文/07-地理/1064.md,https://www.bilibili.com/opus/1164954031623241737
1065,塔拉萨主星 Talasa Prime,地理,中文行文已逐段精校，部分术语仍为暂定,正文/07-地理/1065.md,https://www.bilibili.com/opus/1167689083941552183
1066,拿非利星区 Nephilim Sector,地理,中文行文已逐段精校，部分术语仍为暂定,正文/07-地理/1066.md,https://www.bilibili.com/opus/1135299533010370566
1067,巴达布主星 Badab Primaris,地理,中文行文已逐段精校，部分术语仍为暂定,正文/07-地理/1067.md,https://www.bilibili.com/opus/1155815930354204677
1068,乔高里斯 Chogoris,地理,中文行文已逐段精校，部分术语仍为暂定,正文/07-地理/1068.md,https://www.bilibili.com/opus/1094834786398109703
1069,诺斯特拉莫 Nostramo,地理,中文行文已逐段精校，部分术语仍为暂定,正文/07-地理/1069.md,https://www.bilibili.com/opus/1097064080584212502
1070,普罗斯佩罗 Prospero,地理,中文行文已逐段精校，部分术语仍为暂定,正文/07-地理/1070.md,https://www.bilibili.com/opus/1101136852056801289
1071,达姆诺斯 Damnos,地理,中文行文已逐段精校，部分术语仍为暂定,正文/07-地理/1071.md,https://www.bilibili.com/opus/1169614088325562370
1072,安全港 Safehold,地理,中文行文已逐段精校，部分术语仍为暂定,正文/07-地理/1072.md,https://www.bilibili.com/opus/1157999362885812242
1073,瑞恩世界 Rynn's World,地理,中文行文已逐段精校，部分术语仍为暂定,正文/07-地理/1073.md,https://www.bilibili.com/opus/1162375483559510017
1074,黑水星 Blackwater,地理,中文行文已逐段精校，部分术语仍为暂定,正文/07-地理/1074.md,https://www.bilibili.com/opus/1161012527249752081
1075,克洛诺斯 Kronus,地理,中文行文已逐段精校，部分术语仍为暂定,正文/07-地理/1075.md,https://www.bilibili.com/opus/1164239709817274369
1076,奥瑞利亚次星区 Subsector Aurelia,地理,中文行文已逐段精校，部分术语仍为暂定,正文/07-地理/1076.md,https://www.bilibili.com/opus/1208910462098341920
1077,卡德里斯 Calderis,地理,中文行文已逐段精校，部分术语仍为暂定,正文/07-地理/1077.md,https://www.bilibili.com/opus/1167631217866047494
1078,恩底弥翁主星 Endymion Prime,地理,中文行文已逐段精校，部分术语仍为暂定,正文/07-地理/1078.md,https://www.bilibili.com/opus/1169629545912860673
1079,戈萨尔五号 Ghosar Quintus,地理,中文行文已逐段精校，部分术语仍为暂定,正文/07-地理/1079.md,https://www.bilibili.com/opus/1170169723961212935
1080,萨勒姆 Sarum,地理,中文行文已逐段精校，部分术语仍为暂定,正文/07-地理/1080.md,https://www.bilibili.com/opus/1183974620711092233
1081,暴风星域 Segmentum Tempestus,地理,中文行文已逐段精校，部分术语仍为暂定,正文/07-地理/1081.md,https://www.bilibili.com/opus/1137552698596392979
1082,曼德拉戈拉群星 Mandragoran Stars,地理,中文行文已逐段精校，部分术语仍为暂定,正文/07-地理/1082.md,https://www.bilibili.com/opus/1151997455280111619
1083,马勒弗里蒂斯 Malefactis,地理,中文行文已逐段精校，部分术语仍为暂定,正文/07-地理/1083.md,https://www.bilibili.com/opus/1136793258214555653
1084,普雷斯蒂格斯五号 Prestigus V,地理,中文行文已逐段精校，部分术语仍为暂定,正文/07-地理/1084.md,https://www.bilibili.com/opus/1136793163680186375
1085,彻洛斯 Chiros,地理,中文行文已逐段精校，部分术语仍为暂定,正文/07-地理/1085.md,https://www.bilibili.com/opus/1156822958436515844
1086,格拉亚 Graia,地理,中文行文已逐段精校，部分术语仍为暂定,正文/07-地理/1086.md,https://www.bilibili.com/opus/1157993740747407382
1087,卢瑟·麦金泰尔九号 Luther Macintyre IX,地理,中文行文已逐段精校，部分术语仍为暂定,正文/07-地理/1087.md,https://www.bilibili.com/opus/1159885764049240064
1088,伯明翰 Birmingham,地理,中文行文已逐段精校，部分术语仍为暂定,正文/07-地理/1088.md,https://www.bilibili.com/opus/1160220659851198481
1089,至日星 Solstice,地理,中文行文已逐段精校，部分术语仍为暂定,正文/07-地理/1089.md,https://www.bilibili.com/opus/1165485761423736839
1090,巴卡 Bakka,地理,中文行文已逐段精校，部分术语仍为暂定,正文/07-地理/1090.md,https://www.bilibili.com/opus/1167256146948390945
1091,莱萨 Raisa,地理,中文行文已逐段精校，部分术语仍为暂定,正文/07-地理/1091.md,https://www.bilibili.com/opus/1168763701973483666
1092,莫丹特主星 Mordant Prime,地理,中文行文已逐段精校，部分术语仍为暂定,正文/07-地理/1092.md,https://www.bilibili.com/opus/1169606353058005042
1093,因维特 Inwit,地理,中文行文已逐段精校，部分术语仍为暂定,正文/07-地理/1093.md,https://www.bilibili.com/opus/1096333390652637225
1094,巴巴鲁斯 Barbarus,地理,中文行文已逐段精校，部分术语仍为暂定,正文/07-地理/1094.md,https://www.bilibili.com/opus/1100410680400412676
1095,普雷托利亚 Praetoria,地理,中文行文已逐段精校，部分术语仍为暂定,正文/07-地理/1095.md,https://www.bilibili.com/opus/1152453473475756057
1096,格里芬四号 Gryphonne IV,地理,中文行文已逐段精校，部分术语仍为暂定,正文/07-地理/1096.md,https://www.bilibili.com/opus/1158285205840068629
1097,赵—阿卡达 Zhao-Arkkad,地理,中文行文已逐段精校，部分术语仍为暂定,正文/07-地理/1097.md,https://www.bilibili.com/opus/1159383819792416774
1098,奥菲利亚七号 Ophelia VII,地理,中文行文已逐段精校，部分术语仍为暂定,正文/07-地理/1098.md,https://www.bilibili.com/opus/1162738425473794055
1099,塔兰 Tallarn,地理,中文行文已逐段精校，部分术语仍为暂定,正文/07-地理/1099.md,https://www.bilibili.com/opus/1163859957426159622
1100,科瑞塔西亚 Cretacia,地理,中文行文已逐段精校，部分术语仍为暂定,正文/07-地理/1100.md,https://www.bilibili.com/opus/1159864723015991299
1101,基亚瓦尔 Kiavahr,地理,中文行文已逐段精校，部分术语仍为暂定,正文/07-地理/1101.md,https://www.bilibili.com/opus/1155746553750618118
1102,拯救星 Deliverance,地理,中文行文已逐段精校，部分术语仍为暂定,正文/07-地理/1102.md,https://www.bilibili.com/opus/1104154156759777314
1103,狂喜星 Rapture,地理,中文行文已逐段精校，部分术语仍为暂定,正文/07-地理/1103.md,https://www.bilibili.com/opus/1169621819268792322
1104,东部边缘 Eastern Fringe,地理,中文行文已逐段精校，部分术语仍为暂定,正文/07-地理/1104.md,https://www.bilibili.com/opus/1151981834527047689
1105,科拉拉克斯 Coralax,地理,中文行文已逐段精校，部分术语仍为暂定,正文/07-地理/1105.md,https://www.bilibili.com/opus/1165442768819978293
1106,瓦斯’塔罗斯 Vas'talos,地理,中文行文已逐段精校，部分术语仍为暂定,正文/07-地理/1106.md,https://www.bilibili.com/opus/1168021518758707224
1107,沃尔托利斯 Voltoris,地理,中文行文已逐段精校，部分术语仍为暂定,正文/07-地理/1107.md,https://www.bilibili.com/opus/1168377141997338674
1108,文崔里亚 Ventrillia,地理,中文行文已逐段精校，部分术语仍为暂定,正文/07-地理/1108.md,https://www.bilibili.com/opus/1169165689456427008
1109,特’罗斯 T'ros,地理,中文行文已逐段精校，部分术语仍为暂定,正文/07-地理/1109.md,https://www.bilibili.com/opus/1170940636202795008
1110,西格纳斯星群 Signus Cluster,地理,中文行文已逐段精校，部分术语仍为暂定,正文/07-地理/1110.md,https://www.bilibili.com/opus/1192462193335992361
1111,"《战锤40000：行商浪人》 Warhammer 40,000: Rogue Trader",书籍,中文行文已逐段精校，部分术语仍为暂定,正文/08-书籍/1111.md,https://www.bilibili.com/opus/1122372656419569667
1112,"《战锤40000第二版规则书》 Warhammer 40,000 2nd Edition Rulebook",书籍,中文行文已逐段精校，部分术语仍为暂定,正文/08-书籍/1112.md,https://www.bilibili.com/opus/1122766255814606849
1113,"《战锤40000第三版规则书》 Warhammer 40,000 3rd Edition Rulebook",书籍,中文行文已逐段精校，部分术语仍为暂定,正文/08-书籍/1113.md,https://www.bilibili.com/opus/1123060310723264514
1114,"《战锤40000第四版规则书》 Warhammer 40,000 4th Edition Rulebook",书籍,中文行文已逐段精校，部分术语仍为暂定,正文/08-书籍/1114.md,https://www.bilibili.com/opus/1219726044454453314
1115,"《战锤40000第七版规则书》 Warhammer 40,000 7th Edition Rulebook",书籍,中文行文已逐段精校，部分术语仍为暂定,正文/08-书籍/1115.md,https://www.bilibili.com/opus/1123096912459726867
1116,"《战锤40000第八版规则书》 Warhammer 40,000 8th Edition Rulebook",书籍,中文行文已逐段精校，部分术语仍为暂定,正文/08-书籍/1116.md,https://www.bilibili.com/opus/1219934779873427509
1117,"《战锤40000第十版规则书》 The Warhammer 40,000 10th Edition Rulebook",书籍,中文行文已逐段精校，部分术语仍为暂定,正文/08-书籍/1117.md,https://www.bilibili.com/opus/1219942510805123093
1118,《白矮人第97期》 White Dwarf 97,书籍,中文行文已逐段精校，部分术语仍为暂定,正文/08-书籍/1118.md,https://www.bilibili.com/opus/1122728842345054240
1119,《白矮人》第304期（英国版） White Dwarf 304 (UK),书籍,中文行文已逐段精校，部分术语仍为暂定,正文/08-书籍/1119.md,https://www.bilibili.com/opus/1220305865044656148
1120,阿斯塔特索引 Index Astartes,书籍,中文行文已逐段精校，部分术语仍为暂定,正文/08-书籍/1120.md,https://www.bilibili.com/opus/1123417742215479432
1121,《叛乱之首》 The First Heretic,书籍,中文行文已逐段精校，部分术语仍为暂定,正文/08-书籍/1121.md,https://www.bilibili.com/opus/1106119804330180630
1122,《普罗斯佩罗之焚》 Prospero Burns,书籍,中文行文已逐段精校，部分术语仍为暂定,正文/08-书籍/1122.md,https://www.bilibili.com/opus/1106470166351314952
1123,《福格瑞姆：帝国凤凰》 Fulgrim: The Palatine Phoenix,书籍,中文行文已逐段精校，部分术语仍为暂定,正文/08-书籍/1123.md,https://www.bilibili.com/opus/1106470084682973206
1124,《风云际会》 Gathering Storm,书籍,中文行文已逐段精校，部分术语仍为暂定,正文/08-书籍/1124.md,https://www.bilibili.com/opus/1123495073076477977
1125,近战武器 Close Combat Weapon,武器,中文行文已逐段精校，部分术语仍为暂定,正文/09-武器/1125.md,https://www.bilibili.com/opus/993987451022213141
1126,战爪 Battle Claw,武器,中文行文已逐段精校，部分术语仍为暂定,正文/09-武器/1126.md,https://www.bilibili.com/opus/1000256492659539974
1127,战斗附件 Combat Aссessory,武器,中文行文已逐段精校，部分术语仍为暂定,正文/09-武器/1127.md,https://www.bilibili.com/opus/1001726479584722952
1128,阿斯塔特战斗刀 Astartes Combat Knife,武器,中文行文已逐段精校，部分术语仍为暂定,正文/09-武器/1128.md,https://www.bilibili.com/opus/1000256840550842405
1129,以太震撼槌 Aether-Shock Maul,武器,中文行文已逐段精校，部分术语仍为暂定,正文/09-武器/1129.md,https://www.bilibili.com/opus/1007686567037239299
1130,处刑圣物大剑 Executioner Relic Blades,武器,中文行文已逐段精校，部分术语仍为暂定,正文/09-武器/1130.md,https://www.bilibili.com/opus/1000256621491781652
1131,无畏机甲近战武器 Dreadnought Close Combat Weapon,武器,中文行文已逐段精校，部分术语仍为暂定,正文/09-武器/1131.md,https://www.bilibili.com/opus/999549339190689795
1132,突击钻 Assault Drill,武器,中文行文已逐段精校，部分术语仍为暂定,正文/09-武器/1132.md,https://www.bilibili.com/opus/1002089833832644617
1133,黑夜之刃 Night's Blade,武器,中文行文已逐段精校，部分术语仍为暂定,正文/09-武器/1133.md,https://www.bilibili.com/opus/1008411205325291528
1134,链锯武器 Chain Weapon,武器,中文行文已逐段精校，部分术语仍为暂定,正文/09-武器/1134.md,https://www.bilibili.com/opus/994378490611499008
1135,链锯剑 Chainsword,武器,中文行文已逐段精校，部分术语仍为暂定,正文/09-武器/1135.md,https://www.bilibili.com/opus/998429688464408583
1136,开膛者 Eviscerator,武器,中文行文已逐段精校，部分术语仍为暂定,正文/09-武器/1136.md,https://www.bilibili.com/opus/998454771068174368
1137,链锯斧 Chainaxe,武器,中文行文已逐段精校，部分术语仍为暂定,正文/09-武器/1137.md,https://www.bilibili.com/opus/1008790420859125769
1138,耙斧 Axe-rake,武器,中文行文已逐段精校，部分术语仍为暂定,正文/09-武器/1138.md,https://www.bilibili.com/opus/1007686889182855191
1139,链锯长刀 Chain Glaive,武器,中文行文已逐段精校，部分术语仍为暂定,正文/09-武器/1139.md,https://www.bilibili.com/opus/1009181731055468551
1140,泰拉之牙 Teeth of Terra,武器,中文行文已逐段精校，部分术语仍为暂定,正文/09-武器/1140.md,https://www.bilibili.com/opus/1008411424359186450
1141,动力武器 Power weapon,武器,中文行文已逐段精校，部分术语仍为暂定,正文/09-武器/1141.md,https://www.bilibili.com/opus/994438366791467030
1142,圣物武器 Relic Blade,武器,中文行文已逐段精校，部分术语仍为暂定,正文/09-武器/1142.md,https://www.bilibili.com/opus/999872728724930563
1143,教士权杖 Crozius Arcanum,武器,中文行文已逐段精校，部分术语仍为暂定,正文/09-武器/1143.md,https://www.bilibili.com/opus/998441710077870086
1144,动力拳 Power Fist,武器,中文行文已逐段精校，部分术语仍为暂定,正文/09-武器/1144.md,https://www.bilibili.com/opus/998785092706893844
1145,链锯拳 Chainfist,武器,中文行文已逐段精校，部分术语仍为暂定,正文/09-武器/1145.md,https://www.bilibili.com/opus/998103202210512931
1146,闪电爪 Lightning Claw,武器,中文行文已逐段精校，部分术语仍为暂定,正文/09-武器/1146.md,https://www.bilibili.com/opus/998465224998649856
1147,动力斧 Power Axe,武器,中文行文已逐段精校，部分术语仍为暂定,正文/09-武器/1147.md,https://www.bilibili.com/opus/998481240942182420
1148,统帅之斧 Legatine Axe,武器,中文行文已逐段精校，部分术语仍为暂定,正文/09-武器/1148.md,https://www.bilibili.com/opus/1009181997365461030
1149,动力剑 Power Sword,武器,中文行文已逐段精校，部分术语仍为暂定,正文/09-武器/1149.md,https://www.bilibili.com/opus/998785354686267393
1150,动力镰 Power Scythe,武器,中文行文已逐段精校，部分术语仍为暂定,正文/09-武器/1150.md,https://www.bilibili.com/opus/1009530791638597632
1151,收割者 Manreaper,武器,中文行文已逐段精校，部分术语仍为暂定,正文/09-武器/1151.md,https://www.bilibili.com/opus/1009530405090492437
1152,动力长枪 Power Lance,武器,中文行文已逐段精校，部分术语仍为暂定,正文/09-武器/1152.md,https://www.bilibili.com/opus/998786123488559141
1153,动力槌 Power Maul,武器,中文行文已逐段精校，部分术语仍为暂定,正文/09-武器/1153.md,https://www.bilibili.com/opus/998785238729490472
1154,雷霆锤 Thunder Hammer,武器,中文行文已逐段精校，部分术语仍为暂定,正文/09-武器/1154.md,https://www.bilibili.com/opus/998786303864602626
1155,狂怒祝福 Benediction of Fury,武器,中文行文已逐段精校，部分术语仍为暂定,正文/09-武器/1155.md,https://www.bilibili.com/opus/1008059911354974229
1156,帝皇闪电爪 Emperor's Lightning Claw,武器,中文行文已逐段精校，部分术语仍为暂定,正文/09-武器/1156.md,https://www.bilibili.com/opus/1084131882485940290
1157,机械之死 Mortis Machina,武器,中文行文已逐段精校，部分术语仍为暂定,正文/09-武器/1157.md,https://www.bilibili.com/opus/1008060547043688466
1158,胜利之刃 Blade of Triumph,武器,中文行文已逐段精校，部分术语仍为暂定,正文/09-武器/1158.md,https://www.bilibili.com/opus/1008060023059775493
1159,忠诚 Fealty,武器,中文行文已逐段精校，部分术语仍为暂定,正文/09-武器/1159.md,https://www.bilibili.com/opus/1189467239640727554
1160,屠戮武器 Caedere Weapon,武器,中文行文已逐段精校，部分术语仍为暂定,正文/09-武器/1160.md,https://www.bilibili.com/opus/1008790304928563219
1161,电击武器 Shock Weapon,武器,中文行文已逐段精校，部分术语仍为暂定,正文/09-武器/1161.md,https://www.bilibili.com/opus/1008790704352133128
1162,恶魔武器 Daemon Weapon,武器,中文行文已逐段精校，部分术语仍为暂定,正文/09-武器/1162.md,https://www.bilibili.com/opus/1192067902467997700
1163,复合武器 Combi-weapon,武器,中文行文已逐段精校，部分术语仍为暂定,正文/09-武器/1163.md,https://www.bilibili.com/opus/997807115769741369
1164,烈焰臂铠 Flame Gauntlet,武器,中文行文已逐段精校，部分术语仍为暂定,正文/09-武器/1164.md,https://www.bilibili.com/opus/1000617909854142464
1165,爆矢风暴臂铠 Boltstorm Gauntlet,武器,中文行文已逐段精校，部分术语仍为暂定,正文/09-武器/1165.md,https://www.bilibili.com/opus/1001726823190495241
1166,日神之矛 Apollonian Spear,武器,中文行文已逐段精校，部分术语仍为暂定,正文/09-武器/1166.md,https://www.bilibili.com/opus/1085992526764048390
1167,灵能武器 Force weapon,武器,中文行文已逐段精校，部分术语仍为暂定,正文/09-武器/1167.md,https://www.bilibili.com/opus/994403770825703426
1168,复仇女神灵能武器 Nemesis force weapon,武器,中文行文已逐段精校，部分术语仍为暂定,正文/09-武器/1168.md,https://www.bilibili.com/opus/1218914295634460704
1169,灭灵武器 Psilencer,武器,中文行文已逐段精校，部分术语仍为暂定,正文/09-武器/1169.md,https://www.bilibili.com/opus/1218929757512532006
1170,帝皇之剑 Emperor's Sword,武器,中文行文已逐段精校，部分术语仍为暂定,正文/09-武器/1170.md,https://www.bilibili.com/opus/1084131805162897429
1171,生命链接 Vinculum Vitae,武器,中文行文已逐段精校，部分术语仍为暂定,正文/09-武器/1171.md,https://www.bilibili.com/opus/1008412356380721156
1172,燃烧之刃 Burning Blade,武器,中文行文已逐段精校，部分术语仍为暂定,正文/09-武器/1172.md,https://www.bilibili.com/opus/1008060190535188521
1173,鲁斯之矛 Spear of Russ,武器,中文行文已逐段精校，部分术语仍为暂定,正文/09-武器/1173.md,https://www.bilibili.com/opus/1085993415796064272
1174,基因提取手枪 Reductor Pistol,武器,中文行文已逐段精校，部分术语仍为暂定,正文/09-武器/1174.md,https://www.bilibili.com/opus/1001366050224209924
1175,考古科技手枪 Archaeotech Pistol,武器,中文行文已逐段精校，部分术语仍为暂定,正文/09-武器/1175.md,https://www.bilibili.com/opus/1009530516779565057
1176,狙击步枪 Sniper rifle,武器,中文行文已逐段精校，部分术语仍为暂定,正文/09-武器/1176.md,https://www.bilibili.com/opus/999550013491118080
1177,双联武器 twin-linked weapon,武器,中文行文已逐段精校，部分术语仍为暂定,正文/09-武器/1177.md,https://www.bilibili.com/opus/1217344936039415825
1178,磷化武器 Phosphex Weapon,武器,中文行文已逐段精校，部分术语仍为暂定,正文/09-武器/1178.md,https://www.bilibili.com/opus/1010753203752402947
1179,辐射武器 Rad Weapon,武器,中文行文已逐段精校，部分术语仍为暂定,正文/09-武器/1179.md,https://www.bilibili.com/opus/1009181623688626183
1180,分解武器 Disintegration Weapon,武器,中文行文已逐段精校，部分术语仍为暂定,正文/09-武器/1180.md,https://www.bilibili.com/opus/1008791284189495328
1181,实弹武器 Projectile Weapon,武器,中文行文已逐段精校，部分术语仍为暂定,正文/09-武器/1181.md,https://www.bilibili.com/opus/999549893254053913
1182,天空收割者炮台 Skyreaper Battery,武器,中文行文已逐段精校，部分术语仍为暂定,正文/09-武器/1182.md,https://www.bilibili.com/opus/1012483504333651985
1183,针刺武器 Needler Weapon,武器,中文行文已逐段精校，部分术语仍为暂定,正文/09-武器/1183.md,https://www.bilibili.com/opus/1009181494854287366
1184,重炮武器 Ordnance Weapon,武器,中文行文已逐段精校，部分术语仍为暂定,正文/09-武器/1184.md,https://www.bilibili.com/opus/1002865964450054145
1185,雷鹰加农炮 Thunderhawk Cannon,武器,中文行文已逐段精校，部分术语仍为暂定,正文/09-武器/1185.md,https://www.bilibili.com/opus/1006596134995492885
1186,加速加农炮 Accelerator Cannon,武器,中文行文已逐段精校，部分术语仍为暂定,正文/09-武器/1186.md,https://www.bilibili.com/opus/1010753478635552790
1187,破坏者加农炮 Demolisher Cannon,武器,中文行文已逐段精校，部分术语仍为暂定,正文/09-武器/1187.md,https://www.bilibili.com/opus/1003608830583504965
1188,巨型加速加农炮 Macro-Accelerator Cannon,武器,中文行文已逐段精校，部分术语仍为暂定,正文/09-武器/1188.md,https://www.bilibili.com/opus/1005482398399332355
1189,恐惧之锤加农炮 Dreadhammer Cannon,武器,中文行文已逐段精校，部分术语仍为暂定,正文/09-武器/1189.md,https://www.bilibili.com/opus/1011362075487764504
1190,疫病重型臼炮 Morbus Heavy Bombard,武器,中文行文已逐段精校，部分术语仍为暂定,正文/09-武器/1190.md,https://www.bilibili.com/opus/1011763581913399297
1191,导弹发射器 Missile Launcher,武器,中文行文已逐段精校，部分术语仍为暂定,正文/09-武器/1191.md,https://www.bilibili.com/opus/1002865792677576713
1192,帝国导弹发射器 Imperial missile launcher,武器,中文行文已逐段精校，部分术语仍为暂定,正文/09-武器/1192.md,https://www.bilibili.com/opus/1005482647513727026
1193,辐射导弹发射器 Rad Missiles launcher,武器,中文行文已逐段精校，部分术语仍为暂定,正文/09-武器/1193.md,https://www.bilibili.com/opus/1010281371563720729
1194,堡主发射器 Castellan Launcher,武器,中文行文已逐段精校，部分术语仍为暂定,正文/09-武器/1194.md,https://www.bilibili.com/opus/1003243380431388693
1195,威格尔发射器 Vengor Launcher,武器,中文行文已逐段精校，部分术语仍为暂定,正文/09-武器/1195.md,https://www.bilibili.com/opus/1006596328267972640
1196,超级破片火箭发射器 Superfrag Rocket Launcher,武器,中文行文已逐段精校，部分术语仍为暂定,正文/09-武器/1196.md,https://www.bilibili.com/opus/1006185188208672790
1197,超级穿甲火箭发射器 Superkrak Rocket Launcher,武器,中文行文已逐段精校，部分术语仍为暂定,正文/09-武器/1197.md,https://www.bilibili.com/opus/1006595946008543268
1198,旋风导弹发射器 Cyclone Missile Launcher,武器,中文行文已逐段精校，部分术语仍为暂定,正文/09-武器/1198.md,https://www.bilibili.com/opus/1003608435475873831
1199,长弓发射器 Arcus Launcher,武器,中文行文已逐段精校，部分术语仍为暂定,正文/09-武器/1199.md,https://www.bilibili.com/opus/1011020702897143824
1200,复仇发射器 Vengeance Launcher,武器,中文行文已逐段精校，部分术语仍为暂定,正文/09-武器/1200.md,https://www.bilibili.com/opus/1012483590263406612
1201,三头犬发射器 Cerberus Launcher,武器,中文行文已逐段精校，部分术语仍为暂定,正文/09-武器/1201.md,https://www.bilibili.com/opus/1003608259361243192
1202,天矛导弹发射器 Skyspear Missile Launcher,武器,中文行文已逐段精校，部分术语仍为暂定,正文/09-武器/1202.md,https://www.bilibili.com/opus/1006184960589037573
1203,天锤导弹发射器 Skyhammer Missile Launcher,武器,中文行文已逐段精校，部分术语仍为暂定,正文/09-武器/1203.md,https://www.bilibili.com/opus/1005823405916684292
1204,锤击导弹发射器 Hammerstrike Missile Launcher,武器,中文行文已逐段精校，部分术语仍为暂定,正文/09-武器/1204.md,https://www.bilibili.com/opus/1004335710871748632
1205,死风导弹发射器 Deathwind missile launcher,武器,中文行文已逐段精校，部分术语仍为暂定,正文/09-武器/1205.md,https://www.bilibili.com/opus/1003608525665992833
1206,落锤导弹发射器 Hammerfall Missile Launcher,武器,中文行文已逐段精校，部分术语仍为暂定,正文/09-武器/1206.md,https://www.bilibili.com/opus/1003958324963573764
1207,剑尾旋转导弹发射器 Xiphon Rotary Missile Launcher,武器,中文行文已逐段精校，部分术语仍为暂定,正文/09-武器/1207.md,https://www.bilibili.com/opus/1013394664503377941
1208,许珀里翁导弹发射器 Hyperios Missile Launcher,武器,中文行文已逐段精校，部分术语仍为暂定,正文/09-武器/1208.md,https://www.bilibili.com/opus/1004737814315663379
1209,旋风多管导弹发射器 Whirlwind multiple missile launcher,武器,中文行文已逐段精校，部分术语仍为暂定,正文/09-武器/1209.md,https://www.bilibili.com/opus/1006986457314754581
1210,火箭吊舱 Rocket Pod,武器,中文行文已逐段精校，部分术语仍为暂定,正文/09-武器/1210.md,https://www.bilibili.com/opus/1002866067560726537
1211,伊卡洛斯火箭舱 Icarus Rocket Pod,武器,中文行文已逐段精校，部分术语仍为暂定,正文/09-武器/1211.md,https://www.bilibili.com/opus/1004738329693913094
1212,长针火箭系统 Spicula Rocket System,武器,中文行文已逐段精校，部分术语仍为暂定,正文/09-武器/1212.md,https://www.bilibili.com/opus/1012483431350665225
1213,贝利卡图斯导弹阵列 Bellicatus Missile Array,武器,中文行文已逐段精校，部分术语仍为暂定,正文/09-武器/1213.md,https://www.bilibili.com/opus/1003243281623023635
1214,导弹 Missile,武器,中文行文已逐段精校，部分术语仍为暂定,正文/09-武器/1214.md,https://www.bilibili.com/opus/1006986637715963909
1215,北风防空导弹 Boreas Air Defence Missile,武器,中文行文已逐段精校，部分术语仍为暂定,正文/09-武器/1215.md,https://www.bilibili.com/opus/1011020848934420480
1216,风暴之怒导弹 Stormfury Missile,武器,中文行文已逐段精校，部分术语仍为暂定,正文/09-武器/1216.md,https://www.bilibili.com/opus/1006185033610821632
1217,风暴打击导弹 Stormstrike Missile,武器,中文行文已逐段精校，部分术语仍为暂定,正文/09-武器/1217.md,https://www.bilibili.com/opus/1006185102300938264
1218,鱼雷 Torpedo,武器,中文行文已逐段精校，部分术语仍为暂定,正文/09-武器/1218.md,https://www.bilibili.com/opus/1211786367912116232
1219,霰弹枪 Shotgun,武器,中文行文已逐段精校，部分术语仍为暂定,正文/09-武器/1219.md,https://www.bilibili.com/opus/1002474692927291417
1220,霰弹 Pellet-Filled Cannister Round,武器,中文行文已逐段精校，部分术语仍为暂定,正文/09-武器/1220.md,https://www.bilibili.com/opus/1002474503962361863
1221,榴弹发射器 Grenade launcher,武器,中文行文已逐段精校，部分术语仍为暂定,正文/09-武器/1221.md,https://www.bilibili.com/opus/997769156820467769
1222,辅助榴弹发射器 Auxiliary Grenade launcher,武器,中文行文已逐段精校，部分术语仍为暂定,正文/09-武器/1222.md,https://www.bilibili.com/opus/1001726724391567384
1223,复仇榴弹发射器 Vengeance Grenade Launcher,武器,中文行文已逐段精校，部分术语仍为暂定,正文/09-武器/1223.md,https://www.bilibili.com/opus/1001366114638233606
1224,腕戴式榴弹发射器 Wrist-Mounted Grenade Launcher,武器,中文行文已逐段精校，部分术语仍为暂定,正文/09-武器/1224.md,https://www.bilibili.com/opus/1002865629456236560
1225,背带式榴弹发射器 Grenade Harness Launcher,武器,中文行文已逐段精校，部分术语仍为暂定,正文/09-武器/1225.md,https://www.bilibili.com/opus/1001020313961496578
1226,自动发射器 Auto-launcher,武器,中文行文已逐段精校，部分术语仍为暂定,正文/09-武器/1226.md,https://www.bilibili.com/opus/1003243066887241746
1227,铁甲突击发射器 Ironclad Assault Launcher,武器,中文行文已逐段精校，部分术语仍为暂定,正文/09-武器/1227.md,https://www.bilibili.com/opus/1004738406983401496
1228,破片风暴榴弹发射器 Fragstorm Grenade Launcher,武器,中文行文已逐段精校，部分术语仍为暂定,正文/09-武器/1228.md,https://www.bilibili.com/opus/1001726655679430677
1229,穿甲风暴榴弹发射器 Krakstorm Grenade Launcher,武器,中文行文已逐段精校，部分术语仍为暂定,正文/09-武器/1229.md,https://www.bilibili.com/opus/1005074608428154884
1230,射网枪 Webber,武器,中文行文已逐段精校，部分术语仍为暂定,正文/09-武器/1230.md,https://www.bilibili.com/opus/998067669975433255
1231,阿斯塔特射网枪 Astartes Webber,武器,中文行文已逐段精校，部分术语仍为暂定,正文/09-武器/1231.md,https://www.bilibili.com/opus/1000256561368530944
1232,自动武器 Auto Weapon,武器,中文行文已逐段精校，部分术语仍为暂定,正文/09-武器/1232.md,https://www.bilibili.com/opus/1000618176140017669
1233,短管枪 Stub gun,武器,中文行文已逐段精校，部分术语仍为暂定,正文/09-武器/1233.md,https://www.bilibili.com/opus/1214747322614808610
1234,重机枪 Heavy Stubber,武器,中文行文已逐段精校，部分术语仍为暂定,正文/09-武器/1234.md,https://www.bilibili.com/opus/1004335865506299905
1235,转管炮 Rotor Cannon,武器,中文行文已逐段精校，部分术语仍为暂定,正文/09-武器/1235.md,https://www.bilibili.com/opus/1009181868513296387
1236,突击炮 Assault Cannon,武器,中文行文已逐段精校，部分术语仍为暂定,正文/09-武器/1236.md,https://www.bilibili.com/opus/1003243144220770329
1237,自动炮 Autocannon,武器,中文行文已逐段精校，部分术语仍为暂定,正文/09-武器/1237.md,https://www.bilibili.com/opus/1003242989575733251
1238,收割者自动炮 Reaper Autocannon,武器,中文行文已逐段精校，部分术语仍为暂定,正文/09-武器/1238.md,https://www.bilibili.com/opus/1010281530442907654
1239,加速自动炮 Accelerator Autocannon,武器,中文行文已逐段精校，部分术语仍为暂定,正文/09-武器/1239.md,https://www.bilibili.com/opus/1010753388439142401
1240,安维鲁斯短管自动炮 Anvilus Snub Autocannon,武器,中文行文已逐段精校，部分术语仍为暂定,正文/09-武器/1240.md,https://www.bilibili.com/opus/1011020496749199392
1241,伊卡洛斯风暴炮阵列 Icarus Stormcannon Array,武器,中文行文已逐段精校，部分术语仍为暂定,正文/09-武器/1241.md,https://www.bilibili.com/opus/1006184870401015808
1242,利维坦风暴炮 Leviathan Storm Cannon,武器,中文行文已逐段精校，部分术语仍为暂定,正文/09-武器/1242.md,https://www.bilibili.com/opus/1005075020785909778
1243,猛攻加特林炮 Onslaught Gatling Cannon,武器,中文行文已逐段精校，部分术语仍为暂定,正文/09-武器/1243.md,https://www.bilibili.com/opus/1005822993615552531
1244,惩罚者旋转炮 Punisher Rotary Cannon,武器,中文行文已逐段精校，部分术语仍为暂定,正文/09-武器/1244.md,https://www.bilibili.com/opus/1012147002242236425
1245,爆矢武器 Bolt Weapon,武器,中文行文已逐段精校，部分术语仍为暂定,正文/09-武器/1245.md,https://www.bilibili.com/opus/997729875057967142
1246,爆矢 Bolt,武器,中文行文已逐段精校，部分术语仍为暂定,正文/09-武器/1246.md,https://www.bilibili.com/opus/999872973552746496
1247,重爆矢 Heavy Bolt,武器,中文行文已逐段精校，部分术语仍为暂定,正文/09-武器/1247.md,https://www.bilibili.com/opus/1003957934151958547
1248,爆矢手枪 Bolt Pistol,武器,中文行文已逐段精校，部分术语仍为暂定,正文/09-武器/1248.md,https://www.bilibili.com/opus/999873050861109269
1249,爆矢枪 Boltgun,武器,中文行文已逐段精校，部分术语仍为暂定,正文/09-武器/1249.md,https://www.bilibili.com/opus/1000256746052124676
1250,重型爆矢枪 Heavy Bolter,武器,中文行文已逐段精校，部分术语仍为暂定,正文/09-武器/1250.md,https://www.bilibili.com/opus/1004335539081445382
1251,突击爆矢枪 Assault Bolter,武器,中文行文已逐段精校，部分术语仍为暂定,正文/09-武器/1251.md,https://www.bilibili.com/opus/999872814664122377
1252,风暴爆矢枪 Storm Bolter,武器,中文行文已逐段精校，部分术语仍为暂定,正文/09-武器/1252.md,https://www.bilibili.com/opus/1002474830398750743
1253,铸炉爆矢枪 Forge Bolter,武器,中文行文已逐段精校，部分术语仍为暂定,正文/09-武器/1253.md,https://www.bilibili.com/opus/1001020193675149318
1254,飓风爆矢枪 Hurricane Bolter,武器,中文行文已逐段精校，部分术语仍为暂定,正文/09-武器/1254.md,https://www.bilibili.com/opus/1004737449221423111
1255,灵能炮 Psycannon,武器,中文行文已逐段精校，部分术语仍为暂定,正文/09-武器/1255.md,https://www.bilibili.com/opus/1217716012657410080
1256,无罪判决 Acquittal,武器,中文行文已逐段精校，部分术语仍为暂定,正文/09-武器/1256.md,https://www.bilibili.com/opus/1007687133955096581
1257,哀悼 Lament,武器,中文行文已逐段精校，部分术语仍为暂定,正文/09-武器/1257.md,https://www.bilibili.com/opus/1008060289334116355
1258,原体之怒 Primarch's Wrath,武器,中文行文已逐段精校，部分术语仍为暂定,正文/09-武器/1258.md,https://www.bilibili.com/opus/1008411291224637464
1259,帝皇爆矢枪 Emperor's Bolter,武器,中文行文已逐段精校，部分术语仍为暂定,正文/09-武器/1259.md,https://www.bilibili.com/opus/1084131964128067584
1260,能量武器 Energy-based Weapon,武器,中文行文已逐段精校，部分术语仍为暂定,正文/09-武器/1260.md,https://www.bilibili.com/opus/1002865865680486450
1261,中子激光投射炮 Neutron Laser Projector,武器,中文行文已逐段精校，部分术语仍为暂定,正文/09-武器/1261.md,https://www.bilibili.com/opus/1011763826728632322
1262,转化光束投射炮 Conversion Beam Projector,武器,中文行文已逐段精校，部分术语仍为暂定,正文/09-武器/1262.md,https://www.bilibili.com/opus/1003608340958281734
1263,安巴里克爪 Anbaric Claw,武器,中文行文已逐段精校，部分术语仍为暂定,正文/09-武器/1263.md,https://www.bilibili.com/opus/1010753285358878723
1264,火焰武器 Flame Weapon,武器,中文行文已逐段精校，部分术语仍为暂定,正文/09-武器/1264.md,https://www.bilibili.com/opus/997698465970520064
1265,火焰喷射器 Flamer,武器,中文行文已逐段精校，部分术语仍为暂定,正文/09-武器/1265.md,https://www.bilibili.com/opus/1007687035177140227
1266,帝国火焰喷射器 Imperial Flamer,武器,中文行文已逐段精校，部分术语仍为暂定,正文/09-武器/1266.md,https://www.bilibili.com/opus/1000618094569193493
1267,焚火者火焰投射器 Pyroclast Flame Projector,武器,中文行文已逐段精校，部分术语仍为暂定,正文/09-武器/1267.md,https://www.bilibili.com/opus/1009983927860854785
1268,火焰手枪 Hand Flamer,武器,中文行文已逐段精校，部分术语仍为暂定,正文/09-武器/1268.md,https://www.bilibili.com/opus/1002090005632385032
1269,焚焰枪 Pyreblaster,武器,中文行文已逐段精校，部分术语仍为暂定,正文/09-武器/1269.md,https://www.bilibili.com/opus/1000617836833407015
1270,焚焰炮 Pyrecannon,武器,中文行文已逐段精校，部分术语仍为暂定,正文/09-武器/1270.md,https://www.bilibili.com/opus/1005823294270603272
1271,重型火焰喷射器 Heavy Flamer,武器,中文行文已逐段精校，部分术语仍为暂定,正文/09-武器/1271.md,https://www.bilibili.com/opus/1004335006505500694
1272,燃烧炮 Incendium Cannon,武器,中文行文已逐段精校，部分术语仍为暂定,正文/09-武器/1272.md,https://www.bilibili.com/opus/1001726569779036167
1273,炼狱炮 Inferno Gun,武器,中文行文已逐段精校，部分术语仍为暂定,正文/09-武器/1273.md,https://www.bilibili.com/opus/1011362852894670869
1274,火焰风暴炮 Flamestorm Cannon,武器,中文行文已逐段精校，部分术语仍为暂定,正文/09-武器/1274.md,https://www.bilibili.com/opus/1003958015757385734
1275,焚化枪 Incinerator,武器,中文行文已逐段精校，部分术语仍为暂定,正文/09-武器/1275.md,https://www.bilibili.com/opus/1218922026538893381
1276,热熔武器 Melta Weapon,武器,中文行文已逐段精校，部分术语仍为暂定,正文/09-武器/1276.md,https://www.bilibili.com/opus/999549489488330759
1277,热熔枪 Melta Gun,武器,中文行文已逐段精校，部分术语仍为暂定,正文/09-武器/1277.md,https://www.bilibili.com/opus/1002474757379063811
1278,热熔步枪 Melta Rifle,武器,中文行文已逐段精校，部分术语仍为暂定,正文/09-武器/1278.md,https://www.bilibili.com/opus/1001365835452776449
1279,地狱火手枪 Inferno Pistol,武器,中文行文已逐段精校，部分术语仍为暂定,正文/09-武器/1279.md,https://www.bilibili.com/opus/1002090155931074565
1280,多管热熔 Multi-melta,武器,中文行文已逐段精校，部分术语仍为暂定,正文/09-武器/1280.md,https://www.bilibili.com/opus/1005482720521879575
1281,热熔爆破炮 Melta Blast-Gun,武器,中文行文已逐段精校，部分术语仍为暂定,正文/09-武器/1281.md,https://www.bilibili.com/opus/1011362964569063444
1282,热熔毁灭炮 Melta Destroyer,武器,中文行文已逐段精校，部分术语仍为暂定,正文/09-武器/1282.md,https://www.bilibili.com/opus/1005482561631158290
1283,巨型热熔 Magna-Melta,武器,中文行文已逐段精校，部分术语仍为暂定,正文/09-武器/1283.md,https://www.bilibili.com/opus/1005482484334329896
1284,攻城热熔阵列 Siege Melta Array,武器,中文行文已逐段精校，部分术语仍为暂定,正文/09-武器/1284.md,https://www.bilibili.com/opus/1012147174054559747
1285,旋风热熔光矛 Cyclonic Melta Lance,武器,中文行文已逐段精校，部分术语仍为暂定,正文/09-武器/1285.md,https://www.bilibili.com/opus/1011020947734396964
1286,重力武器 Graviton Weapon,武器,中文行文已逐段精校，部分术语仍为暂定,正文/09-武器/1286.md,https://www.bilibili.com/opus/998095917951221767
1287,重力手枪 Graviton Pistol,武器,中文行文已逐段精校，部分术语仍为暂定,正文/09-武器/1287.md,https://www.bilibili.com/opus/1000617982863343637
1288,重力枪 Graviton Gun,武器,中文行文已逐段精校，部分术语仍为暂定,正文/09-武器/1288.md,https://www.bilibili.com/opus/1002089924028006448
1289,重力炮 Graviton Cannon,武器,中文行文已逐段精校，部分术语仍为暂定,正文/09-武器/1289.md,https://www.bilibili.com/opus/1003958123108499491
1290,重力充能炮 Graviton Charge Cannon,武器,中文行文已逐段精校，部分术语仍为暂定,正文/09-武器/1290.md,https://www.bilibili.com/opus/1011362401919959057
1291,重力通量轰击炮 Grav Flux Bombard,武器,中文行文已逐段精校，部分术语仍为暂定,正文/09-武器/1291.md,https://www.bilibili.com/opus/1003958239066325016
1292,等离子武器 Plasma Weapon,武器,中文行文已逐段精校，部分术语仍为暂定,正文/09-武器/1292.md,https://www.bilibili.com/opus/999549588295647232
1293,等离子切割枪 Plasma Cutter,武器,中文行文已逐段精校，部分术语仍为暂定,正文/09-武器/1293.md,https://www.bilibili.com/opus/1001365899894063112
1294,等离子枪 Plasma Gun,武器,中文行文已逐段精校，部分术语仍为暂定,正文/09-武器/1294.md,https://www.bilibili.com/opus/1002090228941324288
1295,等离子焚化枪 Plasma Incinerator,武器,中文行文已逐段精校，部分术语仍为暂定,正文/09-武器/1295.md,https://www.bilibili.com/opus/1001020438514499592
1296,等离子爆破枪 Plasma Blaster,武器,中文行文已逐段精校，部分术语仍为暂定,正文/09-武器/1296.md,https://www.bilibili.com/opus/1009982965775597573
1297,等离子连射枪 Plasma Repeater,武器,中文行文已逐段精校，部分术语仍为暂定,正文/09-武器/1297.md,https://www.bilibili.com/opus/1009983773255663623
1298,等离子燃烧枪 Plasma Burner,武器,中文行文已逐段精校，部分术语仍为暂定,正文/09-武器/1298.md,https://www.bilibili.com/opus/1009983498364125189
1299,等离子手枪 Plasma Pistol,武器,中文行文已逐段精校，部分术语仍为暂定,正文/09-武器/1299.md,https://www.bilibili.com/opus/1002474589867999235
1300,等离子灭绝枪 Plasma Exterminator,武器,中文行文已逐段精校，部分术语仍为暂定,正文/09-武器/1300.md,https://www.bilibili.com/opus/1001365968605151257
1301,等离子炮 Plasma Cannon,武器,中文行文已逐段精校，部分术语仍为暂定,正文/09-武器/1301.md,https://www.bilibili.com/opus/1005823101008609287
1302,行刑者加农炮 Executioner Cannon,武器,中文行文已逐段精校，部分术语仍为暂定,正文/09-武器/1302.md,https://www.bilibili.com/opus/1009530929080696836
1303,等离子根除炮 Plasma Eradicator,武器,中文行文已逐段精校，部分术语仍为暂定,正文/09-武器/1303.md,https://www.bilibili.com/opus/1005823199757205526
1304,等离子爆破炮 Plasma Blastgun,武器,中文行文已逐段精校，部分术语仍为暂定,正文/09-武器/1304.md,https://www.bilibili.com/opus/1011764363605835795
1305,等离子毁灭炮 Plasma Destroyer,武器,中文行文已逐段精校，部分术语仍为暂定,正文/09-武器/1305.md,https://www.bilibili.com/opus/1012146362305740821
1306,狱火等离子大炮 Hellfire Plasma Cannonade,武器,中文行文已逐段精校，部分术语仍为暂定,正文/09-武器/1306.md,https://www.bilibili.com/opus/1011362573709213719
1307,欧米伽等离子阵列 Omega Plasma Array,武器,中文行文已逐段精校，部分术语仍为暂定,正文/09-武器/1307.md,https://www.bilibili.com/opus/1011763964185411589
1308,激光武器 Laser Weapon,武器,中文行文已逐段精校，部分术语仍为暂定,正文/09-武器/1308.md,https://www.bilibili.com/opus/999872896232849409
1309,激光切割枪 Lascutter,武器,中文行文已逐段精校，部分术语仍为暂定,正文/09-武器/1309.md,https://www.bilibili.com/opus/1009982811168309251
1310,激光狙击枪 Las Fusils,武器,中文行文已逐段精校，部分术语仍为暂定,正文/09-武器/1310.md,https://www.bilibili.com/opus/1001020524378193925
1311,激光炮 Lascannon,武器,中文行文已逐段精校，部分术语仍为暂定,正文/09-武器/1311.md,https://www.bilibili.com/opus/1005074681484541960
1312,激光爪 Las-talon,武器,中文行文已逐段精校，部分术语仍为暂定,正文/09-武器/1312.md,https://www.bilibili.com/opus/1005074814628528136
1313,火山炮 Volcano Cannon,武器,中文行文已逐段精校，部分术语仍为暂定,正文/09-武器/1313.md,https://www.bilibili.com/opus/1012483667573866496
1314,激光撕裂炮 Las-Ripper,武器,中文行文已逐段精校，部分术语仍为暂定,正文/09-武器/1314.md,https://www.bilibili.com/opus/1005074750187241481
1315,激光毁灭炮 Laser Destroyer,武器,中文行文已逐段精校，部分术语仍为暂定,正文/09-武器/1315.md,https://www.bilibili.com/opus/1004335079496876067
1316,涡轮激光破坏炮 Turbo-Laser Destructor,武器,中文行文已逐段精校，部分术语仍为暂定,正文/09-武器/1316.md,https://www.bilibili.com/opus/1006596242357092359
1317,阿拉克纳斯重型激光炮 Arachnus Heavy Lascannon,武器,中文行文已逐段精校，部分术语仍为暂定,正文/09-武器/1317.md,https://www.bilibili.com/opus/1011020586947706899
1318,爆燃武器 Volkite Weapon,武器,中文行文已逐段精校，部分术语仍为暂定,正文/09-武器/1318.md,https://www.bilibili.com/opus/1008412596914618372
1319,爆燃蛇铳 Volkite Serpenta,武器,中文行文已逐段精校，部分术语仍为暂定,正文/09-武器/1319.md,https://www.bilibili.com/opus/1010281624955256867
1320,爆燃突击铳 Volkite Charger,武器,中文行文已逐段精校，部分术语仍为暂定,正文/09-武器/1320.md,https://www.bilibili.com/opus/1010281968543203368
1321,爆燃火铳 Volkite Caliver,武器,中文行文已逐段精校，部分术语仍为暂定,正文/09-武器/1321.md,https://www.bilibili.com/opus/1010752310409691142
1322,空腔爆燃铳 Volkite Cavitor,武器,中文行文已逐段精校，部分术语仍为暂定,正文/09-武器/1322.md,https://www.bilibili.com/opus/1010281809602150400
1323,爆燃长炮 Volkite Culverin,武器,中文行文已逐段精校，部分术语仍为暂定,正文/09-武器/1323.md,https://www.bilibili.com/opus/1012483757753499654
1324,爆燃臼炮 Volkite Cardanelle,武器,中文行文已逐段精校，部分术语仍为暂定,正文/09-武器/1324.md,https://www.bilibili.com/opus/1012875995639709705
1325,爆燃隼炮 Volkite Falconet,武器,中文行文已逐段精校，部分术语仍为暂定,正文/09-武器/1325.md,https://www.bilibili.com/opus/1012876322050932739
1326,爆燃短重炮 Volkite Carronade,武器,中文行文已逐段精校，部分术语仍为暂定,正文/09-武器/1326.md,https://www.bilibili.com/opus/1012876085815148551
1327,爆燃长管炮 Volkite Saker,武器,中文行文已逐段精校，部分术语仍为暂定,正文/09-武器/1327.md,https://www.bilibili.com/opus/1012876420824694789
1328,仿生部件 Bionics,装备,中文行文已逐段精校，部分术语仍为暂定,正文/10-装备/1328.md,https://www.bilibili.com/opus/1013394746089930752
1329,伺服臂 Servo-arm,装备,中文行文已逐段精校，部分术语仍为暂定,正文/10-装备/1329.md,https://www.bilibili.com/opus/1015085107783925778
1330,伺服套件 Servo-harness,装备,中文行文已逐段精校，部分术语仍为暂定,正文/10-装备/1330.md,https://www.bilibili.com/opus/1015578444915802179
1331,瞄准网络 Targetting-Web,装备,中文行文已逐段精校，部分术语仍为暂定,正文/10-装备/1331.md,https://www.bilibili.com/opus/1015085502913576966
1332,悬带网络 Suspensor Web,装备,中文行文已逐段精校，部分术语仍为暂定,正文/10-装备/1332.md,https://www.bilibili.com/opus/1015577770601742372
1333,声控装置 Vox-Operated,装备,中文行文已逐段精校，部分术语仍为暂定,正文/10-装备/1333.md,https://www.bilibili.com/opus/1015955332550098951
1334,重力放大器 Grav-Amp,装备,中文行文已逐段精校，部分术语仍为暂定,正文/10-装备/1334.md,https://www.bilibili.com/opus/1014001642126704692
1335,三脚架 Tripod,装备,中文行文已逐段精校，部分术语仍为暂定,正文/10-装备/1335.md,https://www.bilibili.com/opus/1015955113538224128
1336,切割喷灯 Cutter Torches,装备,中文行文已逐段精校，部分术语仍为暂定,正文/10-装备/1336.md,https://www.bilibili.com/opus/1014001324292833283
1337,变色龙伪装篷布 Cameleoline Tarpaulin,装备,中文行文已逐段精校，部分术语仍为暂定,正文/10-装备/1337.md,https://www.bilibili.com/opus/1013394913611481109
1338,渗透涂剂 Infiltriol,装备,中文行文已逐段精校，部分术语仍为暂定,正文/10-装备/1338.md,https://www.bilibili.com/opus/1014323726024441856
1339,跳跃背包 Jump Pack,装备,中文行文已逐段精校，部分术语仍为暂定,正文/10-装备/1339.md,https://www.bilibili.com/opus/1014323897830473734
1340,重力伞 Grav Chutes,装备,中文行文已逐段精校，部分术语仍为暂定,正文/10-装备/1340.md,https://www.bilibili.com/opus/1014001809636720643
1341,抓钩发射器 Grapnel Launcher,装备,中文行文已逐段精校，部分术语仍为暂定,正文/10-装备/1341.md,https://www.bilibili.com/opus/1001020253824614403
1342,扫描仪 Scanner,装备,中文行文已逐段精校，部分术语仍为暂定,正文/10-装备/1342.md,https://www.bilibili.com/opus/1013394823409827843
1343,全景观察镜 Omniscope,装备,中文行文已逐段精校，部分术语仍为暂定,正文/10-装备/1343.md,https://www.bilibili.com/opus/1014774259530072103
1344,目标指示器 Signum,装备,中文行文已逐段精校，部分术语仍为暂定,正文/10-装备/1344.md,https://www.bilibili.com/opus/1015085258087858194
1345,追猎者标记 Stalker Flare,装备,中文行文已逐段精校，部分术语仍为暂定,正文/10-装备/1345.md,https://www.bilibili.com/opus/1015085335408803864
1346,重力照明弹 Grav-flares,装备,中文行文已逐段精校，部分术语仍为暂定,正文/10-装备/1346.md,https://www.bilibili.com/opus/1014001899845713929
1347,光束探照灯 Photon Beam Searchlight,装备,中文行文已逐段精校，部分术语仍为暂定,正文/10-装备/1347.md,https://www.bilibili.com/opus/1014774658955739140
1348,发光信号照明器 Luminator Signal Flare Capsules,装备,中文行文已逐段精校，部分术语仍为暂定,正文/10-装备/1348.md,https://www.bilibili.com/opus/1015578749820731392
1349,通讯器 Vox-caster,装备,中文行文已逐段精校，部分术语仍为暂定,正文/10-装备/1349.md,https://www.bilibili.com/opus/1215497219606577154
1350,全频干扰器 Omni-Scrambler,装备,中文行文已逐段精校，部分术语仍为暂定,正文/10-装备/1350.md,https://www.bilibili.com/opus/1014774418406113299
1351,时间扭曲器 Timewarper,装备,中文行文已逐段精校，部分术语仍为暂定,正文/10-装备/1351.md,https://www.bilibili.com/opus/1015578114175008788
1352,冷冻箱 Cryo-Box,装备,中文行文已逐段精校，部分术语仍为暂定,正文/10-装备/1352.md,https://www.bilibili.com/opus/1014000203338874934
1353,医疗套件 Narthecium,装备,中文行文已逐段精校，部分术语仍为暂定,正文/10-装备/1353.md,https://www.bilibili.com/opus/1014324078239023108
1354,螺旋型医疗套件 Helix-pattern Narthecium,装备,中文行文已逐段精校，部分术语仍为暂定,正文/10-装备/1354.md,https://www.bilibili.com/opus/1017339652092198914
1355,医疗臂铠 Helix Gauntlet,装备,中文行文已逐段精校，部分术语仍为暂定,正文/10-装备/1355.md,https://www.bilibili.com/opus/1012876227570040833
1356,刽子手 Carnifex,装备,中文行文已逐段精校，部分术语仍为暂定,正文/10-装备/1356.md,https://www.bilibili.com/opus/1015954851526344706
1357,手榴弹 Grenade,装备,中文行文已逐段精校，部分术语仍为暂定,正文/10-装备/1357.md,https://www.bilibili.com/opus/1008791395852353575
1358,破片手榴弹 Frag Grenade,装备,中文行文已逐段精校，部分术语仍为暂定,正文/10-装备/1358.md,https://www.bilibili.com/opus/1006986727870431236
1359,穿甲手榴弹 Krak Grenade,装备,中文行文已逐段精校，部分术语仍为暂定,正文/10-装备/1359.md,https://www.bilibili.com/opus/1007296725744877574
1360,光子闪光弹 Photon Flash Flare,装备,中文行文已逐段精校，部分术语仍为暂定,正文/10-装备/1360.md,https://www.bilibili.com/opus/1007297004899926050
1361,震撼手榴弹 Shock Grenade,装备,中文行文已逐段精校，部分术语仍为暂定,正文/10-装备/1361.md,https://www.bilibili.com/opus/1007686661517082659
1362,窒息手榴弹 Choke Grenade,装备,中文行文已逐段精校，部分术语仍为暂定,正文/10-装备/1362.md,https://www.bilibili.com/opus/1215218905774030870
1363,净化瓶 Purification Vial,装备,中文行文已逐段精校，部分术语仍为暂定,正文/10-装备/1363.md,https://www.bilibili.com/opus/1007297103713533988
1364,热熔炸弹 Melta Bomb,装备,中文行文已逐段精校，部分术语仍为暂定,正文/10-装备/1364.md,https://www.bilibili.com/opus/1007296803067920387
1365,磷化炸弹 Phosphex Bomb,装备,中文行文已逐段精校，部分术语仍为暂定,正文/10-装备/1365.md,https://www.bilibili.com/opus/1011764097306329113
1366,攻坚炸药 Breacher Charge,装备,中文行文已逐段精校，部分术语仍为暂定,正文/10-装备/1366.md,https://www.bilibili.com/opus/1009530662810550280
1367,遥控炸药包 Remote Detonation Pack,装备,中文行文已逐段精校，部分术语仍为暂定,正文/10-装备/1367.md,https://www.bilibili.com/opus/1007297193882681349
1368,破片突击发射器 Frag Assault Launcher,装备,中文行文已逐段精校，部分术语仍为暂定,正文/10-装备/1368.md,https://www.bilibili.com/opus/1048518949968281600
1369,紊乱地雷 Haywire Mine,装备,中文行文已逐段精校，部分术语仍为暂定,正文/10-装备/1369.md,https://www.bilibili.com/opus/1006986856735178769
1370,集束地雷 Cluster Mine,装备,中文行文已逐段精校，部分术语仍为暂定,正文/10-装备/1370.md,https://www.bilibili.com/opus/1006986556073836547
1371,病毒炸弹 Virus bomb,装备,中文行文已逐段精校，部分术语仍为暂定,正文/10-装备/1371.md,https://www.bilibili.com/opus/1193900517773803520
1372,铁光环 Iron Halo,装备,中文行文已逐段精校，部分术语仍为暂定,正文/10-装备/1372.md,https://www.bilibili.com/opus/1017649113048547333
1373,灵能兜帽 Psychic Hood,装备,中文行文已逐段精校，部分术语仍为暂定,正文/10-装备/1373.md,https://www.bilibili.com/opus/1014774822143524881
1374,神经护罩 Neural Shroud,装备,中文行文已逐段精校，部分术语仍为暂定,正文/10-装备/1374.md,https://www.bilibili.com/opus/1017649387947425794
1375,偏转力场 Shift Field,装备,中文行文已逐段精校，部分术语仍为暂定,正文/10-装备/1375.md,https://www.bilibili.com/opus/1015085176481382423
1376,玫瑰念珠 Rosarius,装备,中文行文已逐段精校，部分术语仍为暂定,正文/10-装备/1376.md,https://www.bilibili.com/opus/1017339991353720835
1377,治愈者之盾 Healer's Aegis,装备,中文行文已逐段精校，部分术语仍为暂定,正文/10-装备/1377.md,https://www.bilibili.com/opus/1017339381507162129
1378,跳帮盾 Boarding Shield,装备,中文行文已逐段精校，部分术语仍为暂定,正文/10-装备/1378.md,https://www.bilibili.com/opus/1016277339174076423
1379,战斗盾 Combat Shield,装备,中文行文已逐段精校，部分术语仍为暂定,正文/10-装备/1379.md,https://www.bilibili.com/opus/1016663070178541568
1380,天使精工 Angel Artifice,装备,中文行文已逐段精校，部分术语仍为暂定,正文/10-装备/1380.md,https://www.bilibili.com/opus/1016916997239210002
1381,风暴盾 Storm Shield,装备,中文行文已逐段精校，部分术语仍为暂定,正文/10-装备/1381.md,https://www.bilibili.com/opus/1016663267732357138
1382,永恒之盾 Shield Eternal,装备,中文行文已逐段精校，部分术语仍为暂定,正文/10-装备/1382.md,https://www.bilibili.com/opus/1018028594883985417
1383,帝皇之盾 Emperor's Shield,装备,中文行文已逐段精校，部分术语仍为暂定,正文/10-装备/1383.md,https://www.bilibili.com/opus/1085992213239824408
1384,防暴盾 Riot Shield,装备,中文行文已逐段精校，部分术语仍为暂定,正文/10-装备/1384.md,https://www.bilibili.com/opus/1215203443887570950
1385,甲壳盔甲 Carapace Armour,装备,中文行文已逐段精校，部分术语仍为暂定,正文/10-装备/1385.md,https://www.bilibili.com/opus/1016277420776357889
1386,动力盔甲 Power Armour,装备,中文行文已逐段精校，部分术语仍为暂定,正文/10-装备/1386.md,https://www.bilibili.com/opus/1016663143197179909
1387,终结者盔甲 Terminator Armour,装备,中文行文已逐段精校，部分术语仍为暂定,正文/10-装备/1387.md,https://www.bilibili.com/opus/1016663336465465360
1388,敏捷盔甲 Armour of Alacrity,装备,中文行文已逐段精校，部分术语仍为暂定,正文/10-装备/1388.md,https://www.bilibili.com/opus/1016277008422797333
1389,精工盔甲 Artificer Armour,装备,中文行文已逐段精校，部分术语仍为暂定,正文/10-装备/1389.md,https://www.bilibili.com/opus/1016277261849985049
1390,不屈盔甲 Armour Indomitus,装备,中文行文已逐段精校，部分术语仍为暂定,正文/10-装备/1390.md,https://www.bilibili.com/opus/1016917675833556996
1391,真一盔甲 One True Armour,装备,中文行文已逐段精校，部分术语仍为暂定,正文/10-装备/1391.md,https://www.bilibili.com/opus/1084131749325176832
1392,持久守护者 Endurant Protector,装备,中文行文已逐段精校，部分术语仍为暂定,正文/10-装备/1392.md,https://www.bilibili.com/opus/1016918105335529480
1393,精金胸甲 Adamantine Cuirass,装备,中文行文已逐段精校，部分术语仍为暂定,正文/10-装备/1393.md,https://www.bilibili.com/opus/1016276922533937161
1394,精金斗篷 Adamantine Mantle,装备,中文行文已逐段精校，部分术语仍为暂定,正文/10-装备/1394.md,https://www.bilibili.com/opus/1016916675091496964
1395,幽灵编织斗篷 Ghostweave Cloak,装备,中文行文已逐段精校，部分术语仍为暂定,正文/10-装备/1395.md,https://www.bilibili.com/opus/1017340416581697561
1396,传送信标 Teleport Homer,装备,中文行文已逐段精校，部分术语仍为暂定,正文/10-装备/1396.md,https://www.bilibili.com/opus/1015578268792782867
1397,通信信标 Communication Beacon,装备,中文行文已逐段精校，部分术语仍为暂定,正文/10-装备/1397.md,https://www.bilibili.com/opus/1013395175604486168
1398,定位信标 Locator Beacon,装备,中文行文已逐段精校，部分术语仍为暂定,正文/10-装备/1398.md,https://www.bilibili.com/opus/1014323975132545031
1399,干扰信标 Jamming Beacon,装备,中文行文已逐段精校，部分术语仍为暂定,正文/10-装备/1399.md,https://www.bilibili.com/opus/1014323816235532289
1400,圣遗物 Holy relics,装备,中文行文已逐段精校，部分术语仍为暂定,正文/10-装备/1400.md,https://www.bilibili.com/opus/1017342353615093763
1401,时殁装置 Tempormortis,装备,中文行文已逐段精校，部分术语仍为暂定,正文/10-装备/1401.md,https://www.bilibili.com/opus/1015954946006188084
1402,纯洁印记 Purity seal,装备,中文行文已逐段精校，部分术语仍为暂定,正文/10-装备/1402.md,https://www.bilibili.com/opus/1014775371888853001
1403,激昂荣誉 Honour Vehement,装备,中文行文已逐段精校，部分术语仍为暂定,正文/10-装备/1403.md,https://www.bilibili.com/opus/1017649005658636288
1404,帝皇审判 Emperor's Judgement,装备,中文行文已逐段精校，部分术语仍为暂定,正文/10-装备/1404.md,https://www.bilibili.com/opus/1016917869080870917
1405,音阵之魂 Vox Espiritum,装备,中文行文已逐段精校，部分术语仍为暂定,正文/10-装备/1405.md,https://www.bilibili.com/opus/1018028947098566693
1406,终结者十字章 Crux Terminatus,装备,中文行文已逐段精校，部分术语仍为暂定,正文/10-装备/1406.md,https://www.bilibili.com/opus/1015955027612663810
1407,加塔拉莫圣骨匣 Reliquary of Gathalamor,装备,中文行文已逐段精校，部分术语仍为暂定,正文/10-装备/1407.md,https://www.bilibili.com/opus/1017649546846535687
1408,牺牲之旗 Pennant of the Fallen,装备,中文行文已逐段精校，部分术语仍为暂定,正文/10-装备/1408.md,https://www.bilibili.com/opus/1017649237618327557
1409,帝皇崛起之旗 Standard of the Emperor Ascendant,装备,中文行文已逐段精校，部分术语仍为暂定,正文/10-装备/1409.md,https://www.bilibili.com/opus/1018028749530071040
1410,智控改造任务单元 Cyber-Altered Task unit,装备,中文行文已逐段精校，部分术语仍为暂定,正文/10-装备/1410.md,https://www.bilibili.com/opus/1043725246774902801
1411,火蜂 Fire Wasp,装备,中文行文已逐段精校，部分术语仍为暂定,正文/10-装备/1411.md,https://www.bilibili.com/opus/1044125855590121488
1412,毁灭无人机 Devastation Drone,装备,中文行文已逐段精校，部分术语仍为暂定,正文/10-装备/1412.md,https://www.bilibili.com/opus/1043725470099570693
1413,格斗天鹰 Grapplehawk,装备,中文行文已逐段精校，部分术语仍为暂定,正文/10-装备/1413.md,https://www.bilibili.com/opus/1214755049271459881
1414,智控獒犬 Cyber-Mastiffs,装备,中文行文已逐段精校，部分术语仍为暂定,正文/10-装备/1414.md,https://www.bilibili.com/opus/1215211174830800904
1415,探照灯 Searchlight,装备,中文行文已逐段精校，部分术语仍为暂定,正文/10-装备/1415.md,https://www.bilibili.com/opus/1048519817543286792
1416,推土铲刀 Dozer Blade,装备,中文行文已逐段精校，部分术语仍为暂定,正文/10-装备/1416.md,https://www.bilibili.com/opus/1048192231806074883
1417,烟雾发射器 Smoke Launcher,装备,中文行文已逐段精校，部分术语仍为暂定,正文/10-装备/1417.md,https://www.bilibili.com/opus/1048520122507984905
1418,攻城盾 Siege Shield,装备,中文行文已逐段精校，部分术语仍为暂定,正文/10-装备/1418.md,https://www.bilibili.com/opus/1016663199013928961
1419,额外装甲 Extra Armour,装备,中文行文已逐段精校，部分术语仍为暂定,正文/10-装备/1419.md,https://www.bilibili.com/opus/1048192343480467461
1420,精工车体 Artificer Hull,装备,中文行文已逐段精校，部分术语仍为暂定,正文/10-装备/1420.md,https://www.bilibili.com/opus/1048192154488274950
1421,枢轴武器 Pintle weapon,装备,中文行文已逐段精校，部分术语仍为暂定,正文/10-装备/1421.md,https://www.bilibili.com/opus/1048519293550985218
1422,猎杀导弹 Hunter-Killer Missile,装备,中文行文已逐段精校，部分术语仍为暂定,正文/10-装备/1422.md,https://www.bilibili.com/opus/1004737535099797504
1423,反重力载具 Grav-vehicle,载具,中文行文已逐段精校，部分术语仍为暂定,正文/11-载具/1423.md,https://www.bilibili.com/opus/1211492592099786790
1424,战斗坦克 Battle tank,载具,中文行文已逐段精校，部分术语仍为暂定,正文/11-载具/1424.md,https://www.bilibili.com/opus/1216981564650422292
1425,超重型载具 Super Heavy Vehicle,载具,中文行文已逐段精校，部分术语仍为暂定,正文/11-载具/1425.md,https://www.bilibili.com/opus/1211778641276436504
1426,自动堡垒载具 Auto-castelator,载具,中文行文已逐段精校，部分术语仍为暂定,正文/11-载具/1426.md,https://www.bilibili.com/opus/1044125739620761601
1427,普卢托纳型突击钻 Plutona Assault Drill,载具,中文行文已逐段精校，部分术语仍为暂定,正文/11-载具/1427.md,https://www.bilibili.com/opus/1046644016381165575
1428,地幔岩大型突击钻 Mantolith Large Assault Drill,载具,中文行文已逐段精校，部分术语仍为暂定,正文/11-载具/1428.md,https://www.bilibili.com/opus/1046644102295191591
1429,白蚁隧道运输车 Termite Tunneling Transport Vehicle,载具,中文行文已逐段精校，部分术语仍为暂定,正文/11-载具/1429.md,https://www.bilibili.com/opus/1046643921899225091
1430,监禁者灵能隔离载具 Incarcerator Psychic Shielded Vehicle,载具,中文行文已逐段精校，部分术语仍为暂定,正文/11-载具/1430.md,https://www.bilibili.com/opus/1214376233173778433
1431,斥责者人群控制载具 Castigator Crowd Control Vehicle,载具,中文行文已逐段精校，部分术语仍为暂定,正文/11-载具/1431.md,https://www.bilibili.com/opus/1215489493019131928
1432,落锤堡 Hammerfall Bunker,载具,中文行文已逐段精校，部分术语仍为暂定,正文/11-载具/1432.md,https://www.bilibili.com/opus/1043725173778284546
1433,狼蛛哨戒炮 Tarantula Sentry Gun,载具,中文行文已逐段精校，部分术语仍为暂定,正文/11-载具/1433.md,https://www.bilibili.com/opus/1043725027738910724
1434,先锋哨戒炮 Spearhead Sentry Gun,载具,中文行文已逐段精校，部分术语仍为暂定,正文/11-载具/1434.md,https://www.bilibili.com/opus/1012147294316789777
1435,细剑装甲载具 Rapier Armoured Carrier,载具,中文行文已逐段精校，部分术语仍为暂定,正文/11-载具/1435.md,https://www.bilibili.com/opus/1043725109375795201
1436,炎击伺服炮台 Firestrike Servo-turret,载具,中文行文已逐段精校，部分术语仍为暂定,正文/11-载具/1436.md,https://www.bilibili.com/opus/1023297759550111797
1437,不败者战术机甲 Invictor Tactical Warsuit,载具,中文行文已逐段精校，部分术语仍为暂定,正文/11-载具/1437.md,https://www.bilibili.com/opus/1039569986208661512
1438,无畏机甲 Dreadnought,载具,中文行文已逐段精校，部分术语仍为暂定,正文/11-载具/1438.md,https://www.bilibili.com/opus/1037679921390944258
1439,神圣无畏机甲 Venerable Dreadnought,载具,中文行文已逐段精校，部分术语仍为暂定,正文/11-载具/1439.md,https://www.bilibili.com/opus/1045149655485120513
1440,智库无畏机甲 Librarian Dreadnought,载具,中文行文已逐段精校，部分术语仍为暂定,正文/11-载具/1440.md,https://www.bilibili.com/opus/1038072876552421398
1441,教士无畏机甲 Chaplain Dreadnought,载具,中文行文已逐段精校，部分术语仍为暂定,正文/11-载具/1441.md,https://www.bilibili.com/opus/1037679998698258457
1442,铁甲无畏机甲 Ironclad Dreadnought,载具,中文行文已逐段精校，部分术语仍为暂定,正文/11-载具/1442.md,https://www.bilibili.com/opus/1038072713317449729
1443,地狱火无畏机甲 Hellfire Dreadnought,载具,中文行文已逐段精校，部分术语仍为暂定,正文/11-载具/1443.md,https://www.bilibili.com/opus/1038072571588771848
1444,攻城无畏机甲 Siege Dreadnought,载具,中文行文已逐段精校，部分术语仍为暂定,正文/11-载具/1444.md,https://www.bilibili.com/opus/1038073134261993480
1445,狂怒无畏机甲 Furibundus dreadnought,载具,中文行文已逐段精校，部分术语仍为暂定,正文/11-载具/1445.md,https://www.bilibili.com/opus/1044403426444705800
1446,暴烈无畏机甲 Furioso Dreadnought,载具,中文行文已逐段精校，部分术语仍为暂定,正文/11-载具/1446.md,https://www.bilibili.com/opus/1037680174826520581
1447,死亡连队无畏机甲 Death Company Dreadnought,载具,中文行文已逐段精校，部分术语仍为暂定,正文/11-载具/1447.md,https://www.bilibili.com/opus/1037680084608090119
1448,狼人无畏机甲 Wulfen Dreadnought,载具,中文行文已逐段精校，部分术语仍为暂定,正文/11-载具/1448.md,https://www.bilibili.com/opus/1038438154925768705
1449,灰骑士无畏机甲 Grey Knights Dreadnought,载具,中文行文已逐段精校，部分术语仍为暂定,正文/11-载具/1449.md,https://www.bilibili.com/opus/1037680312260231170
1450,莫提斯无畏机甲 Mortis Dreadnought,载具,中文行文已逐段精校，部分术语仍为暂定,正文/11-载具/1450.md,https://www.bilibili.com/opus/1038073044041465874
1451,救赎者无畏机甲 Redemptor Dreadnought,载具,中文行文已逐段精校，部分术语仍为暂定,正文/11-载具/1451.md,https://www.bilibili.com/opus/1038438064742989840
1452,蔑视者型无畏机甲 Contemptor Pattern Dreadnought,载具,中文行文已逐段精校，部分术语仍为暂定,正文/11-载具/1452.md,https://www.bilibili.com/opus/1044126108992143361
1453,德雷都型无畏机甲 Deredeo Pattern Dreadnought,载具,中文行文已逐段精校，部分术语仍为暂定,正文/11-载具/1453.md,https://www.bilibili.com/opus/1044403173013323778
1454,路西法型无畏机甲 Lucifer Pattern Dreadnought,载具,中文行文已逐段精校，部分术语仍为暂定,正文/11-载具/1454.md,https://www.bilibili.com/opus/1044403327613272088
1455,利维坦攻城无畏机甲 Leviathan pattern Siege Dreadnought,载具,中文行文已逐段精校，部分术语仍为暂定,正文/11-载具/1455.md,https://www.bilibili.com/opus/1044403258926301207
1456,泰坦 Titan,载具,中文行文已逐段精校，部分术语仍为暂定,正文/11-载具/1456.md,https://www.bilibili.com/opus/1191811647553929253
1457,摩托 Bike,载具,中文行文已逐段精校，部分术语仍为暂定,正文/11-载具/1457.md,https://www.bilibili.com/opus/1038438262292611076
1458,星际战士摩托 Space Marine Bike,载具,中文行文已逐段精校，部分术语仍为暂定,正文/11-载具/1458.md,https://www.bilibili.com/opus/1038438395440791553
1459,帝国喷气摩托 Imperial jetbike,载具,中文行文已逐段精校，部分术语仍为暂定,正文/11-载具/1459.md,https://www.bilibili.com/opus/1045149436488974343
1460,入侵者全地形车 Invader ATV,载具,中文行文已逐段精校，部分术语仍为暂定,正文/11-载具/1460.md,https://www.bilibili.com/opus/1024792146156191799
1461,兰德速攻艇 Land Speeder,载具,中文行文已逐段精校，部分术语仍为暂定,正文/11-载具/1461.md,https://www.bilibili.com/opus/1038438515725041702
1462,鸦翼黑幕飞艇 Ravenwing Darkshroud,载具,中文行文已逐段精校，部分术语仍为暂定,正文/11-载具/1462.md,https://www.bilibili.com/opus/1039569900294635545
1463,标枪突击艇 Javelin Attack Speeder,载具,中文行文已逐段精校，部分术语仍为暂定,正文/11-载具/1463.md,https://www.bilibili.com/opus/1045950087101939731
1464,凯扎根突击艇 Kyzagan Assault Speeder,载具,中文行文已逐段精校，部分术语仍为暂定,正文/11-载具/1464.md,https://www.bilibili.com/opus/1045950155813027846
1465,犀牛战车 Rhino,载具,中文行文已逐段精校，部分术语仍为暂定,正文/11-载具/1465.md,https://www.bilibili.com/opus/1037408363486380035
1466,荣耀号 Gloriam,载具,中文行文已逐段精校，部分术语仍为暂定,正文/11-载具/1466.md,https://www.bilibili.com/opus/1215868304828137494
1467,闪电号 Fulmen,载具,中文行文已逐段精校，部分术语仍为暂定,正文/11-载具/1467.md,https://www.bilibili.com/opus/1216223936690257929
1468,夜曲星之锤号 Nocturne's Hammer,载具,中文行文已逐段精校，部分术语仍为暂定,正文/11-载具/1468.md,https://www.bilibili.com/opus/1216231663311257671
1469,铁拳 Iron Fist,载具,中文行文已逐段精校，部分术语仍为暂定,正文/11-载具/1469.md,https://www.bilibili.com/opus/1215860582454919235
1470,推进犀牛 Rhino Advancer,载具,中文行文已逐段精校，部分术语仍为暂定,正文/11-载具/1470.md,https://www.bilibili.com/opus/1037408440790548489
1471,堡主犀牛 Castellan Rhino,载具,中文行文已逐段精校，部分术语仍为暂定,正文/11-载具/1471.md,https://www.bilibili.com/opus/1213626340476977187
1472,医疗犀牛 Medical Rhino,载具,中文行文已逐段精校，部分术语仍为暂定,正文/11-载具/1472.md,https://www.bilibili.com/opus/1213997417050931206
1473,科技战士犀牛 Techmarine Rhino,载具,中文行文已逐段精校，部分术语仍为暂定,正文/11-载具/1473.md,https://www.bilibili.com/opus/1214005152280739876
1474,达摩克利斯指挥犀牛 Damocles Command Rhino,载具,中文行文已逐段精校，部分术语仍为暂定,正文/11-载具/1474.md,https://www.bilibili.com/opus/1043315150453473287
1475,豪猪战车 Razorback,载具,中文行文已逐段精校，部分术语仍为暂定,正文/11-载具/1475.md,https://www.bilibili.com/opus/1037408290487664642
1476,追猎者防空车 Stalker Air Defence Vehicle,载具,中文行文已逐段精校，部分术语仍为暂定,正文/11-载具/1476.md,https://www.bilibili.com/opus/1040706357210120233
1477,猎手防空导弹车 Hunter Anti-aircraft Missile Vehicle,载具,中文行文已逐段精校，部分术语仍为暂定,正文/11-载具/1477.md,https://www.bilibili.com/opus/1041098526405165128
1478,装甲补给运输车 Armoured Supply Carriers,载具,中文行文已逐段精校，部分术语仍为暂定,正文/11-载具/1478.md,https://www.bilibili.com/opus/1043315412440186884
1479,献祭者装甲车 Immolator,载具,中文行文已逐段精校，部分术语仍为暂定,正文/11-载具/1479.md,https://www.bilibili.com/opus/1213270708621148180
1480,镇压者重型装甲运兵车 Repressor Heavily Armoured Personnel Carrier,载具,中文行文已逐段精校，部分术语仍为暂定,正文/11-载具/1480.md,https://www.bilibili.com/opus/1214012878936342560
1481,告诫者重型装甲运兵车 Admonisher Heavily Armoured Personnel Carrier,载具,中文行文已逐段精校，部分术语仍为暂定,正文/11-载具/1481.md,https://www.bilibili.com/opus/1215481770627039268
1482,反重力犀牛 Grav-Rhino,载具,中文行文已逐段精校，部分术语仍为暂定,正文/11-载具/1482.md,https://www.bilibili.com/opus/1215852847245033481
1483,脉冲反重力运输战车 Impulsor Grav Tank Transport,载具,中文行文已逐段精校，部分术语仍为暂定,正文/11-载具/1483.md,https://www.bilibili.com/opus/1037408505211912192
1484,风暴速攻艇 Storm Speeder,载具,中文行文已逐段精校，部分术语仍为暂定,正文/11-载具/1484.md,https://www.bilibili.com/opus/1039569797201788948
1485,斯巴达突击坦克 Spartan Assault Tank,载具,中文行文已逐段精校，部分术语仍为暂定,正文/11-载具/1485.md,https://www.bilibili.com/opus/1046310705431576624
1486,军刀突击坦克 Sabre Strike Tank,载具,中文行文已逐段精校，部分术语仍为暂定,正文/11-载具/1486.md,https://www.bilibili.com/opus/1045950263208181760
1487,三头犬重型坦克歼击车 Cerberus Heavy Tank Destroyer,载具,中文行文已逐段精校，部分术语仍为暂定,正文/11-载具/1487.md,https://www.bilibili.com/opus/1044126027357356038
1488,掠食者战斗坦克 Predator Battle Tank,载具,中文行文已逐段精校，部分术语仍为暂定,正文/11-载具/1488.md,https://www.bilibili.com/opus/1040328275562332194
1489,巴尔掠食者坦克 Baal Predator,载具,中文行文已逐段精校，部分术语仍为暂定,正文/11-载具/1489.md,https://www.bilibili.com/opus/1040328606274813988
1490,迪莫斯型掠食者 Deimos Pattern Predator,载具,中文行文已逐段精校，部分术语仍为暂定,正文/11-载具/1490.md,https://www.bilibili.com/opus/1045553957954387968
1491,惩戒者战斗坦克 Castigator Battle Tank,载具,中文行文已逐段精校，部分术语仍为暂定,正文/11-载具/1491.md,https://www.bilibili.com/opus/1214383964139028496
1492,角斗士反重力战斗坦克 Gladiator Grav Battle Tank,载具,中文行文已逐段精校，部分术语仍为暂定,正文/11-载具/1492.md,https://www.bilibili.com/opus/1040328679292403737
1493,反重力战车 Repulsor Battle Tank,载具,中文行文已逐段精校，部分术语仍为暂定,正文/11-载具/1493.md,https://www.bilibili.com/opus/1040328765191749651
1494,处决者型反重力战车 Repulsor Executioner,载具,中文行文已逐段精校，部分术语仍为暂定,正文/11-载具/1494.md,https://www.bilibili.com/opus/1040705966361804805
1495,粉碎者战斗坦克 Mauler Battle Tank,载具,中文行文已逐段精校，部分术语仍为暂定,正文/11-载具/1495.md,https://www.bilibili.com/opus/1045949996883509257
1496,西卡然战斗坦克 Sicaran Battle Tank,载具,中文行文已逐段精校，部分术语仍为暂定,正文/11-载具/1496.md,https://www.bilibili.com/opus/1046310546545049609
1497,奎托斯战斗坦克 Kratos Battle Tank,载具,中文行文已逐段精校，部分术语仍为暂定,正文/11-载具/1497.md,https://www.bilibili.com/opus/1045553854870978566
1498,马卡多战斗坦克 Malcador Battle Tank,载具,中文行文已逐段精校，部分术语仍为暂定,正文/11-载具/1498.md,https://www.bilibili.com/opus/1045950387760136198
1499,贝希摩斯级攻城步行者战斗坦克 Behemoth-Class Siege Walkers Battle Tank,载具,中文行文已逐段精校，部分术语仍为暂定,正文/11-载具/1499.md,https://www.bilibili.com/opus/1047023403711594499
1500,兰德掠袭者重型装甲运输车 Land Raider Heavily Armoured Carrier,载具,中文行文已逐段精校，部分术语仍为暂定,正文/11-载具/1500.md,https://www.bilibili.com/opus/1045553614386364423
1501,终极型兰德掠袭者战车 Terminus Ultra pattern Land Raider,载具,中文行文已逐段精校，部分术语仍为暂定,正文/11-载具/1501.md,https://www.bilibili.com/opus/1039945383527055367
1502,救赎者型兰德掠袭者战车 Land Raider Redeemer,载具,中文行文已逐段精校，部分术语仍为暂定,正文/11-载具/1502.md,https://www.bilibili.com/opus/1048192412233498632
1503,精毅者型兰德掠袭者 Land Raider Excelsior,载具,中文行文已逐段精校，部分术语仍为暂定,正文/11-载具/1503.md,https://www.bilibili.com/opus/1043315317916303362
1504,十字军型兰德掠袭者战车 Land Raider Crusader,载具,中文行文已逐段精校，部分术语仍为暂定,正文/11-载具/1504.md,https://www.bilibili.com/opus/1039570626151448585
1505,赫利俄斯型兰德掠袭者战车 Land Raider Helios,载具,中文行文已逐段精校，部分术语仍为暂定,正文/11-载具/1505.md,https://www.bilibili.com/opus/1039945177373868037
1506,普罗透斯兰德掠袭者 Land Raider Proteus,载具,中文行文已逐段精校，部分术语仍为暂定,正文/11-载具/1506.md,https://www.bilibili.com/opus/1045553687353622530
1507,普罗米修斯型兰德掠袭者战车 Land Raider Prometheus,载具,中文行文已逐段精校，部分术语仍为暂定,正文/11-载具/1507.md,https://www.bilibili.com/opus/1039945280430014468
1508,阿瑞斯型兰德掠袭者战车 Land Raider Ares,载具,中文行文已逐段精校，部分术语仍为暂定,正文/11-载具/1508.md,https://www.bilibili.com/opus/1039570523089010692
1509,庄严侵略者型兰德掠袭者 Land Raider Solemnus Aggressor,载具,中文行文已逐段精校，部分术语仍为暂定,正文/11-载具/1509.md,https://www.bilibili.com/opus/1039945671285669893
1510,米亚尔纳之怒型兰德掠袭者 Land Raider Wrath of Mjalnar,载具,中文行文已逐段精校，部分术语仍为暂定,正文/11-载具/1510.md,https://www.bilibili.com/opus/1039945576771223557
1511,阿喀琉斯兰德掠袭者 Land Raider Achilles,载具,中文行文已逐段精校，部分术语仍为暂定,正文/11-载具/1511.md,https://www.bilibili.com/opus/1045553764677713942
1512,炼狱天使型兰德掠袭者战车 Land Raider Angel Infernus,载具,中文行文已逐段精校，部分术语仍为暂定,正文/11-载具/1512.md,https://www.bilibili.com/opus/1040328181089828901
1513,乳齿象重型坦克 Mastodon Heavy Tank,载具,中文行文已逐段精校，部分术语仍为暂定,正文/11-载具/1513.md,https://www.bilibili.com/opus/1045149745679433731
1514,残暴刃超重型坦克 Fellblade Super Heavy Tank,载具,中文行文已逐段精校，部分术语仍为暂定,正文/11-载具/1514.md,https://www.bilibili.com/opus/1044403516618047494
1515,影剑超重型坦克 Shadowsword Super Heavy Tank,载具,中文行文已逐段精校，部分术语仍为暂定,正文/11-载具/1515.md,https://www.bilibili.com/opus/1046310477824524291
1516,风暴刃超重型坦克 Stormblade Super Heavy Tank,载具,中文行文已逐段精校，部分术语仍为暂定,正文/11-载具/1516.md,https://www.bilibili.com/opus/1045149350569705489
1517,阿斯特赖俄斯超重型坦克 Astraeus Super-heavy Tank,载具,中文行文已逐段精校，部分术语仍为暂定,正文/11-载具/1517.md,https://www.bilibili.com/opus/1040706151080001545
1518,帝国大厦超重型坦克 Capitol Imperialis Super Heavy Tank,载具,中文行文已逐段精校，部分术语仍为暂定,正文/11-载具/1518.md,https://www.bilibili.com/opus/1047023296366772241
1519,弯刀超重型坦克歼击车 Falchion Super Heavy Tank Destroyer,载具,中文行文已逐段精校，部分术语仍为暂定,正文/11-载具/1519.md,https://www.bilibili.com/opus/1045149582467530752
1520,利维坦超重型突击运输车 Leviathan Super Heavy Assault Transport,载具,中文行文已逐段精校，部分术语仍为暂定,正文/11-载具/1520.md,https://www.bilibili.com/opus/1047023193285460004
1521,雷火炮 Thunderfire Cannon,载具,中文行文已逐段精校，部分术语仍为暂定,正文/11-载具/1521.md,https://www.bilibili.com/opus/1006596040469512194
1522,石化蜥蜴火炮 Basilisk Artillery,载具,中文行文已逐段精校，部分术语仍为暂定,正文/11-载具/1522.md,https://www.bilibili.com/opus/1046644183899570178
1523,蝎尾狮导弹坦克 Manticore Missile Tank,载具,中文行文已逐段精校，部分术语仍为暂定,正文/11-载具/1523.md,https://www.bilibili.com/opus/1164253861759680512
1524,驱魔人导弹车 Exorcist Missile Tank,载具,中文行文已逐段精校，部分术语仍为暂定,正文/11-载具/1524.md,https://www.bilibili.com/opus/1214368515126984724
1525,旋风火炮坦克 Whirlwind Artillery Tank,载具,中文行文已逐段精校，部分术语仍为暂定,正文/11-载具/1525.md,https://www.bilibili.com/opus/1040706546179244057
1526,美杜莎攻城坦克 Medusa Siege Tank,载具,中文行文已逐段精校，部分术语仍为暂定,正文/11-载具/1526.md,https://www.bilibili.com/opus/1047023030047342593
1527,提丰重型攻城坦克 Typhon Heavy Siege Tank,载具,中文行文已逐段精校，部分术语仍为暂定,正文/11-载具/1527.md,https://www.bilibili.com/opus/1046643689966796820
1528,曲射手臼炮火炮坦克 Arquitor Bombard Artillery Tank,载具,中文行文已逐段精校，部分术语仍为暂定,正文/11-载具/1528.md,https://www.bilibili.com/opus/1044125958637879304
1529,维护者短程攻城坦克 Vindicator Short Ranged Siege Tank,载具,中文行文已逐段精校，部分术语仍为暂定,正文/11-载具/1529.md,https://www.bilibili.com/opus/1040706468889755648
1530,收割者号 Reaper,载具,中文行文已逐段精校，部分术语仍为暂定,正文/11-载具/1530.md,https://www.bilibili.com/opus/1221055770619019287
1531,重型四管发射器轻型野战火炮 Heavy Quad-Launcher Light Field Artillery,载具,中文行文已逐段精校，部分术语仍为暂定,正文/11-载具/1531.md,https://www.bilibili.com/opus/1012147101009707030
1532,死亡直击导弹车 Deathstrike Missile Launcher,载具,中文行文已逐段精校，部分术语仍为暂定,正文/11-载具/1532.md,https://www.bilibili.com/opus/1164963012367351843
1533,派索斯侦察机 Pythos Scout Plane,载具,中文行文已逐段精校，部分术语仍为暂定,正文/11-载具/1533.md,https://www.bilibili.com/opus/1047774048020332545
1534,空降舱 Drop Pod,载具,中文行文已逐段精校，部分术语仍为暂定,正文/11-载具/1534.md,https://www.bilibili.com/opus/1037408221794402313
1535,卡律布狄斯突击爪 Kharybdis Assault Claw,载具,中文行文已逐段精校，部分术语仍为暂定,正文/11-载具/1535.md,https://www.bilibili.com/opus/1047408735311364104
1536,登陆艇 Landing Craft,载具,中文行文已逐段精校，部分术语仍为暂定,正文/11-载具/1536.md,https://www.bilibili.com/opus/1043315068838608899
1537,斯佩图姆突击撞击艇 Spaetum Assault Ram,载具,中文行文已逐段精校，部分术语仍为暂定,正文/11-载具/1537.md,https://www.bilibili.com/opus/1047023502482210821
1538,拳套突击撞击艇 Caestus Assault Ram,载具,中文行文已逐段精校，部分术语仍为暂定,正文/11-载具/1538.md,https://www.bilibili.com/opus/1041098603691507716
1539,风暴鸟空降艇 Stormbird Dropship,载具,中文行文已逐段精校，部分术语仍为暂定,正文/11-载具/1539.md,https://www.bilibili.com/opus/1046311560143699974
1540,鹰翼突击运输机 Hawkwing Assault Transport Aircraft,载具,中文行文已逐段精校，部分术语仍为暂定,正文/11-载具/1540.md,https://www.bilibili.com/opus/1048192060007383065
1541,奥格斯飞行器 Orgus Flyer,载具,中文行文已逐段精校，部分术语仍为暂定,正文/11-载具/1541.md,https://www.bilibili.com/opus/1051472418575482915
1542,剑尾截击机 Xiphon Pattern Interceptor,载具,中文行文已逐段精校，部分术语仍为暂定,正文/11-载具/1542.md,https://www.bilibili.com/opus/1042558450229313536
1543,风暴鹰拦截者战机 Stormhawk Interceptor,载具,中文行文已逐段精校，部分术语仍为暂定,正文/11-载具/1543.md,https://www.bilibili.com/opus/1041426528757350403
1544,死亡鸟截击机 Deathbird Interceptor,载具,中文行文已逐段精校，部分术语仍为暂定,正文/11-载具/1544.md,https://www.bilibili.com/opus/1047409048841879586
1545,剑击截击机 Swordstrike Interceptor,载具,中文行文已逐段精校，部分术语仍为暂定,正文/11-载具/1545.md,https://www.bilibili.com/opus/1047773365144649728
1546,闪电鸦攻击战斗机 Lightning Crow Strike Fighter,载具,中文行文已逐段精校，部分术语仍为暂定,正文/11-载具/1546.md,https://www.bilibili.com/opus/1047773232005906433
1547,黑暗之爪战斗机 Dark Talons Fighter,载具,中文行文已逐段精校，部分术语仍为暂定,正文/11-载具/1547.md,https://www.bilibili.com/opus/1041098762606346278
1548,莲花战斗机 Lotus Fighter,载具,中文行文已逐段精校，部分术语仍为暂定,正文/11-载具/1548.md,https://www.bilibili.com/opus/1047408932846305281
1549,涅菲里姆战机 Nephilim Jetfighter,载具,中文行文已逐段精校，部分术语仍为暂定,正文/11-载具/1549.md,https://www.bilibili.com/opus/1041098844239036420
1550,风暴狼突击艇 Stormwolf Assault Craft,载具,中文行文已逐段精校，部分术语仍为暂定,正文/11-载具/1550.md,https://www.bilibili.com/opus/1042558050780577833
1551,堡主轰炸机 Castellan Bomber,载具,中文行文已逐段精校，部分术语仍为暂定,正文/11-载具/1551.md,https://www.bilibili.com/opus/1047773111719559173
1552,蜜蜂轰炸机 Apis Bomber,载具,中文行文已逐段精校，部分术语仍为暂定,正文/11-载具/1552.md,https://www.bilibili.com/opus/1047409134745419799
1553,雷鹰炮艇 Thunderhawk Gunship,载具,中文行文已逐段精校，部分术语仍为暂定,正文/11-载具/1553.md,https://www.bilibili.com/opus/1042558274127265795
1554,天空长枪炮艇 Skylance Gunship,载具,中文行文已逐段精校，部分术语仍为暂定,正文/11-载具/1554.md,https://www.bilibili.com/opus/1047408855575691268
1555,火猛禽炮艇 Fire Raptor Gunship,载具,中文行文已逐段精校，部分术语仍为暂定,正文/11-载具/1555.md,https://www.bilibili.com/opus/1041426198052208641
1556,霸主炮艇 Overlord Gunship,载具,中文行文已逐段精校，部分术语仍为暂定,正文/11-载具/1556.md,https://www.bilibili.com/opus/1041426266775879719
1557,风暴鸦炮艇 Stormraven Gunship,载具,中文行文已逐段精校，部分术语仍为暂定,正文/11-载具/1557.md,https://www.bilibili.com/opus/1041426447146680339
1558,风暴爪炮艇 Stormtalon Gunship,载具,中文行文已逐段精校，部分术语仍为暂定,正文/11-载具/1558.md,https://www.bilibili.com/opus/1042556538924826626
1559,风暴乌鸦炮艇 Stormcrow Gunship,载具,中文行文已逐段精校，部分术语仍为暂定,正文/11-载具/1559.md,https://www.bilibili.com/opus/1046311637438431232
1560,风暴鹰突击炮艇 Storm Eagle Assault Gunship,载具,中文行文已逐段精校，部分术语仍为暂定,正文/11-载具/1560.md,https://www.bilibili.com/opus/1041426378449223684
1561,风暴隼突击炮艇 Stormhawk Assault Gunship,载具,中文行文已逐段精校，部分术语仍为暂定,正文/11-载具/1561.md,https://www.bilibili.com/opus/1047773468231204868
1562,风暴牙炮艇 Stormfang Gunship,载具,中文行文已逐段精校，部分术语仍为暂定,正文/11-载具/1562.md,https://www.bilibili.com/opus/1042557964872843286
1563,黑星渡鸦炮艇 Corvus Blackstar Gunship,载具,中文行文已逐段精校，部分术语仍为暂定,正文/11-载具/1563.md,https://www.bilibili.com/opus/1041098676713291778
1564,快速打击战舰 Rapid Strike Vessel,战舰,中文行文已逐段精校，部分术语仍为暂定,正文/12-战舰/1564.md,https://www.bilibili.com/opus/1211036475173372002
1565,艾森斯坦号 Eisenstein,战舰,中文行文已逐段精校，部分术语仍为暂定,正文/12-战舰/1565.md,https://www.bilibili.com/opus/1194652957365239816
1566,狂怒深渊号 Furious Abyss,战舰,中文行文已逐段精校，部分术语仍为暂定,正文/12-战舰/1566.md,https://www.bilibili.com/opus/1200969681753604096
1567,巨石 The Rock,战舰,中文行文已逐段精校，部分术语仍为暂定,正文/12-战舰/1567.md,https://www.bilibili.com/opus/1212899644890152983
1568,铸造舰 Forgeship,战舰,中文行文已逐段精校，部分术语仍为暂定,正文/12-战舰/1568.md,https://www.bilibili.com/opus/1212149722120192019
1569,方舟级铸造舰 Ark-Class Forgeship,战舰,中文行文已逐段精校，部分术语仍为暂定,正文/12-战舰/1569.md,https://www.bilibili.com/opus/1212605856256884756
1570,山阵号 Phalanx,战舰,中文行文已逐段精校，部分术语仍为暂定,正文/12-战舰/1570.md,https://www.bilibili.com/opus/1195043232446152711
1571,复仇之魂号 Vengeful Spirit,战舰,中文行文已逐段精校，部分术语仍为暂定,正文/12-战舰/1571.md,https://www.bilibili.com/opus/1066359964968157188
1572,卢佩卡尔王庭 Lupercal's Court,战舰,中文行文已逐段精校，部分术语仍为暂定,正文/12-战舰/1572.md,https://www.bilibili.com/opus/1068932508627763225
1573,无敌理性号 Invincible Reason,战舰,中文行文已逐段精校，部分术语仍为暂定,正文/12-战舰/1573.md,https://www.bilibili.com/opus/1189119248478240788
1574,马库拉格之耀号 Macragge's Honour,战舰,中文行文已逐段精校，部分术语仍为暂定,正文/12-战舰/1574.md,https://www.bilibili.com/opus/1189126979407839248
1575,战列舰 Battleship,战舰,中文行文已逐段精校，部分术语仍为暂定,正文/12-战舰/1575.md,https://www.bilibili.com/opus/1203208974628814918
1576,战斗驳船 Battle Barge,战舰,中文行文已逐段精校，部分术语仍为暂定,正文/12-战舰/1576.md,https://www.bilibili.com/opus/1210765896558051411
1577,审判庭黑船 Inquisitorial Black Ship,战舰,中文行文已逐段精校，部分术语仍为暂定,正文/12-战舰/1577.md,https://www.bilibili.com/opus/1149014841026936838
1578,打击巡洋舰 Strike Cruiser,战舰,中文行文已逐段精校，部分术语仍为暂定,正文/12-战舰/1578.md,https://www.bilibili.com/opus/1211028744265793666
1579,审判庭巡洋舰 Inquisitorial Cruiser,战舰,中文行文已逐段精校，部分术语仍为暂定,正文/12-战舰/1579.md,https://www.bilibili.com/opus/1149411507066372097
1580,先锋级轻型巡洋舰 Vanguard Class Light Cruiser,战舰,中文行文已逐段精校，部分术语仍为暂定,正文/12-战舰/1580.md,https://www.bilibili.com/opus/1212157457353146393
1581,护卫舰艇 Escort,战舰,中文行文已逐段精校，部分术语仍为暂定,正文/12-战舰/1581.md,https://www.bilibili.com/opus/1212141999794159641
1582,战锤世界 Warhammer World,现实世界,中文行文已逐段精校，部分术语仍为暂定,正文/13-现实世界/1582.md,https://www.bilibili.com/opus/1216602748486680582
1583,Forge World 模型品牌,现实世界,中文行文已逐段精校，部分术语仍为暂定,正文/13-现实世界/1583.md,https://www.bilibili.com/opus/1216610492333686800
1584,星际战士 Mk.II 犀牛展品 Space Marine MKII Rhino,现实世界,中文行文已逐段精校，部分术语仍为暂定,正文/13-现实世界/1584.md,https://www.bilibili.com/opus/1216595017554984993
1585,史诗 Epic,现实世界,中文行文已逐段精校，部分术语仍为暂定,正文/13-现实世界/1585.md,https://www.bilibili.com/opus/1216966111367528513
1586,荷鲁斯之乱：帝国军团 The Horus Heresy: Legions Imperialis,现实世界,中文行文已逐段精校，部分术语仍为暂定,正文/13-现实世界/1586.md,https://www.bilibili.com/opus/1216973829402787856
1587,荷鲁斯之乱：黑暗时代 The Horus Heresy : Age of Darkness,现实世界,中文行文已逐段精校，部分术语仍为暂定,正文/13-现实世界/1587.md,https://www.bilibili.com/opus/1219950246054854658
