英文标准词	采用中文	译名状态	依据	定位	编辑说明
Principia Belicosa	军团组织法典	暂定·官方待核	所给英文底稿	A0176-B0026	文献名。
Vexillarius	旗手	暂定·官方待核	所给英文底稿	A0176-B0048	原译禁卫误认职能；与荣誉卫队区分。
Praetorate	执政官团	暂定·官方待核	所给英文底稿	A0176-B0046	集体指挥机构，不是单一执政官。
Consular Representatives	领事代表	暂定·官方待核	所给英文底稿	A0176-B0047	原译军团百夫长丢失代表含义。
Apocrypha of Skaros	斯卡罗斯次经	暂定·官方待核	所给英文底稿	A0176-B0193	与第232篇标题统一。
Apocrypha of Davio	达维奥次经	暂定·官方待核	所给英文底稿	A0176-B0193	与对应文献类型统一。
Navigators Ordinary	常任导航员	暂定·官方待核	所给英文底稿	A0176-B0077	Ordinary 职衔含义待核，不据字面判定能力普通。
Newblood	新血	暂定·官方待核	所给英文底稿	A0177-B0001	快速培育的战时星际战士。
Prototype Legionaries	原型军团士兵	暂定·官方待核	所给英文底稿	A0178-B0001	改造流程完善前的实验原型。
Primordial Strain	原种	暂定·官方待核	所给英文底稿	A0178-B0003	原型军团士兵的群体称谓。
Jangsai Khan	江塞可汗	暂定·官方待核	所给英文底稿	A0177-B0006	人物。
Saduran	萨杜兰	暂定·官方待核	所给英文底稿	A0177-B0008	人物。
Ikrek	艾克瑞克	暂定·官方待核	所给英文底稿	A0177-B0010	人物。
Abraxus Ghent	阿布拉克斯·根特	暂定·官方待核	所给英文底稿	A0178-B0008	人物。
Leetu	勒图	暂定·官方待核	所给英文底稿	A0178-B0010	人物。
The Chamber at the End of Memory	记忆尽头的房间	暂定·官方待核	所给英文底稿	A0179-B0222	文献名，统一本篇断忆之室异译。
Rangdan Xenocides	冉丹灭绝战争	暂定·官方待核	所给英文底稿	A0179-B0146	战役系列，统一冉丹种族灭绝/大屠杀。
Subject XI	第十一号对象	暂定·官方待核	所给英文底稿	A0179-B0290	被关押的存在，身份未明。
Epistolary	星语官	暂定·官方待核	所给英文底稿	A0179-B0305	按用户沿用现稿及主审统一决定采用星语官；智库员等级职衔，与 Astropath 星语者区分。
Argel Tal	阿格尔·塔尔	暂定·官方待核	所给英文底稿	A0179-B0072	统一人物名，原译安格尔·塔尔。
Hegemon	霸主殿	暂定·官方待核	所给英文底稿	A0179-B0101	皇宫内场所，暂译。
Labrik Polaris incident	拉布里克·波拉里斯事件	暂定·官方待核	所给英文底稿	A0179-B0135	事件名，保留专名音译。
Space Marine Legion	星际战士军团	暂定·官方待核	所给英文底稿	176	本范围对照英文后沿用或修订；未查得官方对应，暂定。
Honour Guard	荣誉卫队	暂定·官方待核	所给英文底稿	A0231-B0044	本范围对照英文后沿用或修订；未查得官方对应，暂定。
Legion Armourium	军团军械库	暂定·官方待核	所给英文底稿	A0176-B0053	本范围对照英文后沿用或修订；未查得官方对应，暂定。
Legion Apothecarion	军团药剂部	暂定·官方待核	所给英文底稿	A0176-B0054	本范围对照英文后沿用或修订；未查得官方对应，暂定。
Legion Librarius	军团智库	暂定·官方待核	所给英文底稿	A0176-B0055	本范围对照英文后沿用或修订；未查得官方对应，暂定。
Lord Commander	领主指挥官	暂定·官方待核	所给英文底稿	A0176-B0060	本范围对照英文后沿用或修订；未查得官方对应，暂定。
Chapter Consuls	战团领事官	暂定·官方待核	所给英文底稿	A0176-B0061	本范围对照英文后沿用或修订；未查得官方对应，暂定。
Chapter Vexillarius	战团旗手	暂定·官方待核	所给英文底稿	A0176-B0062	本范围对照英文后沿用或修订；未查得官方对应，暂定。
Chapter Command Bodyguard	战团指挥卫队	暂定·官方待核	所给英文底稿	A0176-B0063	本范围对照英文后沿用或修订；未查得官方对应，暂定。
Chapter Armourium	战团军械库	暂定·官方待核	所给英文底稿	A0176-B0068	本范围对照英文后沿用或修订；未查得官方对应，暂定。
Lieutenant Commander	副指挥官	暂定·官方待核	所给英文底稿	A0176-B0072	本范围对照英文后沿用或修订；未查得官方对应，暂定。
Battalion Consuls	营部领事官	暂定·官方待核	所给英文底稿	A0176-B0073	本范围对照英文后沿用或修订；未查得官方对应，暂定。
Battalion Vexillarius	营旗手	暂定·官方待核	所给英文底稿	A0176-B0074	本范围对照英文后沿用或修订；未查得官方对应，暂定。
Battalion Command Bodyguard	营部指挥卫队	暂定·官方待核	所给英文底稿	A0176-B0075	本范围对照英文后沿用或修订；未查得官方对应，暂定。
Techmarine Covenants	科技战士组	暂定·官方待核	所给英文底稿	A0176-B0083	本范围对照英文后沿用或修订；未查得官方对应，暂定。
Dreadnought Talon	无畏机甲进攻分队	暂定·官方待核	所给英文底稿	A0176-B0085	本范围对照英文后沿用或修订；未查得官方对应，暂定。
Lieutenant	副官	暂定·官方待核	所给英文底稿	249	本范围对照英文后沿用或修订；未查得官方对应，暂定。
White Scars	白疤	官方已核	https://assets.warhammer-community.com/chi_07-01_warhammer_40000_faction_pack_space_marines-ngpzngqdt2-fxbygosrpj.pdf	GW-06第6—7、36—37页	采用已核官方战团名。
Alpha Legion	阿尔法军团	暂定·官方待核	所给英文底稿	A0188-B0253	本范围对照英文后沿用或修订；未查得官方对应，暂定。
Raven Guard	暗鸦守卫	官方已核	https://assets.warhammer-community.com/chi_07-01_warhammer_40000_faction_pack_space_marines-ngpzngqdt2-fxbygosrpj.pdf	GW-06第14—15、40—41页	采用已核官方战团名。
Angels of Death	死亡天使	暂定·官方待核	所给英文底稿	A0176-B0146	本范围对照英文后沿用或修订；未查得官方对应，暂定。
War Hounds	战犬	暂定·官方待核	所给英文底稿	A0176-B0158	本范围对照英文后沿用或修订；未查得官方对应，暂定。
Second Founding	二次建军	暂定·官方待核	所给英文底稿	A0215-B0085	本范围对照英文后沿用或修订；未查得官方对应，暂定。
Chaos Space Marine Legions	混沌星际战士军团	暂定·官方待核	所给英文底稿	A0176-B0199	本范围对照英文后沿用或修订；未查得官方对应，暂定。
Ultramarines Codex	极限战士圣典	暂定·官方待核	所给英文底稿	A0179-B0039	本范围对照英文后沿用或修订；未查得官方对应，暂定。
False Gods	伪神	暂定·官方待核	所给英文底稿	A0179-B0042	本范围对照英文后沿用或修订；未查得官方对应，暂定。
Red Fury	赤红狂怒	暂定·官方待核	所给英文底稿	A0179-B0047	本范围对照英文后沿用或修订；未查得官方对应，暂定。
The Crimson Fist	绯红之拳	暂定·官方待核	所给英文底稿	A0179-B0052	本范围对照英文后沿用或修订；未查得官方对应，暂定。
The First Heretic	叛乱之首	暂定·官方待核	所给英文底稿	A0179-B0055	本范围对照英文后沿用或修订；未查得官方对应，暂定。
Prospero Burns	普罗斯佩罗之焚	暂定·官方待核	所给英文底稿	A0179-B0076	本范围对照英文后沿用或修订；未查得官方对应，暂定。
Deliverance Lost	拯救星陷落	暂定·官方待核	所给英文底稿	A0179-B0085	本范围对照英文后沿用或修订；未查得官方对应，暂定。
The Outcast Dead	放逐死者	暂定·官方待核	所给英文底稿	A0179-B0088	本范围对照英文后沿用或修订；未查得官方对应，暂定。
Fear to Tread	惧于踏足	暂定·官方待核	所给英文底稿	A0179-B0098	本范围对照英文后沿用或修订；未查得官方对应，暂定。
The Sigillite	掌印者	暂定·官方待核	所给英文底稿	A0179-B0116	本范围对照英文后沿用或修订；未查得官方对应，暂定。
Descent of Angels	天使的降临	暂定·官方待核	所给英文底稿	A0179-B0119	本范围对照英文后沿用或修订；未查得官方对应，暂定。
Vulkan Lives	沃坎永生	暂定·官方待核	所给英文底稿	A0179-B0127	本范围对照英文后沿用或修订；未查得官方对应，暂定。
The Primarchs	原体	暂定·官方待核	所给英文底稿	A0179-B0137	本范围对照英文后沿用或修订；未查得官方对应，暂定。
The Unremembered Empire	不被铭记的帝国	暂定·官方待核	所给英文底稿	A0179-B0140	本范围对照英文后沿用或修订；未查得官方对应，暂定。
Scars	伤疤	暂定·官方待核	所给英文底稿	A0179-B0169	本范围对照英文后沿用或修订；未查得官方对应，暂定。
Lost Sons	失落之子	暂定·官方待核	所给英文底稿	A0179-B0184	本范围对照英文后沿用或修订；未查得官方对应，暂定。
Field Dressing a Lasgun Wound	战地激光枪伤口包扎指南	暂定·官方待核	所给英文底稿	A0179-B0202	本范围对照英文后沿用或修订；未查得官方对应，暂定。
The Last Council	最后的议会	暂定·官方待核	所给英文底稿	A0179-B0205	本范围对照英文后沿用或修订；未查得官方对应，暂定。
Wolfsbane	狼毒	暂定·官方待核	所给英文底稿	A0179-B0236	本范围对照英文后沿用或修订；未查得官方对应，暂定。
Soul Drinker	饮魂者	暂定·官方待核	所给英文底稿	A0179-B0252	本范围对照英文后沿用或修订；未查得官方对应，暂定。
Council of Truth	真理议会	暂定·官方待核	所给英文底稿	A0179-B0255	本范围对照英文后沿用或修订；未查得官方对应，暂定。
Penitent	忏悔	暂定·官方待核	所给英文底稿	A0179-B0258	本范围对照英文后沿用或修订；未查得官方对应，暂定。
Visions of Heresy	荷鲁斯之乱编年史	暂定·官方待核	所给英文底稿	A0179-B0265	本范围对照英文后沿用或修订；未查得官方对应，暂定。
Daenyathos	丹尼亚特斯	暂定·官方待核	所给英文底稿	A0179-B0268	本范围对照英文后沿用或修订；未查得官方对应，暂定。
The Wolftime	狼之时刻	暂定·官方待核	所给英文底稿	A0179-B0276	本范围对照英文后沿用或修订；未查得官方对应，暂定。
Legions of the Horus Heresy	荷鲁斯之乱诸军团	暂定·官方待核	所给英文底稿	A0179-B0292	本范围对照英文后沿用或修订；未查得官方对应，暂定。
Fury of Magnus	马格努斯之怒	暂定·官方待核	所给英文底稿	A0179-B0295	本范围对照英文后沿用或修订；未查得官方对应，暂定。
Warrior Lodges	战士结社	暂定·官方待核	所给英文底稿	180	本范围对照英文后沿用或修订；未查得官方对应，暂定。
Shattered Legions	破碎军团	暂定·官方待核	所给英文底稿	181	本范围对照英文后沿用或修订；未查得官方对应，暂定。
The Raven's Flight	暗鸦的逃离	暂定·官方待核	所给英文底稿	A0181-B0011	本范围对照英文后沿用或修订；未查得官方对应，暂定。
The Battle of Oqueth Minor	奥克丝次星之战	暂定·官方待核	所给英文底稿	A0181-B0020	本范围对照英文后沿用或修订；未查得官方对应，暂定。
The Battle of Arissak	阿里萨克之战	暂定·官方待核	所给英文底稿	A0181-B0022	本范围对照英文后沿用或修订；未查得官方对应，暂定。
The Defense of Dwell	德威尔保卫战	暂定·官方待核	所给英文底稿	A0181-B0024	本范围对照英文后沿用或修订；未查得官方对应，暂定。
The Battle of Hamart III	哈马特三号之战	暂定·官方待核	所给英文底稿	A0181-B0026	本范围对照英文后沿用或修订；未查得官方对应，暂定。
The Battle of the Zanaeh Gulf	扎奈赫湾之战	暂定·官方待核	所给英文底稿	A0181-B0028	本范围对照英文后沿用或修订；未查得官方对应，暂定。
The Battle of the Aragna Chain	阿拉格纳星链之战	暂定·官方待核	所给英文底稿	A0181-B0030	本范围对照英文后沿用或修订；未查得官方对应，暂定。
The Perditum Incursion	迷失入侵	暂定·官方待核	所给英文底稿	A0181-B0032	本范围对照英文后沿用或修订；未查得官方对应，暂定。
The Kiavahr Uprising	基亚瓦尔叛乱	暂定·官方待核	所给英文底稿	A0181-B0034	本范围对照英文后沿用或修订；未查得官方对应，暂定。
The Breaking of the Perfect Fortress	完美堡垒攻破战	暂定·官方待核	所给英文底稿	A0181-B0036	本范围对照英文后沿用或修订；未查得官方对应，暂定。
The Battle of Constanix II	康斯坦尼克斯二号之战	暂定·官方待核	所给英文底稿	A0181-B0038	本范围对照英文后沿用或修订；未查得官方对应，暂定。
The Scarato Uprising	斯卡拉托叛乱	暂定·官方待核	所给英文底稿	A0181-B0040	本范围对照英文后沿用或修订；未查得官方对应，暂定。
The Battle of Carandiru	卡兰迪鲁之战	暂定·官方待核	所给英文底稿	A0181-B0044	本范围对照英文后沿用或修订；未查得官方对应，暂定。
The Battle of Yarant III	雅兰特三号之战	暂定·官方待核	所给英文底稿	A0181-B0046	本范围对照英文后沿用或修订；未查得官方对应，暂定。
The Crusade of Vengeance	复仇远征	暂定·官方待核	所给英文底稿	A0181-B0048	本范围对照英文后沿用或修订；未查得官方对应，暂定。
The Escape of Vulkan	沃坎脱逃	暂定·官方待核	所给英文底稿	A0181-B0050	本范围对照英文后沿用或修订；未查得官方对应，暂定。
The Raid on Traoris	特拉奥里斯突袭	暂定·官方待核	所给英文底稿	A0181-B0052	本范围对照英文后沿用或修订；未查得官方对应，暂定。
The Voyage of the Sixty-Six	六十六人远航	暂定·官方待核	所给英文底稿	A0181-B0054	本范围对照英文后沿用或修订；未查得官方对应，暂定。
The Battle of Nocturne	夜曲星之战	暂定·官方待核	所给英文底稿	A0181-B0056	本范围对照英文后沿用或修订；未查得官方对应，暂定。
The War of Drakes	火龙战争	暂定·官方待核	所给英文底稿	A0181-B0058	本范围对照英文后沿用或修订；未查得官方对应，暂定。
The Pale Stars Campaign	苍白群星战役	暂定·官方待核	所给英文底稿	A0181-B0060	本范围对照英文后沿用或修订；未查得官方对应，暂定。
The Theft of the Kryptos	隐秘之窃	暂定·官方待核	所给英文底稿	A0181-B0062	本范围对照英文后沿用或修订；未查得官方对应，暂定。
The Assassination attempt on Fulgrim on Hydra Cordatus	海德拉之心刺杀福格瑞姆行动	暂定·官方待核	所给英文底稿	A0181-B0064	本范围对照英文后沿用或修订；未查得官方对应，暂定。
The Battle of Iydris	伊德里斯之战	暂定·官方待核	所给英文底稿	A0181-B0066	本范围对照英文后沿用或修订；未查得官方对应，暂定。
The Battle of Eirene Septimus	艾琳娜·塞普蒂默斯之战	暂定·官方待核	所给英文底稿	A0181-B0068	本范围对照英文后沿用或修订；未查得官方对应，暂定。
The Escape from Laedrgeist	逃离莱德格斯特	暂定·官方待核	所给英文底稿	A0181-B0072	本范围对照英文后沿用或修订；未查得官方对应，暂定。
The Siege of Baal	巴尔围城	暂定·官方待核	所给英文底稿	A0181-B0074	本范围对照英文后沿用或修订；未查得官方对应，暂定。
The Erellian Subjugation	艾瑞利安征服	暂定·官方待核	所给英文底稿	A0181-B0076	本范围对照英文后沿用或修订；未查得官方对应，暂定。
The Mezoan Campaign	梅佐安战役	暂定·官方待核	所给英文底稿	A0181-B0078	本范围对照英文后沿用或修订；未查得官方对应，暂定。
The Battle of Vanaheim	瓦纳海姆之战	暂定·官方待核	所给英文底稿	A0181-B0080	本范围对照英文后沿用或修订；未查得官方对应，暂定。
The Constantinium Incursion	康斯坦丁入侵	暂定·官方待核	所给英文底稿	A0181-B0082	本范围对照英文后沿用或修订；未查得官方对应，暂定。
The Battle of Perditus	佩迪图斯之战	暂定·官方待核	所给英文底稿	A0181-B0084	本范围对照英文后沿用或修订；未查得官方对应，暂定。
The Battle of Bodt	博德特之战	暂定·官方待核	所给英文底稿	A0181-B0086	本范围对照英文后沿用或修订；未查得官方对应，暂定。
The Xana Incursion	夏娜入侵	暂定·官方待核	所给英文底稿	A0181-B0088	本范围对照英文后沿用或修订；未查得官方对应，暂定。
The Battle of Nyrcon	尼尔康之战	暂定·官方待核	所给英文底稿	A0181-B0090	本范围对照英文后沿用或修订；未查得官方对应，暂定。
The Malagant Conflict	马拉甘特冲突	暂定·官方待核	所给英文底稿	A0181-B0092	本范围对照英文后沿用或修订；未查得官方对应，暂定。
The Battle of Ohmn-Mat	欧姆-马特之战	暂定·官方待核	所给英文底稿	A0181-B0094	本范围对照英文后沿用或修订；未查得官方对应，暂定。
The Battle of Tralsak	特拉萨克之战	暂定·官方待核	所给英文底稿	A0181-B0096	本范围对照英文后沿用或修订；未查得官方对应，暂定。
The Battle of Beta-Garmon	贝塔-伽蒙之战	暂定·官方待核	所给英文底稿	A0181-B0098	本范围对照英文后沿用或修订；未查得官方对应，暂定。
The Thassos Incident	萨索斯事件	暂定·官方待核	所给英文底稿	A0181-B0100	本范围对照英文后沿用或修订；未查得官方对应，暂定。
Jebez Aug	杰贝兹·奥格	暂定·官方待核	所给英文底稿	A0181-B0116	本范围对照英文后沿用或修订；未查得官方对应，暂定。
Bion Henricos	拜昂·亨利科斯	暂定·官方待核	所给英文底稿	A0181-B0118	本范围对照英文后沿用或修订；未查得官方对应，暂定。
Goran Gorgonson	戈兰·戈尔贡松	暂定·官方待核	所给英文底稿	A0181-B0120	本范围对照英文后沿用或修订；未查得官方对应，暂定。
Augos Lumak	奥格斯·卢马克	暂定·官方待核	所给英文底稿	A0181-B0122	本范围对照英文后沿用或修订；未查得官方对应，暂定。
Lars Mechosa	拉斯·梅科萨	暂定·官方待核	所给英文底稿	A0181-B0124	本范围对照英文后沿用或修订；未查得官方对应，暂定。
Cadmus Tyro	卡德摩斯·泰罗	暂定·官方待核	所给英文底稿	A0181-B0128	本范围对照英文后沿用或修订；未查得官方对应，暂定。
Frater Thamatica	弗拉特·塔玛提卡	暂定·官方待核	所给英文底稿	A0181-B0130	本范围对照英文后沿用或修订；未查得官方对应，暂定。
Ignatius Numen	伊格内修斯·努门	暂定·官方待核	所给英文底稿	A0181-B0132	本范围对照英文后沿用或修订；未查得官方对应，暂定。
Karaashi Bombastus	卡拉什·邦巴斯特斯	暂定·官方待核	所给英文底稿	A0181-B0134	本范围对照英文后沿用或修订；未查得官方对应，暂定。
Sabik Wayland	萨比克·韦兰	暂定·官方待核	所给英文底稿	A0181-B0136	本范围对照英文后沿用或修订；未查得官方对应，暂定。
Septus Thoic	塞普图斯·托伊克	暂定·官方待核	所给英文底稿	A0181-B0138	本范围对照英文后沿用或修订；未查得官方对应，暂定。
Vermana Cybus	维尔马纳·赛巴斯	暂定·官方待核	所给英文底稿	A0181-B0140	本范围对照英文后沿用或修订；未查得官方对应，暂定。
Achaicus	阿凯库斯	暂定·官方待核	所给英文底稿	A0181-B0145	本范围对照英文后沿用或修订；未查得官方对应，暂定。
Anton Galba	安东·加尔巴	暂定·官方待核	所给英文底稿	A0181-B0147	本范围对照英文后沿用或修订；未查得官方对应，暂定。
Atrax	阿特拉斯	暂定·官方待核	所给英文底稿	A0181-B0149	本范围对照英文后沿用或修订；未查得官方对应，暂定。
Aulus	奥卢斯	暂定·官方待核	所给英文底稿	A0181-B0151	本范围对照英文后沿用或修订；未查得官方对应，暂定。
Camnus	卡姆纳斯	暂定·官方待核	所给英文底稿	A0181-B0153	本范围对照英文后沿用或修订；未查得官方对应，暂定。
Catigernus	卡蒂格努斯	暂定·官方待核	所给英文底稿	A0181-B0154	本范围对照英文后沿用或修订；未查得官方对应，暂定。
Crevther	克雷夫瑟	暂定·官方待核	所给英文底稿	A0181-B0156	本范围对照英文后沿用或修订；未查得官方对应，暂定。
Darras	达拉斯	暂定·官方待核	所给英文底稿	A0181-B0158	本范围对照英文后沿用或修订；未查得官方对应，暂定。
Durun Atticus	杜伦·阿提克斯	暂定·官方待核	所给英文底稿	A0181-B0160	本范围对照英文后沿用或修订；未查得官方对应，暂定。
Ecdurus	埃克杜鲁斯	暂定·官方待核	所给英文底稿	A0181-B0161	本范围对照英文后沿用或修订；未查得官方对应，暂定。
Ennius	恩尼乌斯	暂定·官方待核	所给英文底稿	A0181-B0162	本范围对照英文后沿用或修订；未查得官方对应，暂定。
Eutropius	欧特罗庇乌斯	暂定·官方待核	所给英文底稿	A0181-B0163	本范围对照英文后沿用或修订；未查得官方对应，暂定。
Lacertus	拉瑟图斯	暂定·官方待核	所给英文底稿	A0181-B0165	本范围对照英文后沿用或修订；未查得官方对应，暂定。
Vektus	威克图斯	暂定·官方待核	所给英文底稿	A0181-B0167	本范围对照英文后沿用或修订；未查得官方对应，暂定。
Aan Kolver	安·科尔弗	暂定·官方待核	所给英文底稿	A0181-B0169	本范围对照英文后沿用或修订；未查得官方对应，暂定。
Karel Mach	卡雷尔·马赫	暂定·官方待核	所给英文底稿	A0181-B0171	本范围对照英文后沿用或修订；未查得官方对应，暂定。
Lech Vircule	莱赫·维尔库尔	暂定·官方待核	所给英文底稿	A0181-B0173	本范围对照英文后沿用或修订；未查得官方对应，暂定。
Loreson Unfleshed	洛瑞森·无躯者	暂定·官方待核	所给英文底稿	A0181-B0175	本范围对照英文后沿用或修订；未查得官方对应，暂定。
Ares Voitek	阿瑞斯·沃泰克	暂定·官方待核	所给英文底稿	A0183-B0093	本范围对照英文后沿用或修订；未查得官方对应，暂定。
Autek Mor	奥特克·莫尔	暂定·官方待核	所给英文底稿	A0188-B0111	本范围对照英文后沿用或修订；未查得官方对应，暂定。
Veur	弗尔	暂定·官方待核	所给英文底稿	A0181-B0181	本范围对照英文后沿用或修订；未查得官方对应，暂定。
Casalir Lorramech	卡萨利尔·洛拉梅奇	暂定·官方待核	所给英文底稿	A0181-B0183	本范围对照英文后沿用或修订；未查得官方对应，暂定。
Lasko Midoa	拉斯科·米多亚	暂定·官方待核	所给英文底稿	A0181-B0185	本范围对照英文后沿用或修订；未查得官方对应，暂定。
Castrmen Orth	卡斯特门·奥斯	暂定·官方待核	所给英文底稿	A0189-B0016	本范围对照英文后沿用或修订；未查得官方对应，暂定。
Crius	克利俄斯	暂定·官方待核	所给英文底稿	A0181-B0189	本范围对照英文后沿用或修订；未查得官方对应，暂定。
Athanatos	阿萨纳托斯	暂定·官方待核	所给英文底稿	A0181-B0190	本范围对照英文后沿用或修订；未查得官方对应，暂定。
Phidias	菲迪亚斯	暂定·官方待核	所给英文底稿	A0181-B0191	本范围对照英文后沿用或修订；未查得官方对应，暂定。
Verud Pergellen	维鲁德·佩格伦	暂定·官方待核	所给英文底稿	A0181-B0193	本范围对照英文后沿用或修订；未查得官方对应，暂定。
Domadus	多玛杜斯	暂定·官方待核	所给英文底稿	A0181-B0195	本范围对照英文后沿用或修订；未查得官方对应，暂定。
Sardon Karaashison	萨尔东·卡拉阿希松	暂定·官方待核	所给英文底稿	A0181-B0199	本范围对照英文后沿用或修订；未查得官方对应，暂定。
Erasmus Ruuman	伊拉斯谟·鲁曼	暂定·官方待核	所给英文底稿	A0181-B0201	本范围对照英文后沿用或修订；未查得官方对应，暂定。
Ishmal Sulnar	伊什马尔·苏尔纳	暂定·官方待核	所给英文底稿	A0181-B0203	本范围对照英文后沿用或修订；未查得官方对应，暂定。
Tarkan	塔尔坎	暂定·官方待核	所给英文底稿	A0181-B0205	本范围对照英文后沿用或修订；未查得官方对应，暂定。
Agapito Nev	阿加皮托·涅夫	暂定·官方待核	所给英文底稿	A0188-B0139	本范围对照英文后沿用或修订；未查得官方对应，暂定。
Chovani	乔瓦尼	暂定·官方待核	所给英文底稿	A0181-B0212	本范围对照英文后沿用或修订；未查得官方对应，暂定。
Corbyk	科比克	暂定·官方待核	所给英文底稿	A0181-B0214	本范围对照英文后沿用或修订；未查得官方对应，暂定。
Gal	加尔	暂定·官方待核	所给英文底稿	A0181-B0216	本范围对照英文后沿用或修订；未查得官方对应，暂定。
Henn	亨恩	暂定·官方待核	所给英文底稿	A0181-B0218	本范围对照英文后沿用或修订；未查得官方对应，暂定。
Vanda	万达	暂定·官方待核	所给英文底稿	A0181-B0220	本范围对照英文后沿用或修订；未查得官方对应，暂定。
Aloni Tev	阿洛尼·特夫	暂定·官方待核	所给英文底稿	A0181-B0222	本范围对照英文后沿用或修订；未查得官方对应，暂定。
Shaak	沙克	暂定·官方待核	所给英文底稿	A0181-B0224	本范围对照英文后沿用或修订；未查得官方对应，暂定。
Branne Nev	布兰尼·涅夫	暂定·官方待核	所给英文底稿	A0188-B0137	本范围对照英文后沿用或修订；未查得官方对应，暂定。
Navar Hef	纳瓦尔·赫夫	暂定·官方待核	所给英文底稿	A0181-B0228	本范围对照英文后沿用或修订；未查得官方对应，暂定。
Xanda Neroka	赞达·尼罗卡	暂定·官方待核	所给英文底稿	A0181-B0230	本范围对照英文后沿用或修订；未查得官方对应，暂定。
Devor	德沃尔	暂定·官方待核	所给英文底稿	A0181-B0232	本范围对照英文后沿用或修订；未查得官方对应，暂定。
Foss	福斯	暂定·官方待核	所给英文底稿	A0181-B0234	本范围对照英文后沿用或修订；未查得官方对应，暂定。
Calda	卡尔达	暂定·官方待核	所给英文底稿	A0181-B0236	本范围对照英文后沿用或修订；未查得官方对应，暂定。
Drayk	德雷克	暂定·官方待核	所给英文底稿	A0181-B0238	本范围对照英文后沿用或修订；未查得官方对应，暂定。
Fannas	凡纳斯	暂定·官方待核	所给英文底稿	A0181-B0240	本范围对照英文后沿用或修订；未查得官方对应，暂定。
Garba	加尔巴	暂定·官方待核	所给英文底稿	A0181-B0242	本范围对照英文后沿用或修订；未查得官方对应，暂定。
Kaddian Styrus	卡迪安·斯泰勒斯	暂定·官方待核	所给英文底稿	A0181-B0244	本范围对照英文后沿用或修订；未查得官方对应，暂定。
Kannak	坎纳克	暂定·官方待核	所给英文底稿	A0181-B0246	本范围对照英文后沿用或修订；未查得官方对应，暂定。
Kelpel	凯尔佩尔	暂定·官方待核	所给英文底稿	A0181-B0248	本范围对照英文后沿用或修订；未查得官方对应，暂定。
Kharvo	卡沃	暂定·官方待核	所给英文底稿	A0181-B0250	本范围对照英文后沿用或修订；未查得官方对应，暂定。
Nakaska	纳卡斯卡	暂定·官方待核	所给英文底稿	A0181-B0252	本范围对照英文后沿用或修订；未查得官方对应，暂定。
Nastar	纳斯塔尔	暂定·官方待核	所给英文底稿	A0181-B0254	本范围对照英文后沿用或修订；未查得官方对应，暂定。
Sannad	萨纳德	暂定·官方待核	所给英文底稿	A0181-B0256	本范围对照英文后沿用或修订；未查得官方对应，暂定。
Volb	沃尔布	暂定·官方待核	所给英文底稿	A0181-B0258	本范围对照英文后沿用或修订；未查得官方对应，暂定。
Chamell	查梅尔	暂定·官方待核	所给英文底稿	A0181-B0260	本范围对照英文后沿用或修订；未查得官方对应，暂定。
Senderwat	森德瓦特	暂定·官方待核	所给英文底稿	A0181-B0262	本范围对照英文后沿用或修订；未查得官方对应，暂定。
Fasur	法苏尔	暂定·官方待核	所给英文底稿	A0181-B0264	本范围对照英文后沿用或修订；未查得官方对应，暂定。
Korin	科林	暂定·官方待核	所给英文底稿	A0181-B0266	本范围对照英文后沿用或修订；未查得官方对应，暂定。
Strang	斯特兰	暂定·官方待核	所给英文底稿	A0181-B0268	本范围对照英文后沿用或修订；未查得官方对应，暂定。
Gherith Arendi	格里思·阿伦迪	暂定·官方待核	所给英文底稿	A0181-B0270	本范围对照英文后沿用或修订；未查得官方对应，暂定。
Shray Chavyon	谢雷·查维恩	暂定·官方待核	所给英文底稿	A0181-B0272	本范围对照英文后沿用或修订；未查得官方对应，暂定。
Soukhounou	索胡努	暂定·官方待核	所给英文底稿	A0181-B0274	本范围对照英文后沿用或修订；未查得官方对应，暂定。
Ashel	阿舍尔	暂定·官方待核	所给英文底稿	A0181-B0276	本范围对照英文后沿用或修订；未查得官方对应，暂定。
Balsar Kurthuri	巴尔萨·库尔图里	暂定·官方待核	所给英文底稿	A0183-B0119	本范围对照英文后沿用或修订；未查得官方对应，暂定。
Fara Tex	法拉·泰克斯	暂定·官方待核	所给英文底稿	A0181-B0280	本范围对照英文后沿用或修订；未查得官方对应，暂定。
Ghelt	盖尔特	暂定·官方待核	所给英文底稿	A0181-B0282	本范围对照英文后沿用或修订；未查得官方对应，暂定。
Hadraig Dor	哈德拉格·多尔	暂定·官方待核	所给英文底稿	A0181-B0284	本范围对照英文后沿用或修订；未查得官方对应，暂定。
Lukar Fereni	卢卡尔·费雷尼	暂定·官方待核	所给英文底稿	A0181-B0285	本范围对照英文后沿用或修订；未查得官方对应，暂定。
Marko Diz	马可·迪兹	暂定·官方待核	所给英文底稿	A0181-B0286	本范围对照英文后沿用或修订；未查得官方对应，暂定。
Stradon Binalt	斯特拉顿·比纳尔特	暂定·官方待核	所给英文底稿	A0181-B0288	本范围对照英文后沿用或修订；未查得官方对应，暂定。
Syth Arriax	西斯·阿里亚克斯	暂定·官方待核	所给英文底稿	A0181-B0290	本范围对照英文后沿用或修订；未查得官方对应，暂定。
Vincente Sixx	文森特·西克斯	暂定·官方待核	所给英文底稿	A0181-B0292	本范围对照英文后沿用或修订；未查得官方对应，暂定。
Avus	阿夫斯	暂定·官方待核	所给英文底稿	A0181-B0294	本范围对照英文后沿用或修订；未查得官方对应，暂定。
Hriak	赫里亚克	暂定·官方待核	所给英文底稿	A0181-B0296	本范围对照英文后沿用或修订；未查得官方对应，暂定。
Inachus Ptero	伊纳库斯·普特罗	暂定·官方待核	所给英文底稿	A0181-B0298	本范围对照英文后沿用或修订；未查得官方对应，暂定。
Jaquos Zanak	雅克·扎纳克	暂定·官方待核	所给英文底稿	A0181-B0299	本范围对照英文后沿用或修订；未查得官方对应，暂定。
Judex	朱德克斯	暂定·官方待核	所给英文底稿	A0181-B0301	本范围对照英文后沿用或修订；未查得官方对应，暂定。
Khalen	卡伦	暂定·官方待核	所给英文底稿	A0181-B0303	本范围对照英文后沿用或修订；未查得官方对应，暂定。
Kirhane	基尔哈内	暂定·官方待核	所给英文底稿	A0181-B0305	本范围对照英文后沿用或修订；未查得官方对应，暂定。
Morikan	莫里坎	暂定·官方待核	所给英文底稿	A0181-B0307	本范围对照英文后沿用或修订；未查得官方对应，暂定。
Morvax Haukspeer	莫瓦克斯·豪克斯皮尔	暂定·官方待核	所给英文底稿	A0181-B0309	本范围对照英文后沿用或修订；未查得官方对应，暂定。
Napenna	纳佩纳	暂定·官方待核	所给英文底稿	A0181-B0311	本范围对照英文后沿用或修订；未查得官方对应，暂定。
Nathian	纳西恩	暂定·官方待核	所给英文底稿	A0181-B0313	本范围对照英文后沿用或修订；未查得官方对应，暂定。
Nykona Sharrowkyn	尼科纳·沙罗金	暂定·官方待核	所给英文底稿	A0181-B0315	本范围对照英文后沿用或修订；未查得官方对应，暂定。
Rama Karayan	拉玛·卡拉扬	暂定·官方待核	所给英文底稿	A0183-B0097	本范围对照英文后沿用或修订；未查得官方对应，暂定。
Reve	雷夫	暂定·官方待核	所给英文底稿	A0181-B0319	本范围对照英文后沿用或修订；未查得官方对应，暂定。
Sallahn	萨拉恩	暂定·官方待核	所给英文底稿	A0181-B0320	本范围对照英文后沿用或修订；未查得官方对应，暂定。
Tallor	泰勒	暂定·官方待核	所给英文底稿	A0181-B0322	本范围对照英文后沿用或修订；未查得官方对应，暂定。
Syban Nethkal	赛班·内斯卡尔	暂定·官方待核	所给英文底稿	A0181-B0326	本范围对照英文后沿用或修订；未查得官方对应，暂定。
Kaedes Nex	凯德斯·奈克斯	暂定·官方待核	所给英文底稿	A0194-B0020	本范围对照英文后沿用或修订；未查得官方对应，暂定。
Artellus Numeon	阿泰勒斯·努梅昂	暂定·官方待核	所给英文底稿	A0188-B0132	本范围对照英文后沿用或修订；未查得官方对应，暂定。
Barek Zytos	巴雷克·齐托斯	暂定·官方待核	所给英文底稿	A0181-B0337	本范围对照英文后沿用或修订；未查得官方对应，暂定。
Rek'or Xathen	雷科'尔·克萨森	暂定·官方待核	所给英文底稿	A0181-B0339	本范围对照英文后沿用或修订；未查得官方对应，暂定。
Phaestus Var'kir	费斯特斯·瓦尔’基尔	暂定·官方待核	所给英文底稿	A0181-B0341	本范围对照英文后沿用或修订；未查得官方对应，暂定。
Far'kor Zonn	法尔’科·佐恩	暂定·官方待核	所给英文底稿	A0181-B0343	本范围对照英文后沿用或修订；未查得官方对应，暂定。
Igen Gargo	伊根·加戈	暂定·官方待核	所给英文底稿	A0181-B0345	本范围对照英文后沿用或修订；未查得官方对应，暂定。
Atesh Tarsa	阿泰什·塔尔萨	暂定·官方待核	所给英文底稿	A0181-B0349	本范围对照英文后沿用或修订；未查得官方对应，暂定。
Donak	多纳克	暂定·官方待核	所给英文底稿	A0181-B0350	本范围对照英文后沿用或修订；未查得官方对应，暂定。
Go'Sol	戈'索尔	暂定·官方待核	所给英文底稿	A0181-B0352	本范围对照英文后沿用或修订；未查得官方对应，暂定。
Hae’Phast	海'法斯特	暂定·官方待核	所给英文底稿	A0181-B0353	本范围对照英文后沿用或修订；未查得官方对应，暂定。
Jo’Phor	乔'福尔	暂定·官方待核	所给英文底稿	A0181-B0354	本范围对照英文后沿用或修订；未查得官方对应，暂定。
Heka’tan	赫卡’坦	暂定·官方待核	所给英文底稿	A0181-B0356	本范围对照英文后沿用或修订；未查得官方对应，暂定。
K'gosi	科'戈西	暂定·官方待核	所给英文底稿	A0181-B0358	本范围对照英文后沿用或修订；未查得官方对应，暂定。
Khi'Dem	凯'德姆	暂定·官方待核	所给英文底稿	A0181-B0360	本范围对照英文后沿用或修订；未查得官方对应，暂定。
Leodrakk	莱奥德拉克	暂定·官方待核	所给英文底稿	A0181-B0362	本范围对照英文后沿用或修订；未查得官方对应，暂定。
Nomus Rhy'tan	诺姆斯·莱’坦	暂定·官方待核	所给英文底稿	A0181-B0364	本范围对照英文后沿用或修订；未查得官方对应，暂定。
Ra'stan	拉’斯坦	暂定·官方待核	所给英文底稿	A0181-B0366	本范围对照英文后沿用或修订；未查得官方对应，暂定。
Shen'ra	申’拉	暂定·官方待核	所给英文底稿	A0181-B0368	本范围对照英文后沿用或修订；未查得官方对应，暂定。
Ven'tal	文'塔尔	暂定·官方待核	所给英文底稿	A0181-B0369	本范围对照英文后沿用或修订；未查得官方对应，暂定。
Vor'shar	沃'沙尔	暂定·官方待核	所给英文底稿	A0181-B0371	本范围对照英文后沿用或修订；未查得官方对应，暂定。
Blackshields	黑盾	暂定·官方待核	所给英文底稿	182	本范围对照英文后沿用或修订；未查得官方对应，暂定。
Death Seekers	死亡追寻者	暂定·官方待核	所给英文底稿	A0182-B0018	本范围对照英文后沿用或修订；未查得官方对应，暂定。
Orphans of War	战争孤者	暂定·官方待核	所给英文底稿	A0182-B0020	本范围对照英文后沿用或修订；未查得官方对应，暂定。
Outlanders	异乡人	暂定·官方待核	所给英文底稿	A0182-B0022	本范围对照英文后沿用或修订；未查得官方对应，暂定。
Chymeriae	奇美拉战士	暂定·官方待核	所给英文底稿	A0182-B0024	本范围对照英文后沿用或修订；未查得官方对应，暂定。
Ashen Claws	灰烬之爪	暂定·官方待核	所给英文底稿	A0226-B0020	本范围对照英文后沿用或修订；未查得官方对应，暂定。
Brotherhood of Set	赛特兄弟会	暂定·官方待核	所给英文底稿	A0182-B0029	本范围对照英文后沿用或修订；未查得官方对应，暂定。
Burnt Word	烧焦之言	暂定·官方待核	所给英文底稿	A0182-B0031	本范围对照英文后沿用或修订；未查得官方对应，暂定。
Company of the Sundered	割裂连队	暂定·官方待核	所给英文底稿	A0182-B0033	本范围对照英文后沿用或修订；未查得官方对应，暂定。
Dark Brotherhood	黑暗兄弟会	暂定·官方待核	所给英文底稿	A0225-B0242	本范围对照英文后沿用或修订；未查得官方对应，暂定。
Death Eagles	死亡天鹰	暂定·官方待核	所给英文底稿	A0225-B0257	本范围对照英文后沿用或修订；未查得官方对应，暂定。
Desolation Hounds	荒凉猎犬	暂定·官方待核	所给英文底稿	A0182-B0036	本范围对照英文后沿用或修订；未查得官方对应，暂定。
Disciples of the Flames	火焰门徒	暂定·官方待核	所给英文底稿	A0182-B0037	本范围对照英文后沿用或修订；未查得官方对应，暂定。
Fangs of the Emperor	帝皇獠牙	暂定·官方待核	所给英文底稿	A0182-B0039	本范围对照英文后沿用或修订；未查得官方对应，暂定。
Gerasene Host	格拉森军势	暂定·官方待核	所给英文底稿	A0182-B0041	本范围对照英文后沿用或修订；未查得官方对应，暂定。
Marauder Squad	掠夺者小队	暂定·官方待核	所给英文底稿	A0182-B0042	本范围对照英文后沿用或修订；未查得官方对应，暂定。
Mind-Blade	思维之刃	暂定·官方待核	所给英文底稿	A0182-B0043	本范围对照英文后沿用或修订；未查得官方对应，暂定。
Nine Blades	九刃	暂定·官方待核	所给英文底稿	A0182-B0045	本范围对照英文后沿用或修订；未查得官方对应，暂定。
Third Covenant	第三盟约	暂定·官方待核	所给英文底稿	A0182-B0048	本范围对照英文后沿用或修订；未查得官方对应，暂定。
True Flame	真实火焰	暂定·官方待核	所给英文底稿	A0182-B0049	本范围对照英文后沿用或修订；未查得官方对应，暂定。
Twelfth Truth	第十二真理	暂定·官方待核	所给英文底稿	A0182-B0051	本范围对照英文后沿用或修订；未查得官方对应，暂定。
Umbral Hundred	阴影百人队	暂定·官方待核	所给英文底稿	A0182-B0053	本范围对照英文后沿用或修订；未查得官方对应，暂定。
Endryd Haar	恩德里德·哈尔	暂定·官方待核	所给英文底稿	A0182-B0075	本范围对照英文后沿用或修订；未查得官方对应，暂定。
Erud Vahn	埃鲁德·梵恩	暂定·官方待核	所给英文底稿	A0182-B0077	本范围对照英文后沿用或修订；未查得官方对应，暂定。
Crysos Morturg	克瑞索斯·莫特格	暂定·官方待核	所给英文底稿	A0182-B0079	本范围对照英文后沿用或修订；未查得官方对应，暂定。
Nemean	涅墨亚	暂定·官方待核	所给英文底稿	A0183-B0105	本范围对照英文后沿用或修订；未查得官方对应，暂定。
Nerat Kirine	内拉特·基林	暂定·官方待核	所给英文底稿	A0188-B0135	本范围对照英文后沿用或修订；未查得官方对应，暂定。
Nuhmarak	努马拉克	暂定·官方待核	所给英文底稿	A0182-B0085	本范围对照英文后沿用或修订；未查得官方对应，暂定。
Morkan Sayle	莫肯·赛尔	暂定·官方待核	所给英文底稿	A0182-B0087	本范围对照英文后沿用或修订；未查得官方对应，暂定。
Knights-Errant	游侠骑士	暂定·官方待核	所给英文底稿	183	本范围对照英文后沿用或修订；未查得官方对应，暂定。
Founding	建军	暂定·官方待核	所给英文底稿	215	本范围对照英文后沿用或修订；未查得官方对应，暂定。
Sol	太阳系	暂定·官方待核	所给英文底稿	A0183-B0014	本范围对照英文后沿用或修订；未查得官方对应，暂定。
The Phalanx	山阵号	暂定·官方待核	所给英文底稿	A0183-B0017	本范围对照英文后沿用或修订；未查得官方对应，暂定。
Isstvan	伊斯塔万	暂定·官方待核	所给英文底稿	A0183-B0020	本范围对照英文后沿用或修订；未查得官方对应，暂定。
Nathaniel Garro	纳撒尼尔·伽罗	暂定·官方待核	所给英文底稿	A0183-B0077	本范围对照英文后沿用或修订；未查得官方对应，暂定。
Macer Varren	马塞尔·瓦伦	暂定·官方待核	所给英文底稿	A0183-B0081	本范围对照英文后沿用或修订；未查得官方对应，暂定。
Severian	塞维里安	暂定·官方待核	所给英文底稿	A0183-B0089	本范围对照英文后沿用或修订；未查得官方对应，暂定。
Tubal Cayne	图巴尔·凯恩	暂定·官方待核	所给英文底稿	A0183-B0091	本范围对照英文后沿用或修订；未查得官方对应，暂定。
Bror Tyrfingr	布罗尔·蒂尔芬格	暂定·官方待核	所给英文底稿	A0183-B0095	本范围对照英文后沿用或修订；未查得官方对应，暂定。
Altan Nohai	阿坦·诺海	暂定·官方待核	所给英文底稿	A0183-B0099	本范围对照英文后沿用或修订；未查得官方对应，暂定。
Callion Zaven	卡利昂·扎文	暂定·官方待核	所给英文底稿	A0183-B0101	本范围对照英文后沿用或修订；未查得官方对应，暂定。
Vardas Ison	瓦尔达斯·伊森	暂定·官方待核	所给英文底稿	A0183-B0103	本范围对照英文后沿用或修订；未查得官方对应，暂定。
Helig Gallor	赫利格·加洛	暂定·官方待核	所给英文底稿	A0183-B0107	本范围对照英文后沿用或修订；未查得官方对应，暂定。
Bajun Kyda	拜俊·凯达	暂定·官方待核	所给英文底稿	A0183-B0109	本范围对照英文后沿用或修订；未查得官方对应，暂定。
Dravian Klayde	德拉维安·克莱德	暂定·官方待核	所给英文底稿	A0183-B0111	本范围对照英文后沿用或修订；未查得官方对应，暂定。
Revuel Arvida	雷韦尔·阿维达	暂定·官方待核	所给英文底稿	A0183-B0113	本范围对照英文后沿用或修订；未查得官方对应，暂定。
Fel Zharost	费尔·扎罗斯特	暂定·官方待核	所给英文底稿	A0183-B0115	本范围对照英文后沿用或修订；未查得官方对应，暂定。
Umojen	尤莫金	暂定·官方待核	所给英文底稿	A0183-B0117	本范围对照英文后沿用或修订；未查得官方对应，暂定。
Varskjold	瓦尔斯克约德	暂定·官方待核	所给英文底稿	A0183-B0121	本范围对照英文后沿用或修订；未查得官方对应，暂定。
Dio Promus	迪奥·普罗姆斯	暂定·官方待核	所给英文底稿	A0183-B0123	本范围对照英文后沿用或修订；未查得官方对应，暂定。
Fyodor Stromgren	费奥多·斯特罗姆格伦	暂定·官方待核	所给英文底稿	A0183-B0125	本范围对照英文后沿用或修订；未查得官方对应，暂定。
Antaka Cyvaan	安塔卡·凯万	暂定·官方待核	所给英文底稿	A0183-B0127	本范围对照英文后沿用或修订；未查得官方对应，暂定。
Kaspian Hecht	卡斯皮安·赫克特	暂定·官方待核	所给英文底稿	A0183-B0129	本范围对照英文后沿用或修订；未查得官方对应，暂定。
Legiones Auxilia	军团辅助军	暂定·官方待核	所给英文底稿	184	本范围对照英文后沿用或修订；未查得官方对应，暂定。
Chainshroud	覆链者	暂定·官方待核	所给英文底稿	A0184-B0013	本范围对照英文后沿用或修订；未查得官方对应，暂定。
Cthonian Headhunters	科索尼亚猎颅者	暂定·官方待核	所给英文底稿	A0184-B0015	本范围对照英文后沿用或修订；未查得官方对应，暂定。
Inwit Phalangites	因维特方阵兵	暂定·官方待核	所给英文底稿	A0184-B0017	本范围对照英文后沿用或修订；未查得官方对应，暂定。
Last Vigil	最后守夜者	暂定·官方待核	所给英文底稿	A0184-B0019	本范围对照英文后沿用或修订；未查得官方对应，暂定。
Petran Voltigeurs	佩特兰轻步兵	暂定·官方待核	所给英文底稿	A0184-B0021	本范围对照英文后沿用或修订；未查得官方对应，暂定。
Prosperine Spireguard	普罗斯佩罗尖塔守卫	暂定·官方待核	所给英文底稿	A0184-B0022	本范围对照英文后沿用或修订；未查得官方对应，暂定。
Selucid Thorakites	塞琉古胸甲兵	暂定·官方待核	所给英文底稿	A0184-B0023	本范围对照英文后沿用或修订；未查得官方对应，暂定。
Spireguard Templars	尖塔守卫圣殿骑士	暂定·官方待核	所给英文底稿	A0184-B0024	本范围对照英文后沿用或修订；未查得官方对应，暂定。
Ultramar Accensi	奥特拉玛辅助军	暂定·官方待核	所给英文底稿	A0184-B0026	本范围对照英文后沿用或修订；未查得官方对应，暂定。
Ultramar High Guard	奥特拉玛至高守卫	暂定·官方待核	所给英文底稿	A0184-B0027	本范围对照英文后沿用或修订；未查得官方对应，暂定。
Legion Master	军团长	暂定·官方待核	所给英文底稿	185	本范围对照英文后沿用或修订；未查得官方对应，暂定。
Gheer	吉尔	暂定·官方待核	所给英文底稿	A0185-B0005	本范围对照英文后沿用或修订；未查得官方对应，暂定。
Amadeus DuCaine	阿玛迪乌斯·杜凯因	暂定·官方待核	所给英文底稿	A0188-B0109	本范围对照英文后沿用或修订；未查得官方对应，暂定。
Cassian Vaughn	卡索·沃恩	暂定·官方待核	所给英文底稿	A0185-B0009	本范围对照英文后沿用或修订；未查得官方对应，暂定。
Mathias	马蒂亚斯	暂定·官方待核	所给英文底稿	A0185-B0011	本范围对照英文后沿用或修订；未查得官方对应，暂定。
Arkhas Fal	阿尔卡斯·法尔	暂定·官方待核	所给英文底稿	A0185-B0013	本范围对照英文后沿用或修订；未查得官方对应，暂定。
Thrallas	萨尔阿斯	暂定·官方待核	所给英文底稿	A0185-B0015	本范围对照英文后沿用或修订；未查得官方对应，暂定。
Gren Vosotho	格伦·沃索托	暂定·官方待核	所给英文底稿	A0185-B0017	本范围对照英文后沿用或修订；未查得官方对应，暂定。
Enoch Rathvin	伊诺克·拉什文	暂定·官方待核	所给英文底稿	A0185-B0019	本范围对照英文后沿用或修订；未查得官方对应，暂定。
Lhorke	洛克	暂定·官方待核	所给英文底稿	A0185-B0021	本范围对照英文后沿用或修订；未查得官方对应，暂定。
Ishidur Ossuros	伊什杜尔·奥苏罗斯	暂定·官方待核	所给英文底稿	A0185-B0023	本范围对照英文后沿用或修订；未查得官方对应，暂定。
Hector Thrane	赫克托·瑟兰	暂定·官方待核	所给英文底稿	A0185-B0025	本范围对照英文后沿用或修订；未查得官方对应，暂定。
Urian Vendraig	尤里安·万德拉戈	暂定·官方待核	所给英文底稿	A0185-B0027	本范围对照英文后沿用或修订；未查得官方对应，暂定。
First Captain	第一连长	暂定·官方待核	所给英文底稿	186	本范围对照英文后沿用或修订；未查得官方对应，暂定。
Crimson Fists	绯红之拳	暂定·官方待核	所给英文底稿	A0229-B0083	本范围对照英文后沿用或修订；未查得官方对应，暂定。
Silver Skulls	银色颅骨	暂定·官方待核	所给英文底稿	A0225-B0685	本范围对照英文后沿用或修订；未查得官方对应，暂定。
Legion Champion	军团冠军	暂定·官方待核	所给英文底稿	187	本范围对照英文后沿用或修订；未查得官方对应，暂定。
Vorkyl	沃凯尔	暂定·官方待核	所给英文底稿	A0187-B0005	本范围对照英文后沿用或修订；未查得官方对应，暂定。
Praetor	执政官	暂定·官方待核	所给英文底稿	188	本范围对照英文后沿用或修订；未查得官方对应，暂定。
Astelan	阿斯特兰	暂定·官方待核	所给英文底稿	A0188-B0048	本范围对照英文后沿用或修订；未查得官方对应，暂定。
Corswain	考斯韦恩	暂定·官方待核	所给英文底稿	A0188-B0049	本范围对照英文后沿用或修订；未查得官方对应，暂定。
Holguin	霍尔金	暂定·官方待核	所给英文底稿	A0188-B0051	本范围对照英文后沿用或修订；未查得官方对应，暂定。
Qin Xa	秦夏	暂定·官方待核	所给英文底稿	A0188-B0058	本范围对照英文后沿用或修订；未查得官方对应，暂定。
Hasik Noyan-Khan	哈西克诺扬汗	暂定·官方待核	所给英文底稿	A0188-B0060	本范围对照英文后沿用或修订；未查得官方对应，暂定。
Jemulan Noyan-Khan	哲穆兰诺扬汗	暂定·官方待核	所给英文底稿	A0188-B0062	本范围对照英文后沿用或修订；未查得官方对应，暂定。
Jubal Khan	朱巴可汗	暂定·官方待核	所给英文底稿	A0247-B0039	本范围对照英文后沿用或修订；未查得官方对应，暂定。
Gunnar Gunnhilt	加纳·甘希尔特	暂定·官方待核	所给英文底稿	A0188-B0071	本范围对照英文后沿用或修订；未查得官方对应，暂定。
Amlodhi Skarssen Skarssensson	阿姆洛迪·斯卡森·斯卡森松	暂定·官方待核	所给英文底稿	A0188-B0073	本范围对照英文后沿用或修订；未查得官方对应，暂定。
Jorin Bloodhowl	约林·血嚎	暂定·官方待核	所给英文底稿	A0188-B0075	本范围对照英文后沿用或修订；未查得官方对应，暂定。
Sigismund	西吉斯蒙德	暂定·官方待核	所给英文底稿	A0188-B0084	本范围对照英文后沿用或修订；未查得官方对应，暂定。
Archamus I	阿坎姆斯一世	暂定·官方待核	所给英文底稿	A0188-B0086	本范围对照英文后沿用或修订；未查得官方对应，暂定。
Kestros	凯斯特罗斯	暂定·官方待核	所给英文底稿	A0188-B0087	本范围对照英文后沿用或修订；未查得官方对应，暂定。
Raldoron	拉多隆	暂定·官方待核	所给英文底稿	A0188-B0094	本范围对照英文后沿用或修订；未查得官方对应，暂定。
Azkaellon	阿兹卡隆	暂定·官方待核	所给英文底稿	A0188-B0096	本范围对照英文后沿用或修订；未查得官方对应，暂定。
Dahka Berus	达卡·贝鲁斯	暂定·官方待核	所给英文底稿	A0188-B0098	本范围对照英文后沿用或修订；未查得官方对应，暂定。
Alcetas Castael	阿尔塞塔斯·卡斯塔尔	暂定·官方待核	所给英文底稿	A0188-B0100	本范围对照英文后沿用或修订；未查得官方对应，暂定。
Gabriel Santar	加百列·桑塔尔	暂定·官方待核	所给英文底稿	A0188-B0107	本范围对照英文后沿用或修订；未查得官方对应，暂定。
Marius Gage	马吕斯·盖奇	暂定·官方待核	所给英文底稿	A0188-B0118	本范围对照英文后沿用或修订；未查得官方对应，暂定。
Orfeo Cassandar	奥费欧·卡桑达尔	暂定·官方待核	所给英文底稿	A0188-B0120	本范围对照英文后沿用或修订；未查得官方对应，暂定。
Phratus Auguston	弗拉图斯·奥古斯顿	暂定·官方待核	所给英文底稿	A0188-B0122	本范围对照英文后沿用或修订；未查得官方对应，暂定。
Verus Caspean	维鲁斯·卡斯佩恩	暂定·官方待核	所给英文底稿	A0188-B0124	本范围对照英文后沿用或修订；未查得官方对应，暂定。
Artaeon	阿尔泰昂	暂定·官方待核	所给英文底稿	A0188-B0125	本范围对照英文后沿用或修订；未查得官方对应，暂定。
Solaro An	索罗拉·安	暂定·官方待核	所给英文底稿	A0188-B0141	本范围对照英文后沿用或修订；未查得官方对应，暂定。
Eidolon	艾多隆	暂定·官方待核	所给英文底稿	A0188-B0145	本范围对照英文后沿用或修订；未查得官方对应，暂定。
Vespasian	维斯帕西安	暂定·官方待核	所给英文底稿	A0188-B0147	本范围对照英文后沿用或修订；未查得官方对应，暂定。
Julius Kaesoron	尤利乌斯·凯索伦	暂定·官方待核	所给英文底稿	A0188-B0149	本范围对照英文后沿用或修订；未查得官方对应，暂定。
Kydomor Forrix	凯德摩尔·弗里克斯	暂定·官方待核	所给英文底稿	A0188-B0156	本范围对照英文后沿用或修订；未查得官方对应，暂定。
Soltarn Vull Bronn	索尔塔恩·沃·布隆	暂定·官方待核	所给英文底稿	A0188-B0158	本范围对照英文后沿用或修订；未查得官方对应，暂定。
Berossus	贝罗索斯	暂定·官方待核	所给英文底稿	A0188-B0160	本范围对照英文后沿用或修订；未查得官方对应，暂定。
Barban Falk	巴尔本·法尔克	暂定·官方待核	所给英文底稿	A0188-B0164	本范围对照英文后沿用或修订；未查得官方对应，暂定。
Kroeger	克罗格	暂定·官方待核	所给英文底稿	A0188-B0166	本范围对照英文后沿用或修订；未查得官方对应，暂定。
Toramino	托拉米诺	暂定·官方待核	所给英文底稿	A0188-B0168	本范围对照英文后沿用或修订；未查得官方对应，暂定。
Harkor	哈克	暂定·官方待核	所给英文底稿	A0188-B0170	本范围对照英文后沿用或修订；未查得官方对应，暂定。
Kyr Vhalen	凯尔·瓦伦	暂定·官方待核	所给英文底稿	A0188-B0172	本范围对照英文后沿用或修订；未查得官方对应，暂定。
Idriss Krendl	伊德里斯·克伦德尔	暂定·官方待核	所给英文底稿	A0188-B0174	本范围对照英文后沿用或修订；未查得官方对应，暂定。
Jago Sevatarion	雅戈·赛维塔里昂	暂定·官方待核	所给英文底稿	A0188-B0177	本范围对照英文后沿用或修订；未查得官方对应，暂定。
Shang	尚	暂定·官方待核	所给英文底稿	A0188-B0179	本范围对照英文后沿用或修订；未查得官方对应，暂定。
Nakrid Thole	纳克雷德·索尔	暂定·官方待核	所给英文底稿	A0188-B0180	本范围对照英文后沿用或修订；未查得官方对应，暂定。
Khârn	卡恩	暂定·官方待核	所给英文底稿	A0188-B0187	本范围对照英文后沿用或修订；未查得官方对应，暂定。
Calas Typhon	卡拉斯·提丰	暂定·官方待核	所给英文底稿	A0188-B0190	本范围对照英文后沿用或修订；未查得官方对应，暂定。
Caipha Morarg	凯法·莫拉格	暂定·官方待核	所给英文底稿	A0188-B0192	本范围对照英文后沿用或修订；未查得官方对应，暂定。
Durak Rask	杜拉克·拉斯克	暂定·官方待核	所给英文底稿	A0188-B0194	本范围对照英文后沿用或修订；未查得官方对应，暂定。
Vrokhorn	弗罗克霍恩	暂定·官方待核	所给英文底稿	A0188-B0196	本范围对照英文后沿用或修订；未查得官方对应，暂定。
Ahzek Ahriman	阿扎克·阿里曼	暂定·官方待核	所给英文底稿	A0188-B0203	本范围对照英文后沿用或修订；未查得官方对应，暂定。
Phosis T'Kar	弗西斯·塔'卡	暂定·官方待核	所给英文底稿	A0188-B0205	本范围对照英文后沿用或修订；未查得官方对应，暂定。
Hathor Maat	哈索尔·玛特	暂定·官方待核	所给英文底稿	A0188-B0207	本范围对照英文后沿用或修订；未查得官方对应，暂定。
Menes Kalliston	梅内斯·卡利斯顿	暂定·官方待核	所给英文底稿	A0188-B0209	本范围对照英文后沿用或修订；未查得官方对应，暂定。
Baleq Uthizzar	巴莱克·乌希萨尔	暂定·官方待核	所给英文底稿	A0188-B0211	本范围对照英文后沿用或修订；未查得官方对应，暂定。
Khalophis	卡洛菲斯	暂定·官方待核	所给英文底稿	A0188-B0213	本范围对照英文后沿用或修订；未查得官方对应，暂定。
Amon	阿蒙	暂定·官方待核	所给英文底稿	A0188-B0215	本范围对照英文后沿用或修订；未查得官方对应，暂定。
Ezekyle Abaddon	以泽凯尔·阿巴顿	暂定·官方待核	所给英文底稿	A0188-B0220	本范围对照英文后沿用或修订；未查得官方对应，暂定。
Hastur Sejanus	哈斯塔·赛詹努斯	暂定·官方待核	所给英文底稿	A0188-B0224	本范围对照英文后沿用或修订；未查得官方对应，暂定。
Grael Noctua	格拉艾·诺克图阿	暂定·官方待核	所给英文底稿	A0188-B0234	本范围对照英文后沿用或修订；未查得官方对应，暂定。
Korosan Myrlath	科罗桑·米拉斯	暂定·官方待核	所给英文底稿	A0188-B0235	本范围对照英文后沿用或修订；未查得官方对应，暂定。
Kor Phaeron	科尔·法伦	暂定·官方待核	所给英文底稿	A0188-B0244	本范围对照英文后沿用或修订；未查得官方对应，暂定。
Zardu Layak	扎度·拉亚克	暂定·官方待核	所给英文底稿	A0188-B0248	本范围对照英文后沿用或修订；未查得官方对应，暂定。
Armillus Dynat	阿尔梅琉斯·迪纳特	暂定·官方待核	所给英文底稿	A0188-B0255	本范围对照英文后沿用或修订；未查得官方对应，暂定。
Ingo Pech	英戈·佩奇	暂定·官方待核	所给英文底稿	A0188-B0257	本范围对照英文后沿用或修订；未查得官方对应，暂定。
Autilon Skorr	奥帝隆·斯考尔	暂定·官方待核	所给英文底稿	A0188-B0259	本范围对照英文后沿用或修订；未查得官方对应，暂定。
Legion Centurion	军团百夫长	暂定·官方待核	所给英文底稿	189	本范围对照英文后沿用或修订；未查得官方对应，暂定。
Thegn	领主	暂定·官方待核	所给英文底稿	A0189-B0011	本范围对照英文后沿用或修订；未查得官方对应，暂定。
Aster Crohne	阿斯特·克罗恩	暂定·官方待核	所给英文底稿	A0189-B0014	本范围对照英文后沿用或修订；未查得官方对应，暂定。
Delvarus	德尔瓦鲁斯	暂定·官方待核	所给英文底稿	A0189-B0018	本范围对照英文后沿用或修订；未查得官方对应，暂定。
Kadus Brekkar	卡杜斯·布雷卡	暂定·官方待核	所给英文底稿	A0189-B0020	本范围对照英文后沿用或修订；未查得官方对应，暂定。
Mago	马戈	暂定·官方待核	所给英文底稿	A0189-B0022	本范围对照英文后沿用或修订；未查得官方对应，暂定。
Shabran Darr	沙巴兰·达尔	暂定·官方待核	所给英文底稿	A0189-B0024	本范围对照英文后沿用或修订；未查得官方对应，暂定。
Titus Prayto	泰图斯·普瑞托	暂定·官方待核	所给英文底稿	A0189-B0026	本范围对照英文后沿用或修订；未查得官方对应，暂定。
Consul	领事	暂定·官方待核	所给英文底稿	190	本范围对照英文后沿用或修订；未查得官方对应，暂定。
Armistos	军械大师	暂定·官方待核	所给英文底稿	A0190-B0007	本范围对照英文后沿用或修订；未查得官方对应，暂定。
Champion	冠军	暂定·官方待核	所给英文底稿	A0190-B0010	本范围对照英文后沿用或修订；未查得官方对应，暂定。
Delegatus	代表	暂定·官方待核	所给英文底稿	A0190-B0022	本范围对照英文后沿用或修订；未查得官方对应，暂定。
Esoterist	密使	暂定·官方待核	所给英文底稿	A0190-B0025	本范围对照英文后沿用或修订；未查得官方对应，暂定。
Forge Lord	铸炉之主	暂定·官方待核	所给英文底稿	A0190-B0030	本范围对照英文后沿用或修订；未查得官方对应，暂定。
Herald	传令官	暂定·官方待核	所给英文底稿	A0190-B0033	本范围对照英文后沿用或修订；未查得官方对应，暂定。
Master of Signals	信号大师	暂定·官方待核	所给英文底稿	193	本范围对照英文后沿用或修订；未查得官方对应，暂定。
Moritat	暗杀精英	暂定·官方待核	所给英文底稿	194	本范围对照英文后沿用或修订；未查得官方对应，暂定。
Pathfinder	探路者	暂定·官方待核	所给英文底稿	A0190-B0052	本范围对照英文后沿用或修订；未查得官方对应，暂定。
Opsequiari	执法官	暂定·官方待核	所给英文底稿	A0190-B0055	本范围对照英文后沿用或修订；未查得官方对应，暂定。
Overseer	监督者	暂定·官方待核	所给英文底稿	A0190-B0058	本范围对照英文后沿用或修订；未查得官方对应，暂定。
Praevian	智控顾问	暂定·官方待核	所给英文底稿	A0190-B0063	本范围对照英文后沿用或修订；未查得官方对应，暂定。
Primus Nullificator	首席湮灭者	暂定·官方待核	所给英文底稿	A0190-B0071	本范围对照英文后沿用或修订；未查得官方对应，暂定。
Siege-Breaker	破城者	暂定·官方待核	所给英文底稿	A0190-B0074	本范围对照英文后沿用或修订；未查得官方对应，暂定。
Warmonger	好战者	暂定·官方待核	所给英文底稿	A0190-B0079	本范围对照英文后沿用或修订；未查得官方对应，暂定。
Caster of Runes	符文祭司	暂定·官方待核	所给英文底稿	A0190-B0083	本范围对照英文后沿用或修订；未查得官方对应，暂定。
Dark Emissary	黑暗使节	暂定·官方待核	所给英文底稿	A0190-B0088	本范围对照英文后沿用或修订；未查得官方对应，暂定。
Stormseer	风暴先知	暂定·官方待核	所给英文底稿	A0190-B0098	本范围对照英文后沿用或修订；未查得官方对应，暂定。
Champion Consul	冠军领事	暂定·官方待核	所给英文底稿	191	本范围对照英文后沿用或修订；未查得官方对应，暂定。
Paragon Blade	模范之刃	暂定·官方待核	所给英文底稿	A0191-B0013	本范围对照英文后沿用或修订；未查得官方对应，暂定。
Refractor Field	折射力场	暂定·官方待核	所给英文底稿	A0191-B0014	本范围对照英文后沿用或修订；未查得官方对应，暂定。
Iron Halo	铁光环	暂定·官方待核	所给英文底稿	A0191-B0015	本范围对照英文后沿用或修订；未查得官方对应，暂定。
Consul-Chaplain	领事教士	暂定·官方待核	所给英文底稿	192	本范围对照英文后沿用或修订；未查得官方对应，暂定。
Ankarion	安卡瑞恩	暂定·官方待核	所给英文底稿	A0192-B0005	本范围对照英文后沿用或修订；未查得官方对应，暂定。
Munokhoi	穆诺霍伊	暂定·官方待核	所给英文底稿	A0194-B0022	本范围对照英文后沿用或修订；未查得官方对应，暂定。
Vitas Phorgal	维塔斯·福戈	暂定·官方待核	所给英文底稿	A0194-B0024	本范围对照英文后沿用或修订；未查得官方对应，暂定。
Vortronar	沃特朗纳	暂定·官方待核	所给英文底稿	A0194-B0026	本范围对照英文后沿用或修订；未查得官方对应，暂定。
Zhyrgal	日尔加尔	暂定·官方待核	所给英文底稿	A0194-B0028	本范围对照英文后沿用或修订；未查得官方对应，暂定。
Consul-Opsequiari	领事执法官	暂定·官方待核	所给英文底稿	195	本范围对照英文后沿用或修订；未查得官方对应，暂定。
Bercim Ovkul	贝尔吉姆·奥夫库尔	暂定·官方待核	所给英文底稿	A0195-B0011	本范围对照英文后沿用或修订；未查得官方对应，暂定。
Consul Praevian	领事智控顾问	暂定·官方待核	所给英文底稿	196	本范围对照英文后沿用或修订；未查得官方对应，暂定。
Nârik Dreygur	纳里克·德雷格尔	暂定·官方待核	所给英文底稿	A0196-B0011	本范围对照英文后沿用或修订；未查得官方对应，暂定。
Vorakon	沃拉肯	暂定·官方待核	所给英文底稿	A0196-B0012	本范围对照英文后沿用或修订；未查得官方对应，暂定。
Lieutenant-Commander	副指挥官	暂定·官方待核	所给英文底稿	197	本范围对照英文后沿用或修订；未查得官方对应，暂定。
Legiones Decurion	军团十夫长	暂定·官方待核	所给英文底稿	198	本范围对照英文后沿用或修订；未查得官方对应，暂定。
Nullificator	湮灭者	暂定·官方待核	所给英文底稿	200	本范围对照英文后沿用或修订；未查得官方对应，暂定。
Seeker	追踪者	暂定·官方待核	所给英文底稿	201	本范围对照英文后沿用或修订；未查得官方对应，暂定。
Despoiler	劫掠者	暂定·官方待核	所给英文底稿	202	本范围对照英文后沿用或修订；未查得官方对应，暂定。
Power Armour	动力盔甲	暂定·官方待核	所给英文底稿	A0202-B0019	本范围对照英文后沿用或修订；未查得官方对应，暂定。
Frag Grenades	破片手榴弹	暂定·官方待核	所给英文底稿	A0202-B0020	本范围对照英文后沿用或修订；未查得官方对应，暂定。
Krak Grenades	穿甲手榴弹	暂定·官方待核	所给英文底稿	A0202-B0021	本范围对照英文后沿用或修订；未查得官方对应，暂定。
Destroyer	毁灭者	暂定·官方待核	所给英文底稿	203	本范围对照英文后沿用或修订；未查得官方对应，暂定。
Destroyer Assault Squad	毁灭者突击小队	暂定·官方待核	所给英文底稿	A0203-B0015	本范围对照英文后沿用或修订；未查得官方对应，暂定。
Mortalis Destroyer Squad	终死毁灭者小队	暂定·官方待核	所给英文底稿	A0203-B0019	本范围对照英文后沿用或修订；未查得官方对应，暂定。
Dreadwing	恐翼	暂定·官方待核	所给英文底稿	A0203-B0022	本范围对照英文后沿用或修订；未查得官方对应，暂定。
Interemptor	屠灭者	暂定·官方待核	所给英文底稿	A0203-B0024	本范围对照英文后沿用或修订；未查得官方对应，暂定。
Karaoghlanlar	死暗之子	暂定·官方待核	所给英文底稿	A0203-B0026	本范围对照英文后沿用或修订；未查得官方对应，暂定。
Black Cull	黑屠	暂定·官方待核	所给英文底稿	A0203-B0028	本范围对照英文后沿用或修订；未查得官方对应，暂定。
Angel's Tears	天使之泪	暂定·官方待核	所给英文底稿	A0203-B0030	本范围对照英文后沿用或修订；未查得官方对应，暂定。
High Host	至高军势	暂定·官方待核	所给英文底稿	A0203-B0032	本范围对照英文后沿用或修订；未查得官方对应，暂定。
Red Hand	血手	暂定·官方待核	所给英文底稿	A0203-B0034	本范围对照英文后沿用或修订；未查得官方对应，暂定。
Nemesis Destroyers	复仇女神毁灭者	暂定·官方待核	所给英文底稿	A0203-B0036	本范围对照英文后沿用或修订；未查得官方对应，暂定。
Mortus Poisoners	莫图斯毒杀者	暂定·官方待核	所给英文底稿	A0203-B0038	本范围对照英文后沿用或修订；未查得官方对应，暂定。
Skane	斯科纳	暂定·官方待核	所给英文底稿	A0203-B0043	本范围对照英文后沿用或修订；未查得官方对应，暂定。
Kletos	克莱托斯	暂定·官方待核	所给英文底稿	A0203-B0045	本范围对照英文后沿用或修订；未查得官方对应，暂定。
Serac Lukash	塞拉克·卢卡什	暂定·官方待核	所给英文底稿	A0203-B0047	本范围对照英文后沿用或修订；未查得官方对应，暂定。
Zephon	泽丰	暂定·官方待核	所给英文底稿	A0203-B0049	本范围对照英文后沿用或修订；未查得官方对应，暂定。
Breacher Siege	攻坚者	暂定·官方待核	所给英文底稿	204	本范围对照英文后沿用或修订；未查得官方对应，暂定。
Phalanx Warder	山阵卫队	暂定·官方待核	所给英文底稿	A0204-B0013	本范围对照英文后沿用或修订；未查得官方对应，暂定。
Medusan Immortals	美杜莎不朽者	暂定·官方待核	所给英文底稿	A0204-B0017	本范围对照英文后沿用或修订；未查得官方对应，暂定。
Praetorian Breacher Squad	禁卫军攻坚小队	暂定·官方待核	所给英文底稿	A0204-B0019	本范围对照英文后沿用或修订；未查得官方对应，暂定。
Reconnaissance Squad	侦察小队	暂定·官方待核	所给英文底稿	205	本范围对照英文后沿用或修订；未查得官方对应，暂定。
Barthusa Narek	巴图萨·纳瑞克	暂定·官方待核	所给英文底稿	A0205-B0012	本范围对照英文后沿用或修订；未查得官方对应，暂定。
Tactical Support Squad	战术支援小队	暂定·官方待核	所给英文底稿	206	本范围对照英文后沿用或修订；未查得官方对应，暂定。
Outrider	先遣者	暂定·官方待核	所给英文底稿	A0225-B0575	本范围对照英文后沿用或修订；未查得官方对应，暂定。
Spatha Pattern Bike	长剑型摩托	暂定·官方待核	所给英文底稿	A0207-B0008	本范围对照英文后沿用或修订；未查得官方对应，暂定。
Hussar Squadron	轻骑兵中队	暂定·官方待核	所给英文底稿	208	本范围对照英文后沿用或修订；未查得官方对应，暂定。
Sky-Hunter	天空猎手	暂定·官方待核	所给英文底稿	209	本范围对照英文后沿用或修订；未查得官方对应，暂定。
Sky Seeker Squadron	探天者中队	暂定·官方待核	所给英文底稿	210	本范围对照英文后沿用或修订；未查得官方对应，暂定。
Predator Assassin Squadron	掠食者刺客中队	暂定·官方待核	所给英文底稿	211	本范围对照英文后沿用或修订；未查得官方对应，暂定。
Space Marine	星际战士	暂定·官方待核	所给英文底稿	212	本范围对照英文后沿用或修订；未查得官方对应，暂定。
Chapter	战团	暂定·官方待核	所给英文底稿	216	本范围对照英文后沿用或修订；未查得官方对应，暂定。
Fortress-monastery	要塞修道院	暂定·官方待核	所给英文底稿	A0212-B0025	本范围对照英文后沿用或修订；未查得官方对应，暂定。
Chapter Master	战团长	暂定·官方待核	所给英文底稿	247	本范围对照英文后沿用或修订；未查得官方对应，暂定。
Captain	连长	暂定·官方待核	所给英文底稿	248	本范围对照英文后沿用或修订；未查得官方对应，暂定。
Veteran	老兵	暂定·官方待核	所给英文底稿	A0212-B0042	本范围对照英文后沿用或修订；未查得官方对应，暂定。
Terminators	终结者	暂定·官方待核	所给英文底稿	A0231-B0132	本范围对照英文后沿用或修订；未查得官方对应，暂定。
Bladeguard Veteran	剑卫老兵	暂定·官方待核	所给英文底稿	A0222-B0080	本范围对照英文后沿用或修订；未查得官方对应，暂定。
Sergeant	军士	暂定·官方待核	所给英文底稿	250	本范围对照英文后沿用或修订；未查得官方对应，暂定。
Brother	修士	暂定·官方待核	所给英文底稿	218	称呼或修会成员为修士；Battle-Brother 战斗兄弟另列，依语境处理。
Devastator	破坏者	暂定·官方待核	所给英文底稿	A0212-B0050	本范围对照英文后沿用或修订；未查得官方对应，暂定。
Aggressor	侵略者	暂定·官方待核	所给英文底稿	A0222-B0078	本范围对照英文后沿用或修订；未查得官方对应，暂定。
Inceptor	先驱者	暂定·官方待核	所给英文底稿	A0222-B0068	本范围对照英文后沿用或修订；未查得官方对应，暂定。
Hellblaster	地狱轰击者	暂定·官方待核	所给英文底稿	A0222-B0072	本范围对照英文后沿用或修订；未查得官方对应，暂定。
Eradicator	根除者	暂定·官方待核	所给英文底稿	A0222-B0076	本范围对照英文后沿用或修订；未查得官方对应，暂定。
Scout	侦察兵	暂定·官方待核	所给英文底稿	A0212-B0055	本范围对照英文后沿用或修订；未查得官方对应，暂定。
Vanguard	先锋	暂定·官方待核	所给英文底稿	A0231-B0052	本范围对照英文后沿用或修订；未查得官方对应，暂定。
Reiver	掠夺者	暂定·官方待核	所给英文底稿	A0212-B0057	本范围对照英文后沿用或修订；未查得官方对应，暂定。
Infiltrator	渗透者	暂定·官方待核	所给英文底稿	A0212-B0058	本范围对照英文后沿用或修订；未查得官方对应，暂定。
Incursor	入侵者	暂定·官方待核	所给英文底稿	A0212-B0059	本范围对照英文后沿用或修订；未查得官方对应，暂定。
Eliminator	歼灭者	暂定·官方待核	所给英文底稿	A0212-B0060	本范围对照英文后沿用或修订；未查得官方对应，暂定。
Suppressor	压制者	暂定·官方待核	所给英文底稿	A0212-B0061	本范围对照英文后沿用或修订；未查得官方对应，暂定。
Master of Recruits	新兵大师	暂定·官方待核	所给英文底稿	A0212-B0078	本范围对照英文后沿用或修订；未查得官方对应，暂定。
Master of the Signal	信号大师	暂定·官方待核	所给英文底稿	A0213-B0111	本范围对照英文后沿用或修订；未查得官方对应，暂定。
Battle-Brother	战斗兄弟	暂定·官方待核	所给英文底稿	A0213-B0064	本范围对照英文后沿用或修订；未查得官方对应，暂定。
Vanguard Space Marine	先锋星际战士	暂定·官方待核	所给英文底稿	A0213-B0066	本范围对照英文后沿用或修订；未查得官方对应，暂定。
Chapter cult	战团教派	暂定·官方待核	所给英文底稿	A0216-B0028	本范围对照英文后沿用或修订；未查得官方对应，暂定。
Primaris Space Marine	原铸星际战士	暂定·官方待核	所给英文底稿	A0213-B0161	本范围对照英文后沿用或修订；未查得官方对应，暂定。
Marneus Calgar	马涅乌斯·卡尔加	暂定·官方待核	所给英文底稿	A0222-B0116	本范围对照英文后沿用或修订；未查得官方对应，暂定。
Cato Sicarius	卡托·西卡留斯	暂定·官方待核	所给英文底稿	A0248-B0054	本范围对照英文后沿用或修订；未查得官方对应，暂定。
Varro Tigurius	瓦罗·狄格里斯	暂定·官方待核	所给英文底稿	A0213-B0173	本范围对照英文后沿用或修订；未查得官方对应，暂定。
Ortan Cassius	奥坦·卡西乌斯	暂定·官方待核	所给英文底稿	A0213-B0175	本范围对照英文后沿用或修订；未查得官方对应，暂定。
Severus Agemman	西弗勒斯·阿格曼	暂定·官方待核	所给英文底稿	A0248-B0050	本范围对照英文后沿用或修订；未查得官方对应，暂定。
Sevastus Acheran	西瓦图斯·阿切兰	暂定·官方待核	所给英文底稿	A0248-B0052	本范围对照英文后沿用或修订；未查得官方对应，暂定。
Uriel Ventris	乌瑞尔·文崔斯	官方已核	https://assets.warhammer-community.com/chi_06-05_wh40k_core%26key_munitorum_field_manual-5mrlucr2t1-fkybzzzoce.pdf ; https://assets.warhammer-community.com/eng_warhammer40000_munitorum_field_manual_march_2025-cims9ya3sg-s8j9m2haae.pdf	GW-09第33页 / GW-10第32页	中英单位名直接核对；单复数与弯直撇号仅作检索差异。
Antaro Chronus	安塔洛·克罗诺斯	暂定·官方待核	所给英文底稿	A0213-B0183	本范围对照英文后沿用或修订；未查得官方对应，暂定。
Torias Telion	托利亚斯·泰利昂	暂定·官方待核	所给英文底稿	A0213-B0185	本范围对照英文后沿用或修订；未查得官方对应，暂定。
Azrael	阿兹瑞尔	官方已核	https://assets.warhammer-community.com/chi_06-05_wh40k_core%26key_munitorum_field_manual-5mrlucr2t1-fkybzzzoce.pdf ; https://assets.warhammer-community.com/eng_warhammer40000_munitorum_field_manual_march_2025-cims9ya3sg-s8j9m2haae.pdf	GW-09及GW-10第17页	中英单位名直接核对；单复数与弯直撇号仅作检索差异。
Sammael	萨麦尔	官方已核	https://assets.warhammer-community.com/chi_06-05_wh40k_core%26key_munitorum_field_manual-5mrlucr2t1-fkybzzzoce.pdf ; https://assets.warhammer-community.com/eng_warhammer40000_munitorum_field_manual_march_2025-cims9ya3sg-s8j9m2haae.pdf	GW-09及GW-10第17页	中英单位名直接核对；单复数与弯直撇号仅作检索差异。
Belial	贝利亚	官方已核	https://assets.warhammer-community.com/chi_06-05_wh40k_core%26key_munitorum_field_manual-5mrlucr2t1-fkybzzzoce.pdf ; https://assets.warhammer-community.com/eng_warhammer40000_munitorum_field_manual_march_2025-cims9ya3sg-s8j9m2haae.pdf	GW-09及GW-10第17页	中英单位名直接核对；单复数与弯直撇号仅作检索差异。
Ezekiel	以西结	暂定·官方待核	所给英文底稿	A0213-B0196	本范围对照英文后沿用或修订；未查得官方对应，暂定。
Lazarus	拉撒路	官方已核	https://assets.warhammer-community.com/chi_06-05_wh40k_core%26key_munitorum_field_manual-5mrlucr2t1-fkybzzzoce.pdf ; https://assets.warhammer-community.com/eng_warhammer40000_munitorum_field_manual_march_2025-cims9ya3sg-s8j9m2haae.pdf	GW-09及GW-10第17页	中英单位名直接核对；单复数与弯直撇号仅作检索差异。
Logan Grimnar	洛根·格里姆纳尔	官方已核	https://assets.warhammer-community.com/chi_06-05_wh40k_core%26key_munitorum_field_manual-5mrlucr2t1-fkybzzzoce.pdf ; https://assets.warhammer-community.com/eng_warhammer40000_munitorum_field_manual_march_2025-cims9ya3sg-s8j9m2haae.pdf	GW-09第34页 / GW-10第33页	中英单位名直接核对；单复数与弯直撇号仅作检索差异。
Njal Stormcaller	风暴召唤者纳吉奥	官方已核	https://assets.warhammer-community.com/chi_06-05_wh40k_core%26key_munitorum_field_manual-5mrlucr2t1-fkybzzzoce.pdf ; https://assets.warhammer-community.com/eng_warhammer40000_munitorum_field_manual_march_2025-cims9ya3sg-s8j9m2haae.pdf	GW-09第34页 / GW-10第33页	中英单位名直接核对；单复数与弯直撇号仅作检索差异。
Ulrik the Slayer	杀戮者乌尔里克	官方已核	https://assets.warhammer-community.com/chi_06-05_wh40k_core%26key_munitorum_field_manual-5mrlucr2t1-fkybzzzoce.pdf ; https://assets.warhammer-community.com/eng_warhammer40000_munitorum_field_manual_march_2025-cims9ya3sg-s8j9m2haae.pdf	GW-09第34页 / GW-10第33页	中英单位名直接核对；单复数与弯直撇号仅作检索差异。
Ragnar Blackmane	拉格纳·黑鬃	官方已核	https://assets.warhammer-community.com/chi_06-05_wh40k_core%26key_munitorum_field_manual-5mrlucr2t1-fkybzzzoce.pdf ; https://assets.warhammer-community.com/eng_warhammer40000_munitorum_field_manual_march_2025-cims9ya3sg-s8j9m2haae.pdf	GW-09第34页 / GW-10第33页	中英单位名直接核对；单复数与弯直撇号仅作检索差异。
Krom Dragongaze	克罗姆·龙瞪	暂定·官方待核	所给英文底稿	A0248-B0063	本范围对照英文后沿用或修订；未查得官方对应，暂定。
Harald Deathwolf	哈拉尔德·死狼	暂定·官方待核	所给英文底稿	A0248-B0061	本范围对照英文后沿用或修订；未查得官方对应，暂定。
Arjac Rockfist	阿贾克·石拳	官方已核	https://assets.warhammer-community.com/chi_06-05_wh40k_core%26key_munitorum_field_manual-5mrlucr2t1-fkybzzzoce.pdf ; https://assets.warhammer-community.com/eng_warhammer40000_munitorum_field_manual_march_2025-cims9ya3sg-s8j9m2haae.pdf	GW-09第34页 / GW-10第33页	中英单位名直接核对；单复数与弯直撇号仅作检索差异。
Canis Wolfborn	卡尼斯·狼裔	暂定·官方待核	所给英文底稿	A0213-B0215	本范围对照英文后沿用或修订；未查得官方对应，暂定。
Bjorn the Fell-Handed	断手比约恩	官方已核	https://assets.warhammer-community.com/chi_06-05_wh40k_core%26key_munitorum_field_manual-5mrlucr2t1-fkybzzzoce.pdf ; https://assets.warhammer-community.com/eng_warhammer40000_munitorum_field_manual_march_2025-cims9ya3sg-s8j9m2haae.pdf	GW-09第34页 / GW-10第33页	中英单位名直接核对；单复数与弯直撇号仅作检索差异。
Lukas the Trickster	骗子卢卡斯	暂定·官方待核	所给英文底稿	A0213-B0219	本范围对照英文后沿用或修订；未查得官方对应，暂定。
Murderfang	弑牙	暂定·官方待核	所给英文底稿	A0213-B0221	本范围对照英文后沿用或修订；未查得官方对应，暂定。
Dante	但丁	暂定·官方待核	所给英文底稿	A0247-B0027	本范围对照英文后沿用或修订；未查得官方对应，暂定。
Mephiston	墨菲斯顿	暂定·官方待核	所给英文底稿	A0213-B0226	本范围对照英文后沿用或修订；未查得官方对应，暂定。
Astorath	阿斯托拉斯	暂定·官方待核	所给英文底稿	A0213-B0230	本范围对照英文后沿用或修订；未查得官方对应，暂定。
Karlaen	卡莱恩	暂定·官方待核	所给英文底稿	A0248-B0068	本范围对照英文后沿用或修订；未查得官方对应，暂定。
Tor Garadon	托尔·加拉顿	官方已核	https://assets.warhammer-community.com/chi_06-05_wh40k_core%26key_munitorum_field_manual-5mrlucr2t1-fkybzzzoce.pdf ; https://assets.warhammer-community.com/eng_warhammer40000_munitorum_field_manual_march_2025-cims9ya3sg-s8j9m2haae.pdf	GW-09第33页 / GW-10第32页	中英单位名直接核对；单复数与弯直撇号仅作检索差异。
Vulkan He'stan	伏尔甘·赫斯坦	暂定·官方待核	所给英文底稿	A0213-B0242	本范围对照英文后沿用或修订；未查得官方对应，暂定。
Adrax Agatone	阿德拉克斯·阿伽顿	官方已核	https://assets.warhammer-community.com/chi_06-05_wh40k_core%26key_munitorum_field_manual-5mrlucr2t1-fkybzzzoce.pdf ; https://assets.warhammer-community.com/eng_warhammer40000_munitorum_field_manual_march_2025-cims9ya3sg-s8j9m2haae.pdf	GW-09第32页 / GW-10第31页	中英单位名直接核对；单复数与弯直撇号仅作检索差异。
Kor'sarro Khan	科萨罗可汗	暂定·官方待核	所给英文底稿	A0248-B0080	本范围对照英文后沿用或修订；未查得官方对应，暂定。
Kardan Stronos	卡丹·斯特罗诺斯	暂定·官方待核	所给英文底稿	A0247-B0035	本范围对照英文后沿用或修订；未查得官方对应，暂定。
Malkaan Feirros	马尔坎·费洛斯	暂定·官方待核	所给英文底稿	A0213-B0252	本范围对照英文后沿用或修订；未查得官方对应，暂定。
Kayvaan Shrike	凯万·史瑞克	官方已核	https://assets.warhammer-community.com/chi_06-05_wh40k_core%26key_munitorum_field_manual-5mrlucr2t1-fkybzzzoce.pdf ; https://assets.warhammer-community.com/eng_warhammer40000_munitorum_field_manual_march_2025-cims9ya3sg-s8j9m2haae.pdf	GW-09第32页 / GW-10第31页	中英单位名直接核对；单复数与弯直撇号仅作检索差异。
Helbrecht	赫尔布雷彻	暂定·官方待核	所给英文底稿	A0247-B0033	本范围对照英文后沿用或修订；未查得官方对应，暂定。
Merek Grimaldus	梅瑞克·格里玛度斯	暂定·官方待核	所给英文底稿	A0213-B0260	本范围对照英文后沿用或修订；未查得官方对应，暂定。
Pedro Kantor	佩德罗·坎托	官方已核	https://assets.warhammer-community.com/chi_06-05_wh40k_core%26key_munitorum_field_manual-5mrlucr2t1-fkybzzzoce.pdf ; https://assets.warhammer-community.com/eng_warhammer40000_munitorum_field_manual_march_2025-cims9ya3sg-s8j9m2haae.pdf	GW-09第33页 / GW-10第32页	中英单位名直接核对；单复数与弯直撇号仅作检索差异。
Flesh Tearers	撕肉者	暂定·官方待核	所给英文底稿	A0225-B0360	本范围对照英文后沿用或修订；未查得官方对应，暂定。
Gabriel Seth	加百列·赛斯	暂定·官方待核	所给英文底稿	A0247-B0053	本范围对照英文后沿用或修订；未查得官方对应，暂定。
Kaldor Draigo	卡尔多·迪亚哥	暂定·官方待核	所给英文底稿	A0247-B0029	本范围对照英文后沿用或修订；未查得官方对应，暂定。
Arvann Stern	艾维安·斯特恩	暂定·官方待核	所给英文底稿	A0248-B0101	本范围对照英文后沿用或修订；未查得官方对应，暂定。
Garran Crowe	加兰·克罗	暂定·官方待核	所给英文底稿	A0213-B0273	本范围对照英文后沿用或修订；未查得官方对应，暂定。
Aldrik Voldus	阿尔德里克·沃尔达斯	暂定·官方待核	所给英文底稿	A0213-B0275	本范围对照英文后沿用或修订；未查得官方对应，暂定。
Artemis	阿尔忒弥斯	暂定·官方待核	所给英文底稿	A0248-B0104	本范围对照英文后沿用或修订；未查得官方对应，暂定。
Gabriel Angelos	加百列·安杰罗斯	暂定·官方待核	所给英文底稿	A0247-B0019	本范围对照英文后沿用或修订；未查得官方对应，暂定。
Red Scorpions	红蝎	暂定·官方待核	所给英文底稿	A0248-B0105	本范围对照英文后沿用或修订；未查得官方对应，暂定。
Casan Sabius	卡桑·萨比乌斯	暂定·官方待核	所给英文底稿	A0248-B0106	本范围对照英文后沿用或修订；未查得官方对应，暂定。
Sirae Karagon	西拉·卡拉贡	暂定·官方待核	所给英文底稿	A0213-B0286	本范围对照英文后沿用或修订；未查得官方对应，暂定。
Carab Culln	卡拉布·库伦	暂定·官方待核	所给英文底稿	A0247-B0025	本范围对照英文后沿用或修订；未查得官方对应，暂定。
Asterion Moloc	阿斯忒里昂·摩洛克	暂定·官方待核	所给英文底稿	A0213-B0291	本范围对照英文后沿用或修订；未查得官方对应，暂定。
The Angel	天使	暂定·官方待核	所给英文底稿	A0214-B0145	本范围对照英文后沿用或修订；未查得官方对应，暂定。
Constantin Valdor	康斯坦丁·瓦尔多	暂定·官方待核	所给英文底稿	A0214-B0149	本范围对照英文后沿用或修订；未查得官方对应，暂定。
Codex Astartes	阿斯塔特圣典	暂定·官方待核	所给英文底稿	231	本范围对照英文后沿用或修订；未查得官方对应，暂定。
First Founding	初次建军	暂定·官方待核	所给英文底稿	A0215-B0082	本范围对照英文后沿用或修订；未查得官方对应，暂定。
Angels Encarmine	赤红天使	暂定·官方待核	所给英文底稿	A0225-B0021	本范围对照英文后沿用或修订；未查得官方对应，暂定。
Angels Vermillion	朱红天使	暂定·官方待核	所给英文底稿	A0225-B0071	本范围对照英文后沿用或修订；未查得官方对应，暂定。
Blood Drinkers	饮血者	暂定·官方待核	所给英文底稿	A0228-B0058	本范围对照英文后沿用或修订；未查得官方对应，暂定。
Angels of Absolution	赦免天使	暂定·官方待核	所给英文底稿	A0225-B0031	本范围对照英文后沿用或修订；未查得官方对应，暂定。
Angels of Redemption	救赎天使	暂定·官方待核	所给英文底稿	A0225-B0045	本范围对照英文后沿用或修订；未查得官方对应，暂定。
Angels of Vengeance	复仇天使	暂定·官方待核	所给英文底稿	A0225-B0052	本范围对照英文后沿用或修订；未查得官方对应，暂定。
Lions Sable	暗夜之狮	暂定·官方待核	所给英文底稿	A0215-B0113	本范围对照英文后沿用或修订；未查得官方对应，暂定。
Excoriators	责难者	暂定·官方待核	所给英文底稿	A0248-B0044	本范围对照英文后沿用或修订；未查得官方对应，暂定。
Fists Exemplar	典范之拳	暂定·官方待核	所给英文底稿	A0215-B0121	本范围对照英文后沿用或修订；未查得官方对应，暂定。
Silver Guard	银色守卫	暂定·官方待核	所给英文底稿	A0225-B0681	本范围对照英文后沿用或修订；未查得官方对应，暂定。
Soul Drinkers	饮魂者	暂定·官方待核	所给英文底稿	A0229-B0119	本范围对照英文后沿用或修订；未查得官方对应，暂定。
Brazen Claws	黄铜之爪	暂定·官方待核	所给英文底稿	A0225-B0160	本范围对照英文后沿用或修订；未查得官方对应，暂定。
Red Talons	红爪	暂定·官方待核	所给英文底稿	A0225-B0619	本范围对照英文后沿用或修订；未查得官方对应，暂定。
Black Guard	黑色守卫	暂定·官方待核	所给英文底稿	A0225-B0112	本范围对照英文后沿用或修订；未查得官方对应，暂定。
Raptors	猛禽	暂定·官方待核	所给英文底稿	A0229-B0111	本范围对照英文后沿用或修订；未查得官方对应，暂定。
Revilers	谩骂者	暂定·官方待核	所给英文底稿	A0225-B0638	本范围对照英文后沿用或修订；未查得官方对应，暂定。
Wolf Brothers	狼兄弟	暂定·官方待核	所给英文底稿	A0225-B0827	本范围对照英文后沿用或修订；未查得官方对应，暂定。
Aurora Chapter	曙光女神	暂定·官方待核	所给英文底稿	A0225-B0096	本范围对照英文后沿用或修订；未查得官方对应，暂定。
Black Consuls	黑色执政官	暂定·官方待核	所给英文底稿	A0241-B0016	本范围对照英文后沿用或修订；未查得官方对应，暂定。
Doom Eagles	末日天鹰	暂定·官方待核	所给英文底稿	A0225-B0285	本范围对照英文后沿用或修订；未查得官方对应，暂定。
Eagle Warriors	雄鹰勇士	暂定·官方待核	所给英文底稿	A0225-B0301	本范围对照英文后沿用或修订；未查得官方对应，暂定。
Genesis Chapter	起源战团	暂定·官方待核	所给英文底稿	A0225-B0366	本范围对照英文后沿用或修订；未查得官方对应，暂定。
Inceptors	先驱者	暂定·官方待核	所给英文底稿	A0225-B0434	本范围对照英文后沿用或修订；未查得官方对应，暂定。
Iron Snakes	铁蛇	暂定·官方待核	所给英文底稿	A0225-B0466	本范围对照英文后沿用或修订；未查得官方对应，暂定。
Libators	献祭者	暂定·官方待核	所给英文底稿	A0225-B0514	本范围对照英文后沿用或修订；未查得官方对应，暂定。
Mortifactors	苦行者	暂定·官方待核	所给英文底稿	A0225-B0548	本范围对照英文后沿用或修订；未查得官方对应，暂定。
Nemesis	复仇女神	暂定·官方待核	所给英文底稿	A0225-B0553	本范围对照英文后沿用或修订；未查得官方对应，暂定。
Novamarines	新星战士	暂定·官方待核	所给英文底稿	A0229-B0107	本范围对照英文后沿用或修订；未查得官方对应，暂定。
Obsidian Glaives	黑曜石阔剑	暂定·官方待核	所给英文底稿	A0229-B0109	本范围对照英文后沿用或修订；未查得官方对应，暂定。
Patriarchs of Ulixis	尤利西斯宗主	暂定·官方待核	所给英文底稿	A0225-B0579	本范围对照英文后沿用或修订；未查得官方对应，暂定。
Praetors of Orpheus	俄耳甫斯执政官	暂定·官方待核	所给英文底稿	A0225-B0586	本范围对照英文后沿用或修订；未查得官方对应，暂定。
Silver Eagles	银鹰	暂定·官方待核	所给英文底稿	A0225-B0680	本范围对照英文后沿用或修订；未查得官方对应，暂定。
White Consuls	白色执政官	暂定·官方待核	所给英文底稿	A0241-B0028	本范围对照英文后沿用或修订；未查得官方对应，暂定。
Destroyers	毁灭者	暂定·官方待核	所给英文底稿	A0225-B0277	本范围对照英文后沿用或修订；未查得官方对应，暂定。
Marauders	掠夺者	暂定·官方待核	所给英文底稿	A0225-B0523	本范围对照英文后沿用或修订；未查得官方对应，暂定。
Rampagers	狂暴者	暂定·官方待核	所给英文底稿	A0225-B0595	本范围对照英文后沿用或修订；未查得官方对应，暂定。
Storm Lords	风暴领主	暂定·官方待核	所给英文底稿	A0225-B0747	本范围对照英文后沿用或修订；未查得官方对应，暂定。
Mortui Malleorum	亡者之锤	暂定·官方待核	所给英文底稿	A0215-B0181	本范围对照英文后沿用或修订；未查得官方对应，暂定。
Third Founding	第三次建军	暂定·官方待核	所给英文底稿	A0215-B0182	本范围对照英文后沿用或修订；未查得官方对应，暂定。
Angels Erythrean	厄立特里亚天使	暂定·官方待核	所给英文底稿	A0225-B0025	本范围对照英文后沿用或修订；未查得官方对应，暂定。
Charnel Guard	墓葬守卫	暂定·官方待核	所给英文底稿	A0225-B0198	本范围对照英文后沿用或修订；未查得官方对应，暂定。
Dark Paladins	黑暗圣骑	暂定·官方待核	所给英文底稿	A0215-B0192	本范围对照英文后沿用或修订；未查得官方对应，暂定。
Death Wardens	死亡看守者	暂定·官方待核	所给英文底稿	A0225-B0268	本范围对照英文后沿用或修订；未查得官方对应，暂定。
Executioners	处刑者	暂定·官方待核	所给英文底稿	A0229-B0087	本范围对照英文后沿用或修订；未查得官方对应，暂定。
Scythes of the Emperor	帝皇之镰	暂定·官方待核	所给英文底稿	A0225-B0663	本范围对照英文后沿用或修订；未查得官方对应，暂定。
Fourth Founding	第四次建军	暂定·官方待核	所给英文底稿	A0215-B0199	本范围对照英文后沿用或修订；未查得官方对应，暂定。
Halo Brethren	光环兄弟会	暂定·官方待核	所给英文底稿	A0225-B0390	本范围对照英文后沿用或修订；未查得官方对应，暂定。
Tome Keepers	典籍守护者	暂定·官方待核	所给英文底稿	A0225-B0772	本范围对照英文后沿用或修订；未查得官方对应，暂定。
Seventh Founding	第七次建军	暂定·官方待核	所给英文底稿	A0215-B0208	本范围对照英文后沿用或修订；未查得官方对应，暂定。
Iron Shades	铁幕	暂定·官方待核	所给英文底稿	A0225-B0462	本范围对照英文后沿用或修订；未查得官方对应，暂定。
Eighth Founding	第八次建军	暂定·官方待核	所给英文底稿	A0215-B0215	本范围对照英文后沿用或修订；未查得官方对应，暂定。
Angels Revenant	归来天使	暂定·官方待核	所给英文底稿	A0225-B0067	本范围对照英文后沿用或修订；未查得官方对应，暂定。
Mantis Warriors	螳螂勇士	暂定·官方待核	所给英文底稿	A0225-B0521	本范围对照英文后沿用或修订；未查得官方对应，暂定。
Ninth Founding	第九次建军	暂定·官方待核	所给英文底稿	A0215-B0224	本范围对照英文后沿用或修订；未查得官方对应，暂定。
Angels Resplendent	辉煌天使	暂定·官方待核	所给英文底稿	A0225-B0065	本范围对照英文后沿用或修订；未查得官方对应，暂定。
Tenth Founding	第十次建军	暂定·官方待核	所给英文底稿	A0215-B0231	本范围对照英文后沿用或修订；未查得官方对应，暂定。
Thirteenth Founding	第十三次建军	暂定·官方待核	所给英文底稿	A0215-B0237	本范围对照英文后沿用或修订；未查得官方对应，暂定。
Exorcists	驱魔者	暂定·官方待核	所给英文底稿	A0229-B0089	本范围对照英文后沿用或修订；未查得官方对应，暂定。
Death Spectres	死亡幽灵	暂定·官方待核	所给英文底稿	A0228-B0062	本范围对照英文后沿用或修订；未查得官方对应，暂定。
Seventeenth Founding	第十七次建军	暂定·官方待核	所给英文底稿	A0215-B0248	本范围对照英文后沿用或修订；未查得官方对应，暂定。
Sons of Pertinax	佩蒂纳克斯之子	暂定·官方待核	所给英文底稿	A0225-B0714	本范围对照英文后沿用或修订；未查得官方对应，暂定。
Lamenters	恸哭者	暂定·官方待核	所给英文底稿	A0229-B0099	本范围对照英文后沿用或修订；未查得官方对应，暂定。
Fire Hawks	火鹰	暂定·官方待核	所给英文底稿	A0225-B0345	本范围对照英文后沿用或修订；未查得官方对应，暂定。
Black Dragons	黑龙	暂定·官方待核	所给英文底稿	A0228-B0054	本范围对照英文后沿用或修订；未查得官方对应，暂定。
Blood Gorgons	鲜血戈尔贡	暂定·官方待核	所给英文底稿	A0215-B0271	本范围对照英文后沿用或修订；未查得官方对应，暂定。
Flame Falcons	火焰猎鹰	暂定·官方待核	所给英文底稿	A0225-B0354	本范围对照英文后沿用或修订；未查得官方对应，暂定。
Sons of Antaeus	安泰乌斯之子	暂定·官方待核	所给英文底稿	A0225-B0696	本范围对照英文后沿用或修订；未查得官方对应，暂定。
Celestial Lions	天狮	暂定·官方待核	所给英文底稿	A0225-B0188	本范围对照英文后沿用或修订；未查得官方对应，暂定。
Imperial Harbingers	帝国先驱	暂定·官方待核	所给英文底稿	A0225-B0424	本范围对照英文后沿用或修订；未查得官方对应，暂定。
Marines Errant	游侠战士	暂定·官方待核	所给英文底稿	A0229-B0101	本范围对照英文后沿用或修订；未查得官方对应，暂定。
Star Phantoms	星辰幻影	暂定·官方待核	所给英文底稿	A0225-B0729	本范围对照英文后沿用或修订；未查得官方对应，暂定。
Steel Cobras	钢铁王蛇	暂定·官方待核	所给英文底稿	A0215-B0293	本范围对照英文后沿用或修订；未查得官方对应，暂定。
Hospitallers	医院骑士	暂定·官方待核	所给英文底稿	A0225-B0407	本范围对照英文后沿用或修订；未查得官方对应，暂定。
Emperor's Spears	帝皇之矛	暂定·官方待核	所给英文底稿	A0225-B0316	本范围对照英文后沿用或修订；未查得官方对应，暂定。
Fire Angels	火焰天使	暂定·官方待核	所给英文底稿	A0225-B0341	本范围对照英文后沿用或修订；未查得官方对应，暂定。
Star Scorpions	星蝎	暂定·官方待核	所给英文底稿	A0225-B0731	本范围对照英文后沿用或修订；未查得官方对应，暂定。
Mentor Legion	导师军团	暂定·官方待核	所给英文底稿	A0215-B0317	本范围对照英文后沿用或修订；未查得官方对应，暂定。
Ultima Founding	极限建军	暂定·官方待核	所给英文底稿	A0215-B0318	本范围对照英文后沿用或修订；未查得官方对应，暂定。
Blood Scythes	鲜血之镰	暂定·官方待核	所给英文底稿	A0225-B0146	本范围对照英文后沿用或修订；未查得官方对应，暂定。
Dragons Ardent	炽热之龙	暂定·官方待核	所给英文底稿	A0225-B0296	本范围对照英文后沿用或修订；未查得官方对应，暂定。
Knights of the Chalice	圣杯骑士	暂定·官方待核	所给英文底稿	A0225-B0493	本范围对照英文后沿用或修订；未查得官方对应，暂定。
Angels of Defiance	反抗天使	暂定·官方待核	所给英文底稿	A0225-B0034	本范围对照英文后沿用或修订；未查得官方对应，暂定。
Blades of Vengeance	复仇之刃	暂定·官方待核	所给英文底稿	A0225-B0128	本范围对照英文后沿用或修订；未查得官方对应，暂定。
Knights of Redemption	救赎骑士	暂定·官方待核	所给英文底稿	A0225-B0491	本范围对照英文后沿用或修订；未查得官方对应，暂定。
Knights of the Shrouded Skull	覆颅骑士	暂定·官方待核	所给英文底稿	A0225-B0499	本范围对照英文后沿用或修订；未查得官方对应，暂定。
Prime Absolvers	首赦者	暂定·官方待核	所给英文底稿	A0225-B0589	本范围对照英文后沿用或修订；未查得官方对应，暂定。
Sons of the Phoenix	凤凰之子	暂定·官方待核	所给英文底稿	A0225-B0720	本范围对照英文后沿用或修订；未查得官方对应，暂定。
Knights of Byzantium	拜占庭骑士	暂定·官方待核	所给英文底稿	A0225-B0482	本范围对照英文后沿用或修订；未查得官方对应，暂定。
Iron Ravens	钢铁渡鸦	暂定·官方待核	所给英文底稿	A0225-B0460	本范围对照英文后沿用或修订；未查得官方对应，暂定。
Necropolis Hawks	墓地雄鹰	暂定·官方待核	所给英文底稿	A0225-B0551	本范围对照英文后沿用或修订；未查得官方对应，暂定。
Rift Stalkers	裂隙追猎者	暂定·官方待核	所给英文底稿	A0225-B0644	本范围对照英文后沿用或修订；未查得官方对应，暂定。
Void Sabres	虚空军刀	暂定·官方待核	所给英文底稿	A0225-B0803	本范围对照英文后沿用或修订；未查得官方对应，暂定。
Black Vipers	黑色蝰蛇	暂定·官方待核	所给英文底稿	A0225-B0121	本范围对照英文后沿用或修订；未查得官方对应，暂定。
Covenant of Fire	火焰圣约	暂定·官方待核	所给英文底稿	A0225-B0208	本范围对照英文后沿用或修订；未查得官方对应，暂定。
Dark Krakens	黑暗海妖	暂定·官方待核	所给英文底稿	A0225-B0250	本范围对照英文后沿用或修订；未查得官方对应，暂定。
Dragonspears	龙矛	暂定·官方待核	所给英文底稿	A0225-B0299	本范围对照英文后沿用或修订；未查得官方对应，暂定。
Hammers of Nocturne	夜曲星之锤	暂定·官方待核	所给英文底稿	A0225-B0396	本范围对照英文后沿用或修订；未查得官方对应，暂定。
Iron Drakes	钢铁龙兽	暂定·官方待核	所给英文底稿	A0225-B0446	本范围对照英文后沿用或修订；未查得官方对应，暂定。
Icefangs	冰牙	暂定·官方待核	所给英文底稿	A0225-B0416	本范围对照英文后沿用或修订；未查得官方对应，暂定。
Mooneaters	吞月者	暂定·官方待核	所给英文底稿	A0225-B0546	本范围对照英文后沿用或修订；未查得官方对应，暂定。
Wolfspear	狼矛	暂定·官方待核	所给英文底稿	A0225-B0829	本范围对照英文后沿用或修订；未查得官方对应，暂定。
Avenging Sons	复仇之子	暂定·官方待核	所给英文底稿	A0225-B0100	本范围对照英文后沿用或修订；未查得官方对应，暂定。
Castellans of the Rift	裂隙堡主	暂定·官方待核	所给英文底稿	A0225-B0183	本范围对照英文后沿用或修订；未查得官方对应，暂定。
Fulminators	雷鸣者	暂定·官方待核	所给英文底稿	A0225-B0363	本范围对照英文后沿用或修订；未查得官方对应，暂定。
Knights Cerulean	蔚蓝骑士	暂定·官方待核	所给英文底稿	A0225-B0477	本范围对照英文后沿用或修订；未查得官方对应，暂定。
Praetors of Ultramar	奥特拉玛执政官	暂定·官方待核	所给英文底稿	A0215-B0384	本范围对照英文后沿用或修订；未查得官方对应，暂定。
Silver Templars	银色圣堂	暂定·官方待核	所给英文底稿	A0225-B0689	本范围对照英文后沿用或修订；未查得官方对应，暂定。
Void Tridents	虚空三叉戟	暂定·官方待核	所给英文底稿	A0225-B0806	本范围对照英文后沿用或修订；未查得官方对应，暂定。
Astral Bears	星熊	暂定·官方待核	所给英文底稿	A0225-B0080	本范围对照英文后沿用或修订；未查得官方对应，暂定。
Storm Reapers	风暴收割者	暂定·官方待核	所给英文底稿	A0225-B0750	本范围对照英文后沿用或修订；未查得官方对应，暂定。
Black Vultures	黑色秃鹫	暂定·官方待核	所给英文底稿	A0225-B0123	本范围对照英文后沿用或修订；未查得官方对应，暂定。
Brazen Skulls	黄铜颅骨	暂定·官方待核	所给英文底稿	A0225-B0165	本范围对照英文后沿用或修订；未查得官方对应，暂定。
Knights of Thunder	雷霆骑士	暂定·官方待核	所给英文底稿	A0225-B0501	本范围对照英文后沿用或修订；未查得官方对应，暂定。
Nemesors	复仇者	暂定·官方待核	所给英文底稿	A0225-B0555	本范围对照英文后沿用或修订；未查得官方对应，暂定。
Rift Cobras	裂隙眼镜蛇	暂定·官方待核	所给英文底稿	A0225-B0641	本范围对照英文后沿用或修订；未查得官方对应，暂定。
Silver Drakes	银龙	暂定·官方待核	所给英文底稿	A0225-B0678	本范围对照英文后沿用或修订；未查得官方对应，暂定。
Umbral Knights	阴影骑士	暂定·官方待核	所给英文底稿	A0225-B0782	本范围对照英文后沿用或修订；未查得官方对应，暂定。
Valiant Blades	英勇之刃	暂定·官方待核	所给英文底稿	A0225-B0787	本范围对照英文后沿用或修订；未查得官方对应，暂定。
Sable Swords	阴暗之剑	暂定·官方待核	所给英文底稿	A0225-B0651	本范围对照英文后沿用或修订；未查得官方对应，暂定。
The Incursion of Fools	愚者入侵	暂定·官方待核	所给英文底稿	A0216-B0043	本范围对照英文后沿用或修订；未查得官方对应，暂定。
The War of Flames	火焰战争	暂定·官方待核	所给英文底稿	A0216-B0045	本范围对照英文后沿用或修订；未查得官方对应，暂定。
The Kaurava Campaign	考拉瓦战役	暂定·官方待核	所给英文底稿	A0216-B0047	本范围对照英文后沿用或修订；未查得官方对应，暂定。
The Months of Shame	耻辱之月	暂定·官方待核	所给英文底稿	A0216-B0049	本范围对照英文后沿用或修订；未查得官方对应，暂定。
The Black Templars	黑色圣堂	暂定·官方待核	所给英文底稿	A0216-B0056	本范围对照英文后沿用或修订；未查得官方对应，暂定。
Armoury	军械库	暂定·官方待核	所给英文底稿	245	本范围对照英文后沿用或修订；未查得官方对应，暂定。
Rapid Strike Vessels	快速打击战舰	暂定·官方待核	所给英文底稿	A0216-B0106	本范围对照英文后沿用或修订；未查得官方对应，暂定。
Rhinos	犀牛	暂定·官方待核	所给英文底稿	A0216-B0118	本范围对照英文后沿用或修订；未查得官方对应，暂定。
Impulsors	脉冲战车	暂定·官方待核	所给英文底稿	A0216-B0120	本范围对照英文后沿用或修订；未查得官方对应，暂定。
Land Speeders	兰德速攻艇	暂定·官方待核	所给英文底稿	A0216-B0124	本范围对照英文后沿用或修订；未查得官方对应，暂定。
Storm Speeders	风暴速攻艇	暂定·官方待核	所给英文底稿	A0216-B0126	本范围对照英文后沿用或修订；未查得官方对应，暂定。
Invictors	不败者	暂定·官方待核	所给英文底稿	A0216-B0128	本范围对照英文后沿用或修订；未查得官方对应，暂定。
Predators	掠食者	暂定·官方待核	所给英文底稿	A0216-B0130	本范围对照英文后沿用或修订；未查得官方对应，暂定。
Gladiators	角斗士	暂定·官方待核	所给英文底稿	A0216-B0132	本范围对照英文后沿用或修订；未查得官方对应，暂定。
Whirlwinds	旋风	暂定·官方待核	所给英文底稿	A0216-B0134	本范围对照英文后沿用或修订；未查得官方对应，暂定。
Vindicators	维护者	暂定·官方待核	所给英文底稿	A0225-B0794	本项定位为第225篇战团名维护者；载具 Vindicator 另列官方维护者战车，勿混淆。
Land Raiders	兰德掠袭者	暂定·官方待核	所给英文底稿	A0216-B0140	本范围对照英文后沿用或修订；未查得官方对应，暂定。
Repulsors	反重力战车	暂定·官方待核	所给英文底稿	A0216-B0142	本范围对照英文后沿用或修订；未查得官方对应，暂定。
Astraeus	阿斯特赖俄斯超重型坦克	暂定·官方待核	所给英文底稿	A0222-B0109	本范围对照英文后沿用或修订；未查得官方对应，暂定。
Single World Chapters	单一世界战团	暂定·官方待核	所给英文底稿	A0216-B0166	本范围对照英文后沿用或修订；未查得官方对应，暂定。
Dominion Chapters	领地战团	暂定·官方待核	所给英文底稿	A0216-B0168	本范围对照英文后沿用或修订；未查得官方对应，暂定。
Bound Chapters	束缚战团	暂定·官方待核	所给英文底稿	A0216-B0170	本范围对照英文后沿用或修订；未查得官方对应，暂定。
Fleet-Based Chapters	舰基战团	暂定·官方待核	所给英文底稿	A0216-B0172	本范围对照英文后沿用或修订；未查得官方对应，暂定。
Mobile Chapters	移动战团	暂定·官方待核	所给英文底稿	A0216-B0174	本范围对照英文后沿用或修订；未查得官方对应，暂定。
Garrison Chapters	驻防战团	暂定·官方待核	所给英文底稿	A0216-B0176	本范围对照英文后沿用或修订；未查得官方对应，暂定。
Specialist Chapters	特殊战团	暂定·官方待核	所给英文底稿	A0216-B0178	本范围对照英文后沿用或修订；未查得官方对应，暂定。
Non-Compliant Chapters	非圣典战团	暂定·官方待核	所给英文底稿	A0216-B0180	本范围对照英文后沿用或修订；未查得官方对应，暂定。
Aurora Talons	极光之爪	暂定·官方待核	所给英文底稿	A0225-B0097	本范围对照英文后沿用或修订；未查得官方对应，暂定。
Shield of Baal	巴尔之盾	暂定·官方待核	所给英文底稿	A0217-B0048	本范围对照英文后沿用或修订；未查得官方对应，暂定。
Master of Sacrifice	牺牲之主	暂定·官方待核	所给英文底稿	A0217-B0050	本范围对照英文后沿用或修订；未查得官方对应，暂定。
Lord Adjudicator	裁决领主	暂定·官方待核	所给英文底稿	A0217-B0052	本范围对照英文后沿用或修订；未查得官方对应，暂定。
Caller of the Fires	烈焰召者	暂定·官方待核	所给英文底稿	A0217-B0056	本范围对照英文后沿用或修订；未查得官方对应，暂定。
Lord of Skyfall	天陨领主	暂定·官方待核	所给英文底稿	A0217-B0058	本范围对照英文后沿用或修订；未查得官方对应，暂定。
Master of Sieges	攻城之主	暂定·官方待核	所给英文底稿	A0217-B0060	本范围对照英文后沿用或修订；未查得官方对应，暂定。
Warden of the Gates	门户看守者	暂定·官方待核	所给英文底稿	A0217-B0062	本范围对照英文后沿用或修订；未查得官方对应，暂定。
Exalted Herald of Sanguinius	圣吉列斯崇高传令官	暂定·官方待核	所给英文底稿	A0217-B0064	本范围对照英文后沿用或修订；未查得官方对应，暂定。
Supreme Grand Master	至高大导师	暂定·官方待核	所给英文底稿	A0217-B0067	本范围对照英文后沿用或修订；未查得官方对应，暂定。
Grand Master of the Librarians	智库员大导师	暂定·官方待核	所给英文底稿	A0217-B0068	本范围对照英文后沿用或修订；未查得官方对应，暂定。
Grand Master of the Deathwing	死翼大导师	暂定·官方待核	所给英文底稿	A0217-B0069	本范围对照英文后沿用或修订；未查得官方对应，暂定。
Grand Master of the Ravenwing	鸦翼大导师	暂定·官方待核	所给英文底稿	A0217-B0070	本范围对照英文后沿用或修订；未查得官方对应，暂定。
Grand Master of Chaplains	教士大导师	暂定·官方待核	所给英文底稿	A0217-B0071	本范围对照英文后沿用或修订；未查得官方对应，暂定。
Grand Master of the Fleet	舰队大导师	暂定·官方待核	所给英文底稿	A0217-B0072	本范围对照英文后沿用或修订；未查得官方对应，暂定。
Grand Master of the Arsenal	军械大导师	暂定·官方待核	所给英文底稿	A0217-B0073	本范围对照英文后沿用或修订；未查得官方对应，暂定。
Grand Master of Recruits	新兵大导师	暂定·官方待核	所给英文底稿	A0217-B0074	本范围对照英文后沿用或修订；未查得官方对应，暂定。
Grand Master of the Watch	守望大导师	暂定·官方待核	所给英文底稿	A0217-B0075	本范围对照英文后沿用或修订；未查得官方对应，暂定。
Master of Blades	刀锋之主	暂定·官方待核	所给英文底稿	A0217-B0078	本范围对照英文后沿用或修订；未查得官方对应，暂定。
Watcher of the Lost	迷失守望者	暂定·官方待核	所给英文底稿	A0217-B0081	本范围对照英文后沿用或修订；未查得官方对应，暂定。
Forgefather	铸造之父	暂定·官方待核	所给英文底稿	A0217-B0084	本范围对照英文后沿用或修订；未查得官方对应，暂定。
Master of Arms	武器之主	暂定·官方待核	所给英文底稿	A0217-B0086	本范围对照英文后沿用或修订；未查得官方对应，暂定。
Lord of Burning Skies	燃空领主	暂定·官方待核	所给英文底稿	A0217-B0088	本范围对照英文后沿用或修订；未查得官方对应，暂定。
Regent of Ultramar	奥特拉玛摄政	暂定·官方待核	所给英文底稿	A0217-B0091	本范围对照英文后沿用或修订；未查得官方对应，暂定。
Spear of Macragge	马库拉格之矛	暂定·官方待核	所给英文底稿	A0217-B0093	本范围对照英文后沿用或修订；未查得官方对应，暂定。
High Suzerain of Ultramar	奥特拉玛高领主	暂定·官方待核	所给英文底稿	A0217-B0095	本范围对照英文后沿用或修订；未查得官方对应，暂定。
Knight Champion of Macragge	马库拉格骑士冠军	暂定·官方待核	所给英文底稿	A0217-B0097	本范围对照英文后沿用或修订；未查得官方对应，暂定。
Master of the Household	内务总管	暂定·官方待核	所给英文底稿	A0217-B0099	本范围对照英文后沿用或修订；未查得官方对应，暂定。
Master of the Hunt	狩猎大师	暂定·官方待核	所给英文底稿	A0217-B0102	本范围对照英文后沿用或修订；未查得官方对应，暂定。
Firstborn	长子	暂定·官方待核	所给英文底稿	221	按本稿统一为长子；首次解释为相对于原铸的传统改造流程星际战士。无已核官译。
Sternguard Veterans	肃卫老兵	暂定·官方待核	所给英文底稿	A0221-B0017	本范围对照英文后沿用或修订；未查得官方对应，暂定。
Vanguard Veterans	先锋老兵	暂定·官方待核	所给英文底稿	A0221-B0018	本范围对照英文后沿用或修订；未查得官方对应，暂定。
Tactical Squads	战术小队	暂定·官方待核	所给英文底稿	A0236-B0008	本范围对照英文后沿用或修订；未查得官方对应，暂定。
Assault Squads	突击小队	暂定·官方待核	所给英文底稿	A0236-B0009	本范围对照英文后沿用或修订；未查得官方对应，暂定。
Devastator Squads	破坏者小队	暂定·官方待核	所给英文底稿	A0239-B0013	本范围对照英文后沿用或修订；未查得官方对应，暂定。
Centurions	百夫长	暂定·官方待核	所给英文底稿	A0221-B0022	本范围对照英文后沿用或修订；未查得官方对应，暂定。
Vanguard Lieutenant	先锋副官	暂定·官方待核	所给英文底稿	A0249-B0010	本范围对照英文后沿用或修订；未查得官方对应，暂定。
Vanguard Helix Adept	先锋螺旋医疗员	暂定·官方待核	所给英文底稿	A0223-B0030	本范围对照英文后沿用或修订；未查得官方对应，暂定。
Intercessor	仲裁者	暂定·官方待核	所给英文底稿	A0222-B0056	本范围对照英文后沿用或修订；未查得官方对应，暂定。
Assault Intercessors	突击仲裁者	暂定·官方待核	所给英文底稿	A0222-B0060	本范围对照英文后沿用或修订；未查得官方对应，暂定。
Jump Pack Intercessor	跳跃背包仲裁者	暂定·官方待核	所给英文底稿	A0222-B0062	本范围对照英文后沿用或修订；未查得官方对应，暂定。
Veteran Intercessor	仲裁者老兵	暂定·官方待核	所给英文底稿	A0222-B0064	本范围对照英文后沿用或修订；未查得官方对应，暂定。
Heavy Intercessors	重装仲裁者	暂定·官方待核	所给英文底稿	A0222-B0066	本范围对照英文后沿用或修订；未查得官方对应，暂定。
Vanguard Infiltrator	先锋渗透者	暂定·官方待核	所给英文底稿	A0223-B0031	本范围对照英文后沿用或修订；未查得官方对应，暂定。
Vanguard Incursor	先锋入侵者	暂定·官方待核	所给英文底稿	A0223-B0032	本范围对照英文后沿用或修订；未查得官方对应，暂定。
Vanguard Reiver	先锋掠夺者	暂定·官方待核	所给英文底稿	A0223-B0033	本范围对照英文后沿用或修订；未查得官方对应，暂定。
Vanguard Eliminator	先锋歼灭者	暂定·官方待核	所给英文底稿	A0223-B0034	本范围对照英文后沿用或修订；未查得官方对应，暂定。
Vanguard Suppressor	先锋压制者	暂定·官方待核	所给英文底稿	A0223-B0035	本范围对照英文后沿用或修订；未查得官方对应，暂定。
Redemptor Dreadnought	救赎者无畏	暂定·官方待核	所给英文底稿	A0222-B0100	本范围对照英文后沿用或修订；未查得官方对应，暂定。
Brutalis Dreadnought	残暴无畏机甲	官方已核	https://assets.warhammer-community.com/chi_06-05_wh40k_core%26key_munitorum_field_manual-5mrlucr2t1-fkybzzzoce.pdf ; https://assets.warhammer-community.com/eng_warhammer40000_munitorum_field_manual_march_2025-cims9ya3sg-s8j9m2haae.pdf	GW-09第32页 / GW-10第31页	中英单位名直接核对；单复数与弯直撇号仅作检索差异。
Invictor Tactical Warsuit	不败者战术机甲	暂定·官方待核	所给英文底稿	A0223-B0037	本范围对照英文后沿用或修订；未查得官方对应，暂定。
Invader ATV	入侵者全地形车	暂定·官方待核	所给英文底稿	A0222-B0104	本范围对照英文后沿用或修订；未查得官方对应，暂定。
Storm Speeder	风暴速攻艇	暂定·官方待核	所给英文底稿	A0222-B0105	本范围对照英文后沿用或修订；未查得官方对应，暂定。
Impulsor	脉冲战车	官方已核	https://assets.warhammer-community.com/chi_06-05_wh40k_core%26key_munitorum_field_manual-5mrlucr2t1-fkybzzzoce.pdf ; https://assets.warhammer-community.com/eng_warhammer40000_munitorum_field_manual_march_2025-cims9ya3sg-s8j9m2haae.pdf	GW-09第32页 / GW-10第31页	中英单位名直接核对；单复数与弯直撇号仅作检索差异。
Gladiator	角斗士坦克	暂定·官方待核	所给英文底稿	A0222-B0107	本范围对照英文后沿用或修订；未查得官方对应，暂定。
Repulsor	反重力战车	官方已核	https://assets.warhammer-community.com/chi_06-05_wh40k_core%26key_munitorum_field_manual-5mrlucr2t1-fkybzzzoce.pdf ; https://assets.warhammer-community.com/eng_warhammer40000_munitorum_field_manual_march_2025-cims9ya3sg-s8j9m2haae.pdf	GW-09第33页 / GW-10第32页	中英单位名直接核对；单复数与弯直撇号仅作检索差异。
Overlord	霸主	暂定·官方待核	所给英文底稿	A0230-B0116	本范围对照英文后沿用或修订；未查得官方对应，暂定。
Alpha Primus	原铸之首	暂定·官方待核	所给英文底稿	A0222-B0114	本范围对照英文后沿用或修订；未查得官方对应，暂定。
Decimus Felix	德西穆斯·菲利克斯	暂定·官方待核	所给英文底稿	A0222-B0120	本范围对照英文后沿用或修订；未查得官方对应，暂定。
Gerrundium	杰伦迪乌姆	暂定·官方待核	所给英文底稿	A0222-B0122	本范围对照英文后沿用或修订；未查得官方对应，暂定。
Cassian Talasadian	卡西安·塔拉萨迪安	暂定·官方待核	所给英文底稿	A0249-B0028	本范围对照英文后沿用或修订；未查得官方对应，暂定。
Keritraeus	凯里特雷乌斯	暂定·官方待核	所给英文底稿	A0222-B0126	本范围对照英文后沿用或修订；未查得官方对应，暂定。
Astoren Korr	阿斯托伦·科尔	暂定·官方待核	所给英文底稿	A0222-B0128	本范围对照英文后沿用或修订；未查得官方对应，暂定。
Polixis	波利克斯	暂定·官方待核	所给英文底稿	A0222-B0130	本范围对照英文后沿用或修订；未查得官方对应，暂定。
Eothrus	伊欧索斯	暂定·官方待核	所给英文底稿	A0249-B0030	本范围对照英文后沿用或修订；未查得官方对应，暂定。
Justinian Parris	查士丁尼·帕里斯	暂定·官方待核	所给英文底稿	A0222-B0134	本范围对照英文后沿用或修订；未查得官方对应，暂定。
Ferren Areios	费伦·阿瑞奥斯	暂定·官方待核	所给英文底稿	A0249-B0032	本范围对照英文后沿用或修订；未查得官方对应，暂定。
Vanguard Captain	先锋连长	暂定·官方待核	所给英文底稿	A0223-B0027	本范围对照英文后沿用或修订；未查得官方对应，暂定。
Space Marine Commander	星际战士指挥官	暂定·官方待核	所给英文底稿	224	本范围对照英文后沿用或修订；未查得官方对应，暂定。
Troilus	特洛伊罗斯	暂定·官方待核	所给英文底稿	A0224-B0007	本范围对照英文后沿用或修订；未查得官方对应，暂定。
Aramus	阿拉莫斯	暂定·官方待核	所给英文底稿	A0224-B0009	本范围对照英文后沿用或修订；未查得官方对应，暂定。
Indrick Boreale	英德里克·博雷亚莱	暂定·官方待核	所给英文底稿	A0224-B0011	本范围对照英文后沿用或修订；未查得官方对应，暂定。
Absolvers	赦免者	暂定·官方待核	所给英文底稿	A0225-B0013	本范围对照英文后沿用或修订；未查得官方对应，暂定。
Accipiters	骇鹰	暂定·官方待核	所给英文底稿	A0225-B0014	本范围对照英文后沿用或修订；未查得官方对应，暂定。
Adamantine Lions	精金之狮	暂定·官方待核	所给英文底稿	A0225-B0015	本范围对照英文后沿用或修订；未查得官方对应，暂定。
Adulators	奉信者	暂定·官方待核	所给英文底稿	A0225-B0016	本范围对照英文后沿用或修订；未查得官方对应，暂定。
Andromedan Blades	安德洛墨达之刃	暂定·官方待核	所给英文底稿	A0225-B0017	本范围对照英文后沿用或修订；未查得官方对应，暂定。
Angel Guard	天使守卫	暂定·官方待核	所给英文底稿	A0225-B0018	本范围对照英文后沿用或修订；未查得官方对应，暂定。
Angels Arisen	崛升天使	暂定·官方待核	所给英文底稿	A0225-B0019	本范围对照英文后沿用或修订；未查得官方对应，暂定。
Angels Eradicant	根除天使	暂定·官方待核	所给英文底稿	A0241-B0014	本范围对照英文后沿用或修订；未查得官方对应，暂定。
Angels Glorious	荣光天使	暂定·官方待核	所给英文底稿	A0225-B0027	本范围对照英文后沿用或修订；未查得官方对应，暂定。
Angels Numinous	神圣天使	暂定·官方待核	所给英文底稿	A0225-B0029	本范围对照英文后沿用或修订；未查得官方对应，暂定。
Angels of Damnation	诅咒天使	暂定·官方待核	所给英文底稿	A0225-B0032	本范围对照英文后沿用或修订；未查得官方对应，暂定。
Angels of Fire	火之天使	暂定·官方待核	所给英文底稿	A0225-B0036	本范围对照英文后沿用或修订；未查得官方对应，暂定。
Angels of Fury	狂怒天使	暂定·官方待核	所给英文底稿	A0225-B0038	本范围对照英文后沿用或修订；未查得官方对应，暂定。
Angels of Iron	钢铁天使	暂定·官方待核	所给英文底稿	A0225-B0039	本范围对照英文后沿用或修订；未查得官方对应，暂定。
Angels of Light	光明天使	暂定·官方待核	所给英文底稿	A0225-B0041	本范围对照英文后沿用或修订；未查得官方对应，暂定。
Angels of Penance	忏悔天使	暂定·官方待核	所给英文底稿	A0225-B0042	本范围对照英文后沿用或修订；未查得官方对应，暂定。
Angels of Purgatory	炼狱天使	暂定·官方待核	所给英文底稿	A0225-B0043	本范围对照英文后沿用或修订；未查得官方对应，暂定。
Angels of Repentance	悔悟天使	暂定·官方待核	所给英文底稿	A0225-B0046	本范围对照英文后沿用或修订；未查得官方对应，暂定。
Angels of Retribution	报应天使	暂定·官方待核	所给英文底稿	A0225-B0048	本范围对照英文后沿用或修订；未查得官方对应，暂定。
Angels of the Grail	圣杯天使	暂定·官方待核	所给英文底稿	A0225-B0050	本范围对照英文后沿用或修订；未查得官方对应，暂定。
Angels of Vigilance	警戒天使	暂定·官方待核	所给英文底稿	A0225-B0054	本范围对照英文后沿用或修订；未查得官方对应，暂定。
Angels of Wrath	愤怒天使	暂定·官方待核	所给英文底稿	A0225-B0056	本范围对照英文后沿用或修订；未查得官方对应，暂定。
Angels Penitent	悔罪天使	暂定·官方待核	所给英文底稿	A0225-B0058	本范围对照英文后沿用或修订；未查得官方对应，暂定。
Angels Porphyr	斑岩天使	暂定·官方待核	所给英文底稿	A0225-B0060	本范围对照英文后沿用或修订；未查得官方对应，暂定。
Angels Puissant	强势天使	暂定·官方待核	所给英文底稿	A0225-B0061	本范围对照英文后沿用或修订；未查得官方对应，暂定。
Angels Redeemed	神赎天使	暂定·官方待核	所给英文底稿	A0225-B0062	本范围对照英文后沿用或修订；未查得官方对应，暂定。
Angels Repentant	悔过天使	暂定·官方待核	所给英文底稿	A0225-B0063	本范围对照英文后沿用或修订；未查得官方对应，暂定。
Angels Vindicant	报复天使	暂定·官方待核	所给英文底稿	A0225-B0072	本范围对照英文后沿用或修订；未查得官方对应，暂定。
Aquiloan Brotherhood	北方兄弟会	暂定·官方待核	所给英文底稿	A0225-B0074	本范围对照英文后沿用或修订；未查得官方对应，暂定。
Ashen Blades	苍白之刃	暂定·官方待核	所给英文底稿	A0225-B0076	本范围对照英文后沿用或修订；未查得官方对应，暂定。
Ashen Conquerors	苍白征服者	暂定·官方待核	所给英文底稿	A0225-B0077	本范围对照英文后沿用或修订；未查得官方对应，暂定。
Ashen Reclaimers	苍白回收者	暂定·官方待核	所给英文底稿	A0225-B0078	本范围对照英文后沿用或修订；未查得官方对应，暂定。
Astral Castellans	星界堡主	暂定·官方待核	所给英文底稿	A0225-B0081	本范围对照英文后沿用或修订；未查得官方对应，暂定。
Astral Crusaders	星界十字军	暂定·官方待核	所给英文底稿	A0225-B0082	本范围对照英文后沿用或修订；未查得官方对应，暂定。
Astral Fists	星辰之拳	暂定·官方待核	所给英文底稿	A0225-B0083	本范围对照英文后沿用或修订；未查得官方对应，暂定。
Astral Hawks	星鹰	暂定·官方待核	所给英文底稿	A0225-B0084	本范围对照英文后沿用或修订；未查得官方对应，暂定。
Astral Hounds	星界猎犬	暂定·官方待核	所给英文底稿	A0225-B0085	本范围对照英文后沿用或修订；未查得官方对应，暂定。
Astral Knights	星界骑士	暂定·官方待核	所给英文底稿	A0225-B0087	本范围对照英文后沿用或修订；未查得官方对应，暂定。
Astral Spears	星辰之矛	暂定·官方待核	所给英文底稿	A0225-B0088	本范围对照英文后沿用或修订；未查得官方对应，暂定。
Astral Templars	星界圣堂	暂定·官方待核	所给英文底稿	A0225-B0089	本范围对照英文后沿用或修订；未查得官方对应，暂定。
Atlantian Spears	亚特兰蒂斯之矛	暂定·官方待核	所给英文底稿	A0225-B0091	本范围对照英文后沿用或修订；未查得官方对应，暂定。
Auric Consuls	黄金执政官	暂定·官方待核	所给英文底稿	A0225-B0092	本范围对照英文后沿用或修订；未查得官方对应，暂定。
Auric Paragons	黄金典范	暂定·官方待核	所给英文底稿	A0225-B0093	本范围对照英文后沿用或修订；未查得官方对应，暂定。
Auric Patricians	黄金贵族	暂定·官方待核	所给英文底稿	A0225-B0094	本范围对照英文后沿用或修订；未查得官方对应，暂定。
Avengers	复仇者	暂定·官方待核	所给英文底稿	A0225-B0098	本范围对照英文后沿用或修订；未查得官方对应，暂定。
Axes of the Emperor	帝皇之斧	暂定·官方待核	所给英文底稿	A0225-B0101	本范围对照英文后沿用或修订；未查得官方对应，暂定。
Azure Hawks	蔚蓝雄鹰	暂定·官方待核	所给英文底稿	A0225-B0102	本范围对照英文后沿用或修订；未查得官方对应，暂定。
Benedictors	祈福者	暂定·官方待核	所给英文底稿	A0225-B0103	本范围对照英文后沿用或修订；未查得官方对应，暂定。
Berserkers of Kharadon	卡拉顿狂战士	暂定·官方待核	所给英文底稿	A0225-B0105	本范围对照英文后沿用或修订；未查得官方对应，暂定。
Black Crusaders	黑色十字军	暂定·官方待核	所给英文底稿	A0225-B0108	本范围对照英文后沿用或修订；未查得官方对应，暂定。
Black Inculpators	黑色控告者	暂定·官方待核	所给英文底稿	A0225-B0113	本范围对照英文后沿用或修订；未查得官方对应，暂定。
Black Lions	黑狮	暂定·官方待核	所给英文底稿	A0225-B0114	本范围对照英文后沿用或修订；未查得官方对应，暂定。
Black Pegasi	黑色飞马	暂定·官方待核	所给英文底稿	A0225-B0115	本范围对照英文后沿用或修订；未查得官方对应，暂定。
Black Ravens	黑色渡鸦	暂定·官方待核	所给英文底稿	A0225-B0116	本范围对照英文后沿用或修订；未查得官方对应，暂定。
Black Talons	黑爪	暂定·官方待核	所给英文底稿	A0225-B0117	本范围对照英文后沿用或修订；未查得官方对应，暂定。
Black Wings	黑翼	暂定·官方待核	所给英文底稿	A0225-B0124	本范围对照英文后沿用或修订；未查得官方对应，暂定。
Bladekeepers	守刃者	暂定·官方待核	所给英文底稿	A0225-B0126	本范围对照英文后沿用或修订；未查得官方对应，暂定。
Blazoned Legion	纹章军团	暂定·官方待核	所给英文底稿	A0225-B0129	本范围对照英文后沿用或修订；未查得官方对应，暂定。
Blood Dragons	血龙	暂定·官方待核	所给英文底稿	A0225-B0133	本范围对照英文后沿用或修订；未查得官方对应，暂定。
Blood Eagles	血鹰	暂定·官方待核	所给英文底稿	A0225-B0137	本范围对照英文后沿用或修订；未查得官方对应，暂定。
Blood Krakens	鲜血海妖	暂定·官方待核	所给英文底稿	A0225-B0138	本范围对照英文后沿用或修订；未查得官方对应，暂定。
Blood Legion	圣血军团	暂定·官方待核	所给英文底稿	A0225-B0140	本范围对照英文后沿用或修订；未查得官方对应，暂定。
Blood Lords	圣血领主	暂定·官方待核	所给英文底稿	A0225-B0141	本范围对照英文后沿用或修订；未查得官方对应，暂定。
Blood Reavers	鲜血掠夺者	暂定·官方待核	所给英文底稿	A0225-B0144	本范围对照英文后沿用或修订；未查得官方对应，暂定。
Blood Sharks	血鲨	暂定·官方待核	所给英文底稿	A0225-B0147	本范围对照英文后沿用或修订；未查得官方对应，暂定。
Blood Swords	鲜血之剑	暂定·官方待核	所给英文底稿	A0225-B0149	本范围对照英文后沿用或修订；未查得官方对应，暂定。
Blood Templars	鲜血圣堂	暂定·官方待核	所给英文底稿	A0225-B0151	本范围对照英文后沿用或修订；未查得官方对应，暂定。
Blood Tigers	血虎	暂定·官方待核	所给英文底稿	A0225-B0152	本范围对照英文后沿用或修订；未查得官方对应，暂定。
Blood Vipers	鲜血蝰蛇	暂定·官方待核	所给英文底稿	A0225-B0153	本范围对照英文后沿用或修订；未查得官方对应，暂定。
Blood Wings	血翼	暂定·官方待核	所给英文底稿	A0225-B0155	本范围对照英文后沿用或修订；未查得官方对应，暂定。
Bone Knives	骨刀	暂定·官方待核	所给英文底稿	A0225-B0156	本范围对照英文后沿用或修订；未查得官方对应，暂定。
Brazen Annihilators	黄铜歼灭者	暂定·官方待核	所给英文底稿	A0225-B0158	本范围对照英文后沿用或修订；未查得官方对应，暂定。
Brazen Consuls	黄铜执政官	暂定·官方待核	所给英文底稿	A0225-B0162	本范围对照英文后沿用或修订；未查得官方对应，暂定。
Brazen Fists	黄铜之拳	暂定·官方待核	所给英文底稿	A0225-B0163	本范围对照英文后沿用或修订；未查得官方对应，暂定。
Brazen Minotaurs	黄铜米诺陶	暂定·官方待核	所给英文底稿	A0225-B0164	本范围对照英文后沿用或修订；未查得官方对应，暂定。
Brethren Esoteric	神秘同道	暂定·官方待核	所给英文底稿	A0225-B0166	本范围对照英文后沿用或修订；未查得官方对应，暂定。
Bringers of Judgement	审判使者	暂定·官方待核	所给英文底稿	A0225-B0168	本范围对照英文后沿用或修订；未查得官方对应，暂定。
Brotherhood of a Thousand	千军兄弟会	暂定·官方待核	所给英文底稿	A0225-B0169	本范围对照英文后沿用或修订；未查得官方对应，暂定。
Brotherhood of the Bear	战熊兄弟会	暂定·官方待核	所给英文底稿	A0225-B0170	本范围对照英文后沿用或修订；未查得官方对应，暂定。
Brothers of Jarad	雅拉德修士	暂定·官方待核	所给英文底稿	A0225-B0172	本范围对照英文后沿用或修订；未查得官方对应，暂定。
Brothers Penitent	忏悔修士	暂定·官方待核	所给英文底稿	A0241-B0017	本范围对照英文后沿用或修订；未查得官方对应，暂定。
Burning Blood	燃烧之血	暂定·官方待核	所给英文底稿	A0225-B0176	本范围对照英文后沿用或修订；未查得官方对应，暂定。
Carcharodons	噬人鲨	暂定·官方待核	所给英文底稿	A0225-B0178	本范围对照英文后沿用或修订；未查得官方对应，暂定。
Carmine Blades	猩红之刃	暂定·官方待核	所给英文底稿	A0225-B0180	本范围对照英文后沿用或修订；未查得官方对应，暂定。
Carnovora	噬肉者	暂定·官方待核	所给英文底稿	A0225-B0181	本范围对照英文后沿用或修订；未查得官方对应，暂定。
Celebrants	司仪神父	暂定·官方待核	所给英文底稿	A0225-B0185	本范围对照英文后沿用或修订；未查得官方对应，暂定。
Celestial Guard	天界守卫	暂定·官方待核	所给英文底稿	A0225-B0186	本范围对照英文后沿用或修订；未查得官方对应，暂定。
Celestial Swords	天界之剑	暂定·官方待核	所给英文底稿	A0225-B0192	本范围对照英文后沿用或修订；未查得官方对应，暂定。
Celestials	天神	暂定·官方待核	所给英文底稿	A0225-B0194	本范围对照英文后沿用或修订；未查得官方对应，暂定。
Cerulean Guard	蔚蓝守卫	暂定·官方待核	所给英文底稿	A0225-B0195	本范围对照英文后沿用或修订；未查得官方对应，暂定。
Champions of Thanatos	死神冠军	暂定·官方待核	所给英文底稿	A0225-B0196	本范围对照英文后沿用或修订；未查得官方对应，暂定。
Chevaliers de la Lumière	光明骑士	暂定·官方待核	所给英文底稿	A0225-B0199	本范围对照英文后沿用或修订；未查得官方对应，暂定。
Claws of Ursus	熊爪	暂定·官方待核	所给英文底稿	A0225-B0200	本范围对照英文后沿用或修订；未查得官方对应，暂定。
Colossi of Kronos	克洛诺斯巨像	暂定·官方待核	所给英文底稿	A0225-B0201	本范围对照英文后沿用或修订；未查得官方对应，暂定。
Condemnors	谴责者	暂定·官方待核	所给英文底稿	A0225-B0202	本范围对照英文后沿用或修订；未查得官方对应，暂定。
Consecrators	奉献者	暂定·官方待核	所给英文底稿	A0225-B0204	本范围对照英文后沿用或修订；未查得官方对应，暂定。
Contenders	斗争者	暂定·官方待核	所给英文底稿	A0225-B0205	本范围对照英文后沿用或修订；未查得官方对应，暂定。
Coruscators	闪耀者	暂定·官方待核	所给英文底稿	A0225-B0206	本范围对照英文后沿用或修订；未查得官方对应，暂定。
Cowled Wardens	罩袍监察者	暂定·官方待核	所给英文底稿	A0225-B0210	本范围对照英文后沿用或修订；未查得官方对应，暂定。
Crimson Axes	深红之斧	暂定·官方待核	所给英文底稿	A0225-B0212	本范围对照英文后沿用或修订；未查得官方对应，暂定。
Crimson Blades	深红之刃	暂定·官方待核	所给英文底稿	A0225-B0214	本范围对照英文后沿用或修订；未查得官方对应，暂定。
Crimson Castellans	深红堡主	暂定·官方待核	所给英文底稿	A0225-B0216	本范围对照英文后沿用或修订；未查得官方对应，暂定。
Crimson Consuls	深红执政官	暂定·官方待核	所给英文底稿	A0225-B0218	本范围对照英文后沿用或修订；未查得官方对应，暂定。
Crimson Guard	深红守卫	暂定·官方待核	所给英文底稿	A0225-B0221	本范围对照英文后沿用或修订；未查得官方对应，暂定。
Crimson Knights	深红骑士	暂定·官方待核	所给英文底稿	A0225-B0223	本范围对照英文后沿用或修订；未查得官方对应，暂定。
Crimson Lament	深红哀悼	暂定·官方待核	所给英文底稿	A0225-B0224	本范围对照英文后沿用或修订；未查得官方对应，暂定。
Crimson Minotaurs	深红米诺陶	暂定·官方待核	所给英文底稿	A0225-B0225	本范围对照英文后沿用或修订；未查得官方对应，暂定。
Crimson Paladins	深红圣骑士	暂定·官方待核	所给英文底稿	A0225-B0226	本范围对照英文后沿用或修订；未查得官方对应，暂定。
Crimson Raptors	深红猛禽	暂定·官方待核	所给英文底稿	A0225-B0227	本范围对照英文后沿用或修订；未查得官方对应，暂定。
Crimson Scions	深红后裔	暂定·官方待核	所给英文底稿	A0225-B0228	本范围对照英文后沿用或修订；未查得官方对应，暂定。
Crimson Scythes	深红之镰	暂定·官方待核	所给英文底稿	A0241-B0018	本范围对照英文后沿用或修订；未查得官方对应，暂定。
Crimson Shades	深红阴影	暂定·官方待核	所给英文底稿	A0225-B0231	本范围对照英文后沿用或修订；未查得官方对应，暂定。
Crimson Swords	深红之剑	暂定·官方待核	所给英文底稿	A0225-B0233	本范围对照英文后沿用或修订；未查得官方对应，暂定。
Crimson Talons	深红之爪	暂定·官方待核	所给英文底稿	A0225-B0234	本范围对照英文后沿用或修订；未查得官方对应，暂定。
Crimson Templars	深红圣堂	暂定·官方待核	所给英文底稿	A0225-B0235	本范围对照英文后沿用或修订；未查得官方对应，暂定。
Cruciform Sword	十字剑	暂定·官方待核	所给英文底稿	A0225-B0236	本范围对照英文后沿用或修订；未查得官方对应，暂定。
Cruor Blades	凝血之刃	暂定·官方待核	所给英文底稿	A0225-B0238	本范围对照英文后沿用或修订；未查得官方对应，暂定。
Crusaders	十字军	暂定·官方待核	所给英文底稿	A0225-B0239	本范围对照英文后沿用或修订；未查得官方对应，暂定。
Dark Crusaders	黑暗十字军	暂定·官方待核	所给英文底稿	A0225-B0243	本范围对照英文后沿用或修订；未查得官方对应，暂定。
Dark Eagles	黑暗天鹰	暂定·官方待核	所给英文底稿	A0225-B0245	本范围对照英文后沿用或修订；未查得官方对应，暂定。
Dark Hands	黑暗之手	暂定·官方待核	所给英文底稿	A0225-B0246	本范围对照英文后沿用或修订；未查得官方对应，暂定。
Dark Hunters	黑暗猎手	暂定·官方待核	所给英文底稿	A0225-B0248	本范围对照英文后沿用或修订；未查得官方对应，暂定。
Dark Sons	黑暗之子	暂定·官方待核	所给英文底稿	A0225-B0252	本范围对照英文后沿用或修订；未查得官方对应，暂定。
Dark Swords	黑暗之剑	暂定·官方待核	所给英文底稿	A0225-B0253	本范围对照英文后沿用或修订；未查得官方对应，暂定。
Dark Templars	黑暗圣堂	暂定·官方待核	所给英文底稿	A0225-B0254	本范围对照英文后沿用或修订；未查得官方对应，暂定。
Darkspires	黑暗尖塔	暂定·官方待核	所给英文底稿	A0225-B0255	本范围对照英文后沿用或修订；未查得官方对应，暂定。
Death Hawks	死鹰	暂定·官方待核	所给英文底稿	A0225-B0258	本范围对照英文后沿用或修订；未查得官方对应，暂定。
Death Hunters	死亡猎手	暂定·官方待核	所给英文底稿	A0225-B0259	本范围对照英文后沿用或修订；未查得官方对应，暂定。
Death Falcons	死亡猎鹰	暂定·官方待核	所给英文底稿	A0225-B0261	本范围对照英文后沿用或修订；未查得官方对应，暂定。
Death Knights	死亡骑士	暂定·官方待核	所给英文底稿	A0225-B0262	本范围对照英文后沿用或修订；未查得官方对应，暂定。
Death Strike	死亡打击	暂定·官方待核	所给英文底稿	A0225-B0266	本范围对照英文后沿用或修订；未查得官方对应，暂定。
Deathdealers	死亡使者	暂定·官方待核	所给英文底稿	A0225-B0269	本范围对照英文后沿用或修订；未查得官方对应，暂定。
Defenders Obscurus	缄默守卫者	暂定·官方待核	所给英文底稿	A0225-B0273	本范围对照英文后沿用或修订；未查得官方对应，暂定。
Desert Lions	沙漠雄狮	暂定·官方待核	所给英文底稿	A0225-B0274	本范围对照英文后沿用或修订；未查得官方对应，暂定。
Desolators	荒芜者	暂定·官方待核	所给英文底稿	A0225-B0275	本范围对照英文后沿用或修订；未查得官方对应，暂定。
Dictators	独裁者	暂定·官方待核	所给英文底稿	A0225-B0278	本范围对照英文后沿用或修订；未查得官方对应，暂定。
Direglaives	恐怖长刀	暂定·官方待核	所给英文底稿	A0225-B0279	本范围对照英文后沿用或修订；未查得官方对应，暂定。
Disciples of Blood	鲜血使徒	暂定·官方待核	所给英文底稿	A0225-B0281	本范围对照英文后沿用或修订；未查得官方对应，暂定。
Disciples of Caliban	卡利班门徒	暂定·官方待核	所给英文底稿	A0225-B0283	本范围对照英文后沿用或修订；未查得官方对应，暂定。
Doom Fists	末日之拳	暂定·官方待核	所给英文底稿	A0225-B0287	本范围对照英文后沿用或修订；未查得官方对应，暂定。
Doom Griffons	末日狮鹫	暂定·官方待核	所给英文底稿	A0225-B0288	本范围对照英文后沿用或修订；未查得官方对应，暂定。
Doom Legion	末日军团	暂定·官方待核	所给英文底稿	A0225-B0290	本范围对照英文后沿用或修订；未查得官方对应，暂定。
Doom Warriors	末日勇士	暂定·官方待核	所给英文底稿	A0225-B0291	本范围对照英文后沿用或修订；未查得官方对应，暂定。
Doomsayers	末日预言者	暂定·官方待核	所给英文底稿	A0225-B0292	本范围对照英文后沿用或修订；未查得官方对应，暂定。
Draconis	天龙座	暂定·官方待核	所给英文底稿	A0225-B0293	本范围对照英文后沿用或修订；未查得官方对应，暂定。
Dragon Lords	龙之领主	暂定·官方待核	所给英文底稿	A0225-B0294	本范围对照英文后沿用或修订；未查得官方对应，暂定。
Dragonslayers	屠龙者	暂定·官方待核	所给英文底稿	A0225-B0297	本范围对照英文后沿用或修订；未查得官方对应，暂定。
Ebon Knights	黑檀骑士	暂定·官方待核	所给英文底稿	A0225-B0302	本范围对照英文后沿用或修订；未查得官方对应，暂定。
Emerald Snakes	翡翠之蛇	暂定·官方待核	所给英文底稿	A0225-B0303	本范围对照英文后沿用或修订；未查得官方对应，暂定。
Emperor's Blades	帝皇之刃	暂定·官方待核	所给英文底稿	A0225-B0304	本范围对照英文后沿用或修订；未查得官方对应，暂定。
Emperor's Claws	帝皇之爪	暂定·官方待核	所给英文底稿	A0225-B0305	本范围对照英文后沿用或修订；未查得官方对应，暂定。
Emperor's Hands	帝皇之手	暂定·官方待核	所给英文底稿	A0225-B0306	本范围对照英文后沿用或修订；未查得官方对应，暂定。
Emperor's Havoc	帝皇浩劫	暂定·官方待核	所给英文底稿	A0225-B0308	本范围对照英文后沿用或修订；未查得官方对应，暂定。
Emperor's Hawks	帝皇之鹰	暂定·官方待核	所给英文底稿	A0225-B0309	本范围对照英文后沿用或修订；未查得官方对应，暂定。
Emperor's Paladins	帝皇圣骑士	暂定·官方待核	所给英文底稿	A0225-B0310	本范围对照英文后沿用或修订；未查得官方对应，暂定。
Emperor's Pointy Sticks	帝皇尖棍	暂定·官方待核	所给英文底稿	A0225-B0311	本范围对照英文后沿用或修订；未查得官方对应，暂定。
Emperor's Scythes	帝皇镰刀	暂定·官方待核	所给英文底稿	A0225-B0312	本范围对照英文后沿用或修订；未查得官方对应，暂定。
Emperor's Shadows	帝皇之影	暂定·官方待核	所给英文底稿	A0225-B0313	本范围对照英文后沿用或修订；未查得官方对应，暂定。
Emperor's Shields	帝皇之盾	暂定·官方待核	所给英文底稿	A0225-B0314	本范围对照英文后沿用或修订；未查得官方对应，暂定。
Emperor's Storm	帝皇风暴	暂定·官方待核	所给英文底稿	A0225-B0317	本范围对照英文后沿用或修订；未查得官方对应，暂定。
Emperor's Swords	帝皇之剑	暂定·官方待核	所给英文底稿	A0225-B0320	本范围对照英文后沿用或修订；未查得官方对应，暂定。
Emperor's Warbringers	帝皇战争使者	暂定·官方待核	所给英文底稿	A0225-B0322	本范围对照英文后沿用或修订；未查得官方对应，暂定。
Emperor's Wolves	帝皇之狼	暂定·官方待核	所给英文底稿	A0225-B0323	本范围对照英文后沿用或修订；未查得官方对应，暂定。
Espandors	扩张者	暂定·官方待核	所给英文底稿	A0225-B0324	本范围对照英文后沿用或修订；未查得官方对应，暂定。
Excruciators	施刑者	暂定·官方待核	所给英文底稿	A0225-B0327	本范围对照英文后沿用或修订；未查得官方对应，暂定。
Excubants	警戒者	暂定·官方待核	所给英文底稿	A0225-B0328	本范围对照英文后沿用或修订；未查得官方对应，暂定。
Execrators	咒诅者	暂定·官方待核	所给英文底稿	A0225-B0329	本范围对照英文后沿用或修订；未查得官方对应，暂定。
Exemplars	模范者	暂定·官方待核	所给英文底稿	A0225-B0332	本范围对照英文后沿用或修订；未查得官方对应，暂定。
Exsanguinators	放血者	暂定·官方待核	所给英文底稿	A0225-B0336	本范围对照英文后沿用或修订；未查得官方对应，暂定。
The Falcons	猎鹰	暂定·官方待核	所给英文底稿	A0225-B0337	本范围对照英文后沿用或修订；未查得官方对应，暂定。
Falling Star	流星	暂定·官方待核	所给英文底稿	A0225-B0338	本范围对照英文后沿用或修订；未查得官方对应，暂定。
Farstalkers	远潜者	暂定·官方待核	所给英文底稿	A0225-B0339	本范围对照英文后沿用或修订；未查得官方对应，暂定。
Fire Claws	火爪	暂定·官方待核	所给英文底稿	A0225-B0343	本范围对照英文后沿用或修订；未查得官方对应，暂定。
Fire Lords	火焰领主	暂定·官方待核	所给英文底稿	A0225-B0347	本范围对照英文后沿用或修订；未查得官方对应，暂定。
Firebreathers	龙息	暂定·官方待核	所给英文底稿	A0225-B0348	本范围对照英文后沿用或修订；未查得官方对应，暂定。
Fists of Wrath	愤怒之拳	暂定·官方待核	所给英文底稿	A0225-B0350	本范围对照英文后沿用或修订；未查得官方对应，暂定。
Flame Eagles	火焰天鹰	暂定·官方待核	所给英文底稿	A0225-B0352	本范围对照英文后沿用或修订；未查得官方对应，暂定。
Flames of Aries	白羊座之火	暂定·官方待核	所给英文底稿	A0225-B0356	本范围对照英文后沿用或修订；未查得官方对应，暂定。
Flesh Eaters	食肉者	暂定·官方待核	所给英文底稿	A0225-B0358	本范围对照英文后沿用或修订；未查得官方对应，暂定。
Forlorn Sons	凄凉之子	暂定·官方待核	所给英文底稿	A0225-B0361	本范围对照英文后沿用或修订；未查得官方对应，暂定。
Furor Marines	狂热战士	暂定·官方待核	所给英文底稿	A0225-B0364	本范围对照英文后沿用或修订；未查得官方对应，暂定。
Gilded Sons	镀金之子	暂定·官方待核	所给英文底稿	A0225-B0367	本范围对照英文后沿用或修订；未查得官方对应，暂定。
Golden Blades	黄金之刃	暂定·官方待核	所给英文底稿	A0225-B0369	本范围对照英文后沿用或修订；未查得官方对应，暂定。
Golden Gryphons	黄金狮鹫	暂定·官方待核	所给英文底稿	A0225-B0370	本范围对照英文后沿用或修订；未查得官方对应，暂定。
Golden Halos	黄金光轮	暂定·官方待核	所给英文底稿	A0225-B0372	本范围对照英文后沿用或修订；未查得官方对应，暂定。
Golden Paladins	黄金圣骑士	暂定·官方待核	所给英文底稿	A0225-B0373	本范围对照英文后沿用或修订；未查得官方对应，暂定。
Golden Sons	黄金之子	暂定·官方待核	所给英文底稿	A0225-B0375	本范围对照英文后沿用或修订；未查得官方对应，暂定。
Gore Golems	凝血魔像	暂定·官方待核	所给英文底稿	A0225-B0376	本范围对照英文后沿用或修订；未查得官方对应，暂定。
Gorgons	戈尔贡	暂定·官方待核	所给英文底稿	A0225-B0377	本范围对照英文后沿用或修订；未查得官方对应，暂定。
Grail Guard	圣杯守卫	暂定·官方待核	所给英文底稿	A0225-B0379	本范围对照英文后沿用或修订；未查得官方对应，暂定。
Grey Giants	灰色巨人	暂定·官方待核	所给英文底稿	A0225-B0380	本范围对照英文后沿用或修订；未查得官方对应，暂定。
Grief Bringers	悲痛使者	暂定·官方待核	所给英文底稿	A0225-B0383	本范围对照英文后沿用或修订；未查得官方对应，暂定。
Griffon Lords	狮鹫领主	暂定·官方待核	所给英文底稿	A0225-B0384	本范围对照英文后沿用或修订；未查得官方对应，暂定。
Griffons of Repentance	悔悟狮鹫	暂定·官方待核	所给英文底稿	A0225-B0385	本范围对照英文后沿用或修订；未查得官方对应，暂定。
Guardians of Celeres	赛拉瑞斯守卫者	暂定·官方待核	所给英文底稿	A0225-B0386	本范围对照英文后沿用或修订；未查得官方对应，暂定。
Guardians of the Covenant	圣约守卫者	暂定·官方待核	所给英文底稿	A0225-B0388	本范围对照英文后沿用或修订；未查得官方对应，暂定。
Halo Dragons	光轮火龙	暂定·官方待核	所给英文底稿	A0225-B0391	本范围对照英文后沿用或修订；未查得官方对应，暂定。
Hammers of Dhrex	德雷克斯之锤	暂定·官方待核	所给英文底稿	A0225-B0392	本范围对照英文后沿用或修订；未查得官方对应，暂定。
Hammers of Dorn	多恩之锤	暂定·官方待核	所给英文底稿	A0225-B0394	本范围对照英文后沿用或修订；未查得官方对应，暂定。
Hammers of Retribution	报应之锤	暂定·官方待核	所给英文底稿	A0225-B0397	本范围对照英文后沿用或修订；未查得官方对应，暂定。
Harbingers	凶兆	暂定·官方待核	所给英文底稿	A0225-B0398	本范围对照英文后沿用或修订；未查得官方对应，暂定。
Harrowers	苦痛者	暂定·官方待核	所给英文底稿	A0225-B0399	本范围对照英文后沿用或修订；未查得官方对应，暂定。
Hawk Lords	雄鹰领主	暂定·官方待核	所给英文底稿	A0225-B0401	本范围对照英文后沿用或修订；未查得官方对应，暂定。
Heralds of Ultramar	奥特拉玛先驱	暂定·官方待核	所给英文底稿	A0225-B0403	本范围对照英文后沿用或修订；未查得官方对应，暂定。
Heralds of Vengeance	复仇先驱	暂定·官方待核	所给英文底稿	A0225-B0404	本范围对照英文后沿用或修订；未查得官方对应，暂定。
Honoured Sons	荣誉之子	暂定·官方待核	所给英文底稿	A0225-B0405	本范围对照英文后沿用或修订；未查得官方对应，暂定。
Hound Skull	猎犬颅骨	暂定·官方待核	所给英文底稿	A0225-B0408	本范围对照英文后沿用或修订；未查得官方对应，暂定。
Hound Stalkers	猎犬追踪者	暂定·官方待核	所给英文底稿	A0225-B0409	本范围对照英文后沿用或修订；未查得官方对应，暂定。
Hounds of Demos	德莫斯猎犬	暂定·官方待核	所给英文底稿	A0225-B0410	本范围对照英文后沿用或修订；未查得官方对应，暂定。
Howling Griffons	咆哮狮鹫	暂定·官方待核	所给英文底稿	A0229-B0093	本范围对照英文后沿用或修订；未查得官方对应，暂定。
Howling Serpents	咆哮巨蛇	暂定·官方待核	所给英文底稿	A0225-B0413	本范围对照英文后沿用或修订；未查得官方对应，暂定。
Ice Bears	冰熊	暂定·官方待核	所给英文底稿	A0225-B0414	本范围对照英文后沿用或修订；未查得官方对应，暂定。
Immortal Hearts	不朽之心	暂定·官方待核	所给英文底稿	A0225-B0417	本范围对照英文后沿用或修订；未查得官方对应，暂定。
Imperators	统治者	暂定·官方待核	所给英文底稿	A0225-B0418	本范围对照英文后沿用或修订；未查得官方对应，暂定。
Imperial Castellans	帝国堡主	暂定·官方待核	所给英文底稿	A0225-B0419	本范围对照英文后沿用或修订；未查得官方对应，暂定。
Imperial Castilians	帝国卡斯蒂利亚	暂定·官方待核	所给英文底稿	A0225-B0420	本范围对照英文后沿用或修订；未查得官方对应，暂定。
Imperial Hawks	帝国雄鹰	暂定·官方待核	所给英文底稿	A0225-B0425	本范围对照英文后沿用或修订；未查得官方对应，暂定。
Imperial Paladins	帝国圣骑士	暂定·官方待核	所给英文底稿	A0225-B0426	本范围对照英文后沿用或修订；未查得官方对应，暂定。
Imperial Scars	帝国伤疤	暂定·官方待核	所给英文底稿	A0225-B0427	本范围对照英文后沿用或修订；未查得官方对应，暂定。
Imperial Stars	帝国之星	暂定·官方待核	所给英文底稿	A0225-B0428	本范围对照英文后沿用或修订；未查得官方对应，暂定。
Imperial Talons	帝国之爪	暂定·官方待核	所给英文底稿	A0225-B0430	本范围对照英文后沿用或修订；未查得官方对应，暂定。
Imperius Reavers	帝国掠夺者	暂定·官方待核	所给英文底稿	A0225-B0432	本范围对照英文后沿用或修订；未查得官方对应，暂定。
Inculcators	教导者	暂定·官方待核	所给英文底稿	A0225-B0435	本范围对照英文后沿用或修订；未查得官方对应，暂定。
Ingeniators	发明者	暂定·官方待核	所给英文底稿	A0225-B0436	本范围对照英文后沿用或修订；未查得官方对应，暂定。
Interceptors	拦截者	暂定·官方待核	所给英文底稿	A0225-B0437	本范围对照英文后沿用或修订；未查得官方对应，暂定。
Invaders	侵略者	暂定·官方待核	所给英文底稿	A0225-B0439	本范围对照英文后沿用或修订；未查得官方对应，暂定。
Inviolators	不可侵犯者	暂定·官方待核	所给英文底稿	A0225-B0440	本范围对照英文后沿用或修订；未查得官方对应，暂定。
Iron Angels	钢铁天使	暂定·官方待核	所给英文底稿	A0225-B0441	本范围对照英文后沿用或修订；未查得官方对应，暂定。
Iron Butchers	钢铁屠夫	暂定·官方待核	所给英文底稿	A0225-B0442	本范围对照英文后沿用或修订；未查得官方对应，暂定。
Iron Champions	钢铁冠军	暂定·官方待核	所给英文底稿	A0225-B0444	本范围对照英文后沿用或修订；未查得官方对应，暂定。
Iron Crusaders	钢铁十字军	暂定·官方待核	所给英文底稿	A0225-B0445	本范围对照英文后沿用或修订；未查得官方对应，暂定。
Iron Fists	钢铁之拳	暂定·官方待核	所给英文底稿	A0225-B0447	本范围对照英文后沿用或修订；未查得官方对应，暂定。
Iron Hawks	铁鹰	暂定·官方待核	所给英文底稿	A0225-B0451	本范围对照英文后沿用或修订；未查得官方对应，暂定。
Iron Hearts	铁心	暂定·官方待核	所给英文底稿	A0225-B0452	本范围对照英文后沿用或修订；未查得官方对应，暂定。
Iron Hounds	钢铁猎犬	暂定·官方待核	所给英文底稿	A0225-B0454	本范围对照英文后沿用或修订；未查得官方对应，暂定。
Iron Knights	钢铁骑士	暂定·官方待核	所给英文底稿	A0225-B0456	本范围对照英文后沿用或修订；未查得官方对应，暂定。
Iron Lords	钢铁领主	暂定·官方待核	所给英文底稿	A0225-B0458	本范围对照英文后沿用或修订；未查得官方对应，暂定。
Iron Scepters	钢铁权杖	暂定·官方待核	所给英文底稿	A0225-B0461	本范围对照英文后沿用或修订；未查得官方对应，暂定。
Iron Shield	铁盾	暂定·官方待核	所给英文底稿	A0225-B0463	本范围对照英文后沿用或修订；未查得官方对应，暂定。
Iron Skulls	钢铁颅骨	暂定·官方待核	所给英文底稿	A0225-B0464	本范围对照英文后沿用或修订；未查得官方对应，暂定。
Iron Talons	铁爪	暂定·官方待核	所给英文底稿	A0241-B0020	本范围对照英文后沿用或修订；未查得官方对应，暂定。
Iron Templars	钢铁圣堂	暂定·官方待核	所给英文底稿	A0225-B0469	本范围对照英文后沿用或修订；未查得官方对应，暂定。
Iron Wolves	铁狼	暂定·官方待核	所给英文底稿	A0225-B0470	本范围对照英文后沿用或修订；未查得官方对应，暂定。
Jade Dragons	玉龙	暂定·官方待核	所给英文底稿	A0225-B0471	本范围对照英文后沿用或修订；未查得官方对应，暂定。
Jade Paladins	翡翠圣骑士	暂定·官方待核	所给英文底稿	A0225-B0473	本范围对照英文后沿用或修订；未查得官方对应，暂定。
Jade Scorpions	玉蝎	暂定·官方待核	所给英文底稿	A0225-B0475	本范围对照英文后沿用或修订；未查得官方对应，暂定。
Knights Obstinate	顽固骑士	暂定·官方待核	所给英文底稿	A0225-B0478	本范围对照英文后沿用或修订；未查得官方对应，暂定。
Knights of Abhorrence	憎恶骑士	暂定·官方待核	所给英文底稿	A0225-B0480	本范围对照英文后沿用或修订；未查得官方对应，暂定。
Knights of Doom	末日骑士	暂定·官方待核	所给英文底稿	A0225-B0483	本范围对照英文后沿用或修订；未查得官方对应，暂定。
Knights of Dorn	多恩骑士	暂定·官方待核	所给英文底稿	A0225-B0485	本范围对照英文后沿用或修订；未查得官方对应，暂定。
Knights of Eternity	永恒骑士	暂定·官方待核	所给英文底稿	A0225-B0487	本范围对照英文后沿用或修订；未查得官方对应，暂定。
Knights of Gryphonne	格里芬骑士	暂定·官方待核	所给英文底稿	A0225-B0488	本范围对照英文后沿用或修订；未查得官方对应，暂定。
Knights of Mhorwen	莫尔文骑士	暂定·官方待核	所给英文底稿	A0225-B0489	本范围对照英文后沿用或修订；未查得官方对应，暂定。
Knights of the Crimson Order	深红骑士团骑士	暂定·官方待核	所给英文底稿	A0225-B0495	本范围对照英文后沿用或修订；未查得官方对应，暂定。
Knights of the Raven	渡鸦骑士	暂定·官方待核	所给英文底稿	A0225-B0497	本范围对照英文后沿用或修订；未查得官方对应，暂定。
Knights Ophidian	巨蟒骑士	暂定·官方待核	所给英文底稿	A0225-B0503	本范围对照英文后沿用或修订；未查得官方对应，暂定。
Knights Sanguine	圣血骑士	暂定·官方待核	所给英文底稿	A0225-B0505	本范围对照英文后沿用或修订；未查得官方对应，暂定。
Knights Unyielding	不屈骑士	暂定·官方待核	所给英文底稿	A0241-B0021	本范围对照英文后沿用或修订；未查得官方对应，暂定。
Legion of Night	午夜军团	暂定·官方待核	所给英文底稿	A0225-B0510	本范围对照英文后沿用或修订；未查得官方对应，暂定。
Legion of the Damned	诅咒军团	暂定·官方待核	所给英文底稿	A0225-B0512	核心术语表未列；按主审决定沿用较早现稿诅咒军团，咒缚军团作为可能异译待核。
Liberators	解放者	暂定·官方待核	所给英文底稿	A0225-B0515	本范围对照英文后沿用或修订；未查得官方对应，暂定。
Lion Warriors	雄狮勇士	暂定·官方待核	所给英文底稿	A0225-B0516	本范围对照英文后沿用或修订；未查得官方对应，暂定。
Lions Azure	蔚蓝雄狮	暂定·官方待核	所给英文底稿	A0225-B0517	本范围对照英文后沿用或修订；未查得官方对应，暂定。
Lions Defiant	反抗之狮	暂定·官方待核	所给英文底稿	A0225-B0518	本范围对照英文后沿用或修订；未查得官方对应，暂定。
Lords of Wrath	愤怒领主	暂定·官方待核	所给英文底稿	A0225-B0519	本范围对照英文后沿用或修订；未查得官方对应，暂定。
Marines August	威严战士	暂定·官方待核	所给英文底稿	A0225-B0524	本范围对照英文后沿用或修订；未查得官方对应，暂定。
Marines Errantor	迷途战士	暂定·官方待核	所给英文底稿	A0225-B0527	本范围对照英文后沿用或修订；未查得官方对应，暂定。
Marines Exemplar	模范战士	暂定·官方待核	所给英文底稿	A0241-B0022	本范围对照英文后沿用或修订；未查得官方对应，暂定。
Marines Malevolent	恶意战士	暂定·官方待核	所给英文底稿	A0225-B0531	本范围对照英文后沿用或修订；未查得官方对应，暂定。
Marines Mordant	蚀刻战士	暂定·官方待核	所给英文底稿	A0225-B0533	本范围对照英文后沿用或修订；未查得官方对应，暂定。
Marines Penitent	忏悔战士	暂定·官方待核	所给英文底稿	A0225-B0534	本范围对照英文后沿用或修订；未查得官方对应，暂定。
Marines Vigilant	警戒战士	暂定·官方待核	所给英文底稿	A0225-B0536	本范围对照英文后沿用或修订；未查得官方对应，暂定。
Masters of Protelus	普罗透斯大师	暂定·官方待核	所给英文底稿	A0225-B0537	本范围对照英文后沿用或修订；未查得官方对应，暂定。
Meridian Shields	子午线之盾	暂定·官方待核	所给英文底稿	A0225-B0540	本范围对照英文后沿用或修订；未查得官方对应，暂定。
Metamarines	原初战士	暂定·官方待核	所给英文底稿	A0225-B0541	本范围对照英文后沿用或修订；未查得官方对应，暂定。
Metatron	梅塔特隆	暂定·官方待核	所给英文底稿	A0225-B0542	本范围对照英文后沿用或修订；未查得官方对应，暂定。
Nameless	无名者	暂定·官方待核	所给英文底稿	A0225-B0549	本范围对照英文后沿用或修订；未查得官方对应，暂定。
Night Hawks	午夜雄鹰	暂定·官方待核	所给英文底稿	A0225-B0556	本范围对照英文后沿用或修订；未查得官方对应，暂定。
Night Raptors	午夜猛禽	暂定·官方待核	所给英文底稿	A0225-B0557	本范围对照英文后沿用或修订；未查得官方对应，暂定。
Night Sentinels	午夜哨兵	暂定·官方待核	所给英文底稿	A0225-B0559	本范围对照英文后沿用或修订；未查得官方对应，暂定。
Night Watch	午夜守望	暂定·官方待核	所给英文底稿	A0241-B0023	本范围对照英文后沿用或修订；未查得官方对应，暂定。
Nightshades	午夜阴影	暂定·官方待核	所给英文底稿	A0225-B0564	本范围对照英文后沿用或修订；未查得官方对应，暂定。
Nova Legion	新星军团	暂定·官方待核	所给英文底稿	A0225-B0566	本范围对照英文后沿用或修订；未查得官方对应，暂定。
Nova Wings	新星之翼	暂定·官方待核	所给英文底稿	A0225-B0567	本范围对照英文后沿用或修订；未查得官方对应，暂定。
Oblators	献身者	暂定·官方待核	所给英文底稿	A0225-B0570	本范围对照英文后沿用或修订；未查得官方对应，暂定。
Obsidian Jaguars	黑曜石美洲虎	暂定·官方待核	所给英文底稿	A0225-B0572	本范围对照英文后沿用或修订；未查得官方对应，暂定。
Omega Marines	欧米伽战士	暂定·官方待核	所给英文底稿	A0225-B0574	本范围对照英文后沿用或修订；未查得官方对应，暂定。
Pain Bringers	痛苦使者	暂定·官方待核	所给英文底稿	A0225-B0576	本范围对照英文后沿用或修订；未查得官方对应，暂定。
Panthers	黑豹	暂定·官方待核	所给英文底稿	A0225-B0577	本范围对照英文后沿用或修订；未查得官方对应，暂定。
Penitent Blades	忏悔之刃	暂定·官方待核	所给英文底稿	A0225-B0581	本范围对照英文后沿用或修订；未查得官方对应，暂定。
Penitents	忏悔者	暂定·官方待核	所给英文底稿	A0225-B0582	本范围对照英文后沿用或修订；未查得官方对应，暂定。
Persecutors of Darkness	暗黑迫害者	暂定·官方待核	所给英文底稿	A0225-B0584	本范围对照英文后沿用或修订；未查得官方对应，暂定。
Prandium Consul	普兰迪乌姆执政	暂定·官方待核	所给英文底稿	A0225-B0587	本范围对照英文后沿用或修订；未查得官方对应，暂定。
Purgators	净化者	暂定·官方待核	所给英文底稿	A0225-B0590	本范围对照英文后沿用或修订；未查得官方对应，暂定。
Purple Stars	紫色星辰	暂定·官方待核	所给英文底稿	A0225-B0591	本范围对照英文后沿用或修订；未查得官方对应，暂定。
Rainbow Warriors	彩虹勇士	暂定·官方待核	所给英文底稿	A0225-B0593	本范围对照英文后沿用或修订；未查得官方对应，暂定。
Raven Covenant	渡鸦圣约	暂定·官方待核	所给英文底稿	A0225-B0598	本范围对照英文后沿用或修订；未查得官方对应，暂定。
Raven’s Watch	渡鸦守望	暂定·官方待核	所给英文底稿	A0225-B0601	本范围对照英文后沿用或修订；未查得官方对应，暂定。
Reborn	复生者	暂定·官方待核	所给英文底稿	A0225-B0603	本范围对照英文后沿用或修订；未查得官方对应，暂定。
Rechista Fists	真实之拳	暂定·官方待核	所给英文底稿	A0225-B0605	本范围对照英文后沿用或修订；未查得官方对应，暂定。
Reclaimers	回收者	暂定·官方待核	所给英文底稿	A0225-B0606	本范围对照英文后沿用或修订；未查得官方对应，暂定。
Red Consuls	红色执政官	暂定·官方待核	所给英文底稿	A0225-B0608	本范围对照英文后沿用或修订；未查得官方对应，暂定。
Red Dragons	红龙	暂定·官方待核	所给英文底稿	A0225-B0609	本范围对照英文后沿用或修订；未查得官方对应，暂定。
Red Hunters	红色猎手	暂定·官方待核	所给英文底稿	A0225-B0610	本范围对照英文后沿用或修订；未查得官方对应，暂定。
Red Knights	红色骑士	暂定·官方待核	所给英文底稿	A0225-B0612	本范围对照英文后沿用或修订；未查得官方对应，暂定。
Red Legion	红色军团	暂定·官方待核	所给英文底稿	A0225-B0613	本范围对照英文后沿用或修订；未查得官方对应，暂定。
Red Scimitars	红色弯刀	暂定·官方待核	所给英文底稿	A0225-B0614	本范围对照英文后沿用或修订；未查得官方对应，暂定。
Red Seraphs	红色六翼天使	暂定·官方待核	所给英文底稿	A0225-B0617	本范围对照英文后沿用或修订；未查得官方对应，暂定。
Red Templars	红色圣堂	暂定·官方待核	所给英文底稿	A0225-B0621	本范围对照英文后沿用或修订；未查得官方对应，暂定。
Red Wings	红翼	暂定·官方待核	所给英文底稿	A0225-B0623	本范围对照英文后沿用或修订；未查得官方对应，暂定。
Red Wolves	红狼	暂定·官方待核	所给英文底稿	A0225-B0624	本范围对照英文后沿用或修订；未查得官方对应，暂定。
Redeemers	救赎者	暂定·官方待核	所给英文底稿	A0225-B0626	本范围对照英文后沿用或修订；未查得官方对应，暂定。
Redemptors	救世主	暂定·官方待核	所给英文底稿	A0225-B0627	本范围对照英文后沿用或修订；未查得官方对应，暂定。
Regents of Gheren	盖伦摄政	暂定·官方待核	所给英文底稿	A0225-B0628	本范围对照英文后沿用或修订；未查得官方对应，暂定。
Remnants	残骸	暂定·官方待核	所给英文底稿	A0225-B0630	本范围对照英文后沿用或修订；未查得官方对应，暂定。
Reparators	修补者	暂定·官方待核	所给英文底稿	A0225-B0631	本范围对照英文后沿用或修订；未查得官方对应，暂定。
Repentant Brotherhood	悔过兄弟会	暂定·官方待核	所给英文底稿	A0225-B0633	本范围对照英文后沿用或修订；未查得官方对应，暂定。
Retractors	牵引者	暂定·官方待核	所给英文底稿	A0225-B0634	本范围对照英文后沿用或修订；未查得官方对应，暂定。
Retributors	天罚行者	暂定·官方待核	所给英文底稿	A0225-B0636	本范围对照英文后沿用或修订；未查得官方对应，暂定。
Rhetors	辩论者	暂定·官方待核	所给英文底稿	A0225-B0639	本范围对照英文后沿用或修订；未查得官方对应，暂定。
Rift Praetors	裂隙执政官	暂定·官方待核	所给英文底稿	A0225-B0642	本范围对照英文后沿用或修订；未查得官方对应，暂定。
Ruby Crescents	红宝石新月	暂定·官方待核	所给英文底稿	A0225-B0646	本范围对照英文后沿用或修订；未查得官方对应，暂定。
Sable Brotherhood	阴暗兄弟会	暂定·官方待核	所给英文底稿	A0225-B0648	本范围对照英文后沿用或修订；未查得官方对应，暂定。
Sable Knights	阴暗骑士	暂定·官方待核	所给英文底稿	A0225-B0650	本范围对照英文后沿用或修订；未查得官方对应，暂定。
Sanguine Host	圣血天军	暂定·官方待核	所给英文底稿	A0225-B0655	本范围对照英文后沿用或修订；未查得官方对应，暂定。
Scar Lords	伤疤领主	暂定·官方待核	所给英文底稿	A0225-B0657	本范围对照英文后沿用或修订；未查得官方对应，暂定。
Scimitar Guard	弯刀守卫	暂定·官方待核	所给英文底稿	A0225-B0658	本范围对照英文后沿用或修订；未查得官方对应，暂定。
Scions of Mathellax	马塞拉克斯的后裔	暂定·官方待核	所给英文底稿	A0225-B0659	本范围对照英文后沿用或修订；未查得官方对应，暂定。
Scions of Sanguinius	圣吉列斯后裔	暂定·官方待核	所给英文底稿	A0225-B0661	本范围对照英文后沿用或修订；未查得官方对应，暂定。
Selenarchs	月亮之王	暂定·官方待核	所给英文底稿	A0225-B0664	本范围对照英文后沿用或修订；未查得官方对应，暂定。
Sentinels of Uphrateus	幼发拉底哨兵	暂定·官方待核	所给英文底稿	A0225-B0665	本范围对照英文后沿用或修订；未查得官方对应，暂定。
Shadow Falcons	暗影猎鹰	暂定·官方待核	所给英文底稿	A0225-B0666	本范围对照英文后沿用或修订；未查得官方对应，暂定。
Shadow Griffons	暗影狮鹫	暂定·官方待核	所给英文底稿	A0225-B0667	本范围对照英文后沿用或修订；未查得官方对应，暂定。
Shadow Haunters	暗影猎手	暂定·官方待核	所给英文底稿	A0225-B0669	本范围对照英文后沿用或修订；未查得官方对应，暂定。
Shadow Hawks	暗影天鹰	暂定·官方待核	所给英文底稿	A0225-B0670	本范围对照英文后沿用或修订；未查得官方对应，暂定。
Shadow Wolves	影狼	暂定·官方待核	所给英文底稿	A0225-B0672	本范围对照英文后沿用或修订；未查得官方对应，暂定。
Shadowhawks	影鹰	暂定·官方待核	所给英文底稿	A0225-B0673	本范围对照英文后沿用或修订；未查得官方对应，暂定。
Shifting Sands	流沙	暂定·官方待核	所给英文底稿	A0225-B0674	本范围对照英文后沿用或修订；未查得官方对应，暂定。
Silent Vigil	寂静守夜者	暂定·官方待核	所给英文底稿	A0225-B0675	本范围对照英文后沿用或修订；未查得官方对应，暂定。
Silurian Sons	西鲁里亚之子	暂定·官方待核	所给英文底稿	A0225-B0676	本范围对照英文后沿用或修订；未查得官方对应，暂定。
Silver Phoenixes	银凤	暂定·官方待核	所给英文底稿	A0225-B0682	本范围对照英文后沿用或修订；未查得官方对应，暂定。
Silver Sabres	银色军刀	暂定·官方待核	所给英文底稿	A0225-B0683	本范围对照英文后沿用或修订；未查得官方对应，暂定。
Silver Spectres	银色幽灵	暂定·官方待核	所给英文底稿	A0225-B0686	本范围对照英文后沿用或修订；未查得官方对应，暂定。
Silver Stars	银色星辰	暂定·官方待核	所给英文底稿	A0225-B0687	本范围对照英文后沿用或修订；未查得官方对应，暂定。
Silvered Blades	银白之刃	暂定·官方待核	所给英文底稿	A0225-B0690	本范围对照英文后沿用或修订；未查得官方对应，暂定。
Skull Bearers	承颅者	暂定·官方待核	所给英文底稿	A0225-B0691	本范围对照英文后沿用或修订；未查得官方对应，暂定。
Sky Sentinels	天空哨兵	暂定·官方待核	所给英文底稿	A0225-B0692	本范围对照英文后沿用或修订；未查得官方对应，暂定。
Solar Hawks	日鹰	暂定·官方待核	所给英文底稿	A0225-B0694	本范围对照英文后沿用或修订；未查得官方对应，暂定。
Sons of Ares	阿瑞斯之子	暂定·官方待核	所给英文底稿	A0225-B0697	本范围对照英文后沿用或修订；未查得官方对应，暂定。
Sons of Dorn	多恩之子	暂定·官方待核	所给英文底稿	A0225-B0699	本范围对照英文后沿用或修订；未查得官方对应，暂定。
Sons of Fire	火焰之子	暂定·官方待核	所给英文底稿	A0225-B0700	本范围对照英文后沿用或修订；未查得官方对应，暂定。
Sons of Galathor	加拉索尔之子	暂定·官方待核	所给英文底稿	A0225-B0701	本范围对照英文后沿用或修订；未查得官方对应，暂定。
Sons of Gideon	吉迪恩之子	暂定·官方待核	所给英文底稿	A0225-B0702	本范围对照英文后沿用或修订；未查得官方对应，暂定。
Sons of Gorgax	戈尔加克斯之子	暂定·官方待核	所给英文底稿	A0225-B0704	本范围对照英文后沿用或修订；未查得官方对应，暂定。
Sons of Guilliman	基里曼之子	暂定·官方待核	所给英文底稿	A0225-B0706	本范围对照英文后沿用或修订；未查得官方对应，暂定。
Sons of Jaghatai	察合台之子	暂定·官方待核	所给英文底稿	A0225-B0708	本范围对照英文后沿用或修订；未查得官方对应，暂定。
Sons of Medusa	美杜莎之子	暂定·官方待核	所给英文底稿	A0225-B0710	本范围对照英文后沿用或修订；未查得官方对应，暂定。
Sons of Orar	奥拉尔之子	暂定·官方待核	所给英文底稿	A0225-B0712	本范围对照英文后沿用或修订；未查得官方对应，暂定。
Sons of Sanguinius	圣吉列斯之子	暂定·官方待核	所给英文底稿	A0225-B0716	本范围对照英文后沿用或修订；未查得官方对应，暂定。
Sons of Taurus	金牛座之子	暂定·官方待核	所给英文底稿	A0225-B0717	本范围对照英文后沿用或修订；未查得官方对应，暂定。
Sons of the Kraken	克拉肯之子	暂定·官方待核	所给英文底稿	A0225-B0718	本范围对照英文后沿用或修订；未查得官方对应，暂定。
Sons of the Raven	渡鸦之子	暂定·官方待核	所给英文底稿	A0225-B0722	本范围对照英文后沿用或修订；未查得官方对应，暂定。
Spectral Tigers	幽灵虎	暂定·官方待核	所给英文底稿	A0225-B0725	本范围对照英文后沿用或修订；未查得官方对应，暂定。
Star Dragons	星龙	暂定·官方待核	所给英文底稿	A0225-B0726	本范围对照英文后沿用或修订；未查得官方对应，暂定。
Star Leopards	星豹	暂定·官方待核	所给英文底稿	A0225-B0727	本范围对照英文后沿用或修订；未查得官方对应，暂定。
Steel Confessors	钢铁神父	暂定·官方待核	所给英文底稿	A0225-B0733	本范围对照英文后沿用或修订；未查得官方对应，暂定。
Stewards of the Sanctum	圣地干事	暂定·官方待核	所给英文底稿	A0225-B0735	本范围对照英文后沿用或修订；未查得官方对应，暂定。
Stone Gauntlets	磐岩臂铠	暂定·官方待核	所给英文底稿	A0225-B0736	本范围对照英文后沿用或修订；未查得官方对应，暂定。
Stone Hearts	磐岩之心	暂定·官方待核	所给英文底稿	A0225-B0737	本范围对照英文后沿用或修订；未查得官方对应，暂定。
Storm Callers	风暴召唤者	暂定·官方待核	所给英文底稿	A0225-B0738	本范围对照英文后沿用或修订；未查得官方对应，暂定。
Storm Dragons	风暴之龙	暂定·官方待核	所给英文底稿	A0225-B0739	本范围对照英文后沿用或修订；未查得官方对应，暂定。
Storm Falcons	风暴猎鹰	暂定·官方待核	所给英文底稿	A0225-B0740	本范围对照英文后沿用或修订；未查得官方对应，暂定。
Storm Giants	风暴巨人	暂定·官方待核	所给英文底稿	A0225-B0742	本范围对照英文后沿用或修订；未查得官方对应，暂定。
Storm Hawks	风暴天鹰	暂定·官方待核	所给英文底稿	A0225-B0744	本范围对照英文后沿用或修订；未查得官方对应，暂定。
Storm Heralds	风暴使者	暂定·官方待核	所给英文底稿	A0225-B0745	本范围对照英文后沿用或修订；未查得官方对应，暂定。
Storm Wardens	风暴看守者	暂定·官方待核	所给英文底稿	A0225-B0751	本范围对照英文后沿用或修订；未查得官方对应，暂定。
Storm Warriors	风暴勇士	暂定·官方待核	所给英文底稿	A0225-B0752	本范围对照英文后沿用或修订；未查得官方对应，暂定。
Storm Wings	风暴之翼	暂定·官方待核	所给英文底稿	A0225-B0754	本范围对照英文后沿用或修订；未查得官方对应，暂定。
Stormwalkers	风暴行者	暂定·官方待核	所给英文底稿	A0225-B0755	本范围对照英文后沿用或修订；未查得官方对应，暂定。
Stormwatcher	风暴守望者	暂定·官方待核	所给英文底稿	A0225-B0756	本范围对照英文后沿用或修订；未查得官方对应，暂定。
Subjugators	压制者	暂定·官方待核	所给英文底稿	A0241-B0026	本范围对照英文后沿用或修订；未查得官方对应，暂定。
Supplicators	祈求者	暂定·官方待核	所给英文底稿	A0225-B0759	本范围对照英文后沿用或修订；未查得官方对应，暂定。
Swords of Praesium	普雷西乌姆之剑	暂定·官方待核	所给英文底稿	A0225-B0760	本范围对照英文后沿用或修订；未查得官方对应，暂定。
Swords Sanguine	圣血之剑	暂定·官方待核	所给英文底稿	A0225-B0761	本范围对照英文后沿用或修订；未查得官方对应，暂定。
Tarantulas	狼蛛	暂定·官方待核	所给英文底稿	A0225-B0762	本范围对照英文后沿用或修订；未查得官方对应，暂定。
Tauran	陶兰战团	暂定·官方待核	所给英文底稿	A0225-B0763	本范围对照英文后沿用或修订；未查得官方对应，暂定。
Tempest Guard	暴风守卫	暂定·官方待核	所给英文底稿	A0225-B0764	本范围对照英文后沿用或修订；未查得官方对应，暂定。
Tempestors	唤风者	暂定·官方待核	所给英文底稿	A0225-B0765	本范围对照英文后沿用或修订；未查得官方对应，暂定。
Templars of Blood	血红圣堂	暂定·官方待核	所给英文底稿	A0225-B0767	本范围对照英文后沿用或修订；未查得官方对应，暂定。
Templars of the Covenant	盟约圣堂	暂定·官方待核	所给英文底稿	A0225-B0768	本范围对照英文后沿用或修订；未查得官方对应，暂定。
Terror Tigers	恐怖猛虎	暂定·官方待核	所给英文底稿	A0225-B0769	本范围对照英文后沿用或修订；未查得官方对应，暂定。
Tigers Argent	银白猛虎	暂定·官方待核	所给英文底稿	A0225-B0770	本范围对照英文后沿用或修订；未查得官方对应，暂定。
Tormented	煎熬	暂定·官方待核	所给英文底稿	A0225-B0773	本范围对照英文后沿用或修订；未查得官方对应，暂定。
Tormentors	折磨者	暂定·官方待核	所给英文底稿	A0225-B0774	本范围对照英文后沿用或修订；未查得官方对应，暂定。
Tributors	贡献者	暂定·官方待核	所给英文底稿	A0225-B0775	本范围对照英文后沿用或修订；未查得官方对应，暂定。
Tridents of the Atox	阿托克斯三叉戟	暂定·官方待核	所给英文底稿	A0225-B0776	本范围对照英文后沿用或修订；未查得官方对应，暂定。
Twilight Magisters	暮光总督	暂定·官方待核	所给英文底稿	A0225-B0777	本范围对照英文后沿用或修订；未查得官方对应，暂定。
Twilight Swords	暮光之剑	暂定·官方待核	所给英文底稿	A0225-B0778	本范围对照英文后沿用或修订；未查得官方对应，暂定。
Valedictors	送别者	暂定·官方待核	所给英文底稿	A0225-B0785	本范围对照英文后沿用或修订；未查得官方对应，暂定。
Venerators	崇敬者	暂定·官方待核	所给英文底稿	A0225-B0789	本范围对照英文后沿用或修订；未查得官方对应，暂定。
Venerators of Osiron	奥西隆崇拜者	暂定·官方待核	所给英文底稿	A0225-B0790	本范围对照英文后沿用或修订；未查得官方对应，暂定。
Verydian Hawks	维瑞迪安天鹰	暂定·官方待核	所给英文底稿	A0225-B0791	本范围对照英文后沿用或修订；未查得官方对应，暂定。
Victors	胜利者	暂定·官方待核	所给英文底稿	A0225-B0792	本范围对照英文后沿用或修订；未查得官方对应，暂定。
Viper Legion	蝰蛇军团	暂定·官方待核	所给英文底稿	A0241-B0027	本范围对照英文后沿用或修订；未查得官方对应，暂定。
Vipers Penitent	忏悔蝰蛇	暂定·官方待核	所给英文底稿	A0225-B0797	本范围对照英文后沿用或修订；未查得官方对应，暂定。
Void Axes	虚空之斧	暂定·官方待核	所给英文底稿	A0225-B0798	本范围对照英文后沿用或修订；未查得官方对应，暂定。
Void Bringers	虚空使者	暂定·官方待核	所给英文底稿	A0225-B0799	本范围对照英文后沿用或修订；未查得官方对应，暂定。
Void Daggers	虚空匕首	暂定·官方待核	所给英文底稿	A0225-B0800	本范围对照英文后沿用或修订；未查得官方对应，暂定。
Void Reapers	虚空收割者	暂定·官方待核	所给英文底稿	A0225-B0801	本范围对照英文后沿用或修订；未查得官方对应，暂定。
Void Talons	虚空之爪	暂定·官方待核	所给英文底稿	A0225-B0804	本范围对照英文后沿用或修订；未查得官方对应，暂定。
Vorpal Swords	斩首之剑	暂定·官方待核	所给英文底稿	A0225-B0807	本范围对照英文后沿用或修订；未查得官方对应，暂定。
War Bearers	承战者	暂定·官方待核	所给英文底稿	A0225-B0808	本范围对照英文后沿用或修订；未查得官方对应，暂定。
War Lions	战狮	暂定·官方待核	所给英文底稿	A0225-B0809	本范围对照英文后沿用或修订；未查得官方对应，暂定。
Wardens of the Philae	菲莱监察者	暂定·官方待核	所给英文底稿	A0225-B0810	本范围对照英文后沿用或修订；未查得官方对应，暂定。
Warhawks	战鹰	暂定·官方待核	所给英文底稿	A0225-B0811	本范围对照英文后沿用或修订；未查得官方对应，暂定。
Warmongers	好战者	暂定·官方待核	所给英文底稿	A0225-B0812	本范围对照英文后沿用或修订；未查得官方对应，暂定。
Warrior Adepts	熟练勇士	暂定·官方待核	所给英文底稿	A0225-B0813	本范围对照英文后沿用或修订；未查得官方对应，暂定。
Warriors Tempest	暴风勇士	暂定·官方待核	所给英文底稿	A0225-B0814	本范围对照英文后沿用或修订；未查得官方对应，暂定。
Watchguards	守望守卫	暂定·官方待核	所给英文底稿	A0225-B0815	本范围对照英文后沿用或修订；未查得官方对应，暂定。
White Minotaurs	白色米诺陶	暂定·官方待核	所给英文底稿	A0225-B0818	本范围对照英文后沿用或修订；未查得官方对应，暂定。
White Novas	白色新星	暂定·官方待核	所给英文底稿	A0225-B0819	本范围对照英文后沿用或修订；未查得官方对应，暂定。
White Panthers	白色美洲豹	暂定·官方待核	所给英文底稿	A0225-B0820	本范围对照英文后沿用或修订；未查得官方对应，暂定。
White Sentinels	白色哨兵	暂定·官方待核	所给英文底稿	A0225-B0823	本范围对照英文后沿用或修订；未查得官方对应，暂定。
White Templars	白色圣堂	暂定·官方待核	所给英文底稿	A0225-B0824	本范围对照英文后沿用或修订；未查得官方对应，暂定。
Widowmakers	寡妇制造者	暂定·官方待核	所给英文底稿	A0225-B0825	本范围对照英文后沿用或修订；未查得官方对应，暂定。
Wrathhost	愤怒天军	暂定·官方待核	所给英文底稿	A0225-B0831	本范围对照英文后沿用或修订；未查得官方对应，暂定。
Codex Chapter	圣典战团	暂定·官方待核	所给英文底稿	226	本范围对照英文后沿用或修订；未查得官方对应，暂定。
Space Marine Company	星际战士连队	暂定·官方待核	所给英文底稿	227	本范围对照英文后沿用或修订；未查得官方对应，暂定。
Codex Company	圣典连队	暂定·官方待核	所给英文底稿	A0227-B0005	本范围对照英文后沿用或修订；未查得官方对应，暂定。
Gene-seed	基因种子	暂定·官方待核	所给英文底稿	228	本范围对照英文后沿用或修订；未查得官方对应，暂定。
Company Chapel	连队礼拜堂	暂定·官方待核	所给英文底稿	A0229-B0018	本范围对照英文后沿用或修订；未查得官方对应，暂定。
Penitorium	忏悔室	暂定·官方待核	所给英文底稿	A0229-B0020	本范围对照英文后沿用或修订；未查得官方对应，暂定。
Shuttle Silos	穿梭机发射井	暂定·官方待核	所给英文底稿	A0229-B0030	本范围对照英文后沿用或修订；未查得官方对应，暂定。
Teleportorium	传送室	暂定·官方待核	所给英文底稿	A0229-B0032	本范围对照英文后沿用或修订；未查得官方对应，暂定。
Assimularum	同信堂	暂定·官方待核	所给英文底稿	A0229-B0040	本范围对照英文后沿用或修订；未查得官方对应，暂定。
Solitorium	冥想室	暂定·官方待核	所给英文底稿	A0229-B0058	本范围对照英文后沿用或修订；未查得官方对应，暂定。
Generatorum	动力室	暂定·官方待核	所给英文底稿	A0229-B0062	本范围对照英文后沿用或修订；未查得官方对应，暂定。
Mortificators	苦行者	暂定·官方待核	所给英文底稿	A0229-B0105	第229篇战团名，源文以 Mortificators 拼写；不与 Mortificator 禁欲者职衔混同。
Space Marine Fleet	星际战士舰队	暂定·官方待核	所给英文底稿	230	本范围对照英文后沿用或修订；未查得官方对应，暂定。
Gloriana Class Battleship	荣光女王级战列舰	暂定·官方待核	所给英文底稿	A0230-B0022	本范围对照英文后沿用或修订；未查得官方对应，暂定。
Abyss Class Battleship	深渊级战列舰	暂定·官方待核	所给英文底稿	A0230-B0024	本范围对照英文后沿用或修订；未查得官方对应，暂定。
Emperor Class Battleship	帝皇级战列舰	暂定·官方待核	所给英文底稿	A0230-B0026	本范围对照英文后沿用或修订；未查得官方对应，暂定。
Lunar Class Battleship	月球级战列舰	暂定·官方待核	所给英文底稿	A0230-B0028	本范围对照英文后沿用或修订；未查得官方对应，暂定。
Infernus Class Battleship	炼狱级战列舰	暂定·官方待核	所给英文底稿	A0230-B0030	本范围对照英文后沿用或修订；未查得官方对应，暂定。
Dictatus Class Battleship	独裁者级战列舰	暂定·官方待核	所给英文底稿	A0230-B0032	本范围对照英文后沿用或修订；未查得官方对应，暂定。
Oberon Class Battleship	天卫四级战列舰	暂定·官方待核	所给英文底稿	A0230-B0034	本范围对照英文后沿用或修订；未查得官方对应，暂定。
Golgotha Class Warship	各各他级战舰	暂定·官方待核	所给英文底稿	A0230-B0036	本范围对照英文后沿用或修订；未查得官方对应，暂定。
Strike Cruiser	打击巡洋舰	暂定·官方待核	所给英文底稿	A0230-B0040	本范围对照英文后沿用或修订；未查得官方对应，暂定。
Vanguard Class Light Cruiser	先锋级轻型巡洋舰	暂定·官方待核	所给英文底稿	A0230-B0044	本范围对照英文后沿用或修订；未查得官方对应，暂定。
Rudense-style Cruiser	鲁登斯式巡洋舰	暂定·官方待核	所给英文底稿	A0230-B0046	本范围对照英文后沿用或修订；未查得官方对应，暂定。
Retribution Class Battlecruiser	复仇级战列巡洋舰	暂定·官方待核	所给英文底稿	A0230-B0049	本范围对照英文后沿用或修订；未查得官方对应，暂定。
Avenger Class Grand Cruiser	复仇者级大型巡洋舰	暂定·官方待核	所给英文底稿	A0230-B0051	本范围对照英文后沿用或修订；未查得官方对应，暂定。
Vengeance Class Grand Cruiser	复仇级大型巡洋舰	暂定·官方待核	所给英文底稿	A0230-B0053	本范围对照英文后沿用或修订；未查得官方对应，暂定。
Dominus Class Grand Cruiser	领主级大型巡洋舰	暂定·官方待核	所给英文底稿	A0230-B0055	本范围对照英文后沿用或修订；未查得官方对应，暂定。
Infernus Class Heavy Cruiser	炼狱级重型巡洋舰	暂定·官方待核	所给英文底稿	A0230-B0057	本范围对照英文后沿用或修订；未查得官方对应，暂定。
Indrajit Class Heavy Cruiser	因陀罗耆特级重型巡洋舰	暂定·官方待核	所给英文底稿	A0230-B0059	本范围对照英文后沿用或修订；未查得官方对应，暂定。
Promethean Class Cruiser	普罗米修斯级巡洋舰	暂定·官方待核	所给英文底稿	A0230-B0061	本范围对照英文后沿用或修订；未查得官方对应，暂定。
Bulk Cruiser	巨型巡洋舰	暂定·官方待核	所给英文底稿	A0230-B0063	本范围对照英文后沿用或修订；未查得官方对应，暂定。
Gladius Class Light Cruiser	短剑级轻型巡洋舰	暂定·官方待核	所给英文底稿	A0230-B0065	本范围对照英文后沿用或修订；未查得官方对应，暂定。
Eclipse Class Light Cruiser	日蚀级轻型巡洋舰	暂定·官方待核	所给英文底稿	A0230-B0067	本范围对照英文后沿用或修订；未查得官方对应，暂定。
Dauntless Class Light Cruiser	无畏级轻型巡洋舰	暂定·官方待核	所给英文底稿	A0230-B0069	本范围对照英文后沿用或修订；未查得官方对应，暂定。
Triton Class Aegis Cruiser	海卫一级神盾巡洋舰	暂定·官方待核	所给英文底稿	A0230-B0071	本范围对照英文后沿用或修订；未查得官方对应，暂定。
Hoplon Assault Cruiser	圆盾突击巡洋舰	暂定·官方待核	所给英文底稿	A0230-B0073	本范围对照英文后沿用或修订；未查得官方对应，暂定。
Gladius Frigate	短剑级护卫舰	暂定·官方待核	所给英文底稿	A0230-B0077	本范围对照英文后沿用或修订；未查得官方对应，暂定。
Hunter Destroyer	猎手驱逐舰	暂定·官方待核	所给英文底稿	A0230-B0081	本范围对照英文后沿用或修订；未查得官方对应，暂定。
Nova Frigate	新星级护卫舰	暂定·官方待核	所给英文底稿	A0230-B0083	本范围对照英文后沿用或修订；未查得官方对应，暂定。
Thunderbolt Class Heavy Frigate	霹雳级重型护卫舰	暂定·官方待核	所给英文底稿	A0230-B0086	本范围对照英文后沿用或修订；未查得官方对应，暂定。
Sword Class Frigate	剑级护卫舰	暂定·官方待核	所给英文底稿	A0230-B0088	本范围对照英文后沿用或修订；未查得官方对应，暂定。
Venom Class Destroyer	毒液级驱逐舰	暂定·官方待核	所给英文底稿	A0230-B0090	本范围对照英文后沿用或修订；未查得官方对应，暂定。
Cobra Class Destroyer	眼镜蛇级驱逐舰	暂定·官方待核	所给英文底稿	A0230-B0092	本范围对照英文后沿用或修订；未查得官方对应，暂定。
Tiamat Class Destroyer	提亚马特级驱逐舰	暂定·官方待核	所给英文底稿	A0230-B0094	本范围对照英文后沿用或修订；未查得官方对应，暂定。
Wrath Hammer Class Escort	愤怒之锤级护卫舰	暂定·官方待核	所给英文底稿	A0230-B0096	本范围对照英文后沿用或修订；未查得官方对应，暂定。
Gulgor Class Assault Barque	古尔戈尔级突击船	暂定·官方待核	所给英文底稿	A0230-B0097	本范围对照英文后沿用或修订；未查得官方对应，暂定。
Excelsior Class Craft	埃克塞尔西奥级舰艇	暂定·官方待核	所给英文底稿	A0230-B0098	本范围对照英文后沿用或修订；未查得官方对应，暂定。
Credo Class Strike Corvette	信条级打击轻型护卫舰	暂定·官方待核	所给英文底稿	A0230-B0099	本范围对照英文后沿用或修订；未查得官方对应，暂定。
Attack Barque	攻击船	暂定·官方待核	所给英文底稿	A0230-B0100	本范围对照英文后沿用或修订；未查得官方对应，暂定。
Thunderhawk Gunship	雷鹰炮艇	暂定·官方待核	所给英文底稿	A0230-B0104	本范围对照英文后沿用或修订；未查得官方对应，暂定。
Stormraven Gunship	风暴鸦炮艇	官方已核	https://assets.warhammer-community.com/chi_06-05_wh40k_core%26key_munitorum_field_manual-5mrlucr2t1-fkybzzzoce.pdf ; https://assets.warhammer-community.com/eng_warhammer40000_munitorum_field_manual_march_2025-cims9ya3sg-s8j9m2haae.pdf	GW-09第33页 / GW-10第32页	中英单位名直接核对；单复数与弯直撇号仅作检索差异。
Stormhawk Interceptor	风暴鹰拦截者战机	官方已核	https://assets.warhammer-community.com/chi_06-05_wh40k_core%26key_munitorum_field_manual-5mrlucr2t1-fkybzzzoce.pdf ; https://assets.warhammer-community.com/eng_warhammer40000_munitorum_field_manual_march_2025-cims9ya3sg-s8j9m2haae.pdf	GW-09第33页 / GW-10第32页	中英单位名直接核对；单复数与弯直撇号仅作检索差异。
Stormtalon Gunship	风暴爪炮艇	官方已核	https://assets.warhammer-community.com/chi_06-05_wh40k_core%26key_munitorum_field_manual-5mrlucr2t1-fkybzzzoce.pdf ; https://assets.warhammer-community.com/eng_warhammer40000_munitorum_field_manual_march_2025-cims9ya3sg-s8j9m2haae.pdf	GW-09第33页 / GW-10第32页	中英单位名直接核对；单复数与弯直撇号仅作检索差异。
Storm Eagle Gunship	风暴鹰炮艇	暂定·官方待核	所给英文底稿	A0230-B0112	本范围对照英文后沿用或修订；未查得官方对应，暂定。
Fire Raptor Gunship	火猛禽炮艇	暂定·官方待核	所给英文底稿	A0230-B0114	本范围对照英文后沿用或修订；未查得官方对应，暂定。
Xiphon Interceptor	剑尾截击机	暂定·官方待核	所给英文底稿	A0230-B0118	本范围对照英文后沿用或修订；未查得官方对应，暂定。
Dark Talon	黑暗之爪	暂定·官方待核	所给英文底稿	A0230-B0122	本范围对照英文后沿用或修订；未查得官方对应，暂定。
Stormfang Gunship	风暴牙炮艇	暂定·官方待核	所给英文底稿	A0230-B0124	本范围对照英文后沿用或修订；未查得官方对应，暂定。
Stormwolf	风暴狼	暂定·官方待核	所给英文底稿	A0230-B0126	本范围对照英文后沿用或修订；未查得官方对应，暂定。
Corvus Blackstar	黑星渡鸦	官方已核对	主审转交已核对GW09/GW10第24页中英单位表；https://assets.warhammer-community.com/chi_06-05_wh40k_core%26key_munitorum_field_manual-5mrlucr2t1-fkybzzzoce.pdf；https://assets.warhammer-community.com/eng_warhammer40000_munitorum_field_manual_march_2025-cims9ya3sg-s8j9m2haae.pdf	GW09/GW10 第24页	同名单位直核；Watch Master区别其他战团Master of the Watch守望大师。
Caestus Assault Ram	拳套突击撞击艇	暂定·官方待核	所给英文底稿	A0230-B0130	本范围对照英文后沿用或修订；未查得官方对应，暂定。
Landing Craft	登陆艇	暂定·官方待核	所给英文底稿	A0230-B0132	本范围对照英文后沿用或修订；未查得官方对应，暂定。
Thunderbolt Dropship	霹雳空投舰	暂定·官方待核	所给英文底稿	A0230-B0134	本范围对照英文后沿用或修订；未查得官方对应，暂定。
Stormbird	风暴鸟	暂定·官方待核	所给英文底稿	A0230-B0139	本范围对照英文后沿用或修订；未查得官方对应，暂定。
Wrath Starfighter	愤怒星际战斗机	暂定·官方待核	所给英文底稿	A0230-B0141	本范围对照英文后沿用或修订；未查得官方对应，暂定。
Stormhawk	风暴隼	暂定·官方待核	所给英文底稿	A0230-B0143	本范围对照英文后沿用或修订；未查得官方对应，暂定。
Lotus	莲花	暂定·官方待核	所给英文底稿	A0230-B0145	本范围对照英文后沿用或修订；未查得官方对应，暂定。
Deathbird Interceptor	死亡鸟拦截机	暂定·官方待核	所给英文底稿	A0230-B0147	本范围对照英文后沿用或修订；未查得官方对应，暂定。
Swordstrike Interceptor	剑击截击机	暂定·官方待核	所给英文底稿	A0230-B0149	本范围对照英文后沿用或修订；未查得官方对应，暂定。
Apis	蜜蜂	暂定·官方待核	所给英文底稿	A0230-B0153	本范围对照英文后沿用或修订；未查得官方对应，暂定。
Castellan Bomber	堡主轰炸机	暂定·官方待核	所给英文底稿	A0230-B0155	本范围对照英文后沿用或修订；未查得官方对应，暂定。
Lightning Crow	闪电鸦	暂定·官方待核	所给英文底稿	A0230-B0157	本范围对照英文后沿用或修订；未查得官方对应，暂定。
Skylance	天空长枪	暂定·官方待核	所给英文底稿	A0230-B0159	本范围对照英文后沿用或修订；未查得官方对应，暂定。
Orgus Flyer	奥格斯飞行器	暂定·官方待核	所给英文底稿	A0230-B0161	本范围对照英文后沿用或修订；未查得官方对应，暂定。
Pythos Scout Plane	派索斯侦察机	暂定·官方待核	所给英文底稿	A0230-B0163	本范围对照英文后沿用或修订；未查得官方对应，暂定。
Dreadclaw	恐怖爪	暂定·官方待核	所给英文底稿	A0230-B0165	本范围对照英文后沿用或修订；未查得官方对应，暂定。
Kharybdis Assault Claw	卡律布狄斯突击爪	暂定·官方待核	所给英文底稿	A0230-B0167	本范围对照英文后沿用或修订；未查得官方对应，暂定。
Purgio Class Boarding Transport	普尔吉奥级跳帮运输机	暂定·官方待核	所给英文底稿	A0230-B0169	本范围对照英文后沿用或修订；未查得官方对应，暂定。
Anhur Pattern Transport	安赫型运输机	暂定·官方待核	所给英文底稿	A0230-B0171	本范围对照英文后沿用或修订；未查得官方对应，暂定。
Harbinger Assault Craft	先驱者突击机	暂定·官方待核	所给英文底稿	A0230-B0173	本范围对照英文后沿用或修订；未查得官方对应，暂定。
Stormstrike Gunship	风暴打击炮艇	暂定·官方待核	所给英文底稿	A0230-B0174	本范围对照英文后沿用或修订；未查得官方对应，暂定。
Stormcrow	风暴乌鸦	暂定·官方待核	所给英文底稿	A0230-B0176	本范围对照英文后沿用或修订；未查得官方对应，暂定。
Hawkwing	鹰翼	暂定·官方待核	所给英文底稿	A0230-B0178	本范围对照英文后沿用或修订；未查得官方对应，暂定。
Torpedo	鱼雷	暂定·官方待核	所给英文底稿	A0230-B0180	本范围对照英文后沿用或修订；未查得官方对应，暂定。
Fusion Beamer	聚变光束	暂定·官方待核	所给英文底稿	A0230-B0182	本范围对照英文后沿用或修订；未查得官方对应，暂定。
Macrocannon	宏炮	暂定·官方待核	所给英文底稿	A0230-B0183	本范围对照英文后沿用或修订；未查得官方对应，暂定。
Bombardment Cannon	轰炸炮	暂定·官方待核	所给英文底稿	A0230-B0184	本范围对照英文后沿用或修订；未查得官方对应，暂定。
Flak Turret	高射炮塔	暂定·官方待核	所给英文底稿	A0230-B0185	本范围对照英文后沿用或修订；未查得官方对应，暂定。
Plasma Projector	等离子投射炮	暂定·官方待核	所给英文底稿	A0230-B0186	本范围对照英文后沿用或修订；未查得官方对应，暂定。
Missile Launchers	导弹发射器	暂定·官方待核	所给英文底稿	A0230-B0187	本范围对照英文后沿用或修订；未查得官方对应，暂定。
Magma Bombs	熔岩炸弹	暂定·官方待核	所给英文底稿	A0230-B0188	本范围对照英文后沿用或修订；未查得官方对应，暂定。
Exterminatus weaponry	灭绝令武器	暂定·官方待核	所给英文底稿	A0230-B0189	本范围对照英文后沿用或修订；未查得官方对应，暂定。
Cyclonic Torpedo	旋风鱼雷	暂定·官方待核	所给英文底稿	A0230-B0190	本范围对照英文后沿用或修订；未查得官方对应，暂定。
Magna Torpedo	巨型鱼雷	暂定·官方待核	所给英文底稿	A0230-B0191	本范围对照英文后沿用或修订；未查得官方对应，暂定。
Virus Bomb	病毒炸弹	暂定·官方待核	所给英文底稿	A0230-B0192	本范围对照英文后沿用或修订；未查得官方对应，暂定。
Atmospheric incinerator torpedo	大气焚烧鱼雷	暂定·官方待核	所给英文底稿	A0230-B0193	本范围对照英文后沿用或修订；未查得官方对应，暂定。
Modalis Atmospheric Missile	莫达利斯大气导弹	暂定·官方待核	所给英文底稿	A0230-B0194	本范围对照英文后沿用或修订；未查得官方对应，暂定。
Master of the Chapter	战团长	暂定·官方待核	所给英文底稿	A0231-B0043	本范围对照英文后沿用或修订；未查得官方对应，暂定。
Veteran Company	老兵连队	暂定·官方待核	所给英文底稿	A0231-B0056	本范围对照英文后沿用或修订；未查得官方对应，暂定。
Battle Companies	战斗连队	暂定·官方待核	所给英文底稿	A0231-B0061	本范围对照英文后沿用或修订；未查得官方对应，暂定。
Reserve Companies	预备连队	暂定·官方待核	所给英文底稿	A0231-B0073	本范围对照英文后沿用或修订；未查得官方对应，暂定。
Scout Company	侦察连	暂定·官方待核	所给英文底稿	A0231-B0087	本范围对照英文后沿用或修订；未查得官方对应，暂定。
Space Marine homeworld	星际战士母星	暂定·官方待核	所给英文底稿	233	本范围对照英文后沿用或修订；未查得官方对应，暂定。
Canis Helix	狼之螺旋	暂定·官方待核	所给英文底稿	A0234-B0044	本范围对照英文后沿用或修订；未查得官方对应，暂定。
Secondary Heart	第二心脏	暂定·官方待核	所给英文底稿	A0234-B0047	本范围对照英文后沿用或修订；未查得官方对应，暂定。
Ossmodula	骨骼强化器官	暂定·官方待核	所给英文底稿	A0234-B0050	本范围对照英文后沿用或修订；未查得官方对应，暂定。
Biscopea	肌肉强化器官	暂定·官方待核	所给英文底稿	A0234-B0057	本范围对照英文后沿用或修订；未查得官方对应，暂定。
Sinew Coils	肌腱线圈	暂定·官方待核	所给英文底稿	A0234-B0063	本范围对照英文后沿用或修订；未查得官方对应，暂定。
Magnificat	圣颂垂体	暂定·官方待核	所给英文底稿	A0234-B0066	本范围对照英文后沿用或修订；未查得官方对应，暂定。
Belisarian Furnace	贝利萨留斯熔炉	暂定·官方待核	所给英文底稿	A0234-B0069	本范围对照英文后沿用或修订；未查得官方对应，暂定。
Haemastamen	重造血器官	暂定·官方待核	所给英文底稿	A0234-B0072	本范围对照英文后沿用或修订；未查得官方对应，暂定。
Larraman's Organ	拉瑞曼器官	暂定·官方待核	所给英文底稿	A0234-B0075	本范围对照英文后沿用或修订；未查得官方对应，暂定。
Catalepsean Node	调控神经节点	暂定·官方待核	所给英文底稿	A0234-B0078	本范围对照英文后沿用或修订；未查得官方对应，暂定。
Preomnor	预置胃	暂定·官方待核	所给英文底稿	A0234-B0081	本范围对照英文后沿用或修订；未查得官方对应，暂定。
Omophagea	基因侦测神经	暂定·官方待核	所给英文底稿	A0234-B0084	本范围对照英文后沿用或修订；未查得官方对应，暂定。
Multi-lung	第三肺	暂定·官方待核	所给英文底稿	A0234-B0093	本范围对照英文后沿用或修订；未查得官方对应，暂定。
Occulobe	视觉控制器官	暂定·官方待核	所给英文底稿	A0234-B0096	本范围对照英文后沿用或修订；未查得官方对应，暂定。
Lyman's Ear	莱曼之耳	暂定·官方待核	所给英文底稿	A0234-B0099	本范围对照英文后沿用或修订；未查得官方对应，暂定。
Sus-an Membrane	苏安脑膜	暂定·官方待核	所给英文底稿	A0234-B0102	本范围对照英文后沿用或修订；未查得官方对应，暂定。
Melanchromic Organ	色素控制器官	暂定·官方待核	所给英文底稿	A0234-B0107	本范围对照英文后沿用或修订；未查得官方对应，暂定。
Oolitic Kidney	卵石肾脏	暂定·官方待核	所给英文底稿	A0234-B0110	本范围对照英文后沿用或修订；未查得官方对应，暂定。
Neuroglottis	味觉监测神经	暂定·官方待核	所给英文底稿	A0234-B0113	本范围对照英文后沿用或修订；未查得官方对应，暂定。
Mucranoid	汗腺改进器官	暂定·官方待核	所给英文底稿	A0234-B0116	本范围对照英文后沿用或修订；未查得官方对应，暂定。
Betcher's Gland	贝彻腺体	暂定·官方待核	所给英文底稿	A0234-B0119	本范围对照英文后沿用或修订；未查得官方对应，暂定。
Progenoids	基因存收腺	暂定·官方待核	所给英文底稿	A0234-B0122	本范围对照英文后沿用或修订；未查得官方对应，暂定。
Black Carapace	黑色甲壳	暂定·官方待核	所给英文底稿	A0234-B0129	本范围对照英文后沿用或修订；未查得官方对应，暂定。
Insanguination	染血	暂定·官方待核	所给英文底稿	A0234-B0136	本范围对照英文后沿用或修订；未查得官方对应，暂定。
Vanguard Veteran Squads	先锋老兵小队	暂定·官方待核	所给英文底稿	A0236-B0005	本范围对照英文后沿用或修订；未查得官方对应，暂定。
Sternguard Veteran Squads	肃卫老兵小队	暂定·官方待核	所给英文底稿	A0236-B0006	本范围对照英文后沿用或修订；未查得官方对应，暂定。
Terminator Squads	终结者小队	暂定·官方待核	所给英文底稿	A0236-B0010	本范围对照英文后沿用或修订；未查得官方对应，暂定。
Terminator Assault Squads	终结者突击小队	暂定·官方待核	所给英文底稿	A0236-B0011	本范围对照英文后沿用或修订；未查得官方对应，暂定。
Bike Squads	摩托小队	暂定·官方待核	所给英文底稿	A0236-B0012	本范围对照英文后沿用或修订；未查得官方对应，暂定。
Battleline Squad	战线小队	暂定·官方待核	所给英文底稿	237	本范围对照英文后沿用或修订；未查得官方对应，暂定。
Close Support Squad	近战支援小队	暂定·官方待核	所给英文底稿	238	本范围对照英文后沿用或修订；未查得官方对应，暂定。
Vanguard Squads	先锋小队	暂定·官方待核	所给英文底稿	A0239-B0019	本范围对照英文后沿用或修订；未查得官方对应，暂定。
Fire Support Squad	火力支援小队	暂定·官方待核	所给英文底稿	239	本范围对照英文后沿用或修订；未查得官方对应，暂定。
Aggressor Squads	侵略者小队	暂定·官方待核	所给英文底稿	A0239-B0011	本范围对照英文后沿用或修订；未查得官方对应，暂定。
Centurion Devastator Squads	百夫长破坏者小队	暂定·官方待核	所给英文底稿	A0239-B0012	本范围对照英文后沿用或修订；未查得官方对应，暂定。
Eradicator Squads	根除者小队	暂定·官方待核	所给英文底稿	A0239-B0015	本范围对照英文后沿用或修订；未查得官方对应，暂定。
Hellblaster Squads	地狱轰击者小队	暂定·官方待核	所给英文底稿	A0239-B0017	本范围对照英文后沿用或修订；未查得官方对应，暂定。
Eliminator Squads	歼灭者小队	暂定·官方待核	所给英文底稿	A0239-B0020	本范围对照英文后沿用或修订；未查得官方对应，暂定。
Suppressor Squads	压制者小队	暂定·官方待核	所给英文底稿	A0239-B0021	本范围对照英文后沿用或修订；未查得官方对应，暂定。
Chapter serfs	战团农奴	暂定·官方待核	所给英文底稿	240	本范围对照英文后沿用或修订；未查得官方对应，暂定。
Artificer	技工	暂定·官方待核	所给英文底稿	A0240-B0020	本范围对照英文后沿用或修订；未查得官方对应，暂定。
Combat Scribe	战斗抄写员	暂定·官方待核	所给英文底稿	A0240-B0022	本范围对照英文后沿用或修订；未查得官方对应，暂定。
Conversi	皈依者	暂定·官方待核	所给英文底稿	A0240-B0024	本范围对照英文后沿用或修订；未查得官方对应，暂定。
Enginarium Laborer	引擎工人	暂定·官方待核	所给英文底稿	A0240-B0026	本范围对照英文后沿用或修订；未查得官方对应，暂定。
Equerry	近侍	暂定·官方待核	所给英文底稿	A0240-B0028	本范围对照英文后沿用或修订；未查得官方对应，暂定。
Historitors	历史学家	暂定·官方待核	所给英文底稿	A0240-B0030	本范围对照英文后沿用或修订；未查得官方对应，暂定。
Housecarl	侍卫	暂定·官方待核	所给英文底稿	A0240-B0032	本范围对照英文后沿用或修订；未查得官方对应，暂定。
Logisticiam Illuminati	后勤先觉者	暂定·官方待核	所给英文底稿	A0240-B0034	本范围对照英文后沿用或修订；未查得官方对应，暂定。
Medicae	医疗工	暂定·官方待核	所给英文底稿	A0240-B0036	本范围对照英文后沿用或修订；未查得官方对应，暂定。
Monitor	监视者	暂定·官方待核	所给英文底稿	A0240-B0038	本范围对照英文后沿用或修订；未查得官方对应，暂定。
Ordinator of the House	家族协调人	暂定·官方待核	所给英文底稿	A0240-B0040	本范围对照英文后沿用或修订；未查得官方对应，暂定。
Refectorium	膳堂工	暂定·官方待核	所给英文底稿	A0240-B0042	本范围对照英文后沿用或修订；未查得官方对应，暂定。
Sacratium	祝圣工	暂定·官方待核	所给英文底稿	A0240-B0044	本范围对照英文后沿用或修订；未查得官方对应，暂定。
Scholiasts	学者	暂定·官方待核	所给英文底稿	A0240-B0046	本范围对照英文后沿用或修订；未查得官方对应，暂定。
Scribellum	抄写员	暂定·官方待核	所给英文底稿	A0240-B0048	本范围对照英文后沿用或修订；未查得官方对应，暂定。
Serf-Laborer	农奴劳工	暂定·官方待核	所给英文底稿	A0240-B0050	本范围对照英文后沿用或修订；未查得官方对应，暂定。
Serf-Pilot	农奴驾驶员	暂定·官方待核	所给英文底稿	A0240-B0052	本范围对照英文后沿用或修订；未查得官方对应，暂定。
Shipmaster	舰长	暂定·官方待核	所给英文底稿	A0240-B0054	本范围对照英文后沿用或修订；未查得官方对应，暂定。
Warrior Serf	战士农奴	暂定·官方待核	所给英文底稿	A0240-B0056	本范围对照英文后沿用或修订；未查得官方对应，暂定。
Armsmen	武装水手	暂定·官方待核	所给英文底稿	A0240-B0058	本范围对照英文后沿用或修订；未查得官方对应，暂定。
Aettguard	狼巢守卫	暂定·官方待核	所给英文底稿	A0240-B0061	本范围对照英文后沿用或修订；未查得官方对应，暂定。
Amarean Guard	阿玛瑞安卫队	暂定·官方待核	所给英文底稿	A0240-B0063	本范围对照英文后沿用或修订；未查得官方对应，暂定。
Auric Auxilia	黄金辅助军	暂定·官方待核	所给英文底稿	A0240-B0065	本范围对照英文后沿用或修订；未查得官方对应，暂定。
Brander-Priest	烙印祭司	暂定·官方待核	所给英文底稿	A0240-B0067	本范围对照英文后沿用或修订；未查得官方对应，暂定。
Hasasi	哈萨西	暂定·官方待核	所给英文底稿	A0240-B0071	本范围对照英文后沿用或修订；未查得官方对应，暂定。
Helot	农奴	暂定·官方待核	所给英文底稿	A0240-B0086	本范围对照英文后沿用或修订；未查得官方对应，暂定。
Sergeant Majoris	主军士	暂定·官方待核	所给英文底稿	A0240-B0075	本范围对照英文后沿用或修订；未查得官方对应，暂定。
Knave	男仆	暂定·官方待核	所给英文底稿	A0240-B0077	本范围对照英文后沿用或修订；未查得官方对应，暂定。
Blood Thrall	血奴	暂定·官方待核	所给英文底稿	A0240-B0082	本范围对照英文后沿用或修订；未查得官方对应，暂定。
Clan-Serf	氏族农奴	暂定·官方待核	所给英文底稿	A0240-B0084	本范围对照英文后沿用或修订；未查得官方对应，暂定。
Mortal	凡人	暂定·官方待核	所给英文底稿	A0240-B0088	本范围对照英文后沿用或修订；未查得官方对应，暂定。
Servile	卑贱者	暂定·官方待核	所给英文底稿	A0240-B0090	本范围对照英文后沿用或修订；未查得官方对应，暂定。
Zart	扎尔特	暂定·官方待核	所给英文底稿	A0240-B0092	本范围对照英文后沿用或修订；未查得官方对应，暂定。
Anuradha Daaz	阿努拉达·达兹	暂定·官方待核	所给英文底稿	A0240-B0095	本范围对照英文后沿用或修订；未查得官方对应，暂定。
Nalyatov	纳利亚托夫	暂定·官方待核	所给英文底稿	A0240-B0097	本范围对照英文后沿用或修订；未查得官方对应，暂定。
Orfeo	奥尔菲奥	暂定·官方待核	所给英文底稿	A0240-B0099	本范围对照英文后沿用或修订；未查得官方对应，暂定。
Tsek	泽克	暂定·官方待核	所给英文底稿	A0240-B0101	本范围对照英文后沿用或修订；未查得官方对应，暂定。
Valdric	瓦尔德里克	暂定·官方待核	所给英文底稿	A0240-B0103	本范围对照英文后沿用或修订；未查得官方对应，暂定。
Astartes Praeses	阿斯塔特总督	暂定·官方待核	所给英文底稿	241	本范围对照英文后沿用或修订；未查得官方对应，暂定。
Relictors	遗物守护者	暂定·官方待核	所给英文底稿	A0241-B0025	本范围对照英文后沿用或修订；未查得官方对应，暂定。
Litany of Demolition	摧毁祷文	暂定·官方待核	所给英文底稿	A0242-B0004	本范围对照英文后沿用或修订；未查得官方对应，暂定。
The Library of Ptolemy	托勒密图书馆	暂定·官方待核	所给英文底稿	A0243-B0011	本范围对照英文后沿用或修订；未查得官方对应，暂定。
The Sanctum Sanctorum	至圣所	暂定·官方待核	所给英文底稿	A0243-B0013	本范围对照英文后沿用或修订；未查得官方对应，暂定。
The Ayanga	阿扬加	暂定·官方待核	所给英文底稿	A0243-B0017	本范围对照英文后沿用或修订；未查得官方对应，暂定。
Marneus Augustus Calgar	马涅乌斯·奥古斯图斯·卡尔加	暂定·官方待核	所给英文底稿	A0247-B0023	本范围对照英文后沿用或修订；未查得官方对应，暂定。
Khoisan Neotera	科伊桑·尼奥泰拉	暂定·官方待核	所给英文底稿	A0247-B0041	本范围对照英文后沿用或修订；未查得官方对应，暂定。
Gregor Dessian	格雷戈尔·德西安	暂定·官方待核	所给英文底稿	A0247-B0043	本范围对照英文后沿用或修订；未查得官方对应，暂定。
Sarpedon	萨尔佩冬	暂定·官方待核	所给英文底稿	A0247-B0045	本范围对照英文后沿用或修订；未查得官方对应，暂定。
Seydon	塞顿	暂定·官方待核	所给英文底稿	A0247-B0049	本范围对照英文后沿用或修订；未查得官方对应，暂定。
Tu'Shan	图杉	暂定·官方待核	所给英文底稿	A0247-B0051	本范围对照英文后沿用或修订；未查得官方对应，暂定。
Zargo	扎戈	暂定·官方待核	所给英文底稿	A0247-B0055	本范围对照英文后沿用或修订；未查得官方对应，暂定。
Kathal	卡萨尔	暂定·官方待核	所给英文底稿	A0247-B0058	本范围对照英文后沿用或修订；未查得官方对应，暂定。
Lufgt Huron	鲁夫特·休伦	暂定·官方待核	所给英文底稿	A0247-B0060	本范围对照英文后沿用或修订；未查得官方对应，暂定。
Sevastus Kranon	塞瓦图斯·克拉能	暂定·官方待核	所给英文底稿	A0247-B0064	本范围对照英文后沿用或修订；未查得官方对应，暂定。
Sven Bloodhowl	斯万·血吼	暂定·官方待核	所给英文底稿	A0248-B0065	本范围对照英文后沿用或修订；未查得官方对应，暂定。
Erasmus Tycho	伊拉斯谟·第谷	暂定·官方待核	所给英文底稿	A0248-B0070	本范围对照英文后沿用或修订；未查得官方对应，暂定。
Taelos	泰洛斯	暂定·官方待核	所给英文底稿	A0248-B0087	本范围对照英文后沿用或修订；未查得官方对应，暂定。
Ur'zan Drakgaard	乌尔赞·德拉克加德	暂定·官方待核	所给英文底稿	A0248-B0092	本范围对照英文后沿用或修订；未查得官方对应，暂定。
Kyrin Solaq	基林·索拉克	暂定·官方待核	所给英文底稿	A0248-B0095	本范围对照英文后沿用或修订；未查得官方对应，暂定。
Marius Amalrich	马里乌斯·阿马尔里奇	暂定·官方待核	所给英文底稿	A0248-B0098	本范围对照英文后沿用或修订；未查得官方对应，暂定。
Battle Leader	战斗领袖	暂定·官方待核	所给英文底稿	A0249-B0017	本范围对照英文后沿用或修订；未查得官方对应，暂定。
Castellan	堡主	暂定·官方待核	所给英文底稿	A0249-B0019	本范围对照英文后沿用或修订；未查得官方对应，暂定。
Naysmith	谏官	暂定·官方待核	所给英文底稿	A0249-B0021	本范围对照英文后沿用或修订；未查得官方对应，暂定。
Strikemaster	打击大师	暂定·官方待核	所给英文底稿	A0249-B0023	本范围对照英文后沿用或修订；未查得官方对应，暂定。
Talonmaster	利爪大师	暂定·官方待核	所给英文底稿	A0249-B0025	本范围对照英文后沿用或修订；未查得官方对应，暂定。
Heyd Calder	海德·卡尔德	暂定·官方待核	所给英文底稿	A0249-B0034	本范围对照英文后沿用或修订；未查得官方对应，暂定。
Lucian Calsius	卢西安·卡尔修斯	暂定·官方待核	所给英文底稿	A0249-B0036	本范围对照英文后沿用或修订；未查得官方对应，暂定。
Mykonis	麦克尼斯	暂定·官方待核	所给英文底稿	A0249-B0038	本范围对照英文后沿用或修订；未查得官方对应，暂定。
Nemetus	涅米图斯	暂定·官方待核	所给英文底稿	A0249-B0040	本范围对照英文后沿用或修订；未查得官方对应，暂定。
Praxamedes	普拉萨梅德斯	暂定·官方待核	所给英文底稿	A0249-B0042	本范围对照英文后沿用或修订；未查得官方对应，暂定。
Xedro Farren	谢德罗·法伦	暂定·官方待核	所给英文底稿	A0249-B0044	本范围对照英文后沿用或修订；未查得官方对应，暂定。
Scout Sergeants	侦察兵军士	暂定·官方待核	所给英文底稿	A0250-B0023	本范围对照英文后沿用或修订；未查得官方对应，暂定。
Veteran Sergeants	老兵军士	暂定·官方待核	所给英文底稿	A0250-B0026	本范围对照英文后沿用或修订；未查得官方对应，暂定。
Pride Leader	狮群领袖	暂定·官方待核	所给英文底稿	A0250-B0057	本范围对照英文后沿用或修订；未查得官方对应，暂定。
Watch Sergeant	守望军士	暂定·官方待核	所给英文底稿	A0250-B0059	本范围对照英文后沿用或修订；未查得官方对应，暂定。
Squad Whip	小队之鞭	暂定·官方待核	所给英文底稿	A0250-B0061	本范围对照英文后沿用或修订；未查得官方对应，暂定。
Pack Leader	狼群领袖	暂定·官方待核	所给英文底稿	A0250-B0063	本范围对照英文后沿用或修订；未查得官方对应，暂定。
Mortificator	禁欲者	暂定·官方待核	所给英文底稿	A0190-B0050	统一暂定；具体语义及源文疑点见段落译注。
Mortification	禁欲者	暂定·官方待核	所给英文底稿	A0190-B0049	第190篇英文表头使用此形，相关职业通常拼作 Mortificator；保留英文源形并校注，不据此当成另一职衔。
Librarius	智库	暂定·官方待核	所给英文底稿	A0176-B0055	本范围机构语境为智库；学派语境不套用本项。
Librarium	智库馆	暂定·官方待核	所给英文底稿	A0213-B0078	统一暂定；具体语义及源文疑点见段落译注。
Codicier	典记员	暂定·官方待核	所给英文底稿	A0181-B0295	统一暂定；具体语义及源文疑点见段落译注。
Lexicanium	编修员	暂定·官方待核	所给英文底稿	A0213-B0084	统一暂定；具体语义及源文疑点见段落译注。
Progenoid glands	基因存收腺	暂定·官方待核	所给英文底稿	A0228-B0004	统一暂定；具体语义及源文疑点见段落译注。
Nuncio-vox	通讯引导阵列	暂定·官方待核	所给英文底稿	176—250篇，见对应译注	统一暂定；具体语义及源文疑点见段落译注。
Principia Bellicosa	军团组织法典	暂定·官方待核	所给英文底稿	A0183-B0069	统一暂定；具体语义及源文疑点见段落译注。
Master of the Keep	堡垒之主	暂定·官方待核	所给英文底稿	A0186-B0003	统一暂定；具体语义及源文疑点见段落译注。
Crozius Arcanum	教士权杖	暂定·官方待核	所给英文底稿	A0190-B0018	统一暂定；具体语义及源文疑点见段落译注。
Staff of Dark Authority	黑暗威权之杖	暂定·官方待核	所给英文底稿	A0190-B0089	统一暂定；具体语义及源文疑点见段落译注。
Thaumaturgy	奇术	暂定·官方待核	所给英文底稿	A0190-B0037	统一暂定；具体语义及源文疑点见段落译注。
Theosophamy	圣言学派	暂定·官方待核	所给英文底稿	176—250篇，见对应译注	统一暂定；具体语义及源文疑点见段落译注。
Cohort	大队	暂定·官方待核	所给英文底稿	A0181-B0012	统一暂定；具体语义及源文疑点见段落译注。
Ash Blind	灰盲	暂定·官方待核	所给英文底稿	A0194-B0008	统一暂定；具体语义及源文疑点见段落译注。
Sable Blind	黑盲	暂定·官方待核	所给英文底稿	A0194-B0008	统一暂定；具体语义及源文疑点见段落译注。
Master of the Arsenal	军械大师	暂定·官方待核	所给英文底稿	A0190-B0008	统一暂定；具体语义及源文疑点见段落译注。
Master of the Fleet	舰队大师	暂定·官方待核	所给英文底稿	A0212-B0072	统一暂定；具体语义及源文疑点见段落译注。
Master of the Forge	铸造大师	暂定·官方待核	所给英文底稿	A0212-B0073	统一暂定；具体语义及源文疑点见段落译注。
Master of the Watch	守望大师	暂定·官方待核	所给英文底稿	A0212-B0074	统一暂定；具体语义及源文疑点见段落译注。
Master of Rites	祭仪大师	暂定·官方待核	所给英文底稿	176—250篇，见对应译注	统一暂定；具体语义及源文疑点见段落译注。
Master of Marches	行军大师	暂定·官方待核	所给英文底稿	176—250篇，见对应译注	统一暂定；具体语义及源文疑点见段落译注。
Master of Relics	遗物大师	暂定·官方待核	所给英文底稿	A0212-B0077	统一暂定；具体语义及源文疑点见段落译注。
Master of Reconnaissance	侦察大师	暂定·官方待核	所给英文底稿	A0212-B0081	统一暂定；具体语义及源文疑点见段落译注。
Unnumbered Sons	未计之子	暂定·官方待核	所给英文底稿	A0221-B0004	统一暂定；具体语义及源文疑点见段落译注。
Sangprimus Portum	原血之栈	暂定·官方待核	所给英文底稿	A0222-B0011	统一暂定；具体语义及源文疑点见段落译注。
The Indocrinated	受教者	暂定·官方待核	所给英文底稿	A0222-B0015	英文源形疑为 Indoctrinated 拼写错误；原译不屈者不合词义，改受教者并保留源文疑点。
Rubicon Primaris	原铸跨越手术	暂定·官方待核	所给英文底稿	A0221-B0013	统一暂定；具体语义及源文疑点见段落译注。
Archmagos Dominus	统御大贤者	暂定·官方待核	所给英文底稿	A0222-B0011	统一暂定；具体语义及源文疑点见段落译注。
Occulus Bolt Carbine	全知者爆矢卡宾枪	暂定·官方待核	所给英文底稿	A0223-B0022	统一暂定；具体语义及源文疑点见段落译注。
Omni-scramblers	全频扰频器	暂定·官方待核	所给英文底稿	A0223-B0022	统一暂定；具体语义及源文疑点见段落译注。
Omnis Armour	全知型护甲	暂定·官方待核	所给英文底稿	176—250篇，见对应译注	统一暂定；具体语义及源文疑点见段落译注。
Chapter Barques	战团运输舰	暂定·官方待核	所给英文底稿	A0216-B0162	统一暂定；具体语义及源文疑点见段落译注。
Captain of Arms	武器统领	暂定·官方待核	所给英文底稿	A0217-B0104	统一暂定；具体语义及源文疑点见段落译注。
Combat Squad	战斗分队	暂定·官方待核	所给英文底稿	A0227-B0010	十人小队拆出的五人战斗分队，含军士；第236篇标题源文为 Battle Squad，英文标题不擅改。
Immortis Gland	不朽腺	暂定·官方待核	所给英文底稿	176—250篇，见对应译注	统一暂定；具体语义及源文疑点见段落译注。
God-Maker	造神者	暂定·官方待核	所给英文底稿	A0234-B0067	统一暂定；具体语义及源文疑点见段落译注。
Dextrophic	右生叶	暂定·官方待核	所给英文底稿	A0234-B0067	统一暂定；具体语义及源文疑点见段落译注。
Sintarius	辛塔里乌斯叶	暂定·官方待核	所给英文底稿	A0234-B0067	统一暂定；具体语义及源文疑点见段落译注。
Methalon Hyper-freeze	梅沙龙超低温冷冻法	暂定·官方待核	所给英文底稿	A0228-B0012	统一暂定；具体语义及源文疑点见段落译注。
genovault	基因库	暂定·官方待核	所给英文底稿	A0228-B0012	统一暂定；具体语义及源文疑点见段落译注。
genecasque	基因匣	暂定·官方待核	所给英文底稿	A0228-B0012	统一暂定；具体语义及源文疑点见段落译注。
Cyclopia	赛克洛皮亚	暂定·官方待核	所给英文底稿	A0215-B0140	统一暂定；具体语义及源文疑点见段落译注。
Newfound	新发现星	暂定·官方待核	所给英文底稿	A0215-B0146	统一暂定；具体语义及源文疑点见段落译注。
Honourum	荣誉星	暂定·官方待核	所给英文底稿	A0215-B0158	统一暂定；具体语义及源文疑点见段落译注。
Shoba	光辉星	暂定·官方待核	所给英文底稿	A0215-B0213	统一暂定；具体语义及源文疑点见段落译注。
Haakonath	哈科内斯	暂定·官方待核	所给英文底稿	A0233-B0111	统一暂定；具体语义及源文疑点见段落译注。
San Guisaga	圣吉萨伽	暂定·官方待核	所给英文底稿	A0215-B0102	统一暂定；具体语义及源文疑点见段落译注。
Obsidia	奥布西迪亚	暂定·官方待核	所给英文底稿	A0176-B0187	统一暂定；具体语义及源文疑点见段落译注。
Mythos Angelica Mortis	死亡天使传说	暂定·官方待核	所给英文底稿	A0176-B0191	统一暂定；具体语义及源文疑点见段落译注。
Desolation Squad	寂灭小队	官方已核	https://assets.warhammer-community.com/chi_06-05_wh40k_core%26key_munitorum_field_manual-5mrlucr2t1-fkybzzzoce.pdf ; https://assets.warhammer-community.com/eng_warhammer40000_munitorum_field_manual_march_2025-cims9ya3sg-s8j9m2haae.pdf	GW-09第32页 / GW-10第31页	中英单位名直接核对；单复数与弯直撇号仅作检索差异。
Kor’sarro Khan	科萨罗可汗	官方已核	https://assets.warhammer-community.com/chi_06-05_wh40k_core%26key_munitorum_field_manual-5mrlucr2t1-fkybzzzoce.pdf ; https://assets.warhammer-community.com/eng_warhammer40000_munitorum_field_manual_march_2025-cims9ya3sg-s8j9m2haae.pdf	GW-09第32页 / GW-10第31页	中英单位名直接核对；单复数与弯直撇号仅作检索差异。
Darnath Lysander	达纳斯·莱山德	官方已核	https://assets.warhammer-community.com/chi_06-05_wh40k_core%26key_munitorum_field_manual-5mrlucr2t1-fkybzzzoce.pdf ; https://assets.warhammer-community.com/eng_warhammer40000_munitorum_field_manual_march_2025-cims9ya3sg-s8j9m2haae.pdf	GW-09第32页 / GW-10第31页	中英单位名直接核对；单复数与弯直撇号仅作检索差异。
Captain in Terminator Armour	终结者护甲连长	官方已核	https://assets.warhammer-community.com/chi_06-05_wh40k_core%26key_munitorum_field_manual-5mrlucr2t1-fkybzzzoce.pdf ; https://assets.warhammer-community.com/eng_warhammer40000_munitorum_field_manual_march_2025-cims9ya3sg-s8j9m2haae.pdf	GW-09第32页 / GW-10第31页	中英单位名直接核对；单复数与弯直撇号仅作检索差异。
Captain in Gravis Armour	重装型护甲连长	官方已核	https://assets.warhammer-community.com/chi_06-05_wh40k_core%26key_munitorum_field_manual-5mrlucr2t1-fkybzzzoce.pdf ; https://assets.warhammer-community.com/eng_warhammer40000_munitorum_field_manual_march_2025-cims9ya3sg-s8j9m2haae.pdf	GW-09第32页 / GW-10第31页	中英单位名直接核对；单复数与弯直撇号仅作检索差异。
Captain in Phobos Armour	恐惧型护甲连长	官方已核	https://assets.warhammer-community.com/chi_06-05_wh40k_core%26key_munitorum_field_manual-5mrlucr2t1-fkybzzzoce.pdf ; https://assets.warhammer-community.com/eng_warhammer40000_munitorum_field_manual_march_2025-cims9ya3sg-s8j9m2haae.pdf	GW-09第32页 / GW-10第31页	中英单位名直接核对；单复数与弯直撇号仅作检索差异。
Devastator Squad	破坏者小队	官方已核	https://assets.warhammer-community.com/chi_06-05_wh40k_core%26key_munitorum_field_manual-5mrlucr2t1-fkybzzzoce.pdf ; https://assets.warhammer-community.com/eng_warhammer40000_munitorum_field_manual_march_2025-cims9ya3sg-s8j9m2haae.pdf	GW-09第32页 / GW-10第31页	中英单位名直接核对；单复数与弯直撇号仅作检索差异。
Centurion Devastator Squad	百夫长破坏者小队	官方已核	https://assets.warhammer-community.com/chi_06-05_wh40k_core%26key_munitorum_field_manual-5mrlucr2t1-fkybzzzoce.pdf ; https://assets.warhammer-community.com/eng_warhammer40000_munitorum_field_manual_march_2025-cims9ya3sg-s8j9m2haae.pdf	GW-09第32页 / GW-10第31页	中英单位名直接核对；单复数与弯直撇号仅作检索差异。
Outrider Squad	摩托警卫小队	官方已核	https://assets.warhammer-community.com/chi_06-05_wh40k_core%26key_munitorum_field_manual-5mrlucr2t1-fkybzzzoce.pdf ; https://assets.warhammer-community.com/eng_warhammer40000_munitorum_field_manual_march_2025-cims9ya3sg-s8j9m2haae.pdf	GW-09第32页 / GW-10第31页	中英单位名直接核对；单复数与弯直撇号仅作检索差异。
Judiciar	裁决者	官方已核	https://assets.warhammer-community.com/chi_06-05_wh40k_core%26key_munitorum_field_manual-5mrlucr2t1-fkybzzzoce.pdf ; https://assets.warhammer-community.com/eng_warhammer40000_munitorum_field_manual_march_2025-cims9ya3sg-s8j9m2haae.pdf	GW-09第32页 / GW-10第31页	中英单位名直接核对；单复数与弯直撇号仅作检索差异。
Techmarine	科技战士	官方已核	https://assets.warhammer-community.com/chi_06-05_wh40k_core%26key_munitorum_field_manual-5mrlucr2t1-fkybzzzoce.pdf ; https://assets.warhammer-community.com/eng_warhammer40000_munitorum_field_manual_march_2025-cims9ya3sg-s8j9m2haae.pdf	GW-09第32页 / GW-10第31页	中英单位名直接核对；单复数与弯直撇号仅作检索差异。
Iron Father Feirros	钢铁圣父费洛斯	官方已核	https://assets.warhammer-community.com/chi_06-05_wh40k_core%26key_munitorum_field_manual-5mrlucr2t1-fkybzzzoce.pdf ; https://assets.warhammer-community.com/eng_warhammer40000_munitorum_field_manual_march_2025-cims9ya3sg-s8j9m2haae.pdf	GW-09第32页 / GW-10第31页	中英单位名直接核对；单复数与弯直撇号仅作检索差异。
Reiver Squad	掠夺者小队	官方已核	https://assets.warhammer-community.com/chi_06-05_wh40k_core%26key_munitorum_field_manual-5mrlucr2t1-fkybzzzoce.pdf ; https://assets.warhammer-community.com/eng_warhammer40000_munitorum_field_manual_march_2025-cims9ya3sg-s8j9m2haae.pdf	GW-09第33页 / GW-10第32页	中英单位名直接核对；单复数与弯直撇号仅作检索差异。
Vindicator	维护者战车	官方已核	https://assets.warhammer-community.com/chi_06-05_wh40k_core%26key_munitorum_field_manual-5mrlucr2t1-fkybzzzoce.pdf ; https://assets.warhammer-community.com/eng_warhammer40000_munitorum_field_manual_march_2025-cims9ya3sg-s8j9m2haae.pdf	GW-09第33页 / GW-10第32页	中英单位名直接核对；单复数与弯直撇号仅作检索差异。
Vulkan He’stan	伏尔甘·赫斯坦	官方已核	https://assets.warhammer-community.com/chi_06-05_wh40k_core%26key_munitorum_field_manual-5mrlucr2t1-fkybzzzoce.pdf ; https://assets.warhammer-community.com/eng_warhammer40000_munitorum_field_manual_march_2025-cims9ya3sg-s8j9m2haae.pdf	GW-09第33页 / GW-10第32页	中英单位名直接核对；单复数与弯直撇号仅作检索差异。
Whirlwind	旋风战车	官方已核	https://assets.warhammer-community.com/chi_06-05_wh40k_core%26key_munitorum_field_manual-5mrlucr2t1-fkybzzzoce.pdf ; https://assets.warhammer-community.com/eng_warhammer40000_munitorum_field_manual_march_2025-cims9ya3sg-s8j9m2haae.pdf	GW-09第33页 / GW-10第32页	中英单位名直接核对；单复数与弯直撇号仅作检索差异。
Terminator Assault Squad	终结者突击小队	官方已核	https://assets.warhammer-community.com/chi_06-05_wh40k_core%26key_munitorum_field_manual-5mrlucr2t1-fkybzzzoce.pdf ; https://assets.warhammer-community.com/eng_warhammer40000_munitorum_field_manual_march_2025-cims9ya3sg-s8j9m2haae.pdf	GW-09第33页 / GW-10第32页	中英单位名直接核对；单复数与弯直撇号仅作检索差异。
High Marshal Helbrecht	至高元帅赫尔布雷彻	官方已核	https://assets.warhammer-community.com/chi_06-05_wh40k_core%26key_munitorum_field_manual-5mrlucr2t1-fkybzzzoce.pdf ; https://assets.warhammer-community.com/eng_warhammer40000_munitorum_field_manual_march_2025-cims9ya3sg-s8j9m2haae.pdf	GW-09及GW-10第10页	中英单位名直接核对；单复数与弯直撇号仅作检索差异。
Initiates	进阶者	官方已核	https://assets.warhammer-community.com/chi_06-05_wh40k_core%26key_munitorum_field_manual-5mrlucr2t1-fkybzzzoce.pdf ; https://assets.warhammer-community.com/eng_warhammer40000_munitorum_field_manual_march_2025-cims9ya3sg-s8j9m2haae.pdf	GW-09及GW-10第10页	中英单位名直接核对；单复数与弯直撇号仅作检索差异。
Chaplain Grimaldus	格里玛度斯教士	官方已核	https://assets.warhammer-community.com/chi_06-05_wh40k_core%26key_munitorum_field_manual-5mrlucr2t1-fkybzzzoce.pdf ; https://assets.warhammer-community.com/eng_warhammer40000_munitorum_field_manual_march_2025-cims9ya3sg-s8j9m2haae.pdf	GW-09及GW-10第10页	中英单位名直接核对；单复数与弯直撇号仅作检索差异。
Chief Librarian Mephiston	首席智库员墨菲斯顿	官方已核	https://assets.warhammer-community.com/chi_06-05_wh40k_core%26key_munitorum_field_manual-5mrlucr2t1-fkybzzzoce.pdf ; https://assets.warhammer-community.com/eng_warhammer40000_munitorum_field_manual_march_2025-cims9ya3sg-s8j9m2haae.pdf	GW-09及GW-10第11页	中英单位名直接核对；单复数与弯直撇号仅作检索差异。
Sanguinary Guard	圣血守卫	官方已核	https://assets.warhammer-community.com/chi_06-05_wh40k_core%26key_munitorum_field_manual-5mrlucr2t1-fkybzzzoce.pdf ; https://assets.warhammer-community.com/eng_warhammer40000_munitorum_field_manual_march_2025-cims9ya3sg-s8j9m2haae.pdf	GW-09及GW-10第11页	中英单位名直接核对；单复数与弯直撇号仅作检索差异。
Lemartes	雷马特斯	官方已核	https://assets.warhammer-community.com/chi_06-05_wh40k_core%26key_munitorum_field_manual-5mrlucr2t1-fkybzzzoce.pdf ; https://assets.warhammer-community.com/eng_warhammer40000_munitorum_field_manual_march_2025-cims9ya3sg-s8j9m2haae.pdf	GW-09及GW-10第11页	中英单位名直接核对；单复数与弯直撇号仅作检索差异。
Fabius Bile	法比乌斯·拜尔	官方已核	https://assets.warhammer-community.com/chi_06-05_wh40k_core%26key_munitorum_field_manual-5mrlucr2t1-fkybzzzoce.pdf ; https://assets.warhammer-community.com/eng_warhammer40000_munitorum_field_manual_march_2025-cims9ya3sg-s8j9m2haae.pdf	GW-09及GW-10第15页	中英单位名直接核对；单复数与弯直撇号仅作检索差异。
Nephilim Jetfighter	涅菲里姆战机	官方已核	https://assets.warhammer-community.com/chi_06-05_wh40k_core%26key_munitorum_field_manual-5mrlucr2t1-fkybzzzoce.pdf ; https://assets.warhammer-community.com/eng_warhammer40000_munitorum_field_manual_march_2025-cims9ya3sg-s8j9m2haae.pdf	GW-09及GW-10第17页	中英单位名直接核对；单复数与弯直撇号仅作检索差异。
Ravenwing Dark Talon	鸦翼黑暗之爪战机	官方已核	https://assets.warhammer-community.com/chi_06-05_wh40k_core%26key_munitorum_field_manual-5mrlucr2t1-fkybzzzoce.pdf ; https://assets.warhammer-community.com/eng_warhammer40000_munitorum_field_manual_march_2025-cims9ya3sg-s8j9m2haae.pdf	GW-09及GW-10第17页	中英单位名直接核对；单复数与弯直撇号仅作检索差异。
Ravenwing Darkshroud	鸦翼黑幕飞艇	官方已核	https://assets.warhammer-community.com/chi_06-05_wh40k_core%26key_munitorum_field_manual-5mrlucr2t1-fkybzzzoce.pdf ; https://assets.warhammer-community.com/eng_warhammer40000_munitorum_field_manual_march_2025-cims9ya3sg-s8j9m2haae.pdf	GW-09及GW-10第17页	中英单位名直接核对；单复数与弯直撇号仅作检索差异。
Inner Circle Companions	内环近卫	官方已核	https://assets.warhammer-community.com/chi_06-05_wh40k_core%26key_munitorum_field_manual-5mrlucr2t1-fkybzzzoce.pdf ; https://assets.warhammer-community.com/eng_warhammer40000_munitorum_field_manual_march_2025-cims9ya3sg-s8j9m2haae.pdf	GW-09及GW-10第17页	中英单位名直接核对；单复数与弯直撇号仅作检索差异。
Ravenwing Command Squad	鸦翼指挥小队	官方已核	https://assets.warhammer-community.com/chi_06-05_wh40k_core%26key_munitorum_field_manual-5mrlucr2t1-fkybzzzoce.pdf ; https://assets.warhammer-community.com/eng_warhammer40000_munitorum_field_manual_march_2025-cims9ya3sg-s8j9m2haae.pdf	GW-09及GW-10第17页	中英单位名直接核对；单复数与弯直撇号仅作检索差异。
Asmodai	阿斯莫德	官方已核	https://assets.warhammer-community.com/chi_06-05_wh40k_core%26key_munitorum_field_manual-5mrlucr2t1-fkybzzzoce.pdf ; https://assets.warhammer-community.com/eng_warhammer40000_munitorum_field_manual_march_2025-cims9ya3sg-s8j9m2haae.pdf	GW-09及GW-10第17页	中英单位名直接核对；单复数与弯直撇号仅作检索差异。
Iron Priest	钢铁牧师	官方已核	https://assets.warhammer-community.com/chi_06-05_wh40k_core%26key_munitorum_field_manual-5mrlucr2t1-fkybzzzoce.pdf ; https://assets.warhammer-community.com/eng_warhammer40000_munitorum_field_manual_march_2025-cims9ya3sg-s8j9m2haae.pdf	GW-09第34页 / GW-10第33页	中英单位名直接核对；单复数与弯直撇号仅作检索差异。
Grey Hunters	灰色猎手	官方已核	https://assets.warhammer-community.com/chi_06-05_wh40k_core%26key_munitorum_field_manual-5mrlucr2t1-fkybzzzoce.pdf ; https://assets.warhammer-community.com/eng_warhammer40000_munitorum_field_manual_march_2025-cims9ya3sg-s8j9m2haae.pdf	GW-09第34页 / GW-10第33页	中英单位名直接核对；单复数与弯直撇号仅作检索差异。
Brotherhood Chaplain	兄弟会教士	官方已核	https://assets.warhammer-community.com/chi_06-05_wh40k_core%26key_munitorum_field_manual-5mrlucr2t1-fkybzzzoce.pdf ; https://assets.warhammer-community.com/eng_warhammer40000_munitorum_field_manual_march_2025-cims9ya3sg-s8j9m2haae.pdf	GW-09及GW-10第23页	中英单位名直接核对；单复数与弯直撇号仅作检索差异。
Brotherhood Librarian	兄弟会智库员	官方已核	https://assets.warhammer-community.com/chi_06-05_wh40k_core%26key_munitorum_field_manual-5mrlucr2t1-fkybzzzoce.pdf ; https://assets.warhammer-community.com/eng_warhammer40000_munitorum_field_manual_march_2025-cims9ya3sg-s8j9m2haae.pdf	GW-09及GW-10第23页	中英单位名直接核对；单复数与弯直撇号仅作检索差异。
Brotherhood Techmarine	兄弟会科技战士	官方已核	https://assets.warhammer-community.com/chi_06-05_wh40k_core%26key_munitorum_field_manual-5mrlucr2t1-fkybzzzoce.pdf ; https://assets.warhammer-community.com/eng_warhammer40000_munitorum_field_manual_march_2025-cims9ya3sg-s8j9m2haae.pdf	GW-09及GW-10第23页	中英单位名直接核对；单复数与弯直撇号仅作检索差异。
Brother-Captain	兄弟会连长	官方已核	https://assets.warhammer-community.com/chi_06-05_wh40k_core%26key_munitorum_field_manual-5mrlucr2t1-fkybzzzoce.pdf ; https://assets.warhammer-community.com/eng_warhammer40000_munitorum_field_manual_march_2025-cims9ya3sg-s8j9m2haae.pdf	GW-09及GW-10第23页	中英单位名直接核对；单复数与弯直撇号仅作检索差异。
Wolf Priest	狼牧师	官方语境参考·待核	https://assets.warhammer-community.com/chi_06-05_wh40k_core%26key_munitorum_field_manual-5mrlucr2t1-fkybzzzoce.pdf	GW-09第34页	GW-09中文可见该单位名；GW-10旧版未见直接英文对应，暂不标为中英双语核定。
Iron Father	钢铁圣父	暂定·官方语境参考	https://assets.warhammer-community.com/chi_06-05_wh40k_core%26key_munitorum_field_manual-5mrlucr2t1-fkybzzzoce.pdf ; https://assets.warhammer-community.com/eng_warhammer40000_munitorum_field_manual_march_2025-cims9ya3sg-s8j9m2haae.pdf	GW-09第32页 / GW-10第31页	独立职衔据官译 Iron Father Feirros 推定，尚无独立词条双语核定。
Gravis Pattern Power Armour	重装型动力甲	暂定·官方语境参考	https://assets.warhammer-community.com/chi_06-05_wh40k_core%26key_munitorum_field_manual-5mrlucr2t1-fkybzzzoce.pdf ; https://assets.warhammer-community.com/eng_warhammer40000_munitorum_field_manual_march_2025-cims9ya3sg-s8j9m2haae.pdf	GW-09第32页 / GW-10第31页	据官方角色装备名重装型护甲统一；完整型式名暂定。
Phobos Armour	恐惧型护甲	官方已核	https://assets.warhammer-community.com/chi_06-05_wh40k_core%26key_munitorum_field_manual-5mrlucr2t1-fkybzzzoce.pdf ; https://assets.warhammer-community.com/eng_warhammer40000_munitorum_field_manual_march_2025-cims9ya3sg-s8j9m2haae.pdf	GW-09第32页 / GW-10第31页	已核连长、智库员、副官装备名；与火卫一卫星区分。
Chaplain	教士	官方已核	https://assets.warhammer-community.com/chi_06-05_wh40k_core%26key_munitorum_field_manual-5mrlucr2t1-fkybzzzoce.pdf ; https://assets.warhammer-community.com/eng_warhammer40000_munitorum_field_manual_march_2025-cims9ya3sg-s8j9m2haae.pdf	GW-09第32页 / GW-10第31页	已核泛用职衔及人物名；取代本范围牧师。
