条目编号	标题	处理类型	修改前	修改后	次数	上下文
4	超光速航行 Faster-Than-Light	恢复英文词间空格	the	the 	1	of long-distance transportation in theGalaxy. The technology allows for p
5	亚空间驱动 Warp Drive	恢复英文词间空格	as	as 	1	the human mutant warp-pilots known asNavigators. These mutants allowed w
5	亚空间驱动 Warp Drive	恢复英文词间空格	the	the 	1	"进一步加速了银河系的殖民化。

The Warp Drives of theLeagues of Votannare similar in ope"
6	亚空间跳跃 Warp Jump	Field 对应的错别字	盖勒立场	盖勒力场	1	
7	传送 Teleportation	恢复英文词间空格	to	to 	1	nd units including but not limited toImperialandChaosSpace MarineTermina
7	传送 Teleportation	恢复英文词间空格	the	the 	1	"nators,EldarWarp Spiders, and even theOrks.

传送是一种技术或灵能能力，可以将物体从一个地方移动到另一"
7	传送 Teleportation	恢复英文词间空格	the	the 	1	isky,ArcheotechTeleportariums from theDark Age of Technologyare known to 
7	传送 Teleportation	恢复英文词间空格	in	in 	1	 archeotech teleportariums existed inSubsector Aureliaas well as on theS
7	传送 Teleportation	恢复英文词间空格	the	the 	1	d inSubsector Aureliaas well as on theSpace HulkJudgment of Carrion. Thes
7	传送 Teleportation	恢复英文词间空格	by	by 	1	dgment of Carrion. These were used byApollo Diomedescommanding a force o
7	传送 Teleportation	恢复英文词间空格	of	of 	1	yApollo Diomedescommanding a force ofBlood Ravensin pursuit of the trait
7	传送 Teleportation	恢复英文词间空格	the	the 	1	"rChapter MasterAzariah Kyrasduring theThird Aurelian Crusade.

尽管现代常规的帝国传"
7	传送 Teleportation	恢复英文词间空格	to	to 	1	ort (in this manner, at least) due toWarpexposure, but the heavily prote
7	传送 Teleportation	恢复英文词间空格	their	their 	1	d both by ImperialSpace Marinesand theirChaoscounterparts. The ship-based t
7	传送 Teleportation	恢复英文词间空格	by	by 	1	 by the Terminators are maintained byAstropaths. Using their psychically
7	传送 Teleportation	恢复英文词间空格	the	the 	1	ewarp. Some, mainly the members of theOrdo Malleus, have shown scorn for 
7	传送 Teleportation	恢复英文词间空格	is	is 	1	s Terminator teleportation attacks isCaptainDarnath Lysanderof theImperi
7	传送 Teleportation	恢复英文词间空格	the	the 	1	ttacks isCaptainDarnath Lysanderof theImperial FistsChapter, who is known
7	传送 Teleportation	恢复英文词间空格	the	the 	1	rformed by the Imperial Fists from thePhalanx, the Imperial Fists' massiv
7	传送 Teleportation	恢复英文词间空格	the	the 	1	technology that has been in use by theTraitor Legionssince theHorus Heres
7	传送 Teleportation	恢复英文词间空格	the	the 	1	" in use by theTraitor Legionssince theHorus Heresy.

混沌星际战士泯灭者能够使用传送，以及混沌"
7	传送 Teleportation	恢复英文词间空格	the	the 	1	considering their probable ties to theDark Mechanicusand their theoretica
7	传送 Teleportation	恢复英文词间空格	as	as 	1	usand their theoretical past lives asTechmarinesfor their former legions
7	传送 Teleportation	恢复英文词间空格	called	called 	1	eportation is that practiced by so-calledShadow-Walkers. Their sorcerous art
7	传送 Teleportation	恢复英文词间空格	called	called 	1	"smake use of teleportation devices calledPhase Fields.

丑角使用称为相位立场的隐形传送装置。

"
7	传送 Teleportation	恢复英文词间空格	the	the 	1	"
**Teleport Crests 传送纹章**

Used by theLeagues of Votann.

被沃坦联盟使用

**Tele"
7	传送 Teleportation	恢复英文词间空格	the	the 	1	"
**Teleporter Worm 虫传送器**

Used by theTyranids.

被泰伦使用

**Other/Universal"
7	传送 Teleportation	恢复英文词间空格	the	the 	1	tions including but not limited to theImperium, forces ofChaos,Orks,Eldar
7	传送 Teleportation	恢复英文词间空格	of	of 	1	"not limited to theImperium, forces ofChaos,Orks,Eldarand more.

“亚空间跳跃” "
7	传送 Teleportation	恢复英文词间空格	Marinesand	Marines and	1	tion is used both by ImperialSpace Marinesand their Chaoscounterparts. The ship-
7	传送 Teleportation	恢复英文词间空格	Mechanicusand	Mechanicus and	1	ng their probable ties to the Dark Mechanicusand their theoretical past lives as Te
7	传送 Teleportation	恢复英文词间空格	Eldarand	Eldar and	1	"the Imperium, forces of Chaos,Orks,Eldarand more.

“亚空间跳跃” - 不要与超光速舰船航行的过程混淆，这"
8	深入打击 Deep Strike	恢复英文词间空格	their	their 	1	example, can use drop pods or have theirTerminatorsenter battle viateleport
8	深入打击 Deep Strike	恢复英文词间空格	the	the 	1	r specialised drop troops, such as theElysian Drop Troopswithgrav-chutes.
8	深入打击 Deep Strike	恢复英文句间空格	.Sp	. Sp	1	t can be achieved via various means.Space Marines, for example, can use d
9	奴隶制度 Slavery	恢复英文词间空格	the	the 	1	Slavery is common in theGalaxyacross multiplesentient speci
9	奴隶制度 Slavery	恢复英文词间空格	the	the 	1	"undation since its inception, when theEmperorstill walked.

自帝国成立以来，奴隶制一直"
9	奴隶制度 Slavery	恢复英文词间空格	of	of 	1	Chapter Serfs, also called helots, ofSpace Marine Chaptersare bound to s
9	奴隶制度 Slavery	恢复英文词间空格	a	a 	1	es making up the teeming masses of aBattle Barge's crew. The galaxy-spa
9	奴隶制度 Slavery	恢复英文词间空格	the	the 	1	nt statues of temples belonging to theEcclesiarchy. Often thinly populate
9	奴隶制度 Slavery	恢复英文词间空格	a	a 	1	al and interstellar slave markets, aFeral Worldslave market, hive city 
9	奴隶制度 Slavery	恢复英文词间空格	Chaptersare	Chapters are	1	lso called helots, of Space Marine Chaptersare bound to serve their masters. Some
9	奴隶制度 Slavery	恢复英文句间空格	.Ch	. Ch	1	ic landscape managing these workers.Chapter Serfs, also called helots, of
9	奴隶制度 Slavery	恢复英文词间空格	the	the 	1	 slave-markets can be regulated by theAdeptus Administratum, barring sale
9	奴隶制度 Slavery	恢复英文句间空格	.Im	. Im	1	e jurisdiction of the Administratum.Imperial Navyvessels too will make re
9	奴隶制度 Slavery	恢复英文词间空格	the	the 	1	ble conditions. Infamously, during theAge of Apostasyand the reign ofGoge
9	奴隶制度 Slavery	恢复英文词间空格	of	of 	1	ng theAge of Apostasyand the reign ofGoge Vandire, theSchola Progeniumwa
9	奴隶制度 Slavery	恢复英文词间空格	the	the 	1	stasyand the reign ofGoge Vandire, theSchola Progeniumwas a highly corrup
9	奴隶制度 Slavery	恢复英文词间空格	the	the 	1	phans were used as slave labour by theEcclesiarchyin mines andmanufactoru
9	奴隶制度 Slavery	恢复英文词间空格	as	as 	1	 would swell Goge Vandire's armies asFrateris TemplarandBrides of the Em
9	奴隶制度 Slavery	恢复英文词间空格	The	The 	1	"**Imperial Navy Slavery 帝国海军奴隶制**

TheNavis Imperialisregularly makes use"
9	奴隶制度 Slavery	恢复英文词间空格	a	a 	1	ocal populations. Whether it be in aHive Citywhile at port or by simply
9	奴隶制度 Slavery	恢复英文词间空格	Worldswhere	Worlds where	1	lavery, such as ones who rulePenal Worldswhere they will be essentially sold mill
9	奴隶制度 Slavery	恢复英文句间空格	.Sh	. Sh	1	ir short lives in their lower decks.Shock-Stavesare also common sight whi
9	奴隶制度 Slavery	恢复英文词间空格	The	The 	1	 from a local district's populace. TheSlaver GuildsofNecromundaare dedica
9	奴隶制度 Slavery	恢复英文词间空格	The	The 	1	"very and the Mechanicus 奴隶制和机械教**

TheAdeptus Mechanicusbelieve that indu"
9	奴隶制度 Slavery	恢复英文词间空格	Worldshave	Worlds have	1	" World Slavery 巢都世界奴隶制**

ManyHive Worldshave entire industries dedicated to gat"
9	奴隶制度 Slavery	恢复英文句间空格	.Jo	. Jo	1	tution, skin-rings or forced labour.Joy-houseswill buy these fresh body-s
9	奴隶制度 Slavery	恢复英文词间空格	The	The 	1	"

Tech-Priest and menials 技术神甫和贫民

TheAdeptus Mechanicus Naval Fleetcorre"
9	奴隶制度 Slavery	恢复英文词间空格	of	of 	1	" done to supplement the population ofBondsmenforArk Mechanicusvessels.

"
9	奴隶制度 Slavery	恢复英文词间空格	the	the 	1	e Imperium. Organisations, such as theTutors, have sprung up to fulfill t
9	奴隶制度 Slavery	恢复英文词间空格	of	of 	1	ave race, the ancient predecessors ofHouse Goliath, are one example.Hous
9	奴隶制度 Slavery	恢复英文词间空格	the	the 	1	willing to skirt the strictures of theLore Mechanicusand dabble intech-he
9	奴隶制度 Slavery	恢复英文词间空格	the	the 	1	"费用来完全控制另一个人。

Typically created by theMagos Biologisof theAdeptus Mechani"
9	奴隶制度 Slavery	恢复英文词间空格	the	the 	1	lly created by theMagos Biologisof theAdeptus Mechanicus, servitors in th
9	奴隶制度 Slavery	恢复英文词间空格	The	The 	1	"nd the Forces of Chaos 奴隶制和混沌势力**

TheForces of Chaosreadily make use of "
9	奴隶制度 Slavery	恢复英文词间空格	The	The 	1	 and materiel for obscure research.TheEye of Terror Slave Warsis one such
9	奴隶制度 Slavery	恢复英文词间空格	Mechanicusand	Mechanicus and	1	o skirt the strictures of the Lore Mechanicusand dabble intech-heresy. Certain clie
9	奴隶制度 Slavery	恢复英文句间空格	.Og	. Og	1	a typical dregs of Imperial society.Ogrynsare generally the most popular 
9	奴隶制度 Slavery	恢复英文句间空格	.Ho	. Ho	1	s of House Goliath, are one example.House Van SaarandMagos Biologisof Nec
9	奴隶制度 Slavery	恢复英文句间空格	.Th	. Th	1	, and materiel for obscure research.The Eye of Terror Slave Warsis one su
9	奴隶制度 Slavery	恢复英文词间空格	the	the 	1	an the playthings of thedaemonsand theChaos Gods. For the glory of Chaos 
9	奴隶制度 Slavery	恢复英文词间空格	the	the 	1	"torial slaves, forced to fight for theBlood God.

战斗坑里可能挤满了角斗士奴隶，他们被迫为血神而"
9	奴隶制度 Slavery	恢复英文词间空格	a	a 	1	rprising individuals might corrupt aSector Lordor invade a star cluster
9	奴隶制度 Slavery	恢复英文词间空格	a	a 	1	"o gather more worlds and slave for aDaemon Prince.

有进取心的人可能会腐化一个星区领主或入"
9	奴隶制度 Slavery	恢复英文词间空格	The	The 	1	"个星区领主或入侵一个星群，以收集更多的世界并为一个恶魔王子做奴隶。

TheDark Mechanicumis known to control "
9	奴隶制度 Slavery	恢复英文词间空格	and	and 	1	ontrol and dominate great fiefdoms andForges, comprised of enslaved thral
9	奴隶制度 Slavery	恢复英文词间空格	of	of 	1	" 奴隶制和混沌星际战士**

There are a variety ofChaos Cultsdedicated to one of the "
9	奴隶制度 Slavery	恢复英文词间空格	the	the 	1	on Worldswill readily be raided by theBlack Legionor other warbands in or
9	奴隶制度 Slavery	恢复英文词间空格	the	the 	1	"奴隶农奴中扮演重要的角色。

Worlds conquered by theWord Bearers'Dark Apostleswill ofte"
9	奴隶制度 Slavery	恢复英文词间空格	The	The 	1	"人口将被打上烙印并戴上锁链，为亚空间的统治力量竖立大纪念碑和神殿。

TheEmperor's Childrenwill often serve "
9	奴隶制度 Slavery	恢复英文词间空格	to	to 	1	 slaves to practice their devotion toSlaanesh. For example,Noise Marines
9	奴隶制度 Slavery	恢复英文词间空格	The	The 	1	accompany their masters in battle. TheKakophonihave their own servant rac
9	奴隶制度 Slavery	恢复英文词间空格	the	the 	1	d fromvoid-bornslaves taken during theLegion Warsthat have become more ap
9	奴隶制度 Slavery	恢复英文词间空格	The	The 	1	"中衰退，这些奴隶变得更像猿，并且对主人发出的听觉瘴气具有独特免疫。

TheDeath Guardoften uses hordes of dis"
9	奴隶制度 Slavery	恢复英文词间空格	the	the 	1	"虚弱的身体和狂热的愤怒攻击敌人。

Warbands such as theLords of Silencerefers to themselve"
9	奴隶制度 Slavery	恢复英文词间空格	The	The 	1	"银河系散布暴虐和破坏。一些钢铁勇士简单地将他们的奴隶称为“血肉”。

TheNight Lordstypically implant a loca"
9	奴隶制度 Slavery	恢复英文词间空格	the	the 	1	"喉咙里植入一个定位信标。

The 9 great cults of theThousand Sonshas worlds which they "
9	奴隶制度 Slavery	恢复英文词间空格	of	of 	1	"s on slaves result in the creation ofTzaangors.

千子的九大教派拥有世界，他们从中汲取资源和巫术"
9	奴隶制度 Slavery	恢复英文词间空格	the	the 	1	lines of another war or be sent to thePlanet of Sorcerersto be used in ex
9	奴隶制度 Slavery	恢复英文词间空格	Legionor	Legion or	1	ill readily be raided by the Black Legionor other warbands in order to gather 
9	奴隶制度 Slavery	恢复英文词间空格	Marinesis	Marines is	1	ion to Slaanesh. For example,Noise Marinesis affix captives with a bizarre arra
9	奴隶制度 Slavery	恢复英文词间空格	the	the 	1	slave prove insufficient.Faenrocof theBlack Legionfound that his slaves w
9	奴隶制度 Slavery	恢复英文词间空格	The	The 	1	"ery and the Dark Eldar 奴隶制与黑暗灵族**

TheDark Eldarare known for their slave"
9	奴隶制度 Slavery	恢复英文词间空格	Eldarare	Eldar are	1	"he Dark Eldar 奴隶制与黑暗灵族**

The Dark Eldarare known for their slave raids across"
9	奴隶制度 Slavery	恢复英文句间空格	.Fa	. Fa	1	eir mortal slave prove insufficient.Faenrocof the Black Legionfound that 
9	奴隶制度 Slavery	恢复英文词间空格	the	the 	1	"间发动奴隶袭击。

Of those dragged through theForbidden Portalto Commorragh, only"
9	奴隶制度 Slavery	恢复英文词间空格	the	the 	1	thrust into the fighting arenas of theWyches. Drukhari sustain themselves
9	奴隶制度 Slavery	恢复英文词间空格	The	The 	1	"人，由于持续的杜鲁卡里入侵，已经沦为鬼城，只剩下前人口的十分之一。

TheMandrakesof the sub-realm ofAelindr"
9	奴隶制度 Slavery	恢复英文词间空格	of	of 	1	"分之一。

TheMandrakesof the sub-realm ofAelindrachtypically ask for slaves "
9	奴隶制度 Slavery	恢复英文词间空格	The	The 	1	pically ask for slaves as payment. TheHaemonculioften take part in raids 
9	奴隶制度 Slavery	恢复英文词间空格	an	an 	1	ulus might be tasked to mind-slave anImperial Knightpilot in order to de
9	奴隶制度 Slavery	恢复英文词间空格	The	The 	1	 in Commoragh's gladiatorial pits. TheWych Cultsmake use of a plethora of
9	奴隶制度 Slavery	恢复英文词间空格	The	The 	1	"*Slavery and other Eldar 奴隶制与灵族**

TheAeldariperspectives on enslavement "
9	奴隶制度 Slavery	恢复英文词间空格	The	The 	1	lavement of their own kind varies. TheAsuryaniofcraftworldsand theExodite
9	奴隶制度 Slavery	恢复英文词间空格	the	the 	1	aries. TheAsuryaniofcraftworldsand theExoditesofMaiden Worldstend to abho
9	奴隶制度 Slavery	恢复英文词间空格	As	As 	1	"

**Slavery and the Orks 奴隶制和欧克**

AsOrk Societyis dominated by its stro"
9	奴隶制度 Slavery	恢复英文词间空格	is	is 	1	lutions to this problem. The first isTributefromOrk Vassals, subservient
9	奴隶制度 Slavery	恢复英文词间空格	from	from 	1	he Orks at least) is slaves. Apart fromMekboyz, the Orks rely on slaves in
9	奴隶制度 Slavery	恢复英文词间空格	of	of 	1	"rots are the most numerous element ofOrk Society

屁精，也被称为埋汰精，是欧克社会中数量最多的"
9	奴隶制度 Slavery	恢复英文词间空格	the	the 	1	g the master from the sun, serving theFungus Winein the master's favourit
9	奴隶制度 Slavery	恢复英文词间空格	the	the 	1	servant bears the brand or mark of theOrk familyhe serves. It is better f
9	奴隶制度 Slavery	恢复英文句间空格	.Ar	. Ar	1	'ssoulthirstonly increases with age.Archonsregularly lead full-scale plan
9	奴隶制度 Slavery	恢复英文句间空格	.Ru	. Ru	1	are overseen by specialistRuntherds.Runtherds are also known as Slavers a
9	奴隶制度 Slavery	恢复英文句间空格	.Hu	. Hu	1	lso known as Slavers among the Orks.Humansin service to the Orks have als
9	奴隶制度 Slavery	恢复英文词间空格	The	The 	1	ain species of slaves over others. TheFreebooterknown asUzgulda Magnifice
9	奴隶制度 Slavery	恢复英文词间空格	as	as 	1	es over others. TheFreebooterknown asUzgulda Magnificent admits to favou
9	奴隶制度 Slavery	恢复英文词间空格	Necronsare	Necrons are	1	"*Slavery and the Necrons 奴隶制和死灵**

Necronsare known to implantMindshackle Scarab"
9	奴隶制度 Slavery	恢复英文词间空格	the	the 	1	"domitable and dark repute, such as theSautekh Dynasty.

一些死灵选择不清除世界上不洁的血肉"
9	奴隶制度 Slavery	恢复英文词间空格	the	the 	1	rs where the weak-fleshed races of theOld Oneslive out their days. They m
9	奴隶制度 Slavery	恢复英文词间空格	The	The 	1	"Slavery and the Tyranids 奴隶制与泰伦**

TheTyranidshave created bioengineered "
9	奴隶制度 Slavery	恢复英文词间空格	the	the 	1	oengineered slave species, such as theZoats. These hormone controlled sla
9	奴隶制度 Slavery	恢复英文词间空格	the	the 	1	" and high intellect ambassadors of theHive Mind.

泰伦创造了生物工程奴隶种族，如佐亚特。这些激素"
9	奴隶制度 Slavery	恢复英文词间空格	Tyranidshave	Tyranids have	1	"ery and the Tyranids 奴隶制与泰伦**

The Tyranidshave created bioengineered slave specie"
11	秩序 The Order	恢复英文词间空格	a	a 	1	"秩序箴言

The Order were the rulers of aHumanempire that resided in theGala"
11	秩序 The Order	恢复英文词间空格	the	the 	1	rs of aHumanempire that resided in theGalaspar Cluster, until the arrival
11	秩序 The Order	恢复英文词间空格	the	the 	1	"spar Cluster, until the arrival of theImperium'sGreat Crusade.

秩序是居住在加拉斯"
11	秩序 The Order	恢复英文词间空格	the	the 	1	"直到帝国的大远征的到来。

**History 历史**

When theImperiumsought to have the Order jo"
11	秩序 The Order	恢复英文词间空格	the	the 	1	msought to have the Order join it, theCluster's rulers, who were led by L
11	秩序 The Order	恢复英文词间空格	the	the 	1	ffer. This gained the attention of thePrimarchMortarion, who made note of
11	秩序 The Order	恢复英文词间空格	his	his 	1	arity to the cruelty the people of hisHomeworld,Barbarus, had once suffer
11	秩序 The Order	恢复英文词间空格	into	into 	1	" and the former empire was brought intoComplianceby the Imperium.

当帝国试图让秩"
12	加迪纳尔 Gardinaal	恢复英文词间空格	a	a 	1	The Gardinaal were aHumancivilization encountered by th
12	加迪纳尔 Gardinaal	恢复英文词间空格	the	the 	1	" aHumancivilization encountered by theImperiumduring theGreat Crusade.

加"
12	加迪纳尔 Gardinaal	恢复英文词间空格	the	the 	1	"n encountered by theImperiumduring theGreat Crusade.

加迪纳尔是帝国在大远征期间遇到的一个人"
12	加迪纳尔 Gardinaal	恢复英文词间空格	as	as 	1	ngle Star System in a region known asAstrid's Necklace, Gardinaal had we
12	加迪纳尔 Gardinaal	恢复英文词间空格	the	the 	1	 Necklace, Gardinaal had weathered theAge of Strifeintact. Having since a
12	加迪纳尔 Gardinaal	恢复英文词间空格	the	the 	1	 saw violence during negotiations, theImperiumwould invade the Gardinaal 
12	加迪纳尔 Gardinaal	恢复英文词间空格	the	the 	1	ld invade the Gardinaal as part of theGreat Crusade. In the subsequentFal
12	加迪纳尔 Gardinaal	恢复英文词间空格	under	under 	1	ation was subdued by the Imperials underFerrus Manus. After the battle, fam
12	加迪纳尔 Gardinaal	恢复英文词间空格	Imperiumduring	Imperium during	1	"mancivilization encountered by the Imperiumduring the Great Crusade.

加迪纳尔是帝国在大远征期间遇"
13	英特雷斯 Interex	恢复英文词间空格	the	the 	1	"mancivilisation during the time of theGreat Crusade.

在大远征时期，英特雷斯是一个高度发达的"
13	英特雷斯 Interex	恢复英文词间空格	of	of 	1	"anguage - an evolved human dialect ofTerra- but very rarely.

英特雷斯是高大的人类"
13	英特雷斯 Interex	恢复英文词间空格	from	from 	1	he Interex were humans originating fromTerra, that created their own civil
13	英特雷斯 Interex	恢复英文词间空格	the	the 	1	 some point they made contact with theEldar, who told them about the dang
13	英特雷斯 Interex	恢复英文词间空格	of	of 	1	r, who told them about the dangers ofChaosand the threat that the inhabi
13	英特雷斯 Interex	恢复英文词间空格	the	the 	1	ter, the Interex made contact with theKinebrach, who were defeated as a r
13	英特雷斯 Interex	恢复英文词间空格	the	the 	1	t the start of the conflict.During theGreat Crusadethe Interex were encou
13	英特雷斯 Interex	恢复英文词间空格	the	the 	1	adethe Interex were encountered by theLuna Wolvesand at that time their c
13	英特雷斯 Interex	恢复英文词间空格	the	the 	1	ny ways more advanced than that of theImperium, but not as strongly focus
13	英特雷斯 Interex	恢复英文词间空格	the	the 	1	vered to be First ChaplainErebusof theWord Bearers) infiltrated the Hall 
13	英特雷斯 Interex	恢复英文词间空格	an	an 	1	dangerous Kinebrach sword known as anAnathame.Fightingbroke out between 
13	英特雷斯 Interex	恢复英文词间空格	by	by 	1	The stolenAnathame, secretly taken byErebus, would be the weapon that la
13	英特雷斯 Interex	恢复英文词间空格	the	the 	1	"before the beginning of the war on theAuretian Technocracy.

致力于对抗混乱（他们称之"
13	英特雷斯 Interex	恢复英文词间空格	the	the 	1	her example of Interex weaponry is theInterex mauler. A lightweight pisto
13	英特雷斯 Interex	恢复英文词间空格	the	the 	1	brocarius. Made first contact with theImperium, meetingHorusand theLuna W
13	英特雷斯 Interex	恢复英文词间空格	the	the 	1	" with theImperium, meetingHorusand theLuna Wolvesafter theWar on Murder
-"
13	英特雷斯 Interex	恢复英文词间空格	the	the 	1	"eetingHorusand theLuna Wolvesafter theWar on Murder
- 迪亚斯·谢恩 - 中间人。与帝国第一个"
13	英特雷斯 Interex	恢复英文词间空格	Chaosand	Chaos and	1	who told them about the dangers of Chaosand the threat that the inhabitants of
13	英特雷斯 Interex	恢复英文句间空格	.At	. At	1	that created their own civilization.At some point they made contact with 
13	英特雷斯 Interex	恢复英文句间空格	.Du	. Du	1	ystems at the start of the conflict.During the Great Crusadethe Interex w
13	英特雷斯 Interex	恢复英文句间空格	.Fi	. Fi	1	inebrach sword known as an Anathame.Fightingbroke out between Space Marin
13	英特雷斯 Interex	恢复英文句间空格	.Th	. Th	1	s successfully evacuated off planet.The stolenAnathame, secretly taken by
13	英特雷斯 Interex	恢复英文句间空格	.La	. La	1	 be aliens in the shape of centaurs.Later it was found the centaur base w
14	奥瑞提安技术联盟 Auretian Technocracy	恢复英文词间空格	the	the 	1	"peditiondestroyed it at the end of theGreat Crusade.

奥瑞提安技术联盟是一个名为德拉科尼斯3"
14	奥瑞提安技术联盟 Auretian Technocracy	恢复英文词间空格	the	the 	1	" armoursimilar to that employed by theAdeptus Astartes.

技术联盟利用至少一个STC模板中"
14	奥瑞提安技术联盟 Auretian Technocracy	恢复英文词间空格	the	the 	1	"阿斯塔特修会所使用的动力盔甲。

Upon encountering theImperium, the ruler of the Technocr"
14	奥瑞提安技术联盟 Auretian Technocracy	恢复英文词间空格	with	with 	1	r Consul) and his honour guard met withWarmasterHoruson theVengeful Spirit
14	奥瑞提安技术联盟 Auretian Technocracy	恢复英文词间空格	the	the 	1	our guard met withWarmasterHoruson theVengeful Spirit. The Consul mention
14	奥瑞提安技术联盟 Auretian Technocracy	恢复英文词间空格	the	the 	1	ince secretly pledged to overthrow theEmperor) drew his pistol, killed th
14	奥瑞提安技术联盟 Auretian Technocracy	恢复英文词间空格	the	the 	1	he Consul on the spot, and ordered theSons of Horusto exterminate the Con
14	奥瑞提安技术联盟 Auretian Technocracy	恢复英文词间空格	Horusto	Horus to	1	 the spot, and ordered the Sons of Horusto exterminate the Consul's Brotherho
15	戈尔迪安联盟 Gordian League	恢复英文词间空格	a	a 	1	The Gordian League was aHumancivilization that alongside it
15	戈尔迪安联盟 Gordian League	恢复英文词间空格	its	its 	1	 aHumancivilization that alongside itsXenosallies battled theImperiumin t
15	戈尔迪安联盟 Gordian League	恢复英文词间空格	the	the 	1	t alongside itsXenosallies battled theImperiumin the later days of theGre
15	戈尔迪安联盟 Gordian League	恢复英文词间空格	the	the 	1	ed theImperiumin the later days of theGreat Crusade. The League was a con
15	戈尔迪安联盟 Gordian League	恢复英文词间空格	by	by 	1	e campaign itself was orchestrated byWarmasterHorus, who hoped to bog do
15	戈尔迪安联盟 Gordian League	恢复英文词间空格	the	the 	1	masterHorus, who hoped to bog down theDark Angelsand their loyalPrimarchL
15	戈尔迪安联盟 Gordian League	恢复英文词间空格	the	the 	1	hile he began his campaign against theEmperor. The Dark Angels were still
15	戈尔迪安联盟 Gordian League	恢复英文词间空格	the	the 	1	idst of the operation when news of theVirus BombingofIsstvan IIIand treac
15	戈尔迪安联盟 Gordian League	恢复英文词间空格	the	the 	1	mbingofIsstvan IIIand treachery of theSons of Horus,World Eaters,Death Gu
15	戈尔迪安联盟 Gordian League	恢复英文词间空格	and	and 	1	of Horus,World Eaters,Death Guard, andEmperor's Childrenreached Lion El'J
15	戈尔迪安联盟 Gordian League	恢复英文词间空格	the	the 	1	tch a smaller hand-picked force to theForge WorldofDiamatto secure its re
15	戈尔迪安联盟 Gordian League	恢复英文词间空格	Imperiumin	Imperium in	1	ngside its Xenosallies battled the Imperiumin the later days of the Great Crusad
16	毁灭兄弟会 The Brotherhood of Ruin	恢复英文词间空格	an	an 	1	The Brotherhood of Ruin was anAbhumanempire operating around theM
16	毁灭兄弟会 The Brotherhood of Ruin	恢复英文词间空格	the	the 	1	s anAbhumanempire operating around theMaelstromduring theGreat Crusadeper
16	毁灭兄弟会 The Brotherhood of Ruin	恢复英文词间空格	the	the 	1	perating around theMaelstromduring theGreat Crusadeperiod. Commanding man
16	毁灭兄弟会 The Brotherhood of Ruin	恢复英文词间空格	of	of 	1	 of small ships and having a force ofOrkmercenaries, the warlords of the
16	毁灭兄弟会 The Brotherhood of Ruin	恢复英文词间空格	the	the 	1	eir cyborg and Ork legions against theAdeptus Mechanicusworld ofSarum. Ho
16	毁灭兄弟会 The Brotherhood of Ruin	恢复英文词间空格	of	of 	1	against theAdeptus Mechanicusworld ofSarum. However they were annihilate
16	毁灭兄弟会 The Brotherhood of Ruin	恢复英文词间空格	the	the 	1	. However they were annihilated by theWorld Eatersin theGolgothan Slaught
16	毁灭兄弟会 The Brotherhood of Ruin	恢复英文词间空格	the	the 	1	"e annihilated by theWorld Eatersin theGolgothan Slaughter.

毁灭兄弟会是一个在大远征时"
16	毁灭兄弟会 The Brotherhood of Ruin	恢复英文词间空格	Mechanicusworld	Mechanicus world	1	nd Ork legions against the Adeptus Mechanicusworld of Sarum. However they were annihi
17	流散者 The Diasporex	恢复英文词间空格	the	the 	1	d prowled interstellar space since theAge of Strifeand had joined with ot
17	流散者 The Diasporex	恢复英文词间空格	the	the 	1	"，并与其他异型种族一起形成了一个共生的多元文化文明。

During theGreat Crusade, theIron Handsencount"
17	流散者 The Diasporex	恢复英文词间空格	the	the 	1	"的多元文化文明。

During theGreat Crusade, theIron Handsencountered the Diasporex"
17	流散者 The Diasporex	恢复英文词间空格	the	the 	1	rom their alien allies and to join theImperium. They declined. In the upc
17	流散者 The Diasporex	恢复英文词间空格	the	the 	1	"，甚至设法损坏了一艘钢铁之手巡洋舰。

At this point, theEmperor's Childrenwere called in as"
17	流散者 The Diasporex	恢复英文词间空格	the	the 	1	 sector. Attacking these stations, theSpace Marinesfleets lured the Diasp
17	流散者 The Diasporex	恢复英文词间空格	the	the 	1	iasporex fleet into open battle at theBattle of the Corollis Star, where 
17	流散者 The Diasporex	恢复英文词间空格	the	the 	1	of seizing the Diasporex ship from thePrimarchFulgrim. The final words of
17	流散者 The Diasporex	恢复英文词间空格	An	An 	1	hey were employed as slave labour. AnAdeptus Mechanicusdetachment from t
18	帝国 Imperium	Field 对应的错别字	盖勒立场	盖勒力场	1	
21	石人 Men of Stone	恢复英文句间空格	.Th	. Th	1	 purpose of deep space colonization.Though physically inferior to their c
23	导师 Sensei	恢复英文句间空格	.Of	. Of	1	erly unmentioned in the second book.Of note is however that the connectio
25	欧格林 Ogryn	恢复英文词间空格	into	into 	1	l warriors and are often recruited intoImperial Guardregiments to be used 
25	欧格林 Ogryn	恢复英文句间空格	.Th	. Th	1	 physically powerful type ofabhuman.They make ideal warriors and are ofte
25	欧格林 Ogryn	恢复英文词间空格	the	the 	1	one of the most contentious within theAdministratum'sAbhuman department. 
25	欧格林 Ogryn	恢复英文句间空格	.Og	. Og	1	iduals to the same extent as humans.Ogryns have a genetic aversion to sma
25	欧格林 Ogryn	恢复英文句间空格	.Va	. Va	1	f strain classification is required.Vat-grown strains of Ogryn exist and 
25	欧格林 Ogryn	恢复英文词间空格	the	the 	1	ch as world to have an interest in theImperial Cult. However, some Ogryn 
25	欧格林 Ogryn	恢复英文词间空格	of	of 	1	e Ogryn take a liking to the tales ofMissionarieswould visit these world
25	欧格林 Ogryn	恢复英文词间空格	as	as 	1	"mselves from invading forces, such asChaos Space Marines.

欧格林世界曾经是帝国存在之"
25	欧格林 Ogryn	恢复英文词间空格	The	The 	1	"如混沌星际战士。

**Imperial Guard 帝国卫队**

TheImperiumputs the Ogryns' qualities "
25	欧格林 Ogryn	恢复英文词间空格	the	the 	1	exity make them ideal warriors for theImperial Guard. The concentration o
25	欧格林 Ogryn	恢复英文词间空格	the	the 	1	sault forces. Once introduced into theImperial Cult, Ogryns develop an un
25	欧格林 Ogryn	恢复英文词间空格	the	the 	1	able and almost childlike faith in theEmperor, seeing Him as watching ove
25	欧格林 Ogryn	恢复英文词间空格	Worldsfrom	Worlds from	1	to have once be ancient humanPenal Worldsfrom ages predating the Imperium's exis
25	欧格林 Ogryn	恢复英文词间空格	the	the 	1	s, they're typically assigned from theMilitarum Auxilla.The unit consists
25	欧格林 Ogryn	恢复英文词间空格	for	for 	1	. Ogryns have a particular respect forCommissars, whom they see as closes
25	欧格林 Ogryn	恢复英文词间空格	of	of 	1	tant to enter the cramped confines ofChimeracarriers.In caution of this 
25	欧格林 Ogryn	恢复英文词间空格	the	the 	1	"，并避免在可能被认为“过于限制”的地形内部署欧格林。

During theHorus Heresy, Ogryns fought on both"
25	欧格林 Ogryn	恢复英文词间空格	the	the 	1	, Ogryns are sometimes modified by theAdeptus Mechanicusintoservitorsand 
25	欧格林 Ogryn	恢复英文词间空格	the	the 	1	ch are known to use ogryns include theCatachan Jungle Fighters,Savlar Che
25	欧格林 Ogryn	恢复英文词间空格	and	and 	1	 Jungle Fighters,Savlar Chem-Dogs, andKanak Skull Takers.Ogryn units incl
25	欧格林 Ogryn	恢复英文词间空格	the	the 	1	k Skull Takers.Ogryn units include theKrourk Ogryn AuxiliaandMonglor Ogry
25	欧格林 Ogryn	恢复英文句间空格	.Li	. Li	1	ed to the regiments of other worlds.Like most specialist abhuman troops, 
25	欧格林 Ogryn	恢复英文句间空格	.Th	. Th	1	assigned from the Militarum Auxilla.The unit consists of squads, each led
25	欧格林 Ogryn	恢复英文句间空格	.Og	. Og	1	as closest to their beloved Emperor.Ogryns are also naturally claustropho
25	欧格林 Ogryn	恢复英文句间空格	.In	. In	1	cramped confines of Chimeracarriers.In caution of this psychological foib
25	欧格林 Ogryn	恢复英文句间空格	.Og	. Og	1	reat size and strength are required.Ogryns are also used as heavy lifters
25	欧格林 Ogryn	恢复英文句间空格	.Og	. Og	1	r Chem-Dogs, and Kanak Skull Takers.Ogryn units include the Krourk Ogryn 
25	欧格林 Ogryn	恢复英文句间空格	.Th	. Th	1	pped for either abruteorslab shield.They can also be converted intomutant
25	欧格林 Ogryn	恢复英文句间空格	.Th	. Th	1	eads,or*Bone'eads*) of Ogryn squads.These Ogryn are sometimes branded wit
25	欧格林 Ogryn	恢复英文词间空格	the	the 	1	mpanied by a Bone'ead Squad during theKauravaCampaign在考拉瓦战役中，万斯·斯塔布斯和多兰·法
25	欧格林 Ogryn	恢复英文词间空格	the	the 	1	one'ead Squad accompany him during theKauravaCampaign.Governor-MilitantLu
25	欧格林 Ogryn	恢复英文词间空格	on	on 	1	"ompany him during the Dark Crusade onKronus.

聪明头小队成员是从聪明头欧格林中选出的，尽管他们的认"
25	欧格林 Ogryn	恢复英文句间空格	.Go	. Go	1	pany him during the KauravaCampaign.Governor-MilitantLukas Alexanderhad a
25	欧格林 Ogryn	恢复英文词间空格	on	on 	1	'ead Squad during the Dark Crusade onKronus在克罗诺斯的黑暗远征中，卢卡斯·亚历山大和安东·盖贝特在一
25	欧格林 Ogryn	恢复英文词间空格	to	to 	1	Ogryn Bone 'Eads would be assigned toLord GeneralCastoras aHonour Guarda
25	欧格林 Ogryn	恢复英文词间空格	a	a 	1	be assigned toLord GeneralCastoras aHonour Guardand accompany him into 
25	欧格林 Ogryn	恢复英文词间空格	Guardand	Guard and	1	"d to Lord GeneralCastoras a Honour Guardand accompany him into battle.

在第三次奥瑞"
25	欧格林 Ogryn	恢复英文词间空格	the	the 	1	rnetically enhanced Ogryns used by theImperial Armyduring theHorus Heresy
25	欧格林 Ogryn	恢复英文词间空格	the	the 	1	"yns used by theImperial Armyduring theHorus Heresy.

喀戎欧格林是帝国军队在荷鲁斯叛乱期间使用"
25	欧格林 Ogryn	恢复英文词间空格	the	the 	1	view as little better than that of theOrkswho plague the Imperium. Imperi
25	欧格林 Ogryn	恢复英文词间空格	as	as 	1	"enaries 欧格林雇佣兵**

Ogryn also serve asMercenariesand are known for workin"
25	欧格林 Ogryn	恢复英文词间空格	Orkswho	Orks who	1	 as little better than that of the Orkswho plague the Imperium. Imperial land
25	欧格林 Ogryn	恢复英文句间空格	.Th	. Th	1	g up for their lack of intelligence.This strength and subservient nature 
25	欧格林 Ogryn	恢复英文句间空格	.Og	. Og	1	irableslavesthroughout the Imperium.Ogryn slaves often make up large port
25	欧格林 Ogryn	恢复英文词间空格	in	in 	1	slave-labour roles to instead work inSquat holdfasts.There they work sid
25	欧格林 Ogryn	恢复英文词间空格	the	the 	1	.There they work side by side with theSquatprospectors as fellow excavato
25	欧格林 Ogryn	恢复英文词间空格	the	the 	1	"

**Ogryn Psykers 欧格林灵能者**

Though theImperial Cultstates that Ogryns are"
25	欧格林 Ogryn	恢复英文词间空格	the	the 	1	), this has changed in the wake of theGreat Rift's creation. APenal Legio
25	欧格林 Ogryn	恢复英文词间空格	A	A 	1	 wake of theGreat Rift's creation. APenal Legionogryn namedCassiadispla
25	欧格林 Ogryn	恢复英文词间空格	named	named 	1	ift's creation. APenal Legionogryn namedCassiadisplayedpsychicabilities in 
25	欧格林 Ogryn	恢复英文词间空格	the	the 	1	icially created through the use of theNecromundadrugGhast. Normally the s
25	欧格林 Ogryn	恢复英文词间空格	the	the 	1	ants temporary psychic powers, but theWyrdUrsan Gravescreated a horrific 
25	欧格林 Ogryn	恢复英文词间空格	the	the 	1	se of Ghast to open their minds to theWarpcaused their bodies to destroy 
25	欧格林 Ogryn	恢复英文词间空格	the	the 	1	e Wyrd then began experimenting on theAbhumansand came upon a breakthroug
25	欧格林 Ogryn	恢复英文词间空格	The	The 	1	"们。

**Ogryn Monstrosities 欧格林怪物**

TheAstra Militarumcan have Ogryn bodyg"
25	欧格林 Ogryn	恢复英文词间空格	into	into 	1	an have Ogryn bodyguards converted intoMutant Monstrosities, they can fiel
25	欧格林 Ogryn	恢复英文词间空格	of	of 	1	Ogryns are also used by the forces ofChaos. Known as Ogryn Brutesand Tra
25	欧格林 Ogryn	恢复英文词间空格	the	the 	1	kly earns themmutantblessings from theChaos Gods. However Chaos Ogryns ar
25	欧格林 Ogryn	恢复英文句间空格	.Th	. Th	1	 to instead work in Squat holdfasts.There they work side by side with the
25	欧格林 Ogryn	恢复英文句间空格	.Ca	. Ca	1	o develop psychic abilities as well.Cassia also had an increased intellec
25	欧格林 Ogryn	恢复英文句间空格	.Ch	. Ch	1	 slow-witted and easily exploitable.Chaos renegades are quick to forcibly
25	欧格林 Ogryn	恢复英文句间空格	.Ch	. Ch	1	 by their more cunningHumancomrades.Chaos Ogryns that have been modified 
25	欧格林 Ogryn	恢复英文词间空格	into	into 	1	re Ogryns that have been converted intoServitors.Examples includeH-Grade C
25	欧格林 Ogryn	恢复英文句间空格	.Ex	. Ex	1	 have been converted into Servitors.Examples includeH-Grade Combat Servit
25	欧格林 Ogryn	恢复英文词间空格	as	as 	1	etimes inducted into their service asGue'vesa. Equipment issued varies b
25	欧格林 Ogryn	恢复英文词间空格	by	by 	1	"can include weaponry normally used byBattlesuits.

欧格林被钛帝国称为欧'格林，有时会以古'维"
26	莱特林 Ratling	恢复英文词间空格	the	the 	1	ure.They rarely find employment in theImperial Guarddue to their physical
26	莱特林 Ratling	恢复英文词间空格	the	the 	1	"employed as snipers specialists in theMilitarum Auxilla.

莱特林（人属智人小型亚种），也"
26	莱特林 Ratling	恢复英文句间空格	.Th	. Th	1	benefiting from their small stature.They rarely find employment in the Im
26	莱特林 Ratling	恢复英文句间空格	.Wi	. Wi	1	gs well suited to the role ofsniper.Within the Imperial Guard, Ratlings a
26	莱特林 Ratling	恢复英文词间空格	Worldsin	Worlds in	1	atlings hail from the very fewAgri Worldsin the Imperium that lack horrific da
26	莱特林 Ratling	恢复英文词间空格	on	on 	1	ute-strength. They often find work onForge Worldsor inmanufactorumswhere
26	莱特林 Ratling	恢复英文词间空格	Worldsor	Worlds or	1	gth. They often find work on Forge Worldsor inmanufactorumswhere they can clim
26	莱特林 Ratling	恢复英文句间空格	.Al	. Al	1	ometimes forgotten about or trapped.Although they are ill-suited for bein
26	莱特林 Ratling	恢复英文句间空格	.Ra	. Ra	1	cut wires when splicing electronics.Ratlings are personable, but on avera
26	莱特林 Ratling	恢复英文句间空格	.Th	. Th	1	al marksmen, as well as pickpockets.These talents combined with a love fo
26	莱特林 Ratling	恢复英文词间空格	the	the 	1	"越各种地形。快速移动时，它们会用脚趾移动。

Ratlings in theImperial Navywill often serve as ch"
26	莱特林 Ratling	恢复英文词间空格	the	the 	1	"y on anyone, from theslave-pens to theCaptain's quarters.

帝国海军的莱特林通常会担任厨"
26	莱特林 Ratling	恢复英文词间空格	the	the 	1	raised on the thrilling stories of theOrnsworld Sagas. These thrilling ta
26	莱特林 Ratling	恢复英文词间空格	a	a 	1	ing even smaller and slighter than aKinof theLeagues of Votann,and thou
26	莱特林 Ratling	恢复英文词间空格	the	the 	1	n smaller and slighter than aKinof theLeagues of Votann,and though their 
26	莱特林 Ratling	恢复英文词间空格	the	the 	1	s make generally poor warriors but theImperiumstill finds a use for them,
26	莱特林 Ratling	恢复英文词间空格	by	by 	1	"val, and are sometimes accompanied byBattlemuttwar dogs.

虽然莱特林通常是糟糕的战士，"
26	莱特林 Ratling	恢复英文句间空格	.In	. In	1	dergrowth without making much noise.In addition, their bare feet allow th
26	莱特林 Ratling	恢复英文句间空格	.Th	. Th	1	g these resources to other soldiers.This is an insignificant price for th
26	莱特林 Ratling	恢复英文句间空格	.Ra	. Ra	1	gs are the smallest type of abhuman.Ratlings rarely reach 1.3 meters in h
26	莱特林 Ratling	恢复英文句间空格	.Th	. Th	1	toenails being as tough asgroxhorns.These nails can grow into, what some 
26	莱特林 Ratling	恢复英文句间空格	.Th	. Th	1	ttlefield roles in which they excel.They also excel as infiltrators, due 
26	莱特林 Ratling	恢复英文句间空格	.Te	. Te	1	aponry andflak armourfor protection.Teams of ratlings sharpshooters are o
26	莱特林 Ratling	恢复英文句间空格	.Co	. Co	1	apons common among veteran soldiers.Conversely it is documented that guar
26	莱特林 Ratling	恢复英文句间空格	.Th	. Th	1	ection of their species isn't clear.The small amount of rations they do r
36	分级 Assignment	删除误重复字	。分级由由二十四	。分级由二十四	1	
36	分级 Assignment	恢复英文词间空格	The	The 	1	TheImperiummeasures and records the ps
36	分级 Assignment	恢复英文词间空格	the	the 	1	"reats. Classifications are made by theScholastica Psykana.

帝国通过一个名为分级或帝国"
36	分级 Assignment	恢复英文词间空格	the	the 	1	 or subconsciously draw power from theImmateriumand are not able to becom
36	分级 Assignment	恢复英文词间空格	the	the 	1	ed and brought to the attention of theInquisitionto protect against harmf
36	分级 Assignment	恢复英文词间空格	a	a 	1	rough force of will, from snapping aTitanin half to summoning a legion 
36	分级 Assignment	恢复英文词间空格	of	of 	1	Titanin half to summoning a legion ofGreater Daemons. A rogue plus psyke
36	分级 Assignment	恢复英文词间空格	the	the 	1	ker represents a great danger, and theOrdo Hereticusof theInquisitioncons
36	分级 Assignment	恢复英文词间空格	the	the 	1	at danger, and theOrdo Hereticusof theInquisitionconsiders them among the
36	分级 Assignment	恢复英文词间空格	a	a 	1	 or even beta over their career as aSanctioned Psyker.This warrants sub
36	分级 Assignment	恢复英文句间空格	.Be	. Be	1	eirdboyzall fall into this category.Beings such asdaemonsof the warp are 
36	分级 Assignment	恢复英文句间空格	.Th	. Th	1	are made of purely psychic energies.There are species, like thetau, which
36	分级 Assignment	恢复英文句间空格	.Th	. Th	1	devoid of psykers or psychic powers.There are even beings which could be 
36	分级 Assignment	恢复英文句间空格	.Du	. Du	1	ykers, humanblanksandnecron pariahs.Due to their use in the armies of Man
36	分级 Assignment	恢复英文句间空格	.Wh	. Wh	1	ing's naming convention is reversed.When uncontained, plus psykers repres
36	分级 Assignment	恢复英文句间空格	.It	. It	1	 an individual can change over time.It is not uncommon for a psyker to un
36	分级 Assignment	恢复英文句间空格	.Th	. Th	1	their career as a Sanctioned Psyker.This warrants subsequent reclassifica
38	第二帝国 Imperium Secundus	恢复英文词间空格	a	a 	1	Imperium Secundus was aHumanempire on theEastern Fringeof 
38	第二帝国 Imperium Secundus	恢复英文词间空格	the	the 	1	erium Secundus was aHumanempire on theEastern Fringeof theGalaxyformed in
38	第二帝国 Imperium Secundus	恢复英文词间空格	the	the 	1	Humanempire on theEastern Fringeof theGalaxyformed in 009.M31during theHo
38	第二帝国 Imperium Secundus	恢复英文词间空格	the	the 	1	f theGalaxyformed in 009.M31during theHorus Heresy. At its peak, it compr
38	第二帝国 Imperium Secundus	恢复英文词间空格	of	of 	1	" and was centered around the realm ofUltramar.

第二帝国是一个位于银河系东部边缘的人类帝国，成立"
38	第二帝国 Imperium Secundus	恢复英文词间空格	by	by 	1	 result of massiveRuinstormcreated byErebusin theShadow CrusadetheAstron
38	第二帝国 Imperium Secundus	恢复英文词间空格	the	the 	1	massiveRuinstormcreated byErebusin theShadow CrusadetheAstronomicanhad be
38	第二帝国 Imperium Secundus	恢复英文词间空格	the	the 	1	mpossible and effectively dividing theImperiumin half. Seeing the dire st
38	第二帝国 Imperium Secundus	恢复英文词间空格	of	of 	1	te a new Imperium should the power ofTerrafall. Guilliman had little kno
38	第二帝国 Imperium Secundus	恢复英文词间空格	of	of 	1	ge of what was transpiring outside ofUltramar, and decided that rebuildi
38	第二帝国 Imperium Secundus	恢复英文词间空格	Imperiumin	Imperium in	1	sible and effectively dividing the Imperiumin half. Seeing the dire state of hum
38	第二帝国 Imperium Secundus	恢复英文词间空格	the	the 	1	WarsmithBarabas Dantiochactivating thePharos, warriors of the Emperor and
38	第二帝国 Imperium Secundus	恢复英文词间空格	the	the 	1	f the Emperor and refugees fleeing theShadow Crusadewere able to find the
38	第二帝国 Imperium Secundus	恢复英文词间空格	to	to 	1	 through the Ruinstorm and make it toMacragge. Soon, Guilliman was joine
38	第二帝国 Imperium Secundus	恢复英文词间空格	the	the 	1	ed by his brotherLion El'Jonsonand theDark Angels.The comatose body ofVul
38	第二帝国 Imperium Secundus	恢复英文词间空格	of	of 	1	d theDark Angels.The comatose body ofVulkanwas eventually brought to Imp
38	第二帝国 Imperium Secundus	恢复英文词间空格	the	the 	1	ell, joined by scattered forces of theSalamandersunderZytos,Raven Guardun
38	第二帝国 Imperium Secundus	恢复英文词间空格	and	and 	1	a,Imperial FistsunderAlexis Polux, andSpace WolvesunderFaffnr Bludbroder.
38	第二帝国 Imperium Secundus	恢复英文词间空格	the	the 	1	derFaffnr Bludbroder.Sanguiniusand theBlood Angels, fresh from theBattle 
38	第二帝国 Imperium Secundus	恢复英文词间空格	the	the 	1	iusand theBlood Angels, fresh from theBattle of Signus Prime, were among 
38	第二帝国 Imperium Secundus	恢复英文词间空格	as	as 	1	e same trap of self-aggrandizement asHorus, Guilliman refused to crown h
38	第二帝国 Imperium Secundus	恢复英文词间空格	the	the 	1	a reluctantSanguinius, Primarch of theBlood Angels, who was named Imperat
38	第二帝国 Imperium Secundus	恢复英文词间空格	to	to 	1	Imperium Secundus, a title similar toWarmaster.A major test for Imperium
38	第二帝国 Imperium Secundus	恢复英文词间空格	the	the 	1	 for Imperium Secundus came during theBattle of Sotha, where Imperial for
38	第二帝国 Imperium Secundus	恢复英文词间空格	the	the 	1	ge under martial law and deploying theDreadwingto devastate rebellious ar
38	第二帝国 Imperium Secundus	恢复英文词间空格	of	of 	1	ealm of Ultramar under the Regency ofValentus Dolor. Guilliman, Sanguini
38	第二帝国 Imperium Secundus	恢复英文词间空格	Crusadewere	Crusade were	1	or and refugees fleeing the Shadow Crusadewere able to find their way through the
38	第二帝国 Imperium Secundus	恢复英文句间空格	.Th	. Th	1	erLion El'Jonsonand the Dark Angels.The comatose body of Vulkanwas eventu
38	第二帝国 Imperium Secundus	恢复英文句间空格	.Sa	. Sa	1	 Space WolvesunderFaffnr Bludbroder.Sanguiniusand the Blood Angels, fresh
38	第二帝国 Imperium Secundus	恢复英文句间空格	.Af	. Af	1	illiman, his forces were victorious.After the battle, Guilliman and Lion 
41	帝国天鹰 Aquila	恢复英文词间空格	the	the 	1	a two-headed eagle that symbolizes thePax Imperialis, the oath that binds
41	帝国天鹰 Aquila	恢复英文词间空格	the	the 	1	perialservants under the banner of theEmperor of Mankind.It is a universa
41	帝国天鹰 Aquila	恢复英文词间空格	the	the 	1	.It also is the heraldic device of theImperial stateand at the same time 
41	帝国天鹰 Aquila	恢复英文词间空格	the	the 	1	nd at the same time holy symbol of theImperial Cult.The double-headed eag
41	帝国天鹰 Aquila	恢复英文词间空格	the	the 	1	eagle also represents the union of theMechanicumofMarsand the Emperoror b
41	帝国天鹰 Aquila	恢复英文词间空格	and	and 	1	"Marsand the Emperoror between Mars andTerra.

天鹰（复数：天鹰）（也称为帝国天鹰、大天鹰和帝国鹰）通"
41	帝国天鹰 Aquila	恢复英文词间空格	Emperoror	Emperor or	1	"ion of the MechanicumofMarsand the Emperoror between Mars and Terra.

天鹰（复数：天鹰）"
41	帝国天鹰 Aquila	恢复英文句间空格	.It	. It	1	he banner of the Emperor of Mankind.It is a universal symbol within the I
41	帝国天鹰 Aquila	恢复英文句间空格	.It	. It	1	resents the dominion of the Emperor.It is also said that the Eagle and it
41	帝国天鹰 Aquila	恢复英文句间空格	.It	. It	1	oyalty to the Emperor as its master.It also is the heraldic device of the
41	帝国天鹰 Aquila	恢复英文句间空格	.Th	. Th	1	me holy symbol of the Imperial Cult.The double-headed eagle also represen
41	帝国天鹰 Aquila	恢复英文词间空格	the	the 	1	"

The*Aquila*, symbol of theImperium of Mankind 天鹰，人类帝国的标志

**H"
41	帝国天鹰 Aquila	恢复英文词间空格	the	the 	1	aptor Imperialis) as the symbol of theImperiumtheEmperor's personal devic
41	帝国天鹰 Aquila	恢复英文词间空格	the	the 	1	umtheEmperor's personal device was theThunderbolt and lightningemblem whi
41	帝国天鹰 Aquila	恢复英文词间空格	the	the 	1	htningemblem which was used during theUnification Wars.But the*Imperial E
41	帝国天鹰 Aquila	恢复英文句间空格	.Bu	. Bu	1	as used during the Unification Wars.But the*Imperial Eagle*also is a symb
41	帝国天鹰 Aquila	恢复英文词间空格	the	the 	1	uras used during the wars to unify theTerransystem without*Aquilae*Mark 1
41	帝国天鹰 Aquila	恢复英文词间空格	to	to 	1	 the newly-foundFulgrimwas brought toTerraby theEmperorto join his, Fulg
41	帝国天鹰 Aquila	恢复英文词间空格	the	the 	1	-foundFulgrimwas brought toTerraby theEmperorto join his, Fulgrim's,Legio
41	帝国天鹰 Aquila	恢复英文词间空格	on	on 	1	 already being used more generally onPower Armourduring this and later t
41	帝国天鹰 Aquila	恢复英文词间空格	Terraby	Terra by	1	e newly-foundFulgrimwas brought to Terraby the Emperorto join his, Fulgrim's,
41	帝国天鹰 Aquila	恢复英文词间空格	Emperorto	Emperor to	1	dFulgrimwas brought to Terraby the Emperorto join his, Fulgrim's,LegionthePrima
41	帝国天鹰 Aquila	恢复英文句间空格	.Po	. Po	1	 the only Legion permitted to do so.Possibly the*Aquila*was also already 
41	帝国天鹰 Aquila	恢复英文词间空格	as	as 	1	at least a five*Aquila*coin in use asImperialcurrency in the time prior 
41	帝国天鹰 Aquila	恢复英文词间空格	the	the 	1	"erialcurrency in the time prior to theHorus Heresy.

在荷鲁斯叛乱之前，至少有一种五天鹰币被用"
41	帝国天鹰 Aquila	恢复英文词间空格	the	the 	1	"Heresy 荷鲁斯叛乱**

Towards the end of theHorus Heresywhen the final battle f"
41	帝国天鹰 Aquila	恢复英文词间空格	for	for 	1	eHorus Heresywhen the final battle forMarswas underway thearmourdevelopme
41	帝国天鹰 Aquila	恢复英文词间空格	to	to 	1	ent teams were evacuated from Mars toTerrawhere they continued their wor
41	帝国天鹰 Aquila	恢复英文词间空格	the	the 	1	work. The result of their work was theMark 7*Armorum Impetor*or*Eagle Arm
41	帝国天鹰 Aquila	恢复英文词间空格	Heresywhen	Heresy when	1	"叛乱**

Towards the end of the Horus Heresywhen the final battle for Marswas under"
41	帝国天鹰 Aquila	恢复英文词间空格	Terrawhere	Terra where	1	 teams were evacuated from Mars to Terrawhere they continued their work. The res
41	帝国天鹰 Aquila	恢复英文词间空格	the	the 	1	aterium*while the other gazes into theImmaterium.Other sources associate 
41	帝国天鹰 Aquila	恢复英文词间空格	the	the 	1	rces associate the blind head with theAdeptus Astronomicaand the seeing h
41	帝国天鹰 Aquila	恢复英文词间空格	the	the 	1	"stronomicaand the seeing head with theAdeptus Astra Telepathica.

天鹰最常见的是"
41	帝国天鹰 Aquila	恢复英文句间空格	.Ot	. Ot	1	the other gazes into the Immaterium.Other sources associate the blind hea
41	帝国天鹰 Aquila	恢复英文词间空格	The	The 	1	"

TheAquila 天鹰

The left wing (as seen f"
41	帝国天鹰 Aquila	恢复英文词间空格	the	the 	1	e viewer's perspective) represents theAdeptus Astra Telepathicawhile the 
41	帝国天鹰 Aquila	恢复英文词间空格	the	the 	1	icawhile the right wing represents theAdeptus Mechanicus.The Eagle's body
41	帝国天鹰 Aquila	恢复英文词间空格	the	the 	1	anicus.The Eagle's body stands for theAdeptus Custodes, while the left, s
41	帝国天鹰 Aquila	恢复英文词间空格	the	the 	1	e viewer's perspective) represents theAdministratumand the right, crooked
41	帝国天鹰 Aquila	恢复英文词间空格	the	the 	1	"stratumand the right, crooked claw theAdeptus Arbites.

左翼（从观看者的角度看）代表星语庭"
41	帝国天鹰 Aquila	恢复英文词间空格	the	the 	1	sed throughout the galaxy wherever theImperiumwishes to proclaim its auth
41	帝国天鹰 Aquila	恢复英文词间空格	the	the 	1	iners etc. and - at least prior to theHorus Heresy- also currency, i.e. o
41	帝国天鹰 Aquila	恢复英文词间空格	by	by 	1	"币：

- *Aquilae*are frequently worn byImperialservants, for example on cl"
41	帝国天鹰 Aquila	恢复英文句间空格	.Th	. Th	1	g represents the Adeptus Mechanicus.The Eagle's body stands for the Adept
41	帝国天鹰 Aquila	恢复英文句间空格	.Ty	. Ty	1	iumwishes to proclaim its authority.Typical examples include architecture
41	帝国天鹰 Aquila	恢复英文词间空格	On	On 	1	"

OnSpace Marines 在星际战士身上

"
41	帝国天鹰 Aquila	恢复英文词间空格	a	a 	1	"

On aSister of Battle 在战斗修女身上

"
41	帝国天鹰 Aquila	恢复英文词间空格	an	an 	1	"

On the shoulder guard of anOgryn 在欧格林肩甲上

- The Aquila typical"
41	帝国天鹰 Aquila	恢复英文词间空格	The	The 	1	"

TheAquila Token 天鹰标

- It also appears"
41	帝国天鹰 Aquila	恢复英文词间空格	a	a 	1	"

On the bulldozer blade of aLeman Russ Battle Tank 黎曼鲁斯战斗坦克的推土铲"
41	帝国天鹰 Aquila	恢复英文词间空格	a	a 	1	"

On aStorm bolter 在风暴爆矢枪上

"
41	帝国天鹰 Aquila	恢复英文词间空格	a	a 	1	"

On aBolter 在爆矢枪上

An*Aquila*as a form o"
41	帝国天鹰 Aquila	恢复英文词间空格	of	of 	1	"aBolter 在爆矢枪上

An*Aquila*as a form ofImperial Currency 天鹰作为帝国货币的一种形式

"
41	帝国天鹰 Aquila	恢复英文词间空格	the	the 	1	*Aquila*) is a sign of devotion to theImperiumalso used for example as a 
41	帝国天鹰 Aquila	恢复英文词间空格	against	against 	1	 for example as a sign of defiance againstWarp entities. It was used a sign o
41	帝国天鹰 Aquila	恢复英文词间空格	the	the 	1	"上的。

This gesture is equivalent to theCult Mechanicus' gesture, thesign o"
41	帝国天鹰 Aquila	恢复英文词间空格	and	and 	1	the cog. It is common for Imperial andAdeptus Mechanicusforces working to
41	帝国天鹰 Aquila	恢复英文词间空格	Marinesand	Marines and	1	mal greeting between at leastSpace Marinesand as a sign of respect towards falle
41	帝国天鹰 Aquila	恢复英文词间空格	Mechanicusforces	Mechanicus forces	1	is common for Imperial and Adeptus Mechanicusforces working together to make each othe
41	帝国天鹰 Aquila	恢复英文词间空格	the	the 	1	"

Above theGolden Throne 在黄金王座上

"
41	帝国天鹰 Aquila	恢复英文词间空格	the	the 	1	"

As used by theInquisition 被审判庭使用

"
41	帝国天鹰 Aquila	恢复英文词间空格	the	the 	1	"

As used by theOfficio Assassinorum被刺客庭使用

"
41	帝国天鹰 Aquila	恢复英文词间空格	The	The 	1	"

TheSaturn*Saturnine Aquila*is placed o"
41	帝国天鹰 Aquila	恢复英文词间空格	of	of 	1	uila*is placed on the breastplates ofSaturnine Pattern Terminator Armour
41	帝国天鹰 Aquila	恢复英文词间空格	the	the 	1	ncorporates the lightning bolts of theRaptor Imperialis 大远征时期的天鹰，融合了帝国猛禽的
41	帝国天鹰 Aquila	恢复英文词间空格	the	the 	1	"

**Trivia 琐事**

*Aquila*simply is theLatin and Romance languages word fo"
41	帝国天鹰 Aquila	恢复英文词间空格	the	the 	1	irectly associated with its use by theByzantine Empire, whose use of it r
41	帝国天鹰 Aquila	恢复英文词间空格	as	as 	1	users of the emblem are as diverse asAlbania,Serbia,MontenegroandRussia,
41	帝国天鹰 Aquila	恢复英文词间空格	the	the 	1	lbania,Serbia,MontenegroandRussia, theHellenic Army, different Orthodox C
41	帝国天鹰 Aquila	恢复英文词间空格	as	as 	1	tian Churches and also cities such asToledo (Spain),Velletri (Italy),Rij
41	帝国天鹰 Aquila	恢复英文词间空格	the	the 	1	Due to the lack of supplies during theHorus Heresythe different marks ofP
41	帝国天鹰 Aquila	恢复英文词间空格	of	of 	1	theHorus Heresythe different marks ofPower Armourincluding older ones we
41	帝国天鹰 Aquila	恢复英文词间空格	in	in 	1	"es 来源冲突**

The image of the*Aquila*inWarhammer 40,000: Rogue Traderrelat"
42	帝国货币 Imperial Currencies	恢复英文词间空格	the	the 	1	ypes of money that are used across theImperium. Whilehumanlife itself is 
42	帝国货币 Imperial Currencies	恢复英文词间空格	on	on 	1	"

Examples of currency used onLyubov 柳波夫上使用的货币示例

**Overview 概述**"
42	帝国货币 Imperial Currencies	恢复英文词间空格	the	the 	1	"ind are as varied as the worlds of theGalaxy.

一般来说，货币由特定地区常见的交换单元组成 — 政府"
42	帝国货币 Imperial Currencies	恢复英文词间空格	as	as 	1	"的世界一样多种多样。

A major trade hub such asPort Wander, situated on the border"
42	帝国货币 Imperial Currencies	恢复英文词间空格	the	the 	1	er, situated on the border between theCalixis SectorandKoronus Expanse, m
42	帝国货币 Imperial Currencies	恢复英文词间空格	and	and 	1	currencies brought in by merchants andRogue Traders- even some that were 
42	帝国货币 Imperial Currencies	恢复英文词间空格	the	the 	1	 place, even the money-changers of theAdministratummay prove corrupt or s
42	帝国货币 Imperial Currencies	恢复英文词间空格	and	and 	1	 a weakness. More ruthless pirates andCorsairsmight trade in hacksilver, 
42	帝国货币 Imperial Currencies	恢复英文词间空格	the	the 	1	e value of goods and materials for theImperial Tithein comparison to othe
42	帝国货币 Imperial Currencies	恢复英文词间空格	a	a 	1	"因子**

The great wealth afforded by aRogue Trader, coupled with the shee"
42	帝国货币 Imperial Currencies	恢复英文句间空格	.Pr	. Pr	1	culated by his or her loyal scribes.Profit Factor can be used to measure 
44	帝国文化 Imperium Culture	恢复英文词间空格	the	the 	1	The culture of theImperiumcan be said to be cosmopoli
44	帝国文化 Imperium Culture	恢复英文词间空格	The	The 	1	 during the earlyAge of Expansion. TheNalsheenand theSleepwalkersofGereon
44	帝国文化 Imperium Culture	恢复英文词间空格	the	the 	1	lyAge of Expansion. TheNalsheenand theSleepwalkersofGereonuse one such Ol
44	帝国文化 Imperium Culture	恢复英文词间空格	The	The 	1	"用了一种基于古哥特语的方言。很少有蛮荒和封建世界有讲高哥特语的人。

TheAdeptus Mechanicus, while cognisant"
44	帝国文化 Imperium Culture	恢复英文词间空格	as	as 	1	" own collection of languages known asCant Mechanicus.

机械神教虽然熟悉哥特语，但更愿意使"
44	帝国文化 Imperium Culture	恢复英文词间空格	the	the 	1	 from the ritualisticThoughtmarkof theSisters of Silenceto the battlefiel
44	帝国文化 Imperium Culture	恢复英文词间空格	the	the 	1	"the battlefield-bornBattle-Signsof theAstartes.

也存在许多手语，其起源范围从寂静修女的仪式思想印"
44	帝国文化 Imperium Culture	恢复英文词间空格	the	the 	1	"The Spheres of Longing"" written by theInquisitorGideon Ravenorand ""Reflec"
44	帝国文化 Imperium Culture	恢复英文词间空格	the	the 	1	" ""Reflections and Odes"" written by theRemembrancer-poetIgnace Karkasy.

著"
44	帝国文化 Imperium Culture	恢复英文词间空格	the	the 	1	 Imperial Cult. The cult venerates theEmperoras a divine being, borne out
44	帝国文化 Imperium Culture	恢复英文词间空格	the	the 	1	 cult appear across thegalaxy, and theAdeptus Terrainvestigates some of t
44	帝国文化 Imperium Culture	恢复英文词间空格	the	the 	1	same manner: for instance, some of theAdeptus Astarteschapters' beliefs w
44	帝国文化 Imperium Culture	恢复英文词间空格	the	the 	1	"
Mass media, rigidly controlled by theEcclesiarchyand the state, is usual"
44	帝国文化 Imperium Culture	恢复英文词间空格	of	of 	1	can be watched thanks to some form ofHololithic Projector. Examples incl
44	帝国文化 Imperium Culture	恢复英文词间空格	the	the 	1	ince the end of the epoch known as theDark Age of Technology, mankind's t
44	帝国文化 Imperium Culture	恢复英文词间空格	as	as 	1	ing officials of the Imperium such asAdeptsand members of theInquisition
44	帝国文化 Imperium Culture	恢复英文词间空格	the	the 	1	perium such asAdeptsand members of theInquisitionare most likely to have 
44	帝国文化 Imperium Culture	恢复英文词间空格	as	as 	1	 Imperium, includingguardsmen(such asDomorfrom theTanith Firstregiment),
44	帝国文化 Imperium Culture	恢复英文词间空格	the	the 	1	ncludingguardsmen(such asDomorfrom theTanith Firstregiment), and Space Ma
44	帝国文化 Imperium Culture	恢复英文词间空格	the	the 	1	"the rich (such as CaptainMaxillaof theEssene).

一般来说，仿生可供帝国的士兵使用，包括卫兵（如塔尼"
44	帝国文化 Imperium Culture	恢复英文词间空格	the	the 	1	truct (STC) is a system created in theDark Age of Technologyto assist col
44	帝国文化 Imperium Culture	恢复英文词间空格	The	The 	1	a of the Imperium, very few exist. TheAdeptus Mechanicusis constantly sea
44	帝国文化 Imperium Culture	恢复英文词间空格	the	the 	1	"ce医学

Public health is overseen by theOfficio Medicae, a division of theA"
44	帝国文化 Imperium Culture	恢复英文词间空格	the	the 	1	 theOfficio Medicae, a division of theAdeptus Administratum, and various 
44	帝国文化 Imperium Culture	恢复英文词间空格	to	to 	1	e wealthy and powerful have access toJuvenattreatments to prolong their 
44	帝国文化 Imperium Culture	恢复英文词间空格	Emperoras	Emperor as	1	erial Cult. The cult venerates the Emperoras a divine being, borne out by a num
44	帝国文化 Imperium Culture	恢复英文词间空格	Mechanicusis	Mechanicus is	1	erium, very few exist. The Adeptus Mechanicusis constantly searching for any rumou
44	帝国文化 Imperium Culture	恢复英文句间空格	.Ve	. Ve	1	e one such Old Gothic-based dialect.Very fewferalandfeudal worldshave nat
44	帝国文化 Imperium Culture	恢复英文句间空格	.Le	. Le	1	anetary histories, law and religion.Less serious reading exists as well i
44	帝国文化 Imperium Culture	恢复英文句间空格	.Bo	. Bo	1	nal library to entirearchive-worlds.Bookshops exist as well in the Imperi
44	帝国文化 Imperium Culture	恢复英文句间空格	.Wa	. Wa	1	 are other gods that demand worship.Warp entitiesrequire tribute in order
44	帝国文化 Imperium Culture	恢复英文句间空格	.Th	. Th	1	 while still others venerate aliens.These deviant cults are the maggot-ri
44	帝国文化 Imperium Culture	恢复英文句间空格	.Ci	. Ci	1	o expensive for a commoner to enjoy.Circuses and traveling fairs exist in
44	帝国文化 Imperium Culture	恢复英文句间空格	.Th	. Th	1	h Firstregiment), and Space Marines.They are also available to other serv
47	帝国历法 Imperial Calendar	恢复英文词间空格	the	the 	1	l Imperial Calendar was created by theEmperor of Mankindsometime before t
47	帝国历法 Imperial Calendar	恢复英文词间空格	the	the 	1	 Mankindsometime before the end of theGreat Crusade. By the42nd millenium
47	帝国历法 Imperial Calendar	恢复英文词间空格	The	The 	1	s of the original calendar existed.TheImperialCalendar bases its years on
47	帝国历法 Imperial Calendar	恢复英文词间空格	the	the 	1	mperialCalendar bases its years on theAnno Dominisystem, beginning at1AD/
47	帝国历法 Imperial Calendar	恢复英文词间空格	on	on 	1	e; 456/M41. These specify the year onTerra.Only the year is used by Impe
47	帝国历法 Imperial Calendar	恢复英文词间空格	the	the 	1	"nders for local events,for example theVigilus Template.

最初的帝国历法是由人类帝皇在大远"
47	帝国历法 Imperial Calendar	恢复英文词间空格	the	the 	1	"nostrife时间冲突**

Between the end of theGreat Crusadeand the formation of t"
47	帝国历法 Imperial Calendar	恢复英文词间空格	the	the 	1	eGreat Crusadeand the formation of theGreat Riftin the ending stages of t
47	帝国历法 Imperial Calendar	恢复英文词间空格	the	the 	1	nium, a conflict had arisen within theOrdo Chronoson the what the correct
47	帝国历法 Imperial Calendar	恢复英文词间空格	Crusadeand	Crusade and	1	"冲突**

Between the end of the Great Crusadeand the formation of the Great Riftin "
47	帝国历法 Imperial Calendar	恢复英文句间空格	.Th	. Th	1	ns of the original calendar existed.The ImperialCalendar bases its years 
47	帝国历法 Imperial Calendar	恢复英文句间空格	.On	. On	1	41. These specify the year on Terra.Only the year is used by Imperial Cit
47	帝国历法 Imperial Calendar	恢复英文句间空格	.Fo	. Fo	1	M, followed by the millenial number.For example the years between 2001 an
47	帝国历法 Imperial Calendar	恢复英文句间空格	.Ro	. Ro	1	 heretical tendencies going further.Roboute Guillimanupon learning of thi
48	帝国饮食 Imperium Food	恢复英文词间空格	The	The 	1	TheImperiumis a massive empire spannin
48	帝国饮食 Imperium Food	恢复英文词间空格	of	of 	1	rded instance,Tona Criid, a native ofVervunhiveonVerghast, mistook camou
48	帝国饮食 Imperium Food	恢复英文词间空格	The	The 	1	"甘油三酯凝胶和氨基粥为生，也以在射击练习中猎杀的当地野生动物为生。

TheDark Angelsare known to consume nut"
48	帝国饮食 Imperium Food	恢复英文词间空格	of	of 	1	enomous snake, is a famed beverage ofHive PrimusonNecromunda. The Tanith
48	帝国饮食 Imperium Food	恢复英文词间空格	as	as 	1	ink a now field-brewed drink known asSacra, a particularly strong brew.D
48	帝国饮食 Imperium Food	恢复英文词间空格	the	the 	1	ve been consumed by the Marines of theEmperor's ChildrenSpace Marine Legi
48	帝国饮食 Imperium Food	恢复英文词间空格	The	The 	1	"gh illegal.

异型种植的小麦也并不陌生，尽管是非法的。

TheTauhave been known to usenim ko’nai"
48	帝国饮食 Imperium Food	恢复英文词间空格	as	as 	1	Orkoid Fungus-based lifeforms such asSquigsbut they also drink fungus-be
48	帝国饮食 Imperium Food	恢复英文词间空格	Imperiumis	Imperium is	1	The Imperiumis a massive empire spanning thegalax
48	帝国饮食 Imperium Food	恢复英文词间空格	Marineshave	Marines have	1	"漆误认为是供应给世界之外的塔尼斯第一兵团的一种食物膏。

Space Marineshave been known to subsist ontriglyceri"
48	帝国饮食 Imperium Food	恢复英文词间空格	Orksare	Orks are	1	"as rations.

众所周知，钛人使用尼姆·科'奈作为口粮。

Orksare known to eat otherOrkoid Fungus-ba"
48	帝国饮食 Imperium Food	恢复英文句间空格	.Wi	. Wi	1	lar alcoholic drink in the Imperium.Wildsnake, a form of alcohol that con
48	帝国饮食 Imperium Food	恢复英文句间空格	.Do	. Do	1	s Sacra, a particularly strong brew.Doomberry Juicehas tranquilising effe
48	帝国饮食 Imperium Food	恢复英文句间空格	.El	. El	1	dible byhumans, or at leastAstartes.Eldarfood is known to have been consu
49	无束阿斯塔特统治 The Reign of the Astartes Unfettered	恢复英文词间空格	the	the 	1	the Astartes Unfettered was an era theImperiumwould have entered, ifWarma
49	无束阿斯塔特统治 The Reign of the Astartes Unfettered	恢复英文词间空格	the	the 	1	"rmasterHorushad been victorious in theSiege of Terra.

如果战帅荷鲁斯在泰拉围城中获胜，帝国"
49	无束阿斯塔特统治 The Reign of the Astartes Unfettered	恢复英文词间空格	the	the 	1	"

**Description 描述**

According to theIron WarriorOrtag Theokon, the era "
49	无束阿斯塔特统治 The Reign of the Astartes Unfettered	恢复英文词间空格	the	the 	1	orOrtag Theokon, the era would see theImperiumreconstructed, so that it w
49	无束阿斯塔特统治 The Reign of the Astartes Unfettered	恢复英文词间空格	the	the 	1	onstructed, so that it was free of theEmperor's influence. Thus allowing 
49	无束阿斯塔特统治 The Reign of the Astartes Unfettered	恢复英文词间空格	the	the 	1	" the Emperor emerged victorious in theSiege of Terra.

根据钢铁勇士奥尔塔格·西奥康的说法，"
50	麻醉药物 Narcotics	恢复英文词间空格	the	the 	1	aled via filters) is popular among theImperiumcitizenry and military (in 
50	麻醉药物 Narcotics	恢复英文词间空格	the	the 	1	zenry and military (in the case of theImperial Guardand the variousPDFs).
50	麻醉药物 Narcotics	恢复英文词间空格	Guardand	Guard and	1	itary (in the case of the Imperial Guardand the variousPDFs).Obscurais another
51	硅基知灵 Silica Animus	删除误重复字	有生命的的智能力	有生命的智能力	1	
51	硅基知灵 Silica Animus	恢复英文词间空格	the	the 	1	ece of technology forbidden within theImperiumthat involves the creation 
51	硅基知灵 Silica Animus	恢复英文词间空格	the	the 	1	"涉及创造人工思维。

**Overview 概述**

During theDark Age of Technology, these intel"
51	硅基知灵 Silica Animus	恢复英文词间空格	the	the 	1	 time, and by a personal decree of theEmperorhimself, it has been forbidd
51	硅基知灵 Silica Animus	恢复英文词间空格	to	to 	1	a Animus are especially vulnerable toChaoscorruption, seeing inDaemonson
51	硅基知灵 Silica Animus	恢复英文词间空格	in	in 	1	lnerable toChaoscorruption, seeing inDaemonsonly a powerful resource to 
51	硅基知灵 Silica Animus	恢复英文词间空格	The	The 	1	" the Adeptus Mechanicus 机械神教的观点**

TheAdeptus Mechanicusabhor Abominable "
51	硅基知灵 Silica Animus	恢复英文词间空格	the	the 	1	. As such, it is no longer part of theOmnissiah's great plan and is damna
51	硅基知灵 Silica Animus	恢复英文词间空格	the	the 	1	"造。

According to the traditions of theAdeptus Mechanicus, such creations "
51	硅基知灵 Silica Animus	恢复英文词间空格	the	the 	1	verted abominations in the eyes of theOmnissiah. Furthermore, theCult Mec
51	硅基知灵 Silica Animus	恢复英文词间空格	the	the 	1	eyes of theOmnissiah. Furthermore, theCult Mechanicusstates that such con
51	硅基知灵 Silica Animus	恢复英文词间空格	a	a 	1	tates that such constructs possess aMachine Spiritthat is a twisted moc
51	硅基知灵 Silica Animus	恢复英文词间空格	the	the 	1	imus creations that existed during theDark Age of Technology. At that bla
51	硅基知灵 Silica Animus	恢复英文词间空格	the	the 	1	ment in Mankind's history known as theAge of Strife, there existed legion
51	硅基知灵 Silica Animus	恢复英文词间空格	the	the 	1	ge of Strife the Mechanicus passed theCrimson Accords of Marswhich forbad
51	硅基知灵 Silica Animus	恢复英文词间空格	the	the 	1	"technology that is being sought by theLogicianscult.

创造这种人工智能的秘密是逻辑学家教派所"
51	硅基知灵 Silica Animus	恢复英文词间空格	Imperiumthat	Imperium that	1	of technology forbidden within the Imperiumthat involves the creation of an artifi
51	硅基知灵 Silica Animus	恢复英文词间空格	Emperorhimself	Emperor himself	1	e, and by a personal decree of the Emperorhimself, it has been forbidden to fabricat
51	硅基知灵 Silica Animus	恢复英文句间空格	.Du	. Du	1	able to think and act independently.Due to their materialist logic, Silic
51	硅基知灵 Silica Animus	恢复英文句间空格	.Re	. Re	1	plan and is damnation made manifest.Regardless, there are those within th
51	硅基知灵 Silica Animus	恢复英文句间空格	.It	. It	1	wars that existed in that lost time.It is said that towards the end of th
52	标准模板构造 Standard Template Construct	恢复英文词间空格	the	the 	1	icial intelligences created during theDark Age of Technology(M21-M23). Th
52	标准模板构造 Standard Template Construct	恢复英文词间空格	on	on 	1	ial intelligence, as the construct onNecromundaorchestrated a series of 
52	标准模板构造 Standard Template Construct	恢复英文词间空格	against	against 	1	ies of industrial sabotage actions againstHouse Heraafter they unwittingly la
52	标准模板构造 Standard Template Construct	恢复英文词间空格	the	the 	1	inal development of the technology theImperiumis now reliant on, which wa
52	标准模板构造 Standard Template Construct	恢复英文词间空格	of	of 	1	C systems. Along with the creation ofWarp Drivetechnology and the human 
52	标准模板构造 Standard Template Construct	恢复英文词间空格	as	as 	1	nology and the human mutants known asNavigators, the STC systems were on
52	标准模板构造 Standard Template Construct	恢复英文词间空格	the	the 	1	"**The Age of Strife 纷争时代**

During theAge of Strife, the STC systems laps"
52	标准模板构造 Standard Template Construct	恢复英文词间空格	the	the 	1	"The Age of the Imperium 帝国时代**

In theAge of the Imperium, working STC sy"
52	标准模板构造 Standard Template Construct	恢复英文词间空格	the	the 	1	sed in one is the primary focus of theAdeptus Mechanicus's quest for know
52	标准模板构造 Standard Template Construct	恢复英文词间空格	by	by 	1	ficant find of an STC fragment was byMagosArkhan LandinM31. This fragmen
52	标准模板构造 Standard Template Construct	恢复英文词间空格	the	the 	1	usLand RaiderMain Battle Tank, and theLand Speeder, all named in honour o
52	标准模板构造 Standard Template Construct	恢复英文词间空格	to	to 	1	"了这样一个系统，也足以促使机械教探索队找到它。

According toMars'archives,Archmagos DominusCawl"
52	标准模板构造 Standard Template Construct	恢复英文词间空格	The	The 	1	"TC模版。

**Leagues of Votann 沃坦联盟**

TheLeagues of Votannshare a commonHuma"
52	标准模板构造 Standard Template Construct	恢复英文词间空格	the	the 	1	nnshare a commonHumanancestry with theImperium, and as a result their ori
52	标准模板构造 Standard Template Construct	恢复英文词间空格	the	the 	1	iginal mining fleets dispatched to theGalactic Coreduring theLong Marchpo
52	标准模板构造 Standard Template Construct	恢复英文词间空格	the	the 	1	spatched to theGalactic Coreduring theLong Marchpossessed a large number 
52	标准模板构造 Standard Template Construct	恢复英文词间空格	the	the 	1	"STCs to craft new systems, such as theSagitaur ATV.

沃坦联盟与帝国有着共同的人类祖先，因此，"
52	标准模板构造 Standard Template Construct	恢复英文词间空格	by	by 	1	"ATV。

**Ork 欧克**

It is speculated byImperial scholarsthat at a point in"
52	标准模板构造 Standard Template Construct	恢复英文词间空格	Imperiumis	Imperium is	1	 development of the technology the Imperiumis now reliant on, which was encapsul
52	标准模板构造 Standard Template Construct	恢复英文句间空格	.An	. An	1	named in honour of their discoverer.An intact, functional STC is so rare 
52	标准模板构造 Standard Template Construct	恢复英文句间空格	.Ne	. Ne	1	s to be regarded as almost mythical.Nevertheless, even a rumour that such
52	标准模板构造 Standard Template Construct	恢复英文句间空格	.Th	. Th	1	a large number of sophisticatedSTCs.The Votann are able to utilize these 
54	远征舰队 Expeditionary Fleet	恢复英文词间空格	the	the 	1	"ploratory spacefaring force during theGreat Crusade.

远征队或远征舰队是大远征期间标准的帝国"
54	远征舰队 Expeditionary Fleet	恢复英文词间空格	from	from 	1	"天部队。

**Overview 概述**

Originating fromTerra, the Imperial Expeditionary F"
54	远征舰队 Expeditionary Fleet	恢复英文词间空格	the	the 	1	d all over thegalaxy, carrying out theEmperor'svision of uniting known sp
54	远征舰队 Expeditionary Fleet	恢复英文词间空格	of	of 	1	iting known space under the banner ofHumanity. Expedition Fleets had a w
54	远征舰队 Expeditionary Fleet	恢复英文词间空格	the	the 	1	s and bring them into the bosom of theImperium. Secondary missions involv
54	远征舰队 Expeditionary Fleet	恢复英文词间空格	the	the 	1	e command of a military officer of theImperial Army, aLord Commander. In 
54	远征舰队 Expeditionary Fleet	恢复英文词间空格	a	a 	1	itary officer of theImperial Army, aLord Commander. In addition to a Lo
54	远征舰队 Expeditionary Fleet	恢复英文词间空格	a	a 	1	ord Commander, each Expedition had aMaster of the Fleetwho was in charg
54	远征舰队 Expeditionary Fleet	恢复英文词间空格	the	the 	1	y ships in the Expedition. Each of thePrimarchswas able to, and often did
54	远征舰队 Expeditionary Fleet	恢复英文词间空格	their	their 	1	"t, attaching to it the majority of theirLegion.

人类世界的统一并非总是一帆风顺，因为并非所有失落的世"
54	远征舰队 Expeditionary Fleet	恢复英文词间空格	the	the 	1	"h Expedition Fleet - Moved through theCoronid Deeps.
- 第90远征舰队 - 穿越科罗尼德深渊"
54	远征舰队 Expeditionary Fleet	恢复英文词间空格	the	the 	1	"estspace hulksin Imperial history, theMortis Thulein theJericho Sector.
-"
54	远征舰队 Expeditionary Fleet	恢复英文词间空格	the	the 	1	"mperial history, theMortis Thulein theJericho Sector.
- 第427远征舰队 - 在杰里科星区"
54	远征舰队 Expeditionary Fleet	恢复英文词间空格	the	the 	1	h Expedition Fleet - Moved through theCyclops ClusterinSegmentum Obscurus
54	远征舰队 Expeditionary Fleet	恢复英文词间空格	at	at 	1	817th Expedition Fleet - Stationed atHattusaat the outbreak of theHorus 
54	远征舰队 Expeditionary Fleet	恢复英文词间空格	the	the 	1	tioned atHattusaat the outbreak of theHorus Heresy. TheRemembrancerSolomo
54	远征舰队 Expeditionary Fleet	恢复英文词间空格	The	The 	1	t the outbreak of theHorus Heresy. TheRemembrancerSolomon Vosswas with th
54	远征舰队 Expeditionary Fleet	恢复英文词间空格	the	the 	1	"s circumstances in a region nearby theWord BearershomeworldofColchis.
- 第"
54	远征舰队 Expeditionary Fleet	恢复英文词间空格	the	the 	1	 -Disbanded due to the betrayal of theNight Lordsjust before theDrop Site
54	远征舰队 Expeditionary Fleet	恢复英文词间空格	the	the 	1	"rayal of theNight Lordsjust before theDrop Site Massacre.
- 第2901远征舰队 - 午"
54	远征舰队 Expeditionary Fleet	恢复英文词间空格	Primarchswas	Primarchs was	1	ips in the Expedition. Each of the Primarchswas able to, and often did, command an
56	原体计划 Primarch Project	Field 对应的错别字	盖勒立场	盖勒力场	2	
59	塑钢 Plasteel	恢复英文词间空格	the	the 	1	is a versatile metal alloy used by theImperium.It is as light as plastic 
59	塑钢 Plasteel	恢复英文词间空格	the	the 	1	"nnovative material was invented in theDark Age of Technology.

塑钢是帝国使用的一种"
59	塑钢 Plasteel	恢复英文句间空格	.It	. It	1	le metal alloy used by the Imperium.It is as light as plastic but as stro
59	塑钢 Plasteel	恢复英文句间空格	.Pl	. Pl	1	to a variety of shapes and textures.Plasteel, likeAdamantium,Armorplasand
59	塑钢 Plasteel	恢复英文词间空格	the	the 	1	scattered aroundHive Tertiumduring theMoebian Sixthuprising第六次莫比安叛乱期间，塑钢散
59	塑钢 Plasteel	恢复英文词间空格	of	of 	1	"ceramiteto form the armour plating ofTerminator Armour.

塑钢被帝国用于各种目的。例如，"
59	塑钢 Plasteel	恢复英文句间空格	.Fo	. Fo	1	l sorts of purposes by the Imperium.For example, heavy-gauge plasteel is 
60	陶钢 Ceramite	恢复英文词间空格	of	of 	1	crystals, used in higher-end types ofImperialarmour such ascarapace armo
60	陶钢 Ceramite	恢复英文词间空格	of	of 	1	ht Armour,as well as in the armour ofKnightsuitsandSpace Marine vehicles
60	陶钢 Ceramite	恢复英文句间空格	.Ce	. Ce	1	KnightsuitsandSpace Marine vehicles.Ceramite conducts almost no heat, mak
60	陶钢 Ceramite	恢复英文句间空格	.Cr	. Cr	1	nd high calibre to break through it.Cracked pieces of ceramite armour can
60	陶钢 Ceramite	恢复英文句间空格	.Da	. Da	1	ion tapeif repairs are not possible.Damaged Ceramite has been described a
69	专家 Adept	恢复英文词间空格	the	the 	1	"pt is a title given to servants of theAdministratumandAdeptus Terra.

内行、"
69	专家 Adept	恢复英文词间空格	and	and 	1	alties.The title is much respected andSpace Marines,Imperial Guard Comman
69	专家 Adept	恢复英文词间空格	On	On 	1	embers are entitled to use it also.OnTerra, the title separates the empl
69	专家 Adept	恢复英文词间空格	the	the 	1	e employed and settled servants of theAdeptus Terrafrom the often destitu
69	专家 Adept	恢复英文词间空格	the	the 	1	"

A similar and analogous title of theAdeptus Mechanicusis that ofTech Ad"
69	专家 Adept	恢复英文词间空格	of	of 	1	"le of theAdeptus Mechanicusis that ofTech Adept.

机械神教的一个类似的头衔是技术专家。

Na"
69	专家 Adept	恢复英文词间空格	Terrafrom	Terra from	1	nd settled servants of the Adeptus Terrafrom the often destitute non-adept.Non-
69	专家 Adept	恢复英文词间空格	Mechanicusis	Mechanicus is	1	"and analogous title of the Adeptus Mechanicusis that of Tech Adept.

机械神教的一个类似的头衔是"
69	专家 Adept	恢复英文句间空格	.Th	. Th	1	ent titles, grades, and specialties.The title is much respected and Space
69	专家 Adept	恢复英文句间空格	.On	. On	1	members are entitled to use it also.On Terra, the title separates the emp
69	专家 Adept	恢复英文句间空格	.No	. No	1	 from the often destitute non-adept.Non-adepts can gain the title by beco
69	专家 Adept	恢复英文句间空格	.So	. So	1	n gain the title by becomingMenials.Some Adepts gain their title through 
70	行商浪人 Rogue Trader	恢复英文词间空格	the	the 	1	of the Imperium during the time of theGreat Crusade,Rogue Traders are hig
70	行商浪人 Rogue Trader	恢复英文词间空格	was	was 	1	pirates. One infamous Rogue Trader wasJan van Yastobaal, who became littl
70	行商浪人 Rogue Trader	恢复英文句间空格	.So	. So	1	ors andmutantsamong their entourage.Some are highly pious while others ar
70	行商浪人 Rogue Trader	恢复英文词间空格	the	the 	1	ders come from backgrounds such as theImperial Guard, theImperial Navy, t
70	行商浪人 Rogue Trader	恢复英文词间空格	the	the 	1	grounds such as theImperial Guard, theImperial Navy, theMerchant Fleets, 
70	行商浪人 Rogue Trader	恢复英文词间空格	the	the 	1	eImperial Guard, theImperial Navy, theMerchant Fleets, theAdministratumor
70	行商浪人 Rogue Trader	恢复英文词间空格	the	the 	1	Imperial Navy, theMerchant Fleets, theAdministratumor even theInquisition
70	行商浪人 Rogue Trader	恢复英文词间空格	the	the 	1	nt Fleets, theAdministratumor even theInquisitionwhere they will have dev
70	行商浪人 Rogue Trader	恢复英文句间空格	.So	. So	1	tlooks and approaches to situations.Some Rogue Traders are relatively poo
70	行商浪人 Rogue Trader	恢复英文词间空格	the	the 	1	 authority to travel freely within theImperiumand beyond, this allows the
70	行商浪人 Rogue Trader	恢复英文词间空格	a	a 	1	 authority to do so comes not from aMerchant Charter, but rather a lett
70	行商浪人 Rogue Trader	恢复英文词间空格	the	the 	1	rium, and some were even signed by theEmperorhimself.Others were signed b
70	行商浪人 Rogue Trader	恢复英文词间空格	by	by 	1	eEmperorhimself.Others were signed byPrimarchsor other leaders of theGre
70	行商浪人 Rogue Trader	恢复英文词间空格	the	the 	1	ned byPrimarchsor other leaders of theGreat Crusade.These charters are ve
70	行商浪人 Rogue Trader	恢复英文词间空格	Imperiumand	Imperium and	1	hority to travel freely within the Imperiumand beyond, this allows them to intera
70	行商浪人 Rogue Trader	恢复英文词间空格	Emperorhimself	Emperor himself	1	, and some were even signed by the Emperorhimself.Others were signed by Primarchsor 
70	行商浪人 Rogue Trader	恢复英文词间空格	Primarchsor	Primarchs or	1	perorhimself.Others were signed by Primarchsor other leaders of the Great Crusade
70	行商浪人 Rogue Trader	恢复英文句间空格	.Up	. Up	1	is in the interests of the Imperium.Upon stepping on a non-Imperial world
70	行商浪人 Rogue Trader	恢复英文句间空格	.Ot	. Ot	1	 even signed by the Emperor himself.Others were signed by Primarchs or ot
70	行商浪人 Rogue Trader	恢复英文句间空格	.Th	. Th	1	 other leaders of the Great Crusade.These charters are very valuable and 
70	行商浪人 Rogue Trader	恢复英文词间空格	the	the 	1	"er 行商浪人

Certain powerful lords of theAdeptus Terraoffer warrants of trad"
70	行商浪人 Rogue Trader	恢复英文词间空格	the	the 	1	can also be taken away, such as by theInquisitionfor overstepping some pr
70	行商浪人 Rogue Trader	恢复英文词间空格	the	the 	1	"trespassing could incur wrath from theSegmentum Fortressor Inquisition.

"
70	行商浪人 Rogue Trader	恢复英文词间空格	the	the 	1	Traders are regularly contacted by theAdministratum. These Marques are of
70	行商浪人 Rogue Trader	恢复英文句间空格	.Wa	. Wa	1	 trouble for their former opponents.Warrants of Trade can also be taken a
70	行商浪人 Rogue Trader	恢复英文词间空格	the	the 	1	ants extraordinary freedoms within theImperium, they also invariably cont
70	行商浪人 Rogue Trader	恢复英文词间空格	the	the 	1	e ship hulls not typically used by theImperial Navy, such as theHazeroth 
70	行商浪人 Rogue Trader	恢复英文词间空格	the	the 	1	" used by theImperial Navy, such as theHazeroth Class Privateer.

在实际上，行商浪"
70	行商浪人 Rogue Trader	恢复英文句间空格	.Th	. Th	1	t the wealthier Rogue Trader fleets.They are also known to use ship hulls
70	行商浪人 Rogue Trader	恢复英文词间空格	the	the 	1	hether or not to trust the word of theExploratorwho claims it safe to bre
71	虚空盾 Void shield	恢复英文句间空格	.Va	. Va	1	otect their troops from bombardment.Various Space Marine forces have also
72	盖勒力场 Gellar Field	Field 对应的错别字	盖勒立场	盖勒力场	1	
72	盖勒力场 Gellar Field	依据紧邻英文修正拼写说明	盖勒立场（也拼写为盖勒力场）	盖勒力场（Gellar Field，也拼写为 Geller Field）	1	
72	盖勒力场 Gellar Field	错别字	这个立场的名字	这个力场的名字	1	
72	盖勒力场 Gellar Field	错别字	专门从事立场技术	专门从事力场技术	1	
72	盖勒力场 Gellar Field	Field 对应的错别字	盖勒立场	盖勒力场	9	
72	盖勒力场 Gellar Field	Field 对应的错别字	静滞立场	静滞力场	1	
74	黑暗琉璃 Dark Glass	恢复英文词间空格	the	the 	1	"s an ancient device dating back to theDark Age of Technology.

黑暗琉璃是一件古老的"
74	黑暗琉璃 Dark Glass	恢复英文词间空格	the	the 	1	hnology that would later result in theGolden Throne. Like the Throne, Dar
74	黑暗琉璃 Dark Glass	恢复英文词间空格	the	the 	1	ark Glass was capable of accessing theWebwayand was commanded by a centra
74	黑暗琉璃 Dark Glass	恢复英文词间空格	a	a 	1	 by a central Throne that required aPsykerof enormous power to operate.
74	黑暗琉璃 Dark Glass	恢复英文词间空格	on	on 	1	sto power the device or its sister onTerra. But as a mere tester of its 
74	黑暗琉璃 Dark Glass	恢复英文词间空格	the	the 	1	"。但作为其技术的测试者，黑暗琉璃远不如黄金王座强大。

During theGreat Crusade, the Dark Glass was d"
74	黑暗琉璃 Dark Glass	恢复英文词间空格	the	the 	1	, the Dark Glass was discovered by theEmperor, who sought to reactivate t
74	黑暗琉璃 Dark Glass	恢复英文词间空格	the	the 	1	ject. The research team was led by theNavigatorPieter Helian Achelieux, w
74	黑暗琉璃 Dark Glass	恢复英文词间空格	the	the 	1	and the Golden Throne presented to theNavis Nobilite, whose control ofWar
74	黑暗琉璃 Dark Glass	恢复英文词间空格	of	of 	1	o theNavis Nobilite, whose control ofWarptravel would be rendered obsole
74	黑暗琉璃 Dark Glass	恢复英文词间空格	the	the 	1	"试图打开通往网道的门户时被指挥王座杀死。

Later during theHorus Heresy, theWhite Scarswere ab"
74	黑暗琉璃 Dark Glass	恢复英文词间空格	the	the 	1	"杀死。

Later during theHorus Heresy, theWhite Scarswere able to eventually "
74	黑暗琉璃 Dark Glass	恢复英文词间空格	a	a 	1	ss' location. They were pursued by aDeath GuardandEmperor's Childrenfle
74	黑暗琉璃 Dark Glass	恢复英文词间空格	by	by 	1	uardandEmperor's Childrenfleet led byMortarionhimself. In theensuing bat
74	黑暗琉璃 Dark Glass	恢复英文词间空格	the	the 	1	 In theensuing battle, an agent of theNavis Nobilitewho had accompanied t
74	黑暗琉璃 Dark Glass	恢复英文词间空格	to	to 	1	ark Glass' throne to open a portal toTerrathat allowed the White Scars t
74	黑暗琉璃 Dark Glass	恢复英文词间空格	Mortarionhimself	Mortarion himself	1	dandEmperor's Childrenfleet led by Mortarionhimself. In theensuing battle, an agent of
74	黑暗琉璃 Dark Glass	恢复英文词间空格	Terrathat	Terra that	1	 Glass' throne to open a portal to Terrathat allowed the White Scars to escape.
80	帝国参议院 Senatorum Imperialis	删除误重复字	M41的的禁军元	M41的禁军元	1	
80	帝国参议院 Senatorum Imperialis	错别字	被做为高领主代表	被作为高领主代表	1	
80	帝国参议院 Senatorum Imperialis	恢复英文句间空格	.Ce	. Ce	1	lliman considers himself above them.Certan newer sources such as the stor
85	行星防御部队 Planetary Defence Forces	恢复英文句间空格	.In	. In	1	refer to rely on non-local defences.Inquisitors are particularly known fo
86	帝国民兵 Imperialis Militia	恢复英文词间空格	Terrain	Terra in	1	"
Vehicles 载具

- Sentinels 哨兵
- All-Terrain Patrol Vehicles 全地形巡逻车
- Scout Rov"
87	卡戎议会 Council of Charon	恢复英文词间空格	the	the 	1	 Council of Charon was convened by theImperium's leadership, afterthe def
87	卡戎议会 Council of Charon	恢复英文词间空格	the	the 	1	dership, afterthe defeatofHorusand theTraitor LegionsonTerra, to ascribe 
87	卡戎议会 Council of Charon	恢复英文词间空格	the	the 	1	"rra, to ascribe responsibility for theHorus Heresy.

在荷鲁斯和泰拉上的叛徒军团被击败后，帝国"
98	审判庭 Inquisition	补全漏字	也不排审判官参与	也不排除审判官参与	1	
114	红衣主教 Cardinal	恢复英文词间空格	the	the 	1	e highest-ranking officials within theEcclesiarchy, after theEcclesiarch.
114	红衣主教 Cardinal	恢复英文词间空格	the	the 	1	ials within theEcclesiarchy, after theEcclesiarch.The title also appear a
114	红衣主教 Cardinal	恢复英文词间空格	the	the 	1	"siarch.The title also appear among theAdeptus Mechanicus.

红衣主教是国教内部最高级别的"
114	红衣主教 Cardinal	恢复英文词间空格	the	the 	1	"rview 概述

Cardinals are members of theFrateris clergyand form a group kno"
114	红衣主教 Cardinal	恢复英文词间空格	the	the 	1	is clergyand form a group known as theHoly Synod, which elects the Eccles
114	红衣主教 Cardinal	恢复英文句间空格	.Th	. Th	1	Ecclesiarchy, after the Ecclesiarch.The title also appear among the Adept
114	红衣主教 Cardinal	恢复英文句间空格	.Th	. Th	1	 they are divided into three orders.There are some several thousand Cardi
114	红衣主教 Cardinal	恢复英文词间空格	the	the 	1	"s assistants to the Ecclesiarch in theEcclesiarchal PalaceonTerra.

五位宫廷红"
114	红衣主教 Cardinal	恢复英文词间空格	on	on 	1	The Cardinals Terran have dioceses onTerra.They are ranked below the Car
114	红衣主教 Cardinal	恢复英文词间空格	of	of 	1	 except Terra.The Cardinals Astral ofOphelia VIIand nearby systems make 
114	红衣主教 Cardinal	恢复英文词间空格	the	the 	1	"ey rank abovePontifexand furtherly thePreachers

星界红衣主教是等级最低的红衣主教，其教区由一个或"
114	红衣主教 Cardinal	恢复英文句间空格	.Th	. Th	1	inals Terran have dioceses on Terra.They are ranked below the Cardinals P
114	红衣主教 Cardinal	恢复英文句间空格	.Th	. Th	1	of one or more worlds, except Terra.The Cardinals Astral of Ophelia VIIan
114	红衣主教 Cardinal	恢复英文句间空格	.Th	. Th	1	 are referred to as Astral Ministra.They rank abovePontifexand furtherly 
115	告解者 Confessor	恢复英文词间空格	the	the 	1	fessors are evangelical zealots of theEcclesiarchy. They were oncePreache
115	告解者 Confessor	恢复英文词间空格	on	on 	1	ng the population. They often work onImperialcolonies withplanetary gove
115	告解者 Confessor	恢复英文词间空格	the	the 	1	us. With special dispensation from theEcclesiarchy, they may even gather 
115	告解者 Confessor	恢复英文词间空格	of	of 	1	archy, they may even gather armies ofFrateris Militiaand lead wars of fa
115	告解者 Confessor	恢复英文词间空格	the	the 	1	he Imperium. Confessors often wear theRosariusas both protection and a sy
115	告解者 Confessor	恢复英文词间空格	the	the 	1	"sor告解者

There is a position within theMissionarus Galaxiaknown as a*Confe"
115	告解者 Confessor	恢复英文词间空格	the	the 	1	nk of Confessor. These servants of theImperial Creedare exceptional orato
115	告解者 Confessor	恢复英文词间空格	In	In 	1	"lantion 昔兰妮·瓦兰提昂

**Trivia 琐事**

- InWarhammer 40,000 Chapter Approved -"
115	告解者 Confessor	恢复英文词间空格	the	the 	1	"n Confessor"", an extreme member of theImperial Cultwhich reports directly"
115	告解者 Confessor	恢复英文词间空格	the	the 	1	"rial Cultwhich reports directly to theAdeptus Administratum.
- 在《战锤40000战"
120	神圣玫瑰修会 The Order of the Sacred Rose	恢复英文词间空格	the	the 	1	" of the six majorOrders Militantof theAdepta Sororitas.

神圣玫瑰修会是修女会的六大军事修"
120	神圣玫瑰修会 The Order of the Sacred Rose	恢复英文词间空格	the	the 	1	honour of SisterArabellaalong with theOrder of the Bloody RosebyEcclesiar
120	神圣玫瑰修会 The Order of the Sacred Rose	恢复英文词间空格	of	of 	1	ing Imperial planets from the yoke ofXenosor heretics. Furthermore, cita
120	神圣玫瑰修会 The Order of the Sacred Rose	恢复英文词间空格	in	in 	1	sulted in forging a sizable parish inUltima Segmentum, but like Arabella
120	神圣玫瑰修会 The Order of the Sacred Rose	恢复英文词间空格	as	as 	1	ers of Ecclesiarchy followers such asPriestsorZealots. As such, even a s
120	神圣玫瑰修会 The Order of the Sacred Rose	恢复英文词间空格	the	the 	1	 cause has been instrumental since theGreat Rifthas opened. The majority 
121	白色玫瑰修会 The Order of the White Rose	恢复英文词间空格	the	the 	1	f the White Rose is a minorOrderof theSisters of Battle. It split from th
121	白色玫瑰修会 The Order of the White Rose	恢复英文词间空格	the	the 	1	"heSisters of Battle. It split from theOrder of the Sacred RoseinM39.

白色玫"
122	受伤之心修会 The Order of the Wounded Heart	恢复英文词间空格	the	the 	1	he Wounded Heart is a minorOrderof theSisters of Battleand is among those
122	受伤之心修会 The Order of the Wounded Heart	恢复英文词间空格	the	the 	1	"ong those that have split off from theOrder of the Valorous Heart.

受伤之心修"
122	受伤之心修会 The Order of the Wounded Heart	恢复英文词间空格	the	the 	1	at they only recite verse 482 from thePassion of Saint Lucia. The verse d
122	受伤之心修会 The Order of the Wounded Heart	恢复英文词间空格	the	the 	1	is known to maintain a presence on theShrine WorldofRas Shakeh, based out
122	受伤之心修会 The Order of the Wounded Heart	恢复英文词间空格	the	the 	1	ne WorldofRas Shakeh, based out of theCathedral of Blessed AlexiainHjec A
122	受伤之心修会 The Order of the Wounded Heart	恢复英文句间空格	.Ho	. Ho	1	er of the Order in red power armour.However, the novelBlood of Asaheimins
123	炽热之泪修会 The Order of the Fiery Tear	恢复英文词间空格	the	the 	1	 the Fiery Tear are a minorOrderof theSisters of Battle. They contributed
123	炽热之泪修会 The Order of the Fiery Tear	恢复英文词间空格	the	the 	1	"ers of Battle. They contributed to theAchilus Crusade.

炽热之泪修会战斗修女的一个次级修会"
126	万机神 Machine God	恢复英文词间空格	the	the 	1	"The Machine God is the deity of theCult Mechanicus.

万机神是机械教派的神。

The "
126	万机神 Machine God	恢复英文词间空格	the	the 	1	"so part of a combined trinity with theOmnissiahandMotive Force.

万机神是一个单一"
127	欧姆尼赛亚 Omnissiah	恢复英文词间空格	the	the 	1	" a central religious figure within theCult Mechanicus.

欧姆尼赛亚是机械教派中的核心宗教人"
127	欧姆尼赛亚 Omnissiah	恢复英文词间空格	the	the 	1	"核心宗教人物。

According to the faith of theAdeptus Mechanicus, the Omnissiah i"
127	欧姆尼赛亚 Omnissiah	恢复英文词间空格	the	the 	1	h is the physical manifestation of theMachine Godand part of the trinity 
127	欧姆尼赛亚 Omnissiah	恢复英文词间空格	and	and 	1	ity which includes the Machine God andMotive Force. Members of the Mechan
127	欧姆尼赛亚 Omnissiah	恢复英文词间空格	the	the 	1	e Adeptus Mechanicus dictates that theEmperor of Mankindis the Omnissiah,
127	欧姆尼赛亚 Omnissiah	恢复英文词间空格	the	the 	1	, linking the Cult Mechanicus with theImperial Cult.The Emperor first app
127	欧姆尼赛亚 Omnissiah	恢复英文词间空格	on	on 	1	r first appeared to the Mechanicum onMarsin the earlyGreat Crusade, disp
127	欧姆尼赛亚 Omnissiah	恢复英文词间空格	a	a 	1	logical miracles such as repairing aKnightwith a touch. Ultimately it s
127	欧姆尼赛亚 Omnissiah	恢复英文词间空格	the	the 	1	ltimately it succeeded to convince theTech-Prieststo believe in his divin
127	欧姆尼赛亚 Omnissiah	恢复英文词间空格	the	the 	1	Fabricator-GeneralKelbor-Halduring theGreat Crusadewas skeptical of it an
127	欧姆尼赛亚 Omnissiah	恢复英文词间空格	the	the 	1	bt ultimately helped contribute to theSchism of Marsduring theHorus Heres
127	欧姆尼赛亚 Omnissiah	恢复英文词间空格	the	the 	1	tribute to theSchism of Marsduring theHorus Heresyand the formation of th
127	欧姆尼赛亚 Omnissiah	恢复英文词间空格	the	the 	1	"heHorus Heresyand the formation of theDark Mechanicum.

并非所有机械教成员都相信帝皇是欧姆"
127	欧姆尼赛亚 Omnissiah	恢复英文词间空格	Crusadewas	Crusade was	1	-GeneralKelbor-Halduring the Great Crusadewas skeptical of it and saw the Empero
127	欧姆尼赛亚 Omnissiah	恢复英文词间空格	Heresyand	Heresy and	1	the Schism of Marsduring the Horus Heresyand the formation of the Dark Mechanic
127	欧姆尼赛亚 Omnissiah	恢复英文句间空格	.Th	. Th	1	ndertaking technological activities.The Adeptus Mechanicus dictates that 
127	欧姆尼赛亚 Omnissiah	恢复英文句间空格	.Th	. Th	1	t Mechanicus with the Imperial Cult.The Emperor first appeared to the Mec
127	欧姆尼赛亚 Omnissiah	恢复英文句间空格	.Th	. Th	1	 saw the Emperor as a false prophet.This doubt ultimately helped contribu
129	技术之语 Lingua Technis	恢复英文词间空格	the	the 	1	 lingua technica, is a language of theCant Mechanicus. The official lanua
129	技术之语 Lingua Technis	恢复英文词间空格	the	the 	1	ingua may be found integrated into theLow Gothicof highly industrialised 
129	技术之语 Lingua Technis	恢复英文词间空格	the	the 	1	e founding of their institution in theDark Age of Technology, and by lore
131	智控神术 Cybertheurgy	恢复英文词间空格	a	a 	1	m as strange and potent as that of aPsyker.Magiof this discipline can u
131	智控神术 Cybertheurgy	恢复英文词间空格	of	of 	1	"术**

Cybertheurges can also a type ofChaos Sorcerer, being mechanistic p"
131	智控神术 Cybertheurgy	恢复英文词间空格	by	by 	1	. More information can be gathered byChaosforces moving within the voidc
131	智控神术 Cybertheurgy	恢复英文词间空格	Chaosforces	Chaos forces	1	ore information can be gathered by Chaosforces moving within the voidcraft, as th
131	智控神术 Cybertheurgy	恢复英文句间空格	.Ma	. Ma	1	ange and potent as that of a Psyker.Magiof this discipline can unleash da
132	铸造神殿 Forge Temple	恢复英文词间空格	the	the 	1	own as a Forge, is a place used by theAdeptus Mechanicusfor research and 
132	铸造神殿 Forge Temple	恢复英文词间空格	of	of 	1	"stat a Forge Temple holds the rank ofForge Master.

铸造神殿，也称为铸造厂，是机械神教用于研"
132	铸造神殿 Forge Temple	恢复英文词间空格	Mechanicusfor	Mechanicus for	1	ge, is a place used by the Adeptus Mechanicusfor research and construction of techn
135	百机队 Centurio Ordinatus	恢复英文句间空格	.Th	. Th	1	 religiously by the Cult Mechanicus.Their crews are some of the most high
137	智控军团 Legio Cybernetica	英文拼写	thier	their	1	"ogramming 规则注意事项**

At the time of thier introduction in White Dwarf 104 (U"
150	愤怒者军团 Legio Fureans	恢复英文词间空格	a	a 	1	 Legio Fureans, or Tiger Eyes, are aTraitor Titan Legionwho fell toChao
150	愤怒者军团 Legio Fureans	恢复英文词间空格	to	to 	1	 are aTraitor Titan Legionwho fell toChaosduring theHorus Heresy.The sym
150	愤怒者军团 Legio Fureans	恢复英文词间空格	the	the 	1	Titan Legionwho fell toChaosduring theHorus Heresy.The symbol of the Legi
150	愤怒者军团 Legio Fureans	恢复英文词间空格	the	the 	1	ul eye which originally symbolized theOmnissiah's favour and wrath. After
150	愤怒者军团 Legio Fureans	恢复英文词间空格	the	the 	1	"e eye would become associated with theEye of Horus.

愤怒者军团，或虎眼，是一个叛徒泰坦军团，"
150	愤怒者军团 Legio Fureans	恢复英文词间空格	the	the 	1	"*History 历史**

Originally based on theForge WorldofIncaladion, it was sub"
150	愤怒者军团 Legio Fureans	恢复英文词间空格	the	the 	1	 it was liberated by the forces of theGreat Crusade. Founded by aMechanic
150	愤怒者军团 Legio Fureans	恢复英文词间空格	a	a 	1	es of theGreat Crusade. Founded by aMechanicumSleeper-Arkduring theAge 
150	愤怒者军团 Legio Fureans	恢复英文词间空格	the	the 	1	ed by aMechanicumSleeper-Arkduring theAge of Strife, the same stableWarp-
150	愤怒者军团 Legio Fureans	恢复英文词间空格	from	from 	1	anicum, separated by vast distance fromMars, evolved into a distinctive an
150	愤怒者军团 Legio Fureans	恢复英文词间空格	Legionwho	Legion who	1	or Tiger Eyes, are a Traitor Titan Legionwho fell to Chaosduring the Horus Here
150	愤怒者军团 Legio Fureans	恢复英文词间空格	Chaosduring	Chaos during	1	 a Traitor Titan Legionwho fell to Chaosduring the Horus Heresy.The symbol of the
150	愤怒者军团 Legio Fureans	恢复英文句间空格	.Th	. Th	1	ll to Chaos during the Horus Heresy.The symbol of the Legio is a baleful 
150	愤怒者军团 Legio Fureans	恢复英文词间空格	of	of 	1	e feral tribes of the nearby world ofHumardu, to whom the Titans truly w
150	愤怒者军团 Legio Fureans	恢复英文词间空格	of	of 	1	heir wrath against invading hordes ofOrkmarauders and the spiteful raids
150	愤怒者军团 Legio Fureans	恢复英文词间空格	of	of 	1	rkmarauders and the spiteful raids ofYldaricorsairs, scavengingTarellian
150	愤怒者军团 Legio Fureans	恢复英文词间空格	the	the 	1	"broughtCarnoplasminfestations from theAbyssal Reefs.

他们更常见的名字“虎眼”也源于这个早期"
150	愤怒者军团 Legio Fureans	恢复英文词间空格	Legionsbefore	Legions before	1	ings. Unlike some garrisoningTitan Legionsbefore the Great Crusade, the Legio Furea
150	愤怒者军团 Legio Fureans	恢复英文词间空格	the	the 	1	, with such supporting elements of theLegio MortisandSkitarii. The result
150	愤怒者军团 Legio Fureans	恢复英文词间空格	the	the 	1	 the Imperium. After submitting to theEmperor, the Legio Fureans was quic
150	愤怒者军团 Legio Fureans	恢复英文词间空格	the	the 	1	the Great Crusade, most notably in theWar in the Shedim Driftswhere they 
150	愤怒者军团 Legio Fureans	恢复英文词间空格	the	the 	1	"邪灵漂流战争，在那里他们被一场大规模的灵族侧翼攻击击败。

When theHorus Heresybroke out, it was revea"
150	愤怒者军团 Legio Fureans	恢复英文词间空格	the	the 	1	t the Legio Fureans had sided with theWarmasterHorus. It soon joined the 
150	愤怒者军团 Legio Fureans	恢复英文词间空格	the	the 	1	ined the newDark Mechanicum.During theFirst Battle of Paramarthe Legio Fu
150	愤怒者军团 Legio Fureans	恢复英文词间空格	the	the 	1	ramarthe Legio Fureans joined with theAlpha Legionin invading the world o
150	愤怒者军团 Legio Fureans	恢复英文词间空格	of	of 	1	eAlpha Legionin invading the world ofParamar V. However they encountered
150	愤怒者军团 Legio Fureans	恢复英文词间空格	the	the 	1	ous but taking heavy losses.During theSiege of Terrathe Legio Fureans wer
150	愤怒者军团 Legio Fureans	恢复英文词间空格	the	the 	1	" the Throneworld after the fall of theLion's Gate SpaceporttoPerturabo.

"
150	愤怒者军团 Legio Fureans	恢复英文词间空格	Legionto	Legion to	1	ct, it fell to the forces of theIV Legionto bear the brunt of the liberation c
150	愤怒者军团 Legio Fureans	恢复英文词间空格	Legionin	Legion in	1	egio Fureans joined with the Alpha Legionin invading the world of Paramar V. H
150	愤怒者军团 Legio Fureans	恢复英文句间空格	.Th	. Th	1	ny other Titan Legion of the period.The Legion fought in the Great Crusad
150	愤怒者军团 Legio Fureans	恢复英文句间空格	.Du	. Du	1	 soon joined the newDark Mechanicum.During the First Battle of Paramarthe
150	愤怒者军团 Legio Fureans	恢复英文句间空格	.Du	. Du	1	 victorious but taking heavy losses.During the Siege of Terrathe Legio Fu
151	狮鹫军团 Legio Gryphonicus	恢复英文词间空格	a	a 	1	onicus (aka the*War Griffons*) are aTitan Legionwith an illustrious his
151	狮鹫军团 Legio Gryphonicus	恢复英文词间空格	the	the 	1	y.Born during the very founding of theAdeptus Mechanicus, the Legio Gryph
151	狮鹫军团 Legio Gryphonicus	恢复英文词间空格	against	against 	1	us has seen action in many battles againstTraitor Titan Legionssince theHorus
151	狮鹫军团 Legio Gryphonicus	恢复英文词间空格	the	the 	1	" againstTraitor Titan Legionssince theHorus Heresy.

狮鹫军团（又名战争狮鹫）是一支有着辉煌历"
151	狮鹫军团 Legio Gryphonicus	恢复英文词间空格	a	a 	1	which often hews closer to that of aKnight Housecompared to an average 
151	狮鹫军团 Legio Gryphonicus	恢复英文词间空格	Legionwith	Legion with	1	aka the*War Griffons*) are a Titan Legionwith an illustrious history.Born during
151	狮鹫军团 Legio Gryphonicus	恢复英文句间空格	.Bo	. Bo	1	 Legion with an illustrious history.Born during the very founding of the 
151	狮鹫军团 Legio Gryphonicus	恢复英文词间空格	the	the 	1	Legion was founded sometime during theAge of Strifeand at the time was th
151	狮鹫军团 Legio Gryphonicus	恢复英文词间空格	of	of 	1	tool of power of the pocket empire ofGryphonne IV. The planet itself had
151	狮鹫军团 Legio Gryphonicus	恢复英文词间空格	by	by 	1	e planet itself had been colonized byTech-priestsfromMars. The legion be
151	狮鹫军团 Legio Gryphonicus	恢复英文词间空格	the	the 	1	 largest and most well-equipped of theGreat Crusadealongside theLegio Mor
151	狮鹫军团 Legio Gryphonicus	恢复英文词间空格	the	the 	1	ipped of theGreat Crusadealongside theLegio Mortis,Legio Destructor,Legio
151	狮鹫军团 Legio Gryphonicus	恢复英文词间空格	the	the 	1	ny battle-honours, most notably in theRangdan GenocideandUllanor Crusade.
151	狮鹫军团 Legio Gryphonicus	恢复英文词间空格	of	of 	1	y also possessed an unusual number ofTitan-Barquesand transports operati
151	狮鹫军团 Legio Gryphonicus	恢复英文词间空格	the	the 	1	"时基本上可以独立运作。这将在即将到来的叛乱中为他们服务。

When theHorus Heresybroke out, the Legion r"
151	狮鹫军团 Legio Gryphonicus	恢复英文词间空格	the	the 	1	e out, the Legion remained true to theEmperor. However, before the rebell
151	狮鹫军团 Legio Gryphonicus	恢复英文词间空格	the	the 	1	maller campaigns.Warzones included theRuin of Maerdan,Battle of Molech, t
151	狮鹫军团 Legio Gryphonicus	恢复英文词间空格	the	the 	1	eRuin of Maerdan,Battle of Molech, theFirst Battle of Paramar, and theBat
151	狮鹫军团 Legio Gryphonicus	恢复英文词间空格	the	the 	1	h, theFirst Battle of Paramar, and theBattle of Beta-Garmon. The Legion t
151	狮鹫军团 Legio Gryphonicus	恢复英文词间空格	the	the 	1	could only provide scant forces to theSiege of Terra.Throughout the war, 
151	狮鹫军团 Legio Gryphonicus	恢复英文句间空格	.By	. By	1	 Rangdan GenocideandUllanor Crusade.By the end of the Crusade, the Legio 
151	狮鹫军团 Legio Gryphonicus	恢复英文句间空格	.Wa	. Wa	1	ecessary for many smaller campaigns.Warzones included the Ruin of Maerdan
151	狮鹫军团 Legio Gryphonicus	恢复英文句间空格	.Th	. Th	1	 scant forces to the Siege of Terra.Throughout the war, the Legio Gryphon
151	狮鹫军团 Legio Gryphonicus	恢复英文词间空格	the	the 	1	r Griffons Titans fought alongside theGryphonne IVSkitariiforces that too
151	狮鹫军团 Legio Gryphonicus	恢复英文词间空格	the	the 	1	IVSkitariiforces that took part in theCastra Campaignwhere, with the help
151	狮鹫军团 Legio Gryphonicus	恢复英文词间空格	of	of 	1	 and trapped the traitor besiegers ofHive Castra Septus, eliminating the
151	狮鹫军团 Legio Gryphonicus	恢复英文词间空格	the	the 	1	ennia been instrumental in halting theBlack CrusadesofAbaddon the Despoil
151	狮鹫军团 Legio Gryphonicus	恢复英文词间空格	the	the 	1	"ddon the Despoilerthat spewed from theEye of Terror.

数千年来，战争狮鹫在阻止恐惧之眼喷出的"
151	狮鹫军团 Legio Gryphonicus	恢复英文词间空格	its	its 	1	catastrophic defeat in 997.M41when itsForge WorldofGryphonne IVwas overru
151	狮鹫军团 Legio Gryphonicus	恢复英文词间空格	by	by 	1	rge WorldofGryphonne IVwas overrun byHive Fleet Leviathan. During the ba
151	狮鹫军团 Legio Gryphonicus	恢复英文词间空格	of	of 	1	egion was torn to pieces by swarms ofTyranidHierophantsandTyrannofexes. 
151	狮鹫军团 Legio Gryphonicus	恢复英文词间空格	the	the 	1	 a total of eight Battle Titans to theBetalis Campaignagainst theEldar.So
151	狮鹫军团 Legio Gryphonicus	恢复英文词间空格	the	the 	1	tans to theBetalis Campaignagainst theEldar.Some of its surviving Titans 
151	狮鹫军团 Legio Gryphonicus	恢复英文词间空格	of	of 	1	tans also took part in the defense ofCadiaduring theThirteenth Black Cru
151	狮鹫军团 Legio Gryphonicus	恢复英文词间空格	the	the 	1	 part in the defense ofCadiaduring theThirteenth Black Crusade. TheFortre
151	狮鹫军团 Legio Gryphonicus	恢复英文词间空格	The	The 	1	uring theThirteenth Black Crusade. TheFortress Worldwas destroyed in that
151	狮鹫军团 Legio Gryphonicus	恢复英文词间空格	Worldwas	World was	1	teenth Black Crusade. The Fortress Worldwas destroyed in that conflict, but th
151	狮鹫军团 Legio Gryphonicus	恢复英文句间空格	.So	. So	1	e Betalis Campaignagainst the Eldar.Some of its surviving Titans also too
151	狮鹫军团 Legio Gryphonicus	恢复英文词间空格	on	on 	1	"

Legio Gryphonicus in action onBetalis III 在贝塔利斯三号上行动的狮鹫军团

**Hera"
151	狮鹫军团 Legio Gryphonicus	恢复英文词间空格	a	a 	1	 its honour banner(s) - a King for aWarmaster, a Queen for aWarlord, a 
151	狮鹫军团 Legio Gryphonicus	恢复英文词间空格	a	a 	1	a King for aWarmaster, a Queen for aWarlord, a Bishop for aWarbringer, 
151	狮鹫军团 Legio Gryphonicus	恢复英文词间空格	a	a 	1	a Queen for aWarlord, a Bishop for aWarbringer, a Knight for aReaveror 
151	狮鹫军团 Legio Gryphonicus	恢复英文词间空格	a	a 	1	"shop for aWarbringer, a Knight for aReaveror a Pawn for aWarhound.

狮鹫军"
151	狮鹫军团 Legio Gryphonicus	恢复英文词间空格	a	a 	1	" a Knight for aReaveror a Pawn for aWarhound.

狮鹫军团在其荣誉旗帜上使用国际象棋的符号来表示泰"
151	狮鹫军团 Legio Gryphonicus	恢复英文词间空格	the	the 	1	"ing from ""The Divisio Militaris of theLegio Atarus"". However, given that "
151	狮鹫军团 Legio Gryphonicus	恢复英文词间空格	the	the 	1	e unit is stated to have fought in theFirst Battle of Paramar, the refere
156	圣贤士 Magi	删除误重复字	有声望的的修会，	有声望的修会，	1	
156	圣贤士 Magi	恢复英文词间空格	the	the 	1	. Magi)is a high ranking member of theAdeptus Mechanicus, and is a devote
156	圣贤士 Magi	恢复英文词间空格	the	the 	1	 of the principles associated with theMachine God. These individuals have
156	圣贤士 Magi	恢复英文词间空格	the	the 	1	netic implants. As is fitting with theCult Mechanicus, these replacement 
156	圣贤士 Magi	恢复英文词间空格	the	the 	1	 the Machine.Most devout of all is theRite of Clear Thought, which replac
156	圣贤士 Magi	恢复英文句间空格	.Mo	. Mo	1	ghting the greatness of the Machine.Most devout of all is the Rite of Cle
156	圣贤士 Magi	恢复英文词间空格	the	the 	1	iests attend the Machine Altars of theForge Worldswhich contain the sum o
156	圣贤士 Magi	恢复英文词间空格	the	the 	1	"ich in turn represents the will of theOmnissiah.

这些高级技术神甫参加铸造世界的机械祭坛，其中包"
156	圣贤士 Magi	恢复英文词间空格	a	a 	1	"eir rank in times of war, becoming aTech-Priest Dominus.

贤者的职务和头衔正在变化和"
156	圣贤士 Magi	恢复英文词间空格	an	an 	1	"e hierarchy is unknown is known as anOverseer-Imperator.

掌握了各自领域的圣贤士被称为"
156	圣贤士 Magi	恢复英文词间空格	the	the 	1	"Mechanicum at least at the time of theGreat Crusade. These were:

圣贤士的各种学"
156	圣贤士 Magi	恢复英文词间空格	Worldswhich	Worlds which	1	nd the Machine Altars of the Forge Worldswhich contain the sum of knowledge of th
156	圣贤士 Magi	恢复英文词间空格	Worldhas	World has	1	igh-Tech Arcana. Almost everyForge Worldhas representatives of these orders an
157	基因士 Genetor	恢复英文词间空格	the	the 	1	hat make up the rulingpriesthoodof theAdeptus Mechanicus, specializing in
157	基因士 Genetor	恢复英文词间空格	the	the 	1	the wider Genetor Order, or within theMagiOrder. They are very common amo
157	基因士 Genetor	恢复英文词间空格	the	the 	1	ng the Mechanicus, possibly due to theMechanicum’s experiences withmutant
157	基因士 Genetor	恢复英文词间空格	the	the 	1	"xperiences withmutantsonMarsduring theAge of Strife.

基因士是组成机械神教的执政神甫之一，专"
157	基因士 Genetor	恢复英文词间空格	the	the 	1	 is one of the few institutions in theImperium, alongside theInquisition'
157	基因士 Genetor	恢复英文词间空格	the	the 	1	itutions in theImperium, alongside theInquisition'sOrdo Xenos, permitted 
157	基因士 Genetor	恢复英文词间空格	the	the 	1	covert research facilities such as theAnphelion Basein conjunction with t
157	基因士 Genetor	恢复英文词间空格	the	the 	1	ction with the Ordo Xenos to study theTyranidrace, taking any opportunity
157	基因士 Genetor	恢复英文词间空格	the	the 	1	 geno-lab that was used to develop theCursed FoundingonIncunabla, possibl
157	基因士 Genetor	恢复英文词间空格	the	the 	1	abla, possibly in conjunction with theThorianfaction of theInquisition. S
157	基因士 Genetor	恢复英文词间空格	the	the 	1	junction with theThorianfaction of theInquisition. Some examples of the O
157	基因士 Genetor	恢复英文词间空格	the	the 	1	iated into the lesser mysteries of theMachine Cult.Verispex Adeptsof theA
157	基因士 Genetor	恢复英文词间空格	the	the 	1	 theMachine Cult.Verispex Adeptsof theAdeptus Arbitesare often trained by
157	基因士 Genetor	恢复英文句间空格	.Ve	. Ve	1	esser mysteries of the Machine Cult.Verispex Adeptsof the Adeptus Arbites
157	基因士 Genetor	恢复英文词间空格	the	the 	1	"**

Members of the Order engage in theQuest for Knowledgeas otherTech Pri"
159	机仆 Servitor	删除误重复字	为机仆的的欧格林	为机仆的欧格林	1	
165	黑船联盟 League of Black Ships	删除误重复字	人领导的的寂静修	人领导的寂静修	1	
165	黑船联盟 League of Black Ships	Field 对应的错别字	盖勒立场	盖勒力场	1	
172	禁军修会 Adeptus Custodes	错别字	还做为皇宫外围的哨兵	还作为皇宫外围的哨兵	1	
172	禁军修会 Adeptus Custodes	恢复英文句间空格	.Th	. Th	1	 Throneroom alone for an entire day.The reappearance of a Son of the Empe
172	禁军修会 Adeptus Custodes	恢复英文句间空格	.Fo	. Fo	1	Tanks, and Paragon Pattern Jetbikes.For aircraft, they used the Orion and
175	阿拉鲁斯禁军 Allarus Custodian	恢复英文词间空格	the	the 	1	Allarus Custodians are members of theAdeptus Custodeswhose task is to ki
175	阿拉鲁斯禁军 Allarus Custodian	恢复英文词间空格	the	the 	1	l key figures within the armies of theImperium's enemies and eliminate ke
175	阿拉鲁斯禁军 Allarus Custodian	恢复英文词间空格	with	with 	1	Power Armour, which comes equipped withTeleportersthat allow the single-mi
175	阿拉鲁斯禁军 Allarus Custodian	恢复英文词间空格	a	a 	1	rmament of an Allarus Custodian is aCastellan Axeand wrist-mountedBalis
175	阿拉鲁斯禁军 Allarus Custodian	恢复英文词间空格	the	the 	1	" Axe 配备堡主之斧的阿拉鲁斯禁军

Hand-picked by theCaptain-Generalfrom amongst the mos"
176	星际战士军团 Space Marine Legion	恢复英文句间空格	.In	. In	1	"括**帝皇的刽子手**

**VII**None officially.Informal titles included the**Stone M"
176	星际战士军团 Space Marine Legion	恢复英文句间空格	.In	. In	1	"泰拉守卫，他的保护者**

**VIII**None official.Informal titles included the**Night's"
176	星际战士军团 Space Marine Legion	恢复英文句间空格	.In	. In	1	"衔包括**午夜之子，恐惧**

**IX**None official.Informal titles included the**Revenan"
176	星际战士军团 Space Marine Legion	恢复英文句间空格	.Va	. Va	1	"包括**苍白牧者，覆尘者**

**XX**None formally.Various informal titles included the*"
180	战士结社 Warrior Lodges	恢复英文词间空格	the	the 	1	 fraternities formed by members of theSpace Marine Legionsduring theGreat
180	战士结社 Warrior Lodges	恢复英文词间空格	the	the 	1	s of theSpace Marine Legionsduring theGreat Crusade. They eventually led 
180	战士结社 Warrior Lodges	恢复英文词间空格	to	to 	1	ctions that facilitated their fall toChaosand the start of theHorus Here
180	战士结社 Warrior Lodges	恢复英文词间空格	the	the 	1	their fall toChaosand the start of theHorus Heresy. Warrior Lodges were c
180	战士结社 Warrior Lodges	恢复英文词间空格	the	the 	1	ior Lodges were covertly spread by theWord Bearers, who had secretly fall
180	战士结社 Warrior Lodges	恢复英文词间空格	the	the 	1	re were no secret societies within theAdeptus Astartes, not least because
180	战士结社 Warrior Lodges	恢复英文词间空格	the	the 	1	deptus Astartes, not least because theEmperor of Mankinddisapproved of th
180	战士结社 Warrior Lodges	恢复英文词间空格	the	the 	1	had outlawed after the adoption of theImperial Truth.Nevertheless, accord
180	战士结社 Warrior Lodges	恢复英文词间空格	to	to 	1	rial Truth.Nevertheless, according toCaptainSerghar Targost, the Lodge M
180	战士结社 Warrior Lodges	恢复英文词间空格	the	the 	1	ghar Targost, the Lodge Master for theLuna Wolves, some form of these fra
180	战士结社 Warrior Lodges	恢复英文词间空格	the	the 	1	"r thousands of years, since before theUnification Wars.

从官方角度来看，阿斯塔特修会内没"
180	战士结社 Warrior Lodges	恢复英文词间空格	the	the 	1	"

Approximately sixty years before theBattle of 63-19, theLuna Wolvesand "
180	战士结社 Warrior Lodges	恢复英文词间空格	the	the 	1	y years before theBattle of 63-19, theLuna Wolvesand theWord Bearersparti
180	战士结社 Warrior Lodges	恢复英文词间空格	the	the 	1	Battle of 63-19, theLuna Wolvesand theWord Bearersparticipated in a joint
180	战士结社 Warrior Lodges	恢复英文词间空格	of	of 	1	undertaking to subjugate the world ofDavin, ruled by a fierce warrior so
180	战士结社 Warrior Lodges	恢复英文词间空格	the	the 	1	hy of the Legions' admiration, and theSpace Marinescould not help but ado
180	战士结社 Warrior Lodges	恢复英文词间空格	as	as 	1	' more strait-laced officers, such asGarviel Lokenof the Luna Wolves,Nat
180	战士结社 Warrior Lodges	恢复英文词间空格	the	the 	1	 the Luna Wolves,Nathaniel Garroof theDeath Guard, andMacer Varrenof theW
180	战士结社 Warrior Lodges	恢复英文词间空格	and	and 	1	,Nathaniel Garroof theDeath Guard, andMacer Varrenof theWorld Eaters, for
180	战士结社 Warrior Lodges	恢复英文词间空格	the	the 	1	 theDeath Guard, andMacer Varrenof theWorld Eaters, forbade the men of th
180	战士结社 Warrior Lodges	恢复英文词间空格	their	their 	1	heWorld Eaters, forbade the men of theirCompaniesto have anything to do wit
180	战士结社 Warrior Lodges	恢复英文词间空格	the	the 	1	ns, beginning with discontent over theEmperor's withdrawal from the Crusa
180	战士结社 Warrior Lodges	恢复英文词间空格	the	the 	1	edCouncil of Terra. By the time of theBattle of Isstvan III, the Legions 
180	战士结社 Warrior Lodges	恢复英文词间空格	the	the 	1	"as a whole during the war, such as theWhite Scars.

这些结社还助长了那些在战争期间保持忠诚的军"
180	战士结社 Warrior Lodges	恢复英文词间空格	the	the 	1	point of lecturing his students at theSchola Progeniumabout it, the bette
180	战士结社 Warrior Lodges	恢复英文词间空格	of	of 	1	"opefully head off, the development ofTraitor Guardunits.

在M41，叛乱一万年后，自封"
180	战士结社 Warrior Lodges	恢复英文词间空格	Legionsduring	Legions during	1	med by members of the Space Marine Legionsduring the Great Crusade. They eventually
180	战士结社 Warrior Lodges	恢复英文词间空格	Chaosand	Chaos and	1	ons that facilitated their fall to Chaosand the start of the Horus Heresy. War
180	战士结社 Warrior Lodges	恢复英文句间空格	.Ne	. Ne	1	 the adoption of the Imperial Truth.Nevertheless, according to CaptainSer
180	战士结社 Warrior Lodges	恢复英文句间空格	.Co	. Co	1	 a warning sign of Chaos corruption.CommissarCiaphas Cainmade a point of 
181	破碎军团 Shattered Legions	恢复英文词间空格	the	the 	1	d Legions is a collective term for theIron Hands,Raven GuardandSalamander
181	破碎军团 Shattered Legions	恢复英文词间空格	the	the 	1	egionswho suffered heavy losses in theIsstvan V Dropsite Massacreat the o
181	破碎军团 Shattered Legions	恢复英文词间空格	the	the 	1	ropsite Massacreat the outbreak of theHorus Heresyand were effectively de
181	破碎军团 Shattered Legions	恢复英文词间空格	the	the 	1	ered Legions have their origins in theIsstvan VDropsite Massacre, a large
181	破碎军团 Shattered Legions	恢复英文词间空格	The	The 	1	im on the desert planet Isstvan V. TheDeath Guard,World Eaters,Emperor's 
181	破碎军团 Shattered Legions	恢复英文词间空格	the	the 	1	of HorusLegions, their betrayal of theImperiumrevealed by thevirus-bombin
181	破碎军团 Shattered Legions	恢复英文词间空格	the	the 	1	riumrevealed by thevirus-bombingof theLoyalistelements of their own Legio
181	破碎军团 Shattered Legions	恢复英文词间空格	on	on 	1	alistelements of their own Legions onIsstvan III, bunkered down in a lar
181	破碎军团 Shattered Legions	恢复英文词间空格	the	the 	1	prisal force organised and sent by theEmperor'sPraetorian,Rogal Dorn. The
181	破碎军团 Shattered Legions	恢复英文词间空格	The	The 	1	theEmperor'sPraetorian,Rogal Dorn. TheIron Hands,SalamandersandRaven Guar
181	破碎军团 Shattered Legions	恢复英文词间空格	the	the 	1	s to avenge an earlier betrayal in theCarolissystem. When the second wave
181	破碎军团 Shattered Legions	恢复英文词间空格	a	a 	1	grim gave in to the whisperings of aGreater DaemonofSlaaneshhoused in t
181	破碎军团 Shattered Legions	恢复英文词间空格	the	the 	1	d in the most infamous betrayal of theImperium's history opened fire on t
181	破碎军团 Shattered Legions	恢复英文词间空格	The	The 	1	ating Salamanders and Raven Guard. TheWord Bearers,Night Lords,Iron Warri
181	破碎军团 Shattered Legions	恢复英文词间空格	Heresyand	Heresy and	1	ssacreat the outbreak of the Horus Heresyand were effectively destroyed as figh
181	破碎军团 Shattered Legions	恢复英文词间空格	Legionhad	Legion had	1	,Night Lords,Iron WarriorsandAlpha Legionhad all secretly already sided with Ho
181	破碎军团 Shattered Legions	恢复英文词间空格	of	of 	1	bers of casualties, a small number ofLoyalistsurvivors managed to fight 
181	破碎军团 Shattered Legions	恢复英文词间空格	the	the 	1	f the traitor fleet, which prowled theIsstvan systemfor some time after t
181	破碎军团 Shattered Legions	恢复英文词间空格	of	of 	1	more, relatively small task forces ofIron Hands,SalamandersandRaven Guar
181	破碎军团 Shattered Legions	恢复英文词间空格	as	as 	1	rticular were not wholly destroyed asFerrus Manushad been so eager to ta
181	破碎军团 Shattered Legions	恢复英文词间空格	of	of 	1	lar note are the Iron Hands forces ofShadrak Meduson, who commanded part
181	破碎军团 Shattered Legions	恢复英文词间空格	the	the 	1	reserve fleet held in orbit during theDropsite Massacreand escaped, going
181	破碎军团 Shattered Legions	恢复英文词间空格	on	on 	1	eLoyalistLegionscaught in the trap onIsstvan VtheRaven Guardwere the onl
181	破碎军团 Shattered Legions	恢复英文词间空格	their	their 	1	ere the only ones who did not lose theirPrimarch,Ferrus Manusof theIron Han
181	破碎军团 Shattered Legions	恢复英文词间空格	the	the 	1	 lose theirPrimarch,Ferrus Manusof theIron Handsbeing killed byFulgrimand
181	破碎军团 Shattered Legions	恢复英文词间空格	by	by 	1	 Manusof theIron Handsbeing killed byFulgrimandVulkanof theSalamandersbe
181	破碎军团 Shattered Legions	恢复英文词间空格	the	the 	1	sbeing killed byFulgrimandVulkanof theSalamandersbeing captured by theNig
181	破碎军团 Shattered Legions	恢复英文词间空格	the	the 	1	of theSalamandersbeing captured by theNight Lords.Corvus Coraxwas able to
181	破碎军团 Shattered Legions	恢复英文词间空格	the	the 	1	 forced into a final stand against theWorld Eaterson the planet. At the v
181	破碎军团 Shattered Legions	恢复英文词间空格	by	by 	1	eaths the Raven Guard were rescued byBranne Nev, the commander of the Ra
181	破碎军团 Shattered Legions	恢复英文词间空格	on	on 	1	mander of the Raven Guard garrison onDeliverance, who was persuaded to a
181	破碎军团 Shattered Legions	恢复英文词间空格	of	of 	1	n his post by the prophetic dreams ofTherion CohortPraefectorMarcus Vale
181	破碎军团 Shattered Legions	恢复英文词间空格	the	the 	1	Raven Guard, this was contrived by theAlpha Legion, whose operatives had 
181	破碎军团 Shattered Legions	恢复英文词间空格	the	the 	1	 worlds.Horushad planned to remove theRaven Guard,SalamandersandIron Hand
181	破碎军团 Shattered Legions	恢复英文词间空格	the	the 	1	as factors in his plans to conquer theImperium, but, through the heroism 
181	破碎军团 Shattered Legions	恢复英文词间空格	from	from 	1	" he was forced to rue their escape fromIsstvan V.

破碎军团幸存者对叛徒部队采取的军事行动太多了，"
181	破碎军团 Shattered Legions	恢复英文词间空格	Guardthat	Guard that	1	 of Iron Hands,SalamandersandRaven Guardthat nevertheless numbered into the hun
181	破碎军团 Shattered Legions	恢复英文词间空格	Guardwere	Guard were	1	t in the trap on Isstvan VtheRaven Guardwere the only ones who did not lose the
181	破碎军团 Shattered Legions	恢复英文词间空格	Coraxwas	Corax was	1	captured by the Night Lords.Corvus Coraxwas able to escape from the battlefiel
181	破碎军团 Shattered Legions	恢复英文词间空格	Horushad	Horus had	1	ng the defenses of Loyalist worlds.Horushad planned to remove the Raven Guard,
181	破碎军团 Shattered Legions	恢复英文句间空格	.Co	. Co	1	rsbeing captured by the Night Lords.Corvus Corax was able to escape from 
181	破碎军团 Shattered Legions	恢复英文句间空格	.Ho	. Ho	1	ing the defenses of Loyalist worlds.Horus had planned to remove the Raven
182	黑盾 Blackshields	恢复英文词间空格	the	the 	1	 irregularSpace Marineunits during theHorus Heresy. Small in scale, few n
182	黑盾 Blackshields	恢复英文词间空格	the	the 	1	ides in the Heresy, dating back to theBattle of the Coronid Deepsof 006-0
182	黑盾 Blackshields	恢复英文词间空格	the	the 	1	 wearing no iconography other than theAquilaformed to fight the traitors,
182	黑盾 Blackshields	恢复英文词间空格	the	the 	1	 were still continuing the work of theGreat Crusadewhile others establish
182	黑盾 Blackshields	恢复英文词间空格	with	with 	1	mselves in a distinctive black. As withShattered Legionsforces, Blackshiel
182	黑盾 Blackshields	恢复英文词间空格	the	the 	1	entirely for themselves. Some bore theAquilawhile others bore theEye of H
182	黑盾 Blackshields	恢复英文词间空格	the	the 	1	me bore theAquilawhile others bore theEye of Horus, but none answered to 
182	黑盾 Blackshields	恢复英文词间空格	the	the 	1	ld have been considered illegal in theLegiones Astartes. They were also o
182	黑盾 Blackshields	恢复英文词间空格	Legionsforces	Legions forces	1	stinctive black. As with Shattered Legionsforces, Blackshields were encountered on 
183	游侠骑士 Knights-Errant	恢复英文句间空格	.Di	. Di	1	 Yored Massak of the Imperial Fists.Dio Promus notably killed candidates 
186	第一连长 First Captain	恢复英文词间空格	their	their 	1	"exceptional individuals, second to theirPrimarch, during theHorus Heresy.

"
186	第一连长 First Captain	恢复英文词间空格	the	the 	1	"s, second to theirPrimarch, during theHorus Heresy.

第一连长是荷鲁斯叛乱时期少数杰出人物所诞"
186	第一连长 First Captain	恢复英文词间空格	the	the 	1	ay, the title is used to designate theCaptainof the1st Companyin any give
186	第一连长 First Captain	恢复英文词间空格	of	of 	1	"First Captains also have the title ofMaster of the Keep.

如今，在任何特定战团中，该头"
186	第一连长 First Captain	恢复英文词间空格	to	to 	1	" Aethon Shaanwas recently promoted toChapter Master.
- 艾森·沙恩最近被晋升为战团长。"
186	第一连长 First Captain	恢复英文句间空格	.Ma	. Ma	1	f the1st Companyin any givenChapter.Many modern First Captains also have 
199	军团警戒者 Legion Vigilator	恢复英文句间空格	.Vi	. Vi	1	alized in scouting and infiltration.Vigilators either operate alone to ta
212	星际战士 Space Marine	恢复英文句间空格	.Li	. Li	1	these men who give themselves to me.Like clay I shall mould them and in t
212	星际战士 Space Marine	恢复英文句间空格	.Th	. Th	1	nd in the furnace of war forge them.They will be of iron will and steely 
212	星际战士 Space Marine	恢复英文句间空格	.In	. In	1	l be of iron will and steely muscle.In great armour shall I clad them and
212	星际战士 Space Marine	恢复英文句间空格	.Th	. Th	1	e mightiest guns will they be armed.They will be untouched by plague or d
212	星际战士 Space Marine	恢复英文句间空格	.Th	. Th	1	isease,no sickness will blight them.They will have tactics,strategies and
212	星际战士 Space Marine	恢复英文句间空格	.Th	. Th	1	that no foe can best them in battle.They are my bulwark against the Terro
212	星际战士 Space Marine	恢复英文句间空格	.Th	. Th	1	y are my bulwark against the Terror.They are the Defenders of Humanity.Th
212	星际战士 Space Marine	恢复英文句间空格	.Th	. Th	1	.They are the Defenders of Humanity.They are my Space Marines and they sh
212	星际战士 Space Marine	恢复英文句间空格	.Wi	. Wi	1	g the Imperium in the Great Crusade.With their superhuman abilities,they 
212	星际战士 Space Marine	恢复英文句间空格	.Af	. Af	1	 after world in the name of Mankind.After the Horus Heresy the Space Mari
212	星际战士 Space Marine	恢复英文句间空格	.Sc	. Sc	1	h one numbering roughly 1000 strong.Scouring the galaxy in search of the 
213	阿斯塔特修会 Adeptus Astartes	恢复英文句间空格	.Mo	. Mo	1	-violent, and ideologically deluded.Moreover, the concepts of founding Le
215	建军 Founding	删除误重复字	煌天使的的创建。	煌天使的创建。	1	
216	战团 Chapter	恢复英文词间空格	the	the 	1	"星语者，领航员。

Everysuccessor chapterof theUltramarinesfollows theCodex Astart"
216	战团 Chapter	恢复英文词间空格	the	the 	1	"r chapterof theUltramarinesfollows theCodex Astartescompletely.

极限战士的每一个"
216	战团 Chapter	恢复英文词间空格	as	as 	1	"inner priesthood of warriors known asChaplains.

每个星际战士都属于战团的教派，因此，战团的每个"
216	战团 Chapter	恢复英文词间空格	the	the 	1	d between the Adeptus Astartes and theAdeptus Ministorum, going back all 
216	战团 Chapter	恢复英文词间空格	the	the 	1	k all the way to the very start of theImperial Creedon Terra. Though riva
216	战团 Chapter	恢复英文词间空格	the	the 	1	 and among all the factions within theAdeptus Terra, this friction goes t
216	战团 Chapter	恢复英文词间空格	its	its 	1	al, the Ecclesiarchy does not send itsConfessorsandMissionariesto Space M
216	战团 Chapter	恢复英文词间空格	the	the 	1	n between the Adeptus Astartes and theInquisition, particularly theWitch 
216	战团 Chapter	恢复英文词间空格	the	the 	1	s and theInquisition, particularly theWitch Huntersof theOrdo Hereticus, 
216	战团 Chapter	恢复英文词间空格	the	the 	1	n, particularly theWitch Huntersof theOrdo Hereticus, over the nature of 
216	战团 Chapter	恢复英文词间空格	the	the 	1	eet of some sort. By the edicts of theCodex Astartes, the ships of the Sp
216	战团 Chapter	恢复英文词间空格	their	their 	1	apter's most precious assets, like theirGeneseed, so they can stay back and
216	战团 Chapter	恢复英文词间空格	an	an 	1	on.As for Forge-Ships, for example anArk-classForge-shipproduces Space M
216	战团 Chapter	恢复英文句间空格	.In	. In	1	ften wildly vary between each other.Indeed, two successor chapters spawne
216	战团 Chapter	恢复英文句间空格	.Du	. Du	1	le of transporting 10 Space Marines.Due to its nature as an STC-design, R
216	战团 Chapter	恢复英文句间空格	.As	. As	1	range missions and deep-space recon.As for Forge-Ships, for example an Ar
218	修士 Brother	恢复英文句间空格	.Th	. Th	1	assigned to these specialist squads.Those which show technical aptitude m
226	圣典战团 Codex Chapter	恢复英文词间空格	of	of 	1	A Codex Chapter ofSpace Marinestends to follow the st
226	圣典战团 Codex Chapter	恢复英文词间空格	the	the 	1	anisation and doctrines as laid in theCodex Astartes. TheUltramarinesare 
226	圣典战团 Codex Chapter	恢复英文词间空格	The	The 	1	ines as laid in theCodex Astartes. TheUltramarinesare the quintessential 
226	圣典战团 Codex Chapter	恢复英文词间空格	the	the 	1	ir structure. Other Chapters, like theDark Angels, have relatively minor 
226	圣典战团 Codex Chapter	恢复英文词间空格	the	the 	1	ways of fighting. Yet others, like theSpace Wolves, simply ignore the org
226	圣典战团 Codex Chapter	恢复英文词间空格	to	to 	1	"ished Chapters may not have access toDreadnoughtsorTerminators.

一个圣典战团可"
227	星际战士连队 Space Marine Company	恢复英文词间空格	a	a 	1	"he broadest organisational unit in aSpace MarineChapter.

星际战士连队是星际战士战团"
227	星际战士连队 Space Marine Company	恢复英文词间空格	is	is 	1	"ads. Support for the First Company isLand RaidersandDreadnoughts.

第一连队由"
227	星际战士连队 Space Marine Company	恢复英文词间空格	as	as 	1	d, 4th and 5th Companies are known asBattle Companies, as they generally
227	星际战士连队 Space Marine Company	恢复英文词间空格	of	of 	1	to 6Battleline Squadswhich consist ofTacticalandIntercessorformations, 2
227	星际战士连队 Space Marine Company	恢复英文词间空格	of	of 	1	 2Close Combat Squadswhich consist ofAssault,Reiver, andInceptorformatio
227	星际战士连队 Space Marine Company	恢复英文词间空格	and	and 	1	adswhich consist ofAssault,Reiver, andInceptorformations, and 2Fire Suppo
227	星际战士连队 Space Marine Company	恢复英文词间空格	of	of 	1	 2Fire Support Squadswhich consist ofDevastator,Hellblaster, orAggressor
227	星际战士连队 Space Marine Company	恢复英文词间空格	of	of 	1	and maintains their own motor pool ofRhinoandRazorbacktransports,Land Sp
227	星际战士连队 Space Marine Company	恢复英文词间空格	of	of 	1	panies are each comprised entirely ofTactical SquadsorIntercessor Squads
227	星际战士连队 Space Marine Company	恢复英文词间空格	as	as 	1	inoandRazorbacktransports, as well asDreadnoughts. The 6th Company, howe
227	星际战士连队 Space Marine Company	恢复英文词间空格	on	on 	1	ons, while the 7th can do the same onLand Speeders. These forces are hel
227	星际战士连队 Space Marine Company	恢复英文词间空格	of	of 	1	 8th Company is comprised entirely ofAssault Squads,Reiver Squads, orInc
227	星际战士连队 Space Marine Company	恢复英文词间空格	of	of 	1	r Scout Company, consists entirely ofScoutsand is often not entirely one
227	星际战士连队 Space Marine Company	恢复英文句间空格	.Th	. Th	1	t use Rhino or Razorback transports.The Scout Company will also maintain 
231	阿斯塔特圣典 Codex Astartes	恢复英文句间空格	.Ro	. Ro	1	velop their own culture and customs.Rogal Dorn initially rejected the Cod
232	斯卡罗斯次经 Apocrypha of Skaros	恢复英文词间空格	the	the 	1	aros is the earliest known copy of theCodex Astartes, authored byRoboute 
232	斯卡罗斯次经 Apocrypha of Skaros	恢复英文词间空格	by	by 	1	opy of theCodex Astartes, authored byRoboute Guilliman. The Apocrypha st
232	斯卡罗斯次经 Apocrypha of Skaros	恢复英文词间空格	the	the 	1	uccessor Chapterswere created from theUltramarinesLegionduring theSecond 
232	斯卡罗斯次经 Apocrypha of Skaros	恢复英文词间空格	the	the 	1	d from theUltramarinesLegionduring theSecond Founding,but does not name t
232	斯卡罗斯次经 Apocrypha of Skaros	恢复英文词间空格	Chapterswere	Chapters were	1	 states that twenty-threeSuccessor Chapterswere created from the UltramarinesLegio
240	战团侍从 Chapter serfs	恢复英文词间空格	the	the 	1	pter serfs (or Legion serfs during theGreat CrusadeandHorus Heresy) are t
240	战团侍从 Chapter serfs	恢复英文词间空格	a	a 	1	ormalhumanbondsmen and servants of aSpace MarineChapter. The Space Mari
240	战团侍从 Chapter serfs	恢复英文词间空格	the	the 	1	"际战士鞠躬

The serfs are inducted into theChapter cultand tend to not begrudg"
240	战团侍从 Chapter serfs	恢复英文词间空格	the	the 	1	andard than most other servants of theImperium, and have access to a bett
240	战团侍从 Chapter serfs	恢复英文词间空格	the	the 	1	els at least equivalent to that of theImperial Guard, and are expected to
240	战团侍从 Chapter serfs	恢复英文词间空格	the	the 	1	leged and honours roles such as in theSpace WolvesandImperial Fistssucces
240	战团侍从 Chapter serfs	恢复英文词间空格	the	the 	1	ndImperial Fistssuccessors such as theExcoriators, in chapters such as th
240	战团侍从 Chapter serfs	恢复英文词间空格	the	the 	1	heExcoriators, in chapters such as theCarcharodonsthey are regarded assla
240	战团侍从 Chapter serfs	恢复英文词间空格	to	to 	1	he Chapter. Even before their fall toChaostheIron Warriorsregarded serfs
240	战团侍从 Chapter serfs	恢复英文词间空格	the	the 	1	e more than replaceable fodder. In theSalamandersserfs often form genuine
240	战团侍从 Chapter serfs	恢复英文词间空格	as	as 	1	"友谊和同事情谊。

SomeIron HandsClans such asClan Borrgosdo not use serfs at all"
241	阿斯塔特总督 Astartes Praeses	恢复英文词间空格	the	the 	1	task was to guard the frontiers of theEye of Terror. By the time of the13
241	阿斯塔特总督 Astartes Praeses	恢复英文词间空格	the	the 	1	"outskirts 恐惧之眼及其边缘地带

According to theMythos Angelica Mortiswere those ch"
241	阿斯塔特总督 Astartes Praeses	恢复英文词间空格	of	of 	1	"惧之眼周围的地区。

Thanks to the judgement ofSaint Basillius, many of the chapte"
241	阿斯塔特总督 Astartes Praeses	恢复英文词间空格	the	the 	1	any of the chapters were sent into theEye of Terror. In the immediate aft
241	阿斯塔特总督 Astartes Praeses	恢复英文词间空格	the	the 	1	ror. In the immediate aftermath of theAbyssal Crusade, the region was wre
242	摧毁祷文 Litany of Demolition	恢复英文词间空格	of	of 	1	on is a pre-battle ritual blessing ofVindicatorammunition to be performe
248	连长 Captain	恢复英文句间空格	.In	. In	1	er and as their immediate successor.In addition, some chapters, such as t
252	智库 Librarian	恢复英文句间空格	.Li	. Li	1	departments in a variety of Legions.Librarians were favoured for use or h
254	星语官 Epistolary	恢复英文句间空格	.Th	. Th	1	 both on the battlefield and beyond.They are able to use their powers to 
256	编修员 Lexicanium	恢复英文句间空格	.Th	. Th	1	 to submit to the Chapter's records.These summary accounts chronicle the 
261	裁决士 Judiciar	恢复英文句间空格	.Th	. Th	1	d using their deeds as their litany.They are armed with executioner relic
261	裁决士 Judiciar	恢复英文句间空格	.Th	. Th	1	s devices which can manipulate time.This device symbolizes the Judiciar's
263	技术军士 Techmarine	删除误重复字	，以及与与操控者	，以及与操控者	1	
263	技术军士 Techmarine	恢复英文句间空格	.Te	. Te	1	only use a Grav-Pistol as a sidearm.Techmarines can also be accompanied b
263	技术军士 Techmarine	恢复英文句间空格	.Th	. Th	1	 additional senses and capabilities.Their usual weapon is an Omnissian Po
268	连队冠军 Company Champion	恢复英文句间空格	.Wh	. Wh	1	 legion officers and even Primarchs.When the Codex Astartes was establish
280	指挥组 Command Squad	恢复英文句间空格	.Th	. Th	1	 squad instead of a simple Sergeant.They accompanied a Leader, Commander,
291	毁灭者小队 Devastator Squad	恢复英文句间空格	.Th	. Th	1	 part of the main Space Marine army.Those newly-appointed to a Squad, arm
292	仲裁者小队 Intercessos Squad	恢复英文句间空格	.St	. St	1	 since crossed the Rubicon Primaris.Sternguard Veterans in modern chapter
292	仲裁者小队 Intercessos Squad	恢复英文句间空格	.Th	. Th	1	t are known as Assault Intercessors.These are among the most common type 
292	仲裁者小队 Intercessos Squad	恢复英文句间空格	.Th	. Th	1	pport Squad within a modern Chapter.They are equipped with Chainswords an
295	寂灭小队 Desolation Squad	恢复英文句间空格	.Wi	. Wi	1	nst masses of enemy troops or armor.With a simultaneous option of various
307	百夫长 Centurion	恢复英文句间空格	.Th	. Th	1	e missions are given to Devastators.Their only real weakness is their lac
310	断线者中队 Line Breaker Squadron	恢复英文词间空格	a	a 	1	A Line Breaker Squadron is aSpace Marinetactical formation used
310	断线者中队 Line Breaker Squadron	恢复英文词间空格	the	the 	1	, especially in urban areas, where theVindicatoris at the advantage. The 
310	断线者中队 Line Breaker Squadron	恢复英文词间空格	their	their 	1	nemy at his strongest point, using theirDemolisher CannonsandDozer Bladesto
321	奉信者 Adulators	恢复英文词间空格	a	a 	1	The Adulators are aSpace Marine Chapter.The chapter is
321	奉信者 Adulators	恢复英文词间空格	the	the 	1	 chapter is steeped in the ways of theEcclesiarchyand are on close terms 
321	奉信者 Adulators	恢复英文句间空格	.Th	. Th	1	dulators are a Space Marine Chapter.The chapter is steeped in the ways of
321	奉信者 Adulators	恢复英文词间空格	the	the 	1	have contributed to the defence of theRas subsector, in particular theShr
321	奉信者 Adulators	恢复英文词间空格	the	the 	1	of theRas subsector, in particular theShrine WorldofRas Shakeh, at one po
322	红色猎手 Red Hunters	删除误重复字	了不幸的的空投舱	了不幸的空投舱	1	
322	红色猎手 Red Hunters	恢复英文词间空格	a	a 	1	The Red Hunters are aSpace Marine Chapterwith ties to th
322	红色猎手 Red Hunters	恢复英文词间空格	the	the 	1	 aSpace Marine Chapterwith ties to theInquisition(as shown by the Inquisi
322	红色猎手 Red Hunters	恢复英文词间空格	Chapterwith	Chapter with	1	The Red Hunters are a Space Marine Chapterwith ties to the Inquisition(as shown b
322	红色猎手 Red Hunters	恢复英文词间空格	the	the 	1	rswhoseChapter Cultopenly worships theEmperor of Mankindas a god.Their un
322	红色猎手 Red Hunters	恢复英文句间空格	.Th	. Th	1	hips the Emperor of Mankindas a god.Their uniform is red, with a white sk
322	红色猎手 Red Hunters	恢复英文词间空格	on	on 	1	f the Inquisitorial Representative onTerra, and that there was a secret 
322	红色猎手 Red Hunters	恢复英文词间空格	the	the 	1	pter of Space Marines that look to theCodex Astartesfor its organisation 
322	红色猎手 Red Hunters	恢复英文词间空格	Astartesfor	Astartes for	1	ace Marines that look to the Codex Astartesfor its organisation and spiritual gui
323	星辰幻影 Star Phantoms	恢复英文词间空格	the	the 	1	"hapterwho played a pivotal part in theBadab War.

星辰幻影是一支忠诚派星际战士战团，在巴达布战争"
323	星辰幻影 Star Phantoms	恢复英文词间空格	Chapterwho	Chapter who	1	hantoms are a loyalistSpace Marine Chapterwho played a pivotal part in the Badab
323	星辰幻影 Star Phantoms	恢复英文词间空格	the	the 	1	crecy and isolationism. As part of theSentinel Foundingearly in the38th M
323	星辰幻影 Star Phantoms	恢复英文词间空格	the	the 	1	ounded to shore up the defences of theImperiumin many vulnerable parts of
323	星辰幻影 Star Phantoms	恢复英文词间空格	the	the 	1	ts vast domain. Initially based in theMausoleum worldofHaakoneth, the Cha
323	星辰幻影 Star Phantoms	恢复英文词间空格	of	of 	1	"been grimly plying the space lanes ofSegmentum Obscurus.

星辰幻影是一个战团，由于其自"
323	星辰幻影 Star Phantoms	恢复英文词间空格	the	the 	1	s one of those who participated in theMacharian Crusade, but after the de
323	星辰幻影 Star Phantoms	恢复英文词间空格	of	of 	1	arian Crusade, but after the death ofLord SolarMachariusparticipated in 
323	星辰幻影 Star Phantoms	恢复英文词间空格	the	the 	1	in the Imperial civil war known as theMacharian Heresy. The Star Phantoms
323	星辰幻影 Star Phantoms	恢复英文词间空格	the	the 	1	estruction of their former allies, theMarines Malevolent. Ultimately, the
323	星辰幻影 Star Phantoms	恢复英文词间空格	the	the 	1	"e Chapter was cleared of heresy by theInquisition.

该战团被视为马卡里亚远征的参与者之一，但在"
323	星辰幻影 Star Phantoms	恢复英文词间空格	the	the 	1	The Chapter arrived in strength in theMaelstrom Zonein 912.M41, mostly du
323	星辰幻影 Star Phantoms	恢复英文词间空格	of	of 	1	41, mostly due to the intervention ofLegate-InquisitorFrainand hisacolyt
323	星辰幻影 Star Phantoms	恢复英文词间空格	the	the 	1	"l, thestar fortnetwork surrounding theBadab system.

战团于912.M41在大漩涡区强大起来，"
323	星辰幻影 Star Phantoms	恢复英文词间空格	on	on 	1	"络）中发挥了关键作用。

When the final attack onBadab Primariscame, the Star Phanto"
323	星辰幻影 Star Phantoms	恢复英文词间空格	the	the 	1	companies supported the marines of theFire HawksandSons of Medusain takin
323	星辰幻影 Star Phantoms	恢复英文词间空格	the	the 	1	re HawksandSons of Medusain taking theHigh Guard orbital fortress, while 
323	星辰幻影 Star Phantoms	恢复英文词间空格	as	as 	1	cipating Loyalist Chapters as well asInquisitorialStorm Troopersin besie
323	星辰幻影 Star Phantoms	恢复英文词间空格	the	the 	1	m Troopersin besieging the seat of theTyrant's power: thePalace of Thorns
323	星辰幻影 Star Phantoms	恢复英文词间空格	the	the 	1	"ing the seat of theTyrant's power: thePalace of Thornsitself.

当对巴达布主星的最后"
323	星辰幻影 Star Phantoms	恢复英文词间空格	the	the 	1	"ed, even with the participation of theTitansofLegio Crucius.

仅在第一次进攻中，就有"
323	星辰幻影 Star Phantoms	恢复英文词间空格	the	the 	1	tage of countless hive reactors by theCarcharodons. Although the field ev
323	星辰幻影 Star Phantoms	恢复英文词间空格	by	by 	1	 Star Phantoms assault forces, led byCaptainZhrukal Androcles, to force 
323	星辰幻影 Star Phantoms	恢复英文词间空格	the	the 	1	nion over the shattered remains of theBadab sector. Being fleet-based for
323	星辰幻影 Star Phantoms	恢复英文词间空格	of	of 	1	lanets, it settled on the ice moon ofJahga, where they chose to bring do
323	星辰幻影 Star Phantoms	恢复英文词间空格	the	the 	1	 Chapter'sgene-seedwas used during theFoundingof the Star Phantoms. Some 
323	星辰幻影 Star Phantoms	恢复英文词间空格	the	the 	1	hantoms' gene-seed originated from theDark Angels. However, both the Dark
323	星辰幻影 Star Phantoms	恢复英文词间空格	the	the 	1	form to the standards laid down in theCodex Astartes, but have displayed 
323	星辰幻影 Star Phantoms	恢复英文词间空格	Imperiumin	Imperium in	1	ed to shore up the defences of the Imperiumin many vulnerable parts of its vast 
323	星辰幻影 Star Phantoms	恢复英文词间空格	the	the 	1	lateral damage, to the point where theLord SolarMachariushimself is said 
323	星辰幻影 Star Phantoms	恢复英文词间空格	the	the 	1	ster of rites. FourReclusiarchsand theMaster of Sanctityare attached to t
323	星辰幻影 Star Phantoms	恢复英文词间空格	The	The 	1	ome questions within the Imperium. TheInquisitionhas conducted several in
323	星辰幻影 Star Phantoms	恢复英文词间空格	the	the 	1	 any blasphemy, particularly after theMacharian Heresy. However none of t
323	星辰幻影 Star Phantoms	恢复英文词间空格	the	the 	1	so listed to have fought alongside theFlesh Tearersin the cleansing of th
323	星辰幻影 Star Phantoms	恢复英文词间空格	the	the 	1	heFlesh Tearersin the cleansing of theSakkara System, less than one hundr
323	星辰幻影 Star Phantoms	恢复英文词间空格	the	the 	1	"one hundred years after the end of theHorus Heresy(i.e. inM31).
- 尽管他们的建军"
324	帝国卡斯蒂利亚 Imperial Castilians	删除误重复字	蒂利亚的的意思是	蒂利亚的意思是	1	
324	帝国卡斯蒂利亚 Imperial Castilians	恢复英文词间空格	a	a 	1	"The Imperial Castilians are aSpace Marine Chapter.

帝国卡斯蒂利亚是一个星际"
324	帝国卡斯蒂利亚 Imperial Castilians	恢复英文词间空格	to	to 	1	ilians*bears a striking similarity toImperial Castellans(also aSpace Mar
324	帝国卡斯蒂利亚 Imperial Castilians	恢复英文词间空格	a	a 	1	ilarity toImperial Castellans(also aSpace MarineChapter). It is however
325	火鹰 Fire Hawks	恢复英文词间空格	the	the 	1	 took part in the conflicts during theAge of Apostasyand theBadab War. Th
325	火鹰 Fire Hawks	恢复英文词间空格	the	the 	1	licts during theAge of Apostasyand theBadab War. They were lost in theWar
325	火鹰 Fire Hawks	恢复英文词间空格	the	the 	1	"nd theBadab War. They were lost in theWarpin 963.M41.

火鹰是一支忠诚派星际战士战团，参与了"
325	火鹰 Fire Hawks	恢复英文词间空格	the	the 	1	ly embroiled deeply in the wars of theAge of Apostasy. In one of their fi
325	火鹰 Fire Hawks	恢复英文词间空格	the	the 	1	irst actions they fought alongside theBlack Templars,Imperial Fists,Soul 
325	火鹰 Fire Hawks	恢复英文词间空格	the	the 	1	,Imperial Fists,Soul Drinkers, and theMartianSkitariiagainstGoge Vandire.
325	火鹰 Fire Hawks	恢复英文词间空格	of	of 	1	ring these battles their homeworld ofZhoroswas destroyed byThermal Bombs
325	火鹰 Fire Hawks	恢复英文词间空格	by	by 	1	ir homeworld ofZhoroswas destroyed byThermal Bombs. At the conclusion of
325	火鹰 Fire Hawks	恢复英文词间空格	the	the 	1	hermal Bombs. At the conclusion of theAge of Apostasythey were rewarded f
325	火鹰 Fire Hawks	恢复英文词间空格	by	by 	1	d for their actions in his support bySebastian Thorhimself, who issued t
325	火鹰 Fire Hawks	恢复英文词间空格	the	the 	1	 issued them with the right to use theGreat Crusade-era mobile void-fortr
325	火鹰 Fire Hawks	恢复英文词间空格	the	the 	1	alist Chapter to become engaged in theBadab Warafter one of their vessels
325	火鹰 Fire Hawks	恢复英文词间空格	the	the 	1	dab Warafter one of their vessels, theRapturous Flame, was attacked and c
325	火鹰 Fire Hawks	恢复英文词间空格	the	the 	1	lame, was attacked and captured by theMantis Warriorsin 904.M41. The Fire
325	火鹰 Fire Hawks	恢复英文词间空格	and	and 	1	mated 22% by the war's third year, andLazaerekwas forced to bow to Loyali
325	火鹰 Fire Hawks	恢复英文词间空格	the	the 	1	he single-most powerful warship in theMaelstrom Zone, was used as a lynch
325	火鹰 Fire Hawks	恢复英文词间空格	the	the 	1	om Zone, was used as a lynchpin of theAngstromblockade. Also during the B
325	火鹰 Fire Hawks	恢复英文词间空格	the	the 	1	ire Hawks created a new pattern of theRazorback— theInfernum Pattern Razo
325	火鹰 Fire Hawks	恢复英文词间空格	the	the 	1	ted a new pattern of theRazorback— theInfernum Pattern Razorback— to effe
325	火鹰 Fire Hawks	恢复英文词间空格	the	the 	1	when the Fire Hawks were called to theCrows Worldsubsectorin 963.M41to de
325	火鹰 Fire Hawks	恢复英文词间空格	with	with 	1	ws Worldsubsectorin 963.M41to deal withDark Eldarpirates. The entire chapt
325	火鹰 Fire Hawks	恢复英文词间空格	the	the 	1	rus Rex*, attempted awarp jumpfrom thePireaus System, 120 light years fro
325	火鹰 Fire Hawks	恢复英文词间空格	the	the 	1	 assumed destroyed. It’s said that theBell of Lost Soulstolled a thousand
325	火鹰 Fire Hawks	恢复英文词间空格	the	the 	1	stolled a thousand times, and that theEmperorhimself ordered a black cand
325	火鹰 Fire Hawks	恢复英文词间空格	the	the 	1	rdered a black candle to be lit in theChapel of Fallen Heroes. Despite th
325	火鹰 Fire Hawks	恢复英文词间空格	the	the 	1	 conspiracy theorists to implicate theOfficio Assassinorumin the loss of 
325	火鹰 Fire Hawks	恢复英文词间空格	the	the 	1	"ve survived and renamed themselves theLegion of the Damned.

该战团可能有多达200名"
325	火鹰 Fire Hawks	恢复英文词间空格	the	the 	1	he samples held in the archives of theAdeptus Terraspeak against this, an
325	火鹰 Fire Hawks	恢复英文词间空格	of	of 	1	aspeak against this, and the Lords ofMacraggehave never publicly acknowl
325	火鹰 Fire Hawks	恢复英文词间空格	Emperorhimself	Emperor himself	1	led a thousand times, and that the Emperorhimself ordered a black candle to be lit i
326	I - 黑暗天使 Dark Angels	恢复英文句间空格	.Sa	. Sa	1	l role in crushing the insurrection.Sammael, Master of the Ravenwing defe
326	I - 黑暗天使 Dark Angels	恢复英文句间空格	.Sh	. Sh	1	 nearby Indomitus Crusade taskforce.Shortly afterwards, a vengeful Azrael
326	I - 黑暗天使 Dark Angels	恢复英文句间空格	.Du	. Du	1	ortionate amount of Plasma Weaponry.During the time of the Great Crusade,
328	黑暗守望者 Watchers in the Dark	恢复英文词间空格	the	the 	1	"ck, the mobilefortress-monasteryof theDark AngelsSpace MarineChapter.

黑暗"
328	黑暗守望者 Watchers in the Dark	恢复英文词间空格	against	against 	1	n seeking to guide the Dark Angels againstChaossince before theHorus Heresy, 
328	黑暗守望者 Watchers in the Dark	恢复英文词间空格	the	the 	1	rk Angels againstChaossince before theHorus Heresy, and are acquainted wi
328	黑暗守望者 Watchers in the Dark	恢复英文词间空格	of	of 	1	 and are acquainted with the likes ofEldrad Ulthran. The Watchers seemed
328	黑暗守望者 Watchers in the Dark	恢复英文词间空格	to	to 	1	"

**History 历史**

Native creatures toCalibanaccording toZahariel, the Wa"
328	黑暗守望者 Watchers in the Dark	恢复英文词间空格	to	to 	1	ative creatures toCalibanaccording toZahariel, the Watchers in the Dark 
328	黑暗守望者 Watchers in the Dark	恢复英文词间空格	the	the 	1	e planet long before the coming of theEmperor. According to theOuroboros,
328	黑暗守望者 Watchers in the Dark	恢复英文词间空格	the	the 	1	coming of theEmperor. According to theOuroboros, at some point the Watche
328	黑暗守望者 Watchers in the Dark	恢复英文词间空格	the	the 	1	uggle amongThe Fallenon Caliban as theHorus Heresyunfolded, the Watchers 
328	黑暗守望者 Watchers in the Dark	恢复英文词间空格	the	the 	1	yunfolded, the Watchers sided with theLord CypheragainstAstelanandZaharie
328	黑暗守望者 Watchers in the Dark	恢复英文词间空格	the	the 	1	"望者站在塞弗领主一边，对抗阿斯特兰和扎哈瑞尔。

Following theDestruction of Calibansome of the W"
328	黑暗守望者 Watchers in the Dark	恢复英文词间空格	of	of 	1	"神秘的方式帮助黑暗天使战团。

Upon the awakening ofLion El'JonsoninMirror-Caliban, it "
328	黑暗守望者 Watchers in the Dark	恢复英文词间空格	the	the 	1	"o attempted to guide him back into theImperium.

在镜像卡利班中，莱昂·艾尔庄森醒来后，守望者试图"
328	黑暗守望者 Watchers in the Dark	恢复英文词间空格	the	the 	1	 the Dark are probably named after theWatchers, a type of biblical angel 
329	死翼 Deathwing	恢复英文词间空格	the	the 	1	The Deathwing is theFirst Companyof theDark AngelsSpace
329	死翼 Deathwing	恢复英文词间空格	the	the 	1	he Deathwing is theFirst Companyof theDark AngelsSpace MarinesChapter. Th
329	死翼 Deathwing	恢复英文词间空格	the	the 	1	(and the chapter's second company, theRavenwing) are not part of the stan
329	死翼 Deathwing	恢复英文词间空格	the	the 	1	or Chapters (collectively known as theUnforgiven) also have similar forma
329	死翼 Deathwing	恢复英文词间空格	the	the 	1	 can one eventually be admitted to theInner Circle. The Current Master of
329	死翼 Deathwing	恢复英文词间空格	is	is 	1	"he Current Master of the Deathwing isBelial.

死翼是黑暗天使星际战士战团的第一连队。死翼（以及战团"
329	死翼 Deathwing	恢复英文词间空格	the	the 	1	ed out of the shattered remains of theHost of Crowns, a formation once fa
329	死翼 Deathwing	恢复英文词间空格	both	both 	1	on force for the inner citadels on bothCalibanandGramarye, charged with th
329	死翼 Deathwing	恢复英文词间空格	of	of 	1	se secrets is that of the betrayal ofLutherand theFallen, and the subseq
329	死翼 Deathwing	恢复英文词间空格	the	the 	1	s that of the betrayal ofLutherand theFallen, and the subsequent fate of 
329	死翼 Deathwing	恢复英文词间空格	their	their 	1	"Fallen, and the subsequent fate of theirPrimarch,Lion El'Jonson.

死翼不仅仅是一种战"
329	死翼 Deathwing	恢复英文词间空格	as	as 	1	e specialized sub-formations, such asDeathwing Command Squadsand the dre
329	死翼 Deathwing	恢复英文词间空格	the	the 	1	his already veteran Company. As of theEra Indomitus, it has also come to 
329	死翼 Deathwing	恢复英文词间空格	the	the 	1	"wing are oversized in violation of theCodex Astartes

据传，死翼的规模过大，违反了阿斯塔特圣"
329	死翼 Deathwing	恢复英文词间空格	the	the 	1	procedure for them to be judged by theGrand Master of the Librarius, who 
329	死翼 Deathwing	恢复英文词间空格	in	in 	1	athwing company fights exclusively inTerminator armour, Dark Angels wear
329	死翼 Deathwing	恢复英文词间空格	the	the 	1	n in non-Terminator armour. During theGreat CrusadeandHorus Heresy, they 
329	死翼 Deathwing	恢复英文词间空格	of	of 	1	"-plate, including their own design ofArtificer wroughthelms.

虽然有人说整个死翼连"
329	死翼 Deathwing	恢复英文词间空格	on	on 	1	us Heresy, and prior to the events onThranx, the Deathwing coloured thei
329	死翼 Deathwing	恢复英文词间空格	a	a 	1	aced to mark the breach’s taken to aKnight’sarmour as a badge of honour
329	死翼 Deathwing	恢复英文词间空格	a	a 	1	s who freed arecruitment worldfrom aGenestealerinfestation and slew aBr
329	死翼 Deathwing	恢复英文词间空格	a	a 	1	m aGenestealerinfestation and slew aBroodlordthat had terrorized theGal
329	死翼 Deathwing	恢复英文词间空格	the	the 	1	slew aBroodlordthat had terrorized theGalaxy. As they did not expect to s
329	死翼 Deathwing	恢复英文词间空格	a	a 	1	 squad's original homeworld - from aGenestealerinfestation it was forev
329	死翼 Deathwing	恢复英文词间空格	the	the 	1	"t Company being distinguished from theHeretic Astartes.

根据另一个版本，当黑暗天使需要重"
332	炎翼 Firewing	恢复英文词间空格	the	the 	1	"wing was one of the six ""wings"" of theHexagrammatonin theDark AngelsLegio"
332	炎翼 Firewing	恢复英文词间空格	the	the 	1	" six ""wings"" of theHexagrammatonin theDark AngelsLegionduring theGreat Cr"
332	炎翼 Firewing	恢复英文词间空格	the	the 	1	"matonin theDark AngelsLegionduring theGreat CrusadeandHorus Heresy.

炎翼是大"
332	炎翼 Firewing	恢复英文词间空格	the	the 	1	"

The smallest of the six Wings of theHexagrammaton, the Firewing was ded"
332	炎翼 Firewing	恢复英文词间空格	of	of 	1	unting of thousands upon thousands ofXenosand sub-human empires, and whi
332	炎翼 Firewing	恢复英文词间空格	the	the 	1	east changed from their origins in theWars of Unity on Terra, with many o
332	炎翼 Firewing	恢复英文词间空格	of	of 	1	"onflict and steeped in the culture ofTerraand its nearest colonies.

作为六"
332	炎翼 Firewing	恢复英文词间空格	Terraand	Terra and	1	"lict and steeped in the culture of Terraand its nearest colonies.

作为六翼中最小的一翼，"
332	炎翼 Firewing	恢复英文词间空格	The	The 	1	"

Firewing Operator 炎翼操作者

TheCalibaniteinfluence had little impa"
332	炎翼 Firewing	恢复英文词间空格	the	the 	1	so notable for its strong links to theSons of Horus, who recruited from a
332	炎翼 Firewing	恢复英文词间空格	the	the 	1	e the events of the Heresy, during theSecond Rangdan Xenocidein 862.M30, 
332	炎翼 Firewing	恢复英文词间空格	the	the 	1	ng included unique troops known as theEnigmatii. Its troops favoredMk.VI 
332	炎翼 Firewing	恢复英文词间空格	the	the 	1	e symbol resembles the heraldry of theConsecrators, aSuccessor Chapterof 
332	炎翼 Firewing	恢复英文词间空格	a	a 	1	s the heraldry of theConsecrators, aSuccessor Chapterof the Dark Angels
332	炎翼 Firewing	恢复英文词间空格	Chapterof	Chapter of	1	"y of the Consecrators, a Successor Chapterof the Dark Angels
- 炎翼火焰标志似于黑暗天使的子战团"
333	钢翼 Ironwing	恢复英文句间空格	.Gi	. Gi	1	 assist the Knights in their duties.Given the wealth of technology fielde
337	鸦翼利爪大师 Ravenwing Talonmaster	恢复英文句间空格	.La	. La	1	nights in the Ravenwing's hierarchy.Later Dark Angels codices, however, s
347	屠灭者 Interemptor	恢复英文句间空格	.Th	. Th	1	 or entombment within a Dreadnought.Their squads were additionally outfit
349	内环伴卫 Inner Circle Companion	恢复英文句间空格	.Al	. Al	1	 coded language that only they know.All the Dark Angels truly know about 
350	死翼骑士 Deathwing Knight	恢复英文句间空格	.Th	. Th	1	 of crushing tanks, or Power Swords.The squads are themselves led by a Kn
362	VI - 太空野狼 Space Wolves	删除误重复字	被安置在在强大的	被安置在强大的	1	
362	VI - 太空野狼 Space Wolves	恢复英文句间空格	.Af	. Af	1	oners and instruments of punishment.After the Horus Heresy and the result
362	VI - 太空野狼 Space Wolves	恢复英文句间空格	.Si	. Si	1	ervo-harness or Thunderfire Cannons.Similarly, some of the equipment asso
370	钢铁牧师 Iron Priest	恢复英文句间空格	.Si	. Si	1	umbers if they are needed in battle.Similar to their Techmarine cousins, 
385	狼矛 Wolfspear	恢复英文词间空格	a	a 	1	"The Wolfspear are aSpace WolvesSuccessor Chapter.

狼矛是"
385	狼矛 Wolfspear	恢复英文词间空格	from	from 	1	"y 历史**

The Wolfspear were created fromSpace Wolvesmembers of theUnnumbere"
385	狼矛 Wolfspear	恢复英文词间空格	the	the 	1	created fromSpace Wolvesmembers of theUnnumbered Sons, 500 marines who su
385	狼矛 Wolfspear	恢复英文词间空格	the	the 	1	red Sons, 500 marines who survived theBattle of Raukos. That battle concl
385	狼矛 Wolfspear	恢复英文词间空格	the	the 	1	e of Raukos. That battle concluded theIndomitus Crusadeand the Chapter wa
385	狼矛 Wolfspear	恢复英文词间空格	by	by 	1	deand the Chapter was then charged byLord CommanderGuilliman, with guard
385	狼矛 Wolfspear	恢复英文词间空格	the	the 	1	 CommanderGuilliman, with guarding thePit of Raukosfrom any futureChaosin
385	狼矛 Wolfspear	恢复英文词间空格	the	the 	1	ighting on the front-lines against theImperium's enemies. Further cloudin
385	狼矛 Wolfspear	恢复英文词间空格	at	at 	1	"鲁斯之子

Guilliman personally arrived atFenrisat the head of an Indomitus C"
385	狼矛 Wolfspear	恢复英文词间空格	as	as 	1	came a pack and they took up roles asBlood Claws,Grey Hunters, and so on
385	狼矛 Wolfspear	恢复英文词间空格	Crusadeand	Crusade and	1	hat battle concluded the Indomitus Crusadeand the Chapter was then charged by Lo
385	狼矛 Wolfspear	恢复英文词间空格	Marinesinto	Marines into	1	e Wolves had allowedPrimaris Space Marinesinto their ranks, it was not known if t
385	狼矛 Wolfspear	恢复英文句间空格	.Gu	. Gu	1	 the cultures and dangers of Fenris.Gunnar Red Moonwas among the most not
385	狼矛 Wolfspear	恢复英文词间空格	into	into 	1	"r made to be ""cast like a javelin"" intoImperium Nihilus, while also evokin"
385	狼矛 Wolfspear	恢复英文词间空格	the	the 	1	ch as the pointed fangs typical of theCanis Helix.Erik Morkaiwas struck b
385	狼矛 Wolfspear	恢复英文词间空格	in	in 	1	en they felt they were needed most inImperium Nihilus, all 7 Jarldoms ga
385	狼矛 Wolfspear	恢复英文词间空格	the	the 	1	st electedHigh JarlIrik Stianolfat theNachmund Gauntlet. Carving momentou
385	狼矛 Wolfspear	恢复英文词间空格	the	the 	1	"ous sectors away from the light of theAstronomican.

狼矛最早的战役中，他们充当了不屈远征进攻"
385	狼矛 Wolfspear	恢复英文词间空格	the	the 	1	s to garrisonUlvheimand watch over thePit of RaukosWarp Rift. This later 
385	狼矛 Wolfspear	恢复英文词间空格	the	the 	1	ift. This later proved decisive to theIndomitus Crusade, as the region la
385	狼矛 Wolfspear	恢复英文词间空格	the	the 	1	us Crusade, as the region lay near theAttilan GapintoImperium Nihilus. Th
385	狼矛 Wolfspear	恢复英文词间空格	the	the 	1	mperium Nihilus. They watched over thePylonnetwork ofBelisarius Cawlas he
385	狼矛 Wolfspear	恢复英文词间空格	of	of 	1	 They watched over thePylonnetwork ofBelisarius Cawlas he attempted to s
385	狼矛 Wolfspear	恢复英文词间空格	an	an 	1	to stabilize the Gap, resulting in anInvasion of Ulvheimby the forces of
385	狼矛 Wolfspear	恢复英文词间空格	of	of 	1	anInvasion of Ulvheimby the forces ofVashtorr. However the Imperials wer
385	狼矛 Wolfspear	恢复英文词间空格	by	by 	1	and were later formally recognized byLogan Grimnarupon their formation. 
385	狼矛 Wolfspear	恢复英文词间空格	a	a 	1	 equal to the fighting strength of aCodex Astartescompany. Each of thes
385	狼矛 Wolfspear	恢复英文句间空格	.Er	. Er	1	ed fangs typical of the Canis Helix.Erik Morkaiwas struck by the focus an
385	狼矛 Wolfspear	恢复英文词间空格	of	of 	1	overseen and consulted by a number ofWolf Priests,Rune Priests, andIron 
385	狼矛 Wolfspear	恢复英文词间空格	and	and 	1	umber ofWolf Priests,Rune Priests, andIron Prieststhat follow him. Only i
385	狼矛 Wolfspear	恢复英文词间空格	a	a 	1	 their actions, and in these times aHigh Jarlis nominated from amongst 
385	狼矛 Wolfspear	恢复英文词间空格	of	of 	1	ncts, often ranging far in advance ofIndomitus Crusadefleets. The Chapte
385	狼矛 Wolfspear	恢复英文词间空格	by	by 	1	this role, which are then followed byEliminatorpacks to begin a campaign
385	狼矛 Wolfspear	恢复英文词间空格	of	of 	1	this role, employing large amounts ofOutridersand swift gravitic transpo
385	狼矛 Wolfspear	恢复英文词间空格	by	by 	1	 hunting instincts were recognized byErik Morkaiwho helped hone these tr
385	狼矛 Wolfspear	恢复英文词间空格	of	of 	1	what they are today. At the advice ofNjal Stormcallerthose deemed to be 
385	狼矛 Wolfspear	恢复英文词间空格	on	on 	1	tablished their Fortress-Monastery onBeta-Kalapus-9.2to guard the Pit of
385	狼矛 Wolfspear	恢复英文词间空格	of	of 	1	"。

The Wolfspear make frequent use ofRune Priestsas well as psyker-hunti"
385	狼矛 Wolfspear	恢复英文词间空格	as	as 	1	"well as psyker-hunting packs known asHounds of Morkai.

狼矛经常使用符文牧师以及被称为莫"
385	狼矛 Wolfspear	恢复英文词间空格	as	as 	1	"ey discover on their voyages (such asZordionandXindon II).

当他们的先祖在冰冻的芬里"
385	狼矛 Wolfspear	恢复英文词间空格	the	the 	1	s his distinctiveGene-Seed, dubbed theCanis Helix. While initially though
385	狼矛 Wolfspear	恢复英文词间空格	by	by 	1	nis Helix. While initially thought byUlrik the Slayerto be capable of ov
385	狼矛 Wolfspear	恢复英文词间空格	their	their 	1	s. Their customs are maintained by theirRune PriestsandWolf Priests, who we
385	狼矛 Wolfspear	恢复英文词间空格	a	a 	1	n or to destroy a fastness used by aCult. These Oathbound drink togethe
385	狼矛 Wolfspear	恢复英文词间空格	the	the 	1	lfspear have a great reverence for theFirst-slain, thoseGreyshieldsof Lem
385	狼矛 Wolfspear	恢复英文词间空格	the	the 	1	man Russ' lineage that fell during theIndomitus Crusade. Many in the Chap
385	狼矛 Wolfspear	恢复英文词间空格	a	a 	1	apital ship that can be likened to aFortress-Monastery. Instead, they p
385	狼矛 Wolfspear	恢复英文句间空格	.In	. In	1	re striking at the enemies weakness.Infiltratorpacks excel in this role, 
385	狼矛 Wolfspear	恢复英文句间空格	.Th	. Th	1	orts to strike form multiple angles.Thunderwolf Cavalryand other close su
385	狼矛 Wolfspear	恢复英文句间空格	.Ev	. Ev	1	 mockery of their own nomadic state.Eventually, Guilliman charged them wi
386	VII - 帝国之拳 Imperial Fists	删除误重复字	誉，并在在蒂森海	誉，并在蒂森海	1	
386	VII - 帝国之拳 Imperial Fists	删除误重复字	二连队与与外围的	二连队与外围的	1	
395	凤凰之子 Sons of the Phoenix	恢复英文词间空格	an	an 	1	"The Sons of the Phoenix are anImperial FistsSuccessor Chapter.

凤"
395	凤凰之子 Sons of the Phoenix	恢复英文词间空格	the	the 	1	The Sons of the Phoenix were among thePrimaris Space MarineChapters creat
395	凤凰之子 Sons of the Phoenix	恢复英文词间空格	the	the 	1	pace MarineChapters created during theUltima Founding, at the direct orde
395	凤凰之子 Sons of the Phoenix	恢复英文词间空格	of	of 	1	tima Founding, at the direct order ofRoboute Guilliman, and were created
395	凤凰之子 Sons of the Phoenix	恢复英文词间空格	the	the 	1	Guilliman, and were created during theIndomitus Crusade. Faithful to theE
395	凤凰之子 Sons of the Phoenix	恢复英文词间空格	the	the 	1	 theIndomitus Crusade. Faithful to theEmperorand ritualistic in their bat
395	凤凰之子 Sons of the Phoenix	恢复英文词间空格	their	their 	1	on holy crusades, which are led by theirChaplainsand pave the way for theIm
395	凤凰之子 Sons of the Phoenix	恢复英文词间空格	the	the 	1	theirChaplainsand pave the way for theImperial Creedto spread to numerous
395	凤凰之子 Sons of the Phoenix	恢复英文词间空格	the	the 	1	"有许多国教牧师和朝圣者。

Since the opening of theGreat Rift, the fleets of the Sons "
395	凤凰之子 Sons of the Phoenix	恢复英文词间空格	their	their 	1	ings and decoration (in particular theirImperialis,pauldrontrim and kneegua
395	凤凰之子 Sons of the Phoenix	恢复英文词间空格	Emperorand	Emperor and	1	Indomitus Crusade. Faithful to the Emperorand ritualistic in their battle cant, 
395	凤凰之子 Sons of the Phoenix	恢复英文句间空格	.Li	. Li	1	lden laurel on their right pauldron.Lieutenantswear a completely red helm
395	凤凰之子 Sons of the Phoenix	恢复英文词间空格	by	by 	1	he Phoenix were originally created byMaxime Pastourel, who explained his
395	凤凰之子 Sons of the Phoenix	恢复英文词间空格	in	in 	1	behind their background and design inWhite Dwarf October 2017and on his 
396	医院骑士 Hospitallers	恢复英文词间空格	the	the 	1	"Chapters whoseChapter Cultworships theEmperoras a god.

医院骑士是相对罕见的星际战士战团之"
396	医院骑士 Hospitallers	恢复英文词间空格	of	of 	1	"nts 已知交战**

- 412.M41- The Defence ofFabris CallivantfromOrksalongside t"
396	医院骑士 Hospitallers	恢复英文词间空格	the	the 	1	fFabris CallivantfromOrksalongside theIron Hands. Chapter MasterMirkal Al
396	医院骑士 Hospitallers	恢复英文词间空格	the	the 	1	ssing following the destruction of theBattle BargeShield of the God-Emper
396	医院骑士 Hospitallers	恢复英文词间空格	the	the 	1	 the Chapter'sgene-seed: to honour theEmperor who is God; to shield the f
396	医院骑士 Hospitallers	恢复英文词间空格	Emperoras	Emperor as	1	"ters whoseChapter Cultworships the Emperoras a god.

医院骑士是相对罕见的星际战士战团之一，战团教派崇拜帝"
397	压制者 Subjugators	恢复英文词间空格	a	a 	1	The Subjugators are aSpace Marinechapter.They are one of
397	压制者 Subjugators	恢复英文词间空格	the	the 	1	 20 Space Marine chapters known as theAstartes Praeses, which were create
397	压制者 Subjugators	恢复英文词间空格	the	the 	1	, which were created to watch over theEye of Terrorregionand protect theE
397	压制者 Subjugators	恢复英文词间空格	the	the 	1	 theEye of Terrorregionand protect theEastern Marchesfrom enemy invasions
397	压制者 Subjugators	恢复英文词间空格	to	to 	1	"astern Marchesfrom enemy invasions toTerra.

压制者是一个星际战士战团。它们是被称为阿斯塔特总督的2"
397	压制者 Subjugators	恢复英文句间空格	.Th	. Th	1	bjugators are a Space Marinechapter.They are one of 20 Space Marine chapt
397	压制者 Subjugators	恢复英文词间空格	of	of 	1	Fists Chapter, like the veneration ofRogal Dorn, but also share a lot in
397	压制者 Subjugators	恢复英文词间空格	the	the 	1	re unusual in that they only field theAnnihilatorvariant of the Predator.
397	压制者 Subjugators	恢复英文句间空格	.Th	. Th	1	" Annihilatorvariant of the Predator.They are described in one source as """
408	圣骸布守护者 Guardian of the Shroud	Field 对应的错别字	静滞立场	静滞力场	2	
409	圣血天使第八连队 8th Company of the Blood Angels	恢复英文词间空格	the	the 	1	The 8th Company of theBlood Angels, known as the 'Bloodbl
411	死亡连 Death Company	恢复英文句间空格	.Ca	. Ca	1	hting with a weapon of their choice.Captains who fall to the Black Rage, 
411	死亡连 Death Company	恢复英文句间空格	.Th	. Th	1	aim one last honour for the Chapter.They are known to fight even more fer
411	死亡连 Death Company	恢复英文句间空格	.Ma	. Ma	1	pirational leadership and direction.Many of the Blood Angels' finest vict
411	死亡连 Death Company	恢复英文句间空格	.Th	. Th	1	Company devastated the enemy forces.These include the battles they fought
411	死亡连 Death Company	恢复英文句间空格	.Th	. Th	1	x, Hollonan, Armageddon,and Venerax.The Death Company's fearsome reputati
411	死亡连 Death Company	恢复英文句间空格	.Ho	. Ho	1	not seen the Blood Angels in battle.However, it is not unheard of for ent
411	死亡连 Death Company	恢复英文句间空格	.Wh	. Wh	1	labaster white with black backpacks.While it has been stated that the Fle
411	死亡连 Death Company	恢复英文句间空格	.Th	. Th	1	ed helmets, backpacks and pauldrons.The Lamentors, who for a long time di
411	死亡连 Death Company	恢复英文句间空格	.Th	. Th	1	 of their mastery of the Black Rage.Those who fall within its grasp are i
412	燃烧之眼 Burning Eyes	恢复英文句间空格	.If	. If	1	ether were known as an Ofanim Court.If any was found, the Burning Eyes ac
419	饮血者 Blood Drinkers	删除误重复字	顿率领的的部队被	顿率领的部队被	1	
427	钢铁告解者 Steel Confessors	恢复英文词间空格	a	a 	1	The Steel Confessors are aSpace Marine Chaptercreated by theA
427	钢铁告解者 Steel Confessors	恢复英文词间空格	the	the 	1	re aSpace Marine Chaptercreated by theAdeptus Mechanicuswithgeneseedprovi
427	钢铁告解者 Steel Confessors	恢复英文词间空格	the	the 	1	"echanicuswithgeneseedprovided from theIron Hands.

钢铁告解者是一个由机械神教创造的星际战士战团"
427	钢铁告解者 Steel Confessors	恢复英文词间空格	As	As 	1	"e Weak
- 战吼：摧毁弱者

**Overview 概述**

AsIron HandsSuccessors, the Steel Con"
427	钢铁告解者 Steel Confessors	恢复英文词间空格	the	the 	1	ne seedafter longstanding support, theAdeptus Mechanicuswould create thei
427	钢铁告解者 Steel Confessors	恢复英文词间空格	the	the 	1	s bear a particular hatred towards theTyranids, seeing them as their pref
427	钢铁告解者 Steel Confessors	恢复英文词间空格	and	and 	1	"crippled Steel Confessors Chapter""*andTalos Valcoran, the*Soulhunter*, ha"
427	钢铁告解者 Steel Confessors	恢复英文词间空格	the	the 	1	"The Battle for Tarvor塔沃尔之战

InM36, theBarrus System, an important Mechani"
427	钢铁告解者 Steel Confessors	恢复英文词间空格	a	a 	1	had fallen to the OverlordBarhoth, aChaos Renegadeable to call upon ale
427	钢铁告解者 Steel Confessors	恢复英文词间空格	the	the 	1	gion of followers. With the aid of theDark Mechanicum, the system had bee
427	钢铁告解者 Steel Confessors	恢复英文词间空格	by	by 	1	rd's war efforts. Initial attempts bySkitariiwithImperial Guardassistanc
427	钢铁告解者 Steel Confessors	恢复英文词间空格	the	the 	1	rs, the Mechanicus would call upon theIron Handsfor aid - a chapter which
427	钢铁告解者 Steel Confessors	恢复英文词间空格	the	the 	1	many of their ideals. In response, theIron Councilwould send three fullco
427	钢铁告解者 Steel Confessors	恢复英文词间空格	of	of 	1	 Marines under the overall command ofVenerable DreadnoughtGrixusof theGr
427	钢铁告解者 Steel Confessors	恢复英文词间空格	the	the 	1	nd ofVenerable DreadnoughtGrixusof theGraveholdClan Company, to aid the S
427	钢铁告解者 Steel Confessors	恢复英文词间空格	on	on 	1	e area. Within months the foothold onBarrus III, the main foundry of the
427	钢铁告解者 Steel Confessors	恢复英文词间空格	of	of 	1	rd's last holdout being the planet ofTarvor. Tarvor was a planet that sp
427	钢铁告解者 Steel Confessors	恢复英文词间空格	the	the 	1	trike Cruisers, alongside ships of theImperial Navy, would proceed with a
427	钢铁告解者 Steel Confessors	恢复英文词间空格	the	the 	1	A vast armada of over 500 ships of theAdeptus Mechanicus Fleetjoined the 
427	钢铁告解者 Steel Confessors	恢复英文词间空格	the	the 	1	"解者的建军

It would not be long before theInquisitionand theOrdo Hereticuswou"
427	钢铁告解者 Steel Confessors	恢复英文词间空格	the	the 	1	t be long before theInquisitionand theOrdo Hereticuswould learn of these 
427	钢铁告解者 Steel Confessors	恢复英文词间空格	the	the 	1	tition for its terminationfor only theHigh Lords of Terrawere to have the
427	钢铁告解者 Steel Confessors	恢复英文词间空格	the	the 	1	", and their firsthomeworldwould be theForgeworldofKracsis IV

阿沃尼斯成为钢铁告解者"
427	钢铁告解者 Steel Confessors	恢复英文词间空格	the	the 	1	 population, and was loyal both to theImperiumand the Adeptus Mechanicus.
427	钢铁告解者 Steel Confessors	恢复英文词间空格	the	the 	1	 would soon be put to the test, as theTyranidsofHive Fleet Behemothmade i
427	钢铁告解者 Steel Confessors	恢复英文词间空格	the	the 	1	across the Imperium in the wake of theFirst Tyrannic War. The Steel Confe
427	钢铁告解者 Steel Confessors	恢复英文词间空格	a	a 	1	ered grievous wounds, having slain aHive Tyranthimself to stall the tyr
427	钢铁告解者 Steel Confessors	恢复英文词间空格	of	of 	1	 with one exception. On the planet ofKalevala, the Steel Defenders would
427	钢铁告解者 Steel Confessors	恢复英文词间空格	a	a 	1	ibrariumas well as inter Avonis in aStasistomb, held there until such a
427	钢铁告解者 Steel Confessors	恢复英文词间空格	the	the 	1	"for Kalevala卡莱瓦拉之战

By the time of theThird Tyrannic War, Kalevala was st"
427	钢铁告解者 Steel Confessors	恢复英文词间空格	a	a 	1	 Confessors. The planet would host aPsychic Choirdesigned to boost the 
427	钢铁告解者 Steel Confessors	恢复英文词间空格	the	the 	1	oirdesigned to boost the signal of theAstronomicanto allow Imperial shipp
427	钢铁告解者 Steel Confessors	恢复英文词间空格	the	the 	1	gate through the psychic miasma of theShadow in the Warp. It would also h
427	钢铁告解者 Steel Confessors	恢复英文词间空格	Terrawere	Terra were	1	minationfor only the High Lords of Terrawere to have the power to create Space 
427	钢铁告解者 Steel Confessors	恢复英文词间空格	Imperiumand	Imperium and	1	ulation, and was loyal both to the Imperiumand the Adeptus Mechanicus. This made 
427	钢铁告解者 Steel Confessors	恢复英文句间空格	.Re	. Re	1	ands aircraft once they were inside.Realizing the dire situation, Grixus 
427	钢铁告解者 Steel Confessors	恢复英文句间空格	.Ca	. Ca	1	orts to break the shields once more.CaptainUllenearof the strike cruiserO
427	钢铁告解者 Steel Confessors	恢复英文句间空格	.Up	. Up	1	wer to create Space Marine Chapters.Upon review, the High Lords opted to 
427	钢铁告解者 Steel Confessors	恢复英文句间空格	.Hi	. Hi	1	eed, as well as a vast Manufactorum.Hive Fleet Leviathanwould launch an i
427	钢铁告解者 Steel Confessors	恢复英文词间空格	on	on 	1	iod of training and indoctrination onMedusa IVunder aClan Company, as pa
427	钢铁告解者 Steel Confessors	恢复英文词间空格	a	a 	1	nd indoctrination onMedusa IVunder aClan Company, as part of an agreeme
427	钢铁告解者 Steel Confessors	恢复英文词间空格	of	of 	1	haveIron Fathers, keeping the role ofChaplainandTechmarineseparate. Inst
427	钢铁告解者 Steel Confessors	恢复英文词间空格	the	the 	1	" roles as proof of his blessing by theOmnissiah.

作为钢铁之手和机械教圣贤士之间协议的一部分，所"
427	钢铁告解者 Steel Confessors	恢复英文词间空格	of	of 	1	ombat. They have a full complement ofTerminator Armour, maintained both 
427	钢铁告解者 Steel Confessors	恢复英文词间空格	a	a 	1	gh Lords, the Steel Confessors are aCodex compliantchapter. Their first
427	钢铁告解者 Steel Confessors	恢复英文词间空格	with	with 	1	ompany is almost entirely equipped withTerminator Armourand will rarely de
427	钢铁告解者 Steel Confessors	恢复英文词间空格	the	the 	1	ploy in normalpower armour. As per theCodex Astartes, the 2nd through 5th
427	钢铁告解者 Steel Confessors	恢复英文词间空格	the	the 	1	atheist chapter, adherents of both theCult Mechanicusand strict beliefs i
427	钢铁告解者 Steel Confessors	恢复英文词间空格	the	the 	1	"iny following their destruction of theTallarn 54thRegimentfor ""failure to"
427	钢铁告解者 Steel Confessors	恢复英文词间空格	the	the 	1	"phies of their most hated enemies: theTyranids.

告解者用他们最讨厌的敌人 — 泰伦的战利品来装饰"
427	钢铁告解者 Steel Confessors	恢复英文词间空格	Mechanicusand	Mechanicus and	1	hapter, adherents of both the Cult Mechanicusand strict beliefs in the idea of a Di
427	钢铁告解者 Steel Confessors	恢复英文句间空格	.Fo	. Fo	1	el Confessors even firing upon them.For the Battle of Kalevala, they had 
427	钢铁告解者 Steel Confessors	恢复英文句间空格	.To	. To	1	ave to be rationed with utmost care.To adapt to the lack of the means to 
427	钢铁告解者 Steel Confessors	恢复英文句间空格	.Th	. Th	1	of company commander and Techmarine.Their Techmarine Captains often augme
427	钢铁告解者 Steel Confessors	恢复英文词间空格	In	In 	1	"。这种对“灰色”的松散定义可能被钢铁告解者微缩模型的画家所应用。
- InWhite Dwarf 317 (UK)the Steel Confe"
429	奥特拉玛 Ultramar	恢复英文句间空格	.In	. In	1	rs resulting in the Battle of Calth.In addition to that, about one fifth 
435	常胜军 Invictarii	恢复英文句间空格	.Th	. Th	1	 a potential future in high command.Their Legatine Axes were once symbols
435	常胜军 Invictarii	恢复英文句间空格	.Th	. Th	1	zed the ideals of Roboute Guilliman.The Suzerain Invictarus functioned as
446	火焰天使 Fire Angels	恢复英文词间空格	a	a 	1	The Fire Angels are aSpace MarineChapterdescended from t
446	火焰天使 Fire Angels	恢复英文词间空格	the	the 	1	aSpace MarineChapterdescended from theUltramarinesthat have a zealous dev
446	火焰天使 Fire Angels	恢复英文词间空格	the	the 	1	"nesthat have a zealous devotion to theImperial Creed.

火焰天使是一个星际战士战团，由对帝国"
446	火焰天使 Fire Angels	恢复英文词间空格	from	from 	1	"历史**

The Fire Angels were created fromUltramarinesgene-seed. They fought "
446	火焰天使 Fire Angels	恢复英文词间空格	the	the 	1	fought on the loyalist side during theBadab War. In one incident during t
446	火焰天使 Fire Angels	恢复英文词间空格	of	of 	1	ounter-attack, in which a squadron ofRhinosbroke through an Imperial sal
446	火焰天使 Fire Angels	恢复英文词间空格	the	the 	1	chapter, whoseChapter Cultembraces theImperial Creedas an unassailable tr
446	火焰天使 Fire Angels	恢复英文词间空格	as	as 	1	technology andcodexequipment, such asRhinosandPredators, while their1st 
446	火焰天使 Fire Angels	恢复英文词间空格	of	of 	1	their1st Companyis mostly composed ofSternguard Veteransrather thanTermi
446	火焰天使 Fire Angels	恢复英文词间空格	on	on 	1	nators.Despite this, their armoury onLorin Alphais sophisticated enough 
446	火焰天使 Fire Angels	恢复英文词间空格	the	the 	1	out large amounts of tanks such as thePredator,Vindicator, andWhirlwind, 
446	火焰天使 Fire Angels	恢复英文词间空格	and	and 	1	ks such as thePredator,Vindicator, andWhirlwind, which the Fire Angels wi
446	火焰天使 Fire Angels	恢复英文词间空格	the	the 	1	ire Angels are strict adherents to theCodex Astartes. Due to their belief
446	火焰天使 Fire Angels	恢复英文词间空格	the	the 	1	Astartes. Due to their belief that theEmperoris a god, they share many li
446	火焰天使 Fire Angels	恢复英文词间空格	the	the 	1	 a god, they share many links with theEcclesiarchyand regularly fight alo
446	火焰天使 Fire Angels	恢复英文词间空格	the	the 	1	"archyand regularly fight alongside theSisters of Battle.

火焰天使被称为保守派战团，是阿"
446	火焰天使 Fire Angels	恢复英文词间空格	Their	Their 	1	nes that they rarely deviate from. TheirTactical Squadstend to wield dispro
446	火焰天使 Fire Angels	恢复英文词间空格	their	their 	1	ortionate amounts ofheavy bolters, theirFire Support Squadsmelta weapons, a
446	火焰天使 Fire Angels	恢复英文词间空格	their	their 	1	e Support Squadsmelta weapons, and theirAssault Squadsflamers. They also te
446	火焰天使 Fire Angels	恢复英文词间空格	Emperoris	Emperor is	1	rtes. Due to their belief that the Emperoris a god, they share many links with 
446	火焰天使 Fire Angels	恢复英文句间空格	.De	. De	1	uard Veteransrather thanTerminators.Despite this, their armoury on Lorin 
447	新星战士 Novamarines	恢复英文词间空格	a	a 	1	The Novamarines are aSuccessor Chapterof theUltramarines
447	新星战士 Novamarines	恢复英文词间空格	the	the 	1	vamarines are aSuccessor Chapterof theUltramarinesLegion, created during 
447	新星战士 Novamarines	恢复英文词间空格	the	the 	1	UltramarinesLegion, created during theSecond Founding.They are one of the
447	新星战士 Novamarines	恢复英文词间空格	Chapterof	Chapter of	1	The Novamarines are a Successor Chapterof the UltramarinesLegion, created du
447	新星战士 Novamarines	恢复英文句间空格	.Th	. Th	1	 created during the Second Founding.They are one of the tenShield Chapter
447	新星战士 Novamarines	恢复英文词间空格	the	the 	1	icer who won great renown fighting theWord Bearersduring theHorus Heresy.
447	新星战士 Novamarines	恢复英文词间空格	the	the 	1	own fighting theWord Bearersduring theHorus Heresy. Besieged during one p
447	新星战士 Novamarines	恢复英文词间空格	of	of 	1	one particular battle on the world ofAstagar, Corvo and his men resisted
447	新星战士 Novamarines	恢复英文词间空格	by	by 	1	 For this act, Corvo was decorated byRoboute Guillimanhimself - this dec
447	新星战士 Novamarines	恢复英文词间空格	the	the 	1	"to the Novamarines, and is kept in theFortress-Monastery.

新星战士的第一位战团长是极限"
447	新星战士 Novamarines	恢复英文词间空格	Guillimanhimself	Guilliman himself	1	ct, Corvo was decorated by Roboute Guillimanhimself - this decoration is now a sacred 
447	新星战士 Novamarines	恢复英文词间空格	the	the 	1	rld that marked the farthest point theUltramarineshad penetrated into the
447	新星战士 Novamarines	恢复英文词间空格	of	of 	1	penetrated into the galactic north ofUltima Segmentumduring theGreat Cru
447	新星战士 Novamarines	恢复英文词间空格	the	the 	1	tic north ofUltima Segmentumduring theGreat Crusade, and took oaths to pr
447	新星战士 Novamarines	恢复英文词间空格	the	the 	1	ntum. Inhabited by a feral people, theHonourumtribesmen selected for Nova
447	新星战士 Novamarines	恢复英文词间空格	of	of 	1	 the manners and culture a citizen ofUltramarwould recognise as akin to 
447	新星战士 Novamarines	恢复英文词间空格	the	the 	1	 well as aiding fellow Astartes in theBadab War. During the latter confli
447	新星战士 Novamarines	恢复英文词间空格	an	an 	1	orces withdrew in order to contest anOrkinvasion that threatened their h
447	新星战士 Novamarines	恢复英文词间空格	the	the 	1	me records of the event claim that theInquisitionreassigned them in fear 
447	新星战士 Novamarines	恢复英文词间空格	the	the 	1	"npower to aid in defending against theThirteenth Black Crusade.

在第41个千年期"
447	新星战士 Novamarines	恢复英文词间空格	Segmentumduring	Segmentum during	1	 into the galactic north of Ultima Segmentumduring the Great Crusade, and took oaths 
447	新星战士 Novamarines	恢复英文词间空格	Orkinvasion	Ork invasion	1	es withdrew in order to contest an Orkinvasion that threatened their homeworld, a
447	新星战士 Novamarines	恢复英文句间空格	.Si	. Si	1	he-kill' of the secessionist forces.Since then they have deployed a large
447	新星战士 Novamarines	恢复英文词间空格	the	the 	1	tedRoboute Guilliman's army during theTerran Crusade.During thePlague War
447	新星战士 Novamarines	恢复英文词间空格	the	the 	1	my during theTerran Crusade.During thePlague WarsofM42, the Novamarines c
447	新星战士 Novamarines	恢复英文词间空格	to	to 	1	"heir Chapter Master,Bardan Dovaro, toTyphus.

在泰拉远征期间，新星战士是复活的罗伯特·基里曼军队的"
447	新星战士 Novamarines	恢复英文词间空格	the	the 	1	"瓦罗死于泰丰斯之手。

Since the formation of theGreat Riftand the return of Roboute"
447	新星战士 Novamarines	恢复英文句间空格	.Du	. Du	1	an's army during the Terran Crusade.During the Plague WarsofM42, the Nova
447	新星战士 Novamarines	恢复英文词间空格	the	the 	1	 Librarians, hardline followers of theCodex Astartes, the great organisat
447	新星战士 Novamarines	恢复英文词间空格	the	the 	1	, the great organisational work of theUltramarinesPrimarchRoboute Guillim
447	新星战士 Novamarines	恢复英文词间空格	the	the 	1	apter Cultsin that they do not see theEmperoror Roboute as a god, they se
447	新星战士 Novamarines	恢复英文词间空格	their	their 	1	Novamarines still retainHonourumas theirHomeworld,near theHalo Stars. Becau
447	新星战士 Novamarines	恢复英文词间空格	the	the 	1	tainHonourumas theirHomeworld,near theHalo Stars. Because of their homewo
447	新星战士 Novamarines	恢复英文词间空格	the	the 	1	s.But because they swore to defend theUltima Segmentumat their inception,
447	新星战士 Novamarines	恢复英文词间空格	the	the 	1	ess to unquestioningly help defend theImperiumhave resulted in the Novama
447	新星战士 Novamarines	恢复英文词间空格	of	of 	1	n recent times being their defence ofObsidiaand the resultant honour-deb
447	新星战士 Novamarines	恢复英文词间空格	the	the 	1	"ltant honour-debt sworn to them by theSable Swordschapter.

通常被认为是一个舰基战团，"
447	新星战士 Novamarines	恢复英文词间空格	Emperoror	Emperor or	1	r Cultsin that they do not see the Emperoror Roboute as a god, they see the Cod
447	新星战士 Novamarines	恢复英文词间空格	Segmentumat	Segmentum at	1	se they swore to defend the Ultima Segmentumat their inception, they looked to ex
447	新星战士 Novamarines	恢复英文词间空格	Imperiumhave	Imperium have	1	to unquestioningly help defend the Imperiumhave resulted in the Novamarines develo
447	新星战士 Novamarines	恢复英文句间空格	.Th	. Th	1	tramarinesPrimarchRoboute Guilliman.This reverence for the Codex goes bey
447	新星战士 Novamarines	恢复英文句间空格	.Th	. Th	1	o comment on what deity inspired it.Their adherence to most aspects of th
447	新星战士 Novamarines	恢复英文句间空格	.Bu	. Bu	1	t alien empires and ancient threats.But because they swore to defend the 
447	新星战士 Novamarines	恢复英文词间空格	and	and 	1	he great distance between Honourum andMacraggemeans that the Chapter is u
447	新星战士 Novamarines	恢复英文词间空格	of	of 	1	 send representatives to the court ofMarneus Calgaras often as other Cha
447	新星战士 Novamarines	恢复英文词间空格	the	the 	1	nes aspire to make a pilgrimage to theShrine of the Primarchat least once
447	新星战士 Novamarines	恢复英文词间空格	the	the 	1	s they were originally codified at theSecond Founding. This of course mea
447	新星战士 Novamarines	恢复英文词间空格	the	the 	1	 they are very similar to those of theUltramarines, and the chapter as a 
447	新星战士 Novamarines	恢复英文词间空格	the	the 	1	"ole can be comfortably compared to theUltramarinesin most matters.

新星战士连"
447	新星战士 Novamarines	恢复英文词间空格	the	the 	1	nedStrike Cruisergifted to them by theAdeptus Mechanicusin reward for the
447	新星战士 Novamarines	恢复英文词间空格	the	the 	1	"r the securing ofSTCmaterials from theSpace HulkDeath of Integrity.

这种对过"
447	新星战士 Novamarines	恢复英文词间空格	of	of 	1	amarines also have a notable cadre ofDeathwatchveterans in their ranks; 
447	新星战士 Novamarines	恢复英文词间空格	the	the 	1	 make them a favourite chapter for theInquisitionto draw on forDeathwatch
447	新星战士 Novamarines	恢复英文词间空格	for	for 	1	apter for theInquisitionto draw on forDeathwatchKill-Teams. The returnedD
447	新星战士 Novamarines	恢复英文词间空格	in	in 	1	arms and equipment they drew while inInquisitionservice, marking them ou
447	新星战士 Novamarines	恢复英文词间空格	Primarchat	Primarch at	1	 a pilgrimage to the Shrine of the Primarchat least once in their lifetimes, wit
447	新星战士 Novamarines	恢复英文词间空格	Mechanicusin	Mechanicus in	1	uisergifted to them by the Adeptus Mechanicusin reward for the securing ofSTCmater
447	新星战士 Novamarines	恢复英文句间空格	.Th	. Th	1	f their traditions and philosophies.The Chapter has very rarely gathered 
447	新星战士 Novamarines	恢复英文句间空格	.Th	. Th	1	 occurred was in the37th Millennium.Their adherence to the past is such t
447	新星战士 Novamarines	恢复英文词间空格	an	an 	1	"esIntercessorSergeantequipped with anAuto Bolt Rifle 新星战士仲裁者军士装备自动爆矢步枪

"
447	新星战士 Novamarines	恢复英文词间空格	The	The 	1	"Auto Bolt Rifle 新星战士仲裁者军士装备自动爆矢步枪

TheLibrariansof the Novamarines are a "
447	新星战士 Novamarines	恢复英文词间空格	the	the 	1	e exception to those proscribed in theCodex Astartes. Precisely how theLi
447	新星战士 Novamarines	恢复英文词间空格	the	the 	1	n theCodex Astartes. Precisely how theLibrariumfunctions is unknown, thou
447	新星战士 Novamarines	恢复英文词间空格	the	the 	1	o be somehow comparable to that of theRune Priestsof theSpace Wolves, the
447	新星战士 Novamarines	恢复英文词间空格	the	the 	1	rable to that of theRune Priestsof theSpace Wolves, theStormseersof theWh
447	新星战士 Novamarines	恢复英文词间空格	the	the 	1	theRune Priestsof theSpace Wolves, theStormseersof theWhite Scars, and th
447	新星战士 Novamarines	恢复英文词间空格	the	the 	1	f theSpace Wolves, theStormseersof theWhite Scars, and the Librarians of 
447	新星战士 Novamarines	恢复英文词间空格	the	the 	1	"White Scars, and the Librarians of theCrimson Shades.

新星战士的智库是阿斯塔特圣典中被禁止"
447	新星战士 Novamarines	恢复英文句间空格	.No	. No	1	bol is a skull in a 12 pointed star.Notably, the Novamarines do not useCo
448	裂隙堡主 Castellans of the Rift	恢复英文词间空格	an	an 	1	"The Castellans of the Rift are anUltramarinesSuccessor Chapter.

裂隙堡"
448	裂隙堡主 Castellans of the Rift	恢复英文词间空格	the	the 	1	 Castellans of the Rift were among thePrimaris Space MarineChapters creat
448	裂隙堡主 Castellans of the Rift	恢复英文词间空格	the	the 	1	pace MarineChapters created during theUltima Founding, at the direct orde
448	裂隙堡主 Castellans of the Rift	恢复英文词间空格	of	of 	1	tima Founding, at the direct order ofRoboute Guilliman, and were created
448	裂隙堡主 Castellans of the Rift	恢复英文词间空格	the	the 	1	Guilliman, and were created during theIndomitus Crusade. The Chapter have
448	裂隙堡主 Castellans of the Rift	恢复英文词间空格	the	the 	1	hem by Guilliman himself, to clear theNachmund Gauntletof the numerousDae
448	裂隙堡主 Castellans of the Rift	恢复英文词间空格	the	the 	1	o achieve this goal and drive back theChaoshordes infesting one of the on
448	裂隙堡主 Castellans of the Rift	恢复英文词间空格	the	the 	1	" of the only stable routes through theGreat Rift.

裂隙堡主是极限建军期间在基里曼的直接命令下建"
448	裂隙堡主 Castellans of the Rift	恢复英文词间空格	against	against 	1	"

Castellan of the Rift fights againstChaos Cultists 裂谷堡主与混沌邪教徒作战

**Know"
448	裂隙堡主 Castellans of the Rift	恢复英文词间空格	the	the 	1	 Squad designation is displayed in theCodex-compliant fashion using a bla
449	咆哮狮鹫 Howling Griffons	恢复英文词间空格	a	a 	1	The Howling Griffons are aSpace Marine Chapterwith a long and
449	咆哮狮鹫 Howling Griffons	恢复英文词间空格	Chapterwith	Chapter with	1	owling Griffons are a Space Marine Chapterwith a long and glorious history. Few C
449	咆哮狮鹫 Howling Griffons	恢复英文词间空格	the	the 	1	 of the Emperor's ideals. They see theCodex Astartesas a treatise that ha
449	咆哮狮鹫 Howling Griffons	恢复英文词间空格	Astartesas	Astartes as	1	peror's ideals. They see the Codex Astartesas a treatise that has yet to be bett
449	咆哮狮鹫 Howling Griffons	恢复英文词间空格	the	the 	1	"盔甲上。

The events of 220.M38has set theChapteron a dangerous road. Upon be"
449	咆哮狮鹫 Howling Griffons	恢复英文词间空格	The	The 	1	ng into the depths of hell itself. TheDaemon PrinceJagohas also declared 
449	咆哮狮鹫 Howling Griffons	恢复英文词间空格	his	his 	1	 enemies. This hatred is shared by hisWarband, theRaptorous Flayhost, and
449	咆哮狮鹫 Howling Griffons	恢复英文词间空格	the	the 	1	is hatred is shared by hisWarband, theRaptorous Flayhost, and the Griffon
449	咆哮狮鹫 Howling Griffons	恢复英文词间空格	its	its 	1	"icularity collected as trophies by itsChaos Terminators.

220.M38的事件使战团走上"
449	咆哮狮鹫 Howling Griffons	恢复英文词间空格	on	on 	1	es. The high birth rate of psykers onMancorahas also led to a high numbe
449	咆哮狮鹫 Howling Griffons	恢复英文词间空格	the	the 	1	"e seconded many Battle-Brothers to theDeathwatchover the years.

众所周知，咆哮狮"
449	咆哮狮鹫 Howling Griffons	恢复英文词间空格	Chapteron	Chapter on	1	"

The events of 220.M38has set the Chapteron a dangerous road. Upon being raise"
449	咆哮狮鹫 Howling Griffons	恢复英文词间空格	the	the 	1	"跃起来。
- 905-906.M41: Shortly before theBadab War, the Howling Griffons'Fou"
449	咆哮狮鹫 Howling Griffons	恢复英文词间空格	their	their 	1	'Fourth Companyalong with parts of theirSixth,TenthandFirstCompanies carrie
449	咆哮狮鹫 Howling Griffons	恢复英文词间空格	the	the 	1	search and destroy campaign within theCaradryad Sector. It can be safely 
449	咆哮狮鹫 Howling Griffons	恢复英文词间空格	in	in 	1	tion as they were severely lacking inThunderhawksanddrop podswhen answer
449	咆哮狮鹫 Howling Griffons	恢复英文词间空格	the	the 	1	when answering the call for aid in theBadab Waras they had not had the ch
449	咆哮狮鹫 Howling Griffons	恢复英文词间空格	to	to 	1	"y had not had the chance to return toMancora.
- 巴达布战争前不久，咆哮狮鹫的第四连队及其第六、第"
449	咆哮狮鹫 Howling Griffons	恢复英文词间空格	the	the 	1	— The Howling Griffons, along with theNovamarines, responded to calls for
449	咆哮狮鹫 Howling Griffons	恢复英文词间空格	the	the 	1	Having just finished a campaign in theCaradryad Sector, the Howling Griff
449	咆哮狮鹫 Howling Griffons	恢复英文词间空格	the	the 	1	s to garrison the airless moons in theKhymarasystem, rebuilding old liste
449	咆哮狮鹫 Howling Griffons	恢复英文词间空格	the	the 	1	is posting put them in the path of theExecutionerswho were coming to aid 
449	咆哮狮鹫 Howling Griffons	恢复英文词间空格	the	the 	1	g Griffons were annihilated; after theExecutionerswithdrawal, the casualt
449	咆哮狮鹫 Howling Griffons	恢复英文词间空格	and	and 	1	s of their strike cruiser,Augeias, andChaplain DreadnoughtTitus. Despite 
449	咆哮狮鹫 Howling Griffons	恢复英文词间空格	the	the 	1	l organs like their parent chapter theUltramarines. The Howling Griffons 
449	咆哮狮鹫 Howling Griffons	恢复英文句间空格	.Se	. Se	1	yellow without any company markings.Sergeantssport a black helmet with a 
449	咆哮狮鹫 Howling Griffons	恢复英文词间空格	on	on 	1	"星区的圣典批准午夜世界战斗制服

During activities onKhymaraduring theBadab War, the How"
449	咆哮狮鹫 Howling Griffons	恢复英文词间空格	the	the 	1	"
During activities onKhymaraduring theBadab War, the Howling Griffons wor"
449	咆哮狮鹫 Howling Griffons	恢复英文词间空格	and	and 	1	uartered red/yellow with grey rims andSergeantswore grey helmets. Khymara
449	咆哮狮鹫 Howling Griffons	恢复英文词间空格	the	the 	1	41ChaplainArmand Titus, along with theFourth Company, led the final assau
449	咆哮狮鹫 Howling Griffons	恢复英文词间空格	the	the 	1	eneral Jorun and his forces during theJorun Retaliation. Fighting his way
449	咆哮狮鹫 Howling Griffons	恢复英文词间空格	and	and 	1	 way through renegade guard, Ogryn andDark Eldarhe was wounded by xenos p
449	咆哮狮鹫 Howling Griffons	恢复英文词间空格	the	the 	1	o face General Jorun and delivered theEmperor's justice. Upon returning t
449	咆哮狮鹫 Howling Griffons	恢复英文词间空格	to	to 	1	eEmperor's justice. Upon returning toMancoraTitus was encased in adreadn
449	咆哮狮鹫 Howling Griffons	恢复英文词间空格	the	the 	1	n in the Caradryad system and into theBadab War. He was present onKhymara
449	咆哮狮鹫 Howling Griffons	恢复英文词间空格	on	on 	1	 into theBadab War. He was present onKhymarawhen theExecutionersassaulte
449	咆哮狮鹫 Howling Griffons	恢复英文词间空格	the	the 	1	 War. He was present onKhymarawhen theExecutionersassaulted the moon base
450	帝皇之镰 Scythes of the Emperor	恢复英文词间空格	a	a 	1	Emperor (or Emperor's Scythes) are aCodex Chapterof theAdeptus Astartes
450	帝皇之镰 Scythes of the Emperor	恢复英文词间空格	the	the 	1	or's Scythes) are aCodex Chapterof theAdeptus Astartes.The advance ofHive
450	帝皇之镰 Scythes of the Emperor	恢复英文词间空格	of	of 	1	of theAdeptus Astartes.The advance ofHive Fleet Krakenoverwhelmed the Ch
450	帝皇之镰 Scythes of the Emperor	恢复英文词间空格	the	the 	1	Chapter for many years.However, in theAge of the Dark Imperiumthey have e
450	帝皇之镰 Scythes of the Emperor	恢复英文词间空格	Chapterof	Chapter of	1	(or Emperor's Scythes) are a Codex Chapterof the Adeptus Astartes.The advance o
450	帝皇之镰 Scythes of the Emperor	恢复英文句间空格	.Th	. Th	1	dex Chapter of the Adeptus Astartes.The advance of Hive Fleet Krakenoverw
450	帝皇之镰 Scythes of the Emperor	恢复英文句间空格	.Ho	. Ho	1	estroyed the Chapter for many years.However, in the Age of the Dark Imper
450	帝皇之镰 Scythes of the Emperor	恢复英文句间空格	.Th	. Th	1	riumthey have experienced a rebirth.They are one of the tenShield Chapter
450	帝皇之镰 Scythes of the Emperor	恢复英文词间空格	the	the 	1	"mperor's history originated during theHorus Heresy, where the 199th ""Aegi"
450	帝皇之镰 Scythes of the Emperor	恢复英文词间空格	the	the 	1	"here the 199th ""Aegida"" company of theUltramarinesfought bravely against "
450	帝皇之镰 Scythes of the Emperor	恢复英文词间空格	the	the 	1	Ultramarinesfought bravely against theNight Lordsin theBattle of Sotha. S
450	帝皇之镰 Scythes of the Emperor	恢复英文词间空格	the	the 	1	t bravely against theNight Lordsin theBattle of Sotha. Subsequently,Robou
450	帝皇之镰 Scythes of the Emperor	恢复英文词间空格	of	of 	1	"nting their defence of the farmers ofSotha.

帝皇之镰的历史起源于荷鲁斯叛乱时期，在那里，极限战士第"
450	帝皇之镰 Scythes of the Emperor	恢复英文词间空格	the	the 	1	"ds 帝皇之镰与泰伦战斗

After the Heresy and theSecond Founding, the Aegida Company"
450	帝皇之镰 Scythes of the Emperor	恢复英文词间空格	of	of 	1	tom 11th Company under the command ofCaptainOberdeii, in defiance of Gui
450	帝皇之镰 Scythes of the Emperor	恢复英文词间空格	the	the 	1	 Astartes. WhenRogal Dorninitiated theThird Foundingnearly a millennium l
450	帝皇之镰 Scythes of the Emperor	恢复英文词间空格	the	the 	1	e5th Companyor continuing to guard thePharosby becoming Master of a new '
450	帝皇之镰 Scythes of the Emperor	恢复英文词间空格	the	the 	1	 Wenlocke, seventy-two veterans of theOrlan Conquestwere assigned to the 
450	帝皇之镰 Scythes of the Emperor	恢复英文词间空格	The	The 	1	"orinth Crusade (698-705.M41)科林斯远征

TheCorinth Crusadewas led byMarneus Ca"
450	帝皇之镰 Scythes of the Emperor	恢复英文词间空格	by	by 	1	"1)科林斯远征

TheCorinth Crusadewas led byMarneus Calgar, with forces from th"
450	帝皇之镰 Scythes of the Emperor	恢复英文词间空格	the	the 	1	byMarneus Calgar, with forces from theUltramarines,Angels of Absolution,L
450	帝皇之镰 Scythes of the Emperor	恢复英文词间空格	the	the 	1	ard Regiments. They fought against theOrkhordes ofWaaagh! Skargor, in the
450	帝皇之镰 Scythes of the Emperor	恢复英文词间空格	of	of 	1	. They fought against theOrkhordes ofWaaagh! Skargor, in theCorinthsyste
450	帝皇之镰 Scythes of the Emperor	恢复英文词间空格	the	the 	1	theOrkhordes ofWaaagh! Skargor, in theCorinthsystem within the Ork empire
450	帝皇之镰 Scythes of the Emperor	恢复英文词间空格	of	of 	1	"orinthsystem within the Ork empire ofCharadon.

科林斯远征由马涅乌斯·卡尔加领导，其部队来自极限"
450	帝皇之镰 Scythes of the Emperor	恢复英文词间空格	from	from 	1	delayed any further Ork incursions fromCharadonfor more than thirty years.
450	帝皇之镰 Scythes of the Emperor	恢复英文词间空格	the	the 	1	"湾远征

It was in the years following theDamocles Crusadeagainst theT'auin 7"
450	帝皇之镰 Scythes of the Emperor	恢复英文词间空格	The	The 	1	ter establishing the landing zone. TheBrimlock Dragoonsmoved on to expand
450	帝皇之镰 Scythes of the Emperor	恢复英文词间空格	to	to 	1	entless hunger, and in the end due toGenestealer Cultuprisings the Chapt
450	帝皇之镰 Scythes of the Emperor	恢复英文词间空格	the	the 	1	e last of the Scythes evacuated to theMiral Systemeventually landed on th
450	帝皇之镰 Scythes of the Emperor	恢复英文词间空格	the	the 	1	lanet, a huge rocky outcrop called theGiant's Coffinrose from the jungle.
450	帝皇之镰 Scythes of the Emperor	恢复英文词间空格	Their	Their 	1	trong they were still overwhelmed. TheirChapter MasterThorcyra met his end 
450	帝皇之镰 Scythes of the Emperor	恢复英文词间空格	on	on 	1	Chapter MasterThorcyra met his end onMiraland the Scythes were forced to
450	帝皇之镰 Scythes of the Emperor	恢复英文词间空格	the	the 	1	ies of hit and run attacks against theTyranids. This pattern of defense a
450	帝皇之镰 Scythes of the Emperor	恢复英文词间空格	the	the 	1	ance had finally been staggered by theUltramarinesonIchar IV. At that tim
450	帝皇之镰 Scythes of the Emperor	恢复英文词间空格	on	on 	1	ged in the preparation of defences onBosphor, and were bitterly disappoi
450	帝皇之镰 Scythes of the Emperor	恢复英文词间空格	his	his 	1	concerned with the preservation of hisChapterand the salvaging of as much
450	帝皇之镰 Scythes of the Emperor	恢复英文词间空格	of	of 	1	ey have only three remaining suits ofTerminator armour.Forge Master Seba
450	帝皇之镰 Scythes of the Emperor	恢复英文词间空格	the	the 	1	Battle-Brothers were infected with theGenestealer's Kissduring the invasi
450	帝皇之镰 Scythes of the Emperor	恢复英文词间空格	the	the 	1	rong enough to resist the calls of theHive Mind, but wore psychic dampeni
450	帝皇之镰 Scythes of the Emperor	恢复英文词间空格	the	the 	1	o rebuild, and seek vengeance upon theTyranidrace.In 970999.M41 the Scyth
450	帝皇之镰 Scythes of the Emperor	恢复英文词间空格	of	of 	1	ectedly re-emerged from the shadow ofHive Fleet Krakenand announced that
450	帝皇之镰 Scythes of the Emperor	恢复英文词间空格	the	the 	1	"中重新出现，并宣布他们的战团将“重生”。

Later during theIndomitus Crusadethe Scythes of the"
450	帝皇之镰 Scythes of the Emperor	恢复英文词间空格	of	of 	1	ly reborn thanks to reinforcements ofPrimaris Space MarinesfromBelisariu
450	帝皇之镰 Scythes of the Emperor	恢复英文词间空格	the	the 	1	ghting for the Emperor, such as in theBattle of Hamagora. After the Indom
450	帝皇之镰 Scythes of the Emperor	恢复英文词间空格	by	by 	1	or were among the Chapter's chosen byRoboute Guillimanto guard the refor
450	帝皇之镰 Scythes of the Emperor	恢复英文词间空格	of	of 	1	"illimanto guard the reformed realm ofUltramar.

不屈远征后期，多亏了来自贝利萨留·考尔的极限建军"
450	帝皇之镰 Scythes of the Emperor	恢复英文词间空格	the	the 	1	niedBelisarius CawltoSothato study thePharos, but were beset by a force o
450	帝皇之镰 Scythes of the Emperor	恢复英文词间空格	of	of 	1	ePharos, but were beset by a force ofGenestealer Cultiststhat had infilt
450	帝皇之镰 Scythes of the Emperor	恢复英文词间空格	their	their 	1	ealer Cultiststhat had infiltrated theirChapter Serfs. During the fightChap
450	帝皇之镰 Scythes of the Emperor	恢复英文词间空格	of	of 	1	eviously abandoned orbital station ofAegidaaboveSothawas rebuilt and ass
450	帝皇之镰 Scythes of the Emperor	恢复英文词间空格	the	the 	1	"hapter later contributed forces to theUltramarian Reclamation.

战团后来为极限战士"
450	帝皇之镰 Scythes of the Emperor	恢复英文词间空格	The	The 	1	"其吞噬）、布拉库尔四号和贝雷明。

**Heraldry 纹章**

ThePower Armourworn by the Scythes of "
450	帝皇之镰 Scythes of the Emperor	恢复英文词间空格	and	and 	1	w breastplate, groin,and backpack, andCompanyaffiliation is indicated by 
450	帝皇之镰 Scythes of the Emperor	恢复英文词间空格	Crusadewas	Crusade was	1	"de (698-705.M41)科林斯远征

The Corinth Crusadewas led by Marneus Calgar, with forces"
450	帝皇之镰 Scythes of the Emperor	恢复英文词间空格	Crusadeagainst	Crusade against	1	n the years following the Damocles Crusadeagainst theT'auin 742.M41 the Scythes of t
450	帝皇之镰 Scythes of the Emperor	恢复英文词间空格	Chapterand	Chapter and	1	erned with the preservation of his Chapterand the salvaging of as much material 
450	帝皇之镰 Scythes of the Emperor	恢复英文词间空格	Guillimanto	Guilliman to	1	ng the Chapter's chosen by Roboute Guillimanto guard the reformed realm of Ultram
450	帝皇之镰 Scythes of the Emperor	恢复英文句间空格	.Al	. Al	1	 firing positions for heavy weapons.Although the defenses of the Scythes 
450	帝皇之镰 Scythes of the Emperor	恢复英文句间空格	.Th	. Th	1	the Scythes were forced to withdraw.The fate of Miral is unknown, althoug
450	帝皇之镰 Scythes of the Emperor	恢复英文句间空格	.Fo	. Fo	1	emaining suits of Terminator armour.Forge Master Sebastionis known to hav
450	帝皇之镰 Scythes of the Emperor	恢复英文句间空格	.In	. In	1	seek vengeance upon the Tyranidrace.In 970999.M41 the Scythes unexpectedl
450	帝皇之镰 Scythes of the Emperor	恢复英文句间空格	.Th	. Th	1	romBelisarius Cawl'sUltima Founding.They have since gone back to fighting
450	帝皇之镰 Scythes of the Emperor	恢复英文句间空格	.Th	. Th	1	 colour of the Marine's chestaquila.The Chapter's symbol is a pair of yel
450	帝皇之镰 Scythes of the Emperor	恢复英文词间空格	the	the 	1	"兵身份由一个黄色的左膝甲表示，上有一个黑色的颅骨。

Many of theCompany Bannersof the Scythes, alon"
450	帝皇之镰 Scythes of the Emperor	恢复英文词间空格	the	the 	1	 Bannersof the Scythes, along with theChapter Standard, feature an armour
450	帝皇之镰 Scythes of the Emperor	恢复英文词间空格	by	by 	1	egendary horse from the tales told byOberdeii.Amongst the horses feature
450	帝皇之镰 Scythes of the Emperor	恢复英文词间空格	are	are 	1	"erdeii.Amongst the horses featured areAbraxandConabos.

许多帝皇之镰的连队旗帜，以及战团旗"
450	帝皇之镰 Scythes of the Emperor	恢复英文词间空格	the	the 	1	k, and the Chapter's evacuation to theMiral System, only twenty-six ships
450	帝皇之镰 Scythes of the Emperor	恢复英文词间空格	the	the 	1	"ks shortly after the evacuation to theMiral System,*""Only twenty-five. Le"
450	帝皇之镰 Scythes of the Emperor	恢复英文句间空格	.Am	. Am	1	rse from the tales told by Oberdeii.Amongst the horses featured are Abrax
450	帝皇之镰 Scythes of the Emperor	恢复英文句间空格	.Fo	. Fo	1	red over a hundred vessels in total.Following Kraken's attack, and the Ch
456	XIX - 暗鸦守卫 Raven Guard	删除误重复字	领导下的的圣兽大	领导下的圣兽大	1	
456	XIX - 暗鸦守卫 Raven Guard	恢复英文句间空格	.Ri	. Ri	1	"
- 战团长：艾森·沙恩
- Colours:Black, white.Right pauldron trim colours show comp"
456	XIX - 暗鸦守卫 Raven Guard	恢复英文句间空格	.Th	. Th	1	uring the Unification Wars on Terra.The original recruits of the Legion w
456	XIX - 暗鸦守卫 Raven Guard	恢复英文句间空格	.Th	. Th	1	 and set their betrayal into motion.The Iron Warriors, Night Lords, Alpha
456	XIX - 暗鸦守卫 Raven Guard	恢复英文词间空格	The	The 	1	"e War of the Beast 野兽战争
- ???.M36— ThePlague of Unbelief 无信瘟疫
- 018.M36: "
456	XIX - 暗鸦守卫 Raven Guard	恢复英文词间空格	the	the 	1	the Raven Guard held dominion over theCentral Asiatic Dustfieldsof Terra.
456	XIX - 暗鸦守卫 Raven Guard	恢复英文词间空格	the	the 	1	"rgencies to their own ends include theAlpha LegionandWord Bearers.

死亡战术协"
456	XIX - 暗鸦守卫 Raven Guard	恢复英文词间空格	of	of 	1	mbraces art. Before the liberation ofDeliverance, originally known as Ly
456	XIX - 暗鸦守卫 Raven Guard	恢复英文词间空格	from	from 	1	everal innovations for his own use fromMars. These were all then modified 
456	XIX - 暗鸦守卫 Raven Guard	恢复英文词间空格	the	the 	1	d. Unique combat vehicles included theWhispercutter- an open-topped airfr
456	XIX - 暗鸦守卫 Raven Guard	恢复英文词间空格	the	the 	1	tealthyThunderhawkvariant known as theShadowhawkand the similarStorm eagl
456	XIX - 暗鸦守卫 Raven Guard	恢复英文词间空格	the	the 	1	"e similarStorm eaglepattern dubbed theDark Wing.

在科拉克斯重组暗鸦守卫期间，他能够从火星上委托"
456	XIX - 暗鸦守卫 Raven Guard	恢复英文句间空格	.Ot	. Ot	1	port of the Chapters own war effort.Other chapters that also employ local
456	XIX - 暗鸦守卫 Raven Guard	恢复英文词间空格	of	of 	1	"manderof the Hawks after the death ofSolaro Anand laterNuran Tesk
- 苏库胡努"
456	XIX - 暗鸦守卫 Raven Guard	恢复英文词间空格	the	the 	1	"— 智库
- Kaedes Nex—Moritat-Prime of theRaven GuardLegion's14th Interdictio"
464	灰骑士 Grey Knights	Field 对应的错别字	盖勒立场	盖勒力场	1	
464	灰骑士 Grey Knights	恢复英文句间空格	.Ma	. Ma	1	ean, Fel Zharost, and Garviel Loken.Many of the Space Marines that joined
588	人类之主 - 帝皇(上) Emperor of Mankind	删除误重复字	，放弃他他拥有的	，放弃他拥有的	1	
588	人类之主 - 帝皇(上) Emperor of Mankind	修正语病	同时执行着对众多对人类生存至关重要的任务	同时执行着众多对人类生存至关重要的任务	1	
588	人类之主 - 帝皇(上) Emperor of Mankind	依据紧邻英文修正时间单位与括号	公元前8世纪，帝皇出生在(安纳托利亚)萨卡里亚河岸边的一个原始赫梯村庄	公元前第8个千年，帝皇出生在安纳托利亚萨卡里亚河岸边的一个原始赫梯村庄	1	
588	人类之主 - 帝皇(上) Emperor of Mankind	依据紧邻英文修正指代	他看到了自己被谋杀的景象	他看到了父亲被谋杀的景象	1	
588	人类之主 - 帝皇(上) Emperor of Mankind	依据紧邻英文修正指代与语序	永生者尔达遇到了皇帝，当时她已经是一个试图加速人类进化并将种族引导至优势物种的军阀	永生者尔达遇到了帝皇；当时，帝皇已经是一位试图加速人类进化、将人类引导为更优越物种的军阀	1	
588	人类之主 - 帝皇(上) Emperor of Mankind	修正语法与断句	人类们-萨满秘会；创造的一个计划的结果	人类——萨满秘会——所策划的结果	1	
588	人类之主 - 帝皇(上) Emperor of Mankind	修正错字与搭配	在有成记录的历史之前	在有文字记录的历史之前	1	
588	人类之主 - 帝皇(上) Emperor of Mankind	依据紧邻英文修正语序	并驾驭着他们的一部分力量的出现了	并带着从他们那里获得的一部分力量归来	1	
588	人类之主 - 帝皇(上) Emperor of Mankind	依据紧邻英文删除混入词语	将它们交给他的稳定原体	将这些能量赋予他的原体	1	
588	人类之主 - 帝皇(上) Emperor of Mankind	依据紧邻英文修正并列关系	他会通过帝皇塔罗与灵魂绑定的灵能者突然间指引他的种族，与他最重要的侍者保持联系，并指引星炬信标引导太空舰队穿过亚空间。	他同时通过帝皇塔罗指引人类，与灵能者进行灵魂绑定，接见最重要的臣仆，并引导星炬信标，为穿越亚空间的舰船指明航向。	1	
588	人类之主 - 帝皇(上) Emperor of Mankind	依据紧邻英文修正宾语与时态	并增强了他的子嗣，对黄金王座上的帝皇发出了致命一击	并为法杖蓄能，准备对黄金王座上的帝皇施以致命一击	1	
588	人类之主 - 帝皇(上) Emperor of Mankind	依据紧邻英文修正语病	因为它与帝皇一起精神世界中飘荡去发现宇宙知识的极限	因为他的灵魂会与帝皇一起在非物质界中遨游，探索宇宙知识的极限	1	
588	人类之主 - 帝皇(上) Emperor of Mankind	依据紧邻英文修正主客关系	马格努斯可以在为他准备的新军团的带领下回到忠诚派这边	马格努斯可以率领为他准备的新军团回归忠诚派	1	
588	人类之主 - 帝皇(上) Emperor of Mankind	依据紧邻英文修正语病	沃坎将留下来监督以保证黄金王座上的故障无碍	沃坎将留下来，监督黄金王座的故障保护装置	1	
588	人类之主 - 帝皇(上) Emperor of Mankind	英文多余撇号	Horus' mysteriously lowered	Horus mysteriously lowered	1	
588	人类之主 - 帝皇(上) Emperor of Mankind	英文语法	confront his father as he donned	confronting his father as he donned	1	
588	人类之主 - 帝皇(上) Emperor of Mankind	英文词性	The Emperor reluctant slew	The Emperor reluctantly slew	1	
588	人类之主 - 帝皇(上) Emperor of Mankind	英文冠词	with a illusion	with an illusion	1	
588	人类之主 - 帝皇(上) Emperor of Mankind	英文冠词	guided by an Tarot card	guided by a Tarot card	1	
588	人类之主 - 帝皇(上) Emperor of Mankind	英文所有格	his fathers body	his father's body	1	
588	人类之主 - 帝皇(上) Emperor of Mankind	英文所有格	the Warmasters taunts	the Warmaster's taunts	1	
588	人类之主 - 帝皇(上) Emperor of Mankind	恢复英文词间空格	Primarchsafter	Primarchs after	1	as imbued with, giving them to his Primarchsafter combining his own genetic material
588	人类之主 - 帝皇(上) Emperor of Mankind	恢复英文句间空格	.At	. At	1	enetic material with that of Erda's.At some point in Earth's history the 
588	人类之主 - 帝皇(上) Emperor of Mankind	恢复英文句间空格	.Wh	. Wh	1	eing found directly on Terra itself.Whatever the truth of Horus' order of
588	人类之主 - 帝皇(上) Emperor of Mankind	恢复英文句间空格	.Du	. Du	1	he favor during the Battle of Gorro.During the Battle of Gyros-Thravian, 
588	人类之主 - 帝皇(上) Emperor of Mankind	恢复英文句间空格	.Th	. Th	1	the empire they had helped to forge.The Emperor's son Magnus attempted to
592	约翰·格拉马迪库斯 John Grammaticus	恢复英文句间空格	.Er	. Er	1	dezvous at Erda's home with Persson.Erda later was able to determine that
593	掌印者马卡多 Malcador the Sigillite	Field 对应的错别字	盖勒立场	盖勒力场	1	
598	幼发拉底·基勒 Euphrati Keeler	恢复英文词间空格	the	the 	1	nary Forcein the closing months of theGreat Crusade.As a result of later 
598	幼发拉底·基勒 Euphrati Keeler	恢复英文词间空格	the	the 	1	"onized as one of the firstSaintsof theImperial Cult.

幼发拉底·基勒是大远征最后几个月第63"
598	幼发拉底·基勒 Euphrati Keeler	恢复英文句间空格	.As	. As	1	closing months of the Great Crusade.As a result of later events, she woul
598	幼发拉底·基勒 Euphrati Keeler	恢复英文词间空格	of	of 	1	editionary Force under the command ofWarmasterHorus,her images included 
598	幼发拉底·基勒 Euphrati Keeler	恢复英文词间空格	of	of 	1	rus,her images included the rescue ofMaloghurstfrom the surface ofSixty-
598	幼发拉底·基勒 Euphrati Keeler	恢复英文词间空格	of	of 	1	escue ofMaloghurstfrom the surface ofSixty-Three-Nineteen, andGarviel Lo
598	幼发拉底·基勒 Euphrati Keeler	恢复英文词间空格	and	and 	1	he surface ofSixty-Three-Nineteen, andGarviel Lokentaking hisoath of mome
598	幼发拉底·基勒 Euphrati Keeler	恢复英文词间空格	the	the 	1	okentaking hisoath of momentbefore theBattle of the Whisperhead Mountains
598	幼发拉底·基勒 Euphrati Keeler	恢复英文词间空格	their	their 	1	lse, their group slipped away from theirImperial Armyescort and entered the
598	幼发拉底·基勒 Euphrati Keeler	恢复英文词间空格	and	and 	1	he entire group except for herself andKyril Sindermann.This experience ma
598	幼发拉底·基勒 Euphrati Keeler	恢复英文词间空格	the	the 	1	ributed to her eventual joining of theLectitio Divinitatus, a cult that w
598	幼发拉底·基勒 Euphrati Keeler	恢复英文词间空格	the	the 	1	"ivinitatus, a cult that worshipped theEmperor of Mankindas a deity.

在战斗期"
598	幼发拉底·基勒 Euphrati Keeler	恢复英文词间空格	the	the 	1	ccidentally summoned a demon using theBook of Lorgarin the library ofWarm
598	幼发拉底·基勒 Euphrati Keeler	恢复英文词间空格	of	of 	1	ng theBook of Lorgarin the library ofWarmasterHorus' flagship, theVengef
598	幼发拉底·基勒 Euphrati Keeler	恢复英文词间空格	the	the 	1	ibrary ofWarmasterHorus' flagship, theVengeful Spirit, as she stood befor
598	幼发拉底·基勒 Euphrati Keeler	恢复英文词间空格	of	of 	1	awakened shortly before the battle ofIsstvan III, and warned that someth
598	幼发拉底·基勒 Euphrati Keeler	恢复英文词间空格	a	a 	1	"mmanded by CaptainNathaniel Garro, aDeath Guardloyalist.

当凯里尔·辛德曼站在战帅荷"
598	幼发拉底·基勒 Euphrati Keeler	恢复英文词间空格	The	The 	1	"亡守卫忠诚派纳撒尼尔·伽罗连长指挥的护卫舰爱森斯坦号逃离伊斯塔万。

TheSilent Sisterhoodbelieved that Keel"
598	幼发拉底·基勒 Euphrati Keeler	恢复英文词间空格	on	on 	1	" taken to their fortress monastery onLunaand questioned.

寂静修女会认为基勒可能实际上"
598	幼发拉底·基勒 Euphrati Keeler	恢复英文词间空格	of	of 	1	eeding answers after he became one ofMalcador'sKnight-Errant, and he was
598	幼发拉底·基勒 Euphrati Keeler	恢复英文词间空格	the	the 	1	ex. Shortly before the founding of theGrey Knightsby Malcador, Garro visi
598	幼发拉底·基勒 Euphrati Keeler	恢复英文词间空格	the	the 	1	"群。在马卡多建立灰骑士之前不久，伽罗再次拜访了基勒。

During theSiege of Terra, Keeler,Kyril Sinder"
598	幼发拉底·基勒 Euphrati Keeler	恢复英文词间空格	the	the 	1	other followers took refuge inside theInner Palaceand aided with the thro
598	幼发拉底·基勒 Euphrati Keeler	恢复英文词间空格	of	of 	1	d to counter the immaterial powers ofChaosthrough faith in the Emperor.H
598	幼发拉底·基勒 Euphrati Keeler	恢复英文词间空格	by	by 	1	ror.However her cult was subverted byCor'bax Utterblight, who manifested
598	幼发拉底·基勒 Euphrati Keeler	恢复英文词间空格	the	the 	1	t by psychically confronting it in theImmaterium. Afterwards, Amon was as
598	幼发拉底·基勒 Euphrati Keeler	恢复英文词间空格	a	a 	1	"蒙被指派看管基勒和她的教派。

Keeler was held in aBlackstoneprison under theTower of "
598	幼发拉底·基勒 Euphrati Keeler	恢复英文词间空格	the	the 	1	as held in aBlackstoneprison under theTower of Hegemon, supervised by Amo
598	幼发拉底·基勒 Euphrati Keeler	恢复英文词间空格	into	into 	1	by Amon. However she was recruited intoKyril Sindermann's new order ofReme
598	幼发拉底·基勒 Euphrati Keeler	恢复英文词间空格	of	of 	1	d intoKyril Sindermann's new order ofRemembrancers. Due to the fact that
598	幼发拉底·基勒 Euphrati Keeler	恢复英文词间空格	by	by 	1	er and Sindermann were interrupted byHellick MauerandAndromeda-17who wis
598	幼发拉底·基勒 Euphrati Keeler	恢复英文词间空格	by	by 	1	ould.She was eventually confronted byGarviel Loken, who let her continue
598	幼发拉底·基勒 Euphrati Keeler	恢复英文词间空格	a	a 	1	er work.Later, Keeler was saved by aDeath Guardattack only by the sacri
598	幼发拉底·基勒 Euphrati Keeler	恢复英文词间空格	with	with 	1	" buy enough time for her to escape withHelig Gallor.

在与弗、基勒和辛德曼的一次采访中，赫立克"
598	幼发拉底·基勒 Euphrati Keeler	恢复英文词间空格	as	as 	1	 other faithful and survivors such asKatsuhiroandNemo Zhi-Mengin an exod
598	幼发拉底·基勒 Euphrati Keeler	恢复英文词间空格	the	the 	1	oandNemo Zhi-Mengin an exodus from theSanctum Imperialis. When questioned
598	幼发拉底·基勒 Euphrati Keeler	恢复英文词间空格	by	by 	1	"f Sons of Horus before being saved bySigismundand his Templars.

在围城战的最后"
598	幼发拉底·基勒 Euphrati Keeler	恢复英文词间空格	the	the 	1	ever-crossing mass of survivors to theHollow Mountain. After arriving at 
598	幼发拉底·基勒 Euphrati Keeler	恢复英文词间空格	and	and 	1	alongsideCorswain,The Lord Cypher, andDark Angelsagainst a furious Death 
598	幼发拉底·基勒 Euphrati Keeler	恢复英文词间空格	by	by 	1	 a furious Death Guard assault led byTyphus.During the final battle, all
598	幼发拉底·基勒 Euphrati Keeler	恢复英文词间空格	the	the 	1	e Death Guard but also reactivated theAstronomican.Immediately following 
598	幼发拉底·基勒 Euphrati Keeler	恢复英文词间空格	of	of 	1	ned Emperor. Following the arrival ofRoboute Guillimanand the other Prim
598	幼发拉底·基勒 Euphrati Keeler	恢复英文词间空格	the	the 	1	'Phanor. The comet was later named theKeeler Comet. is important to note 
598	幼发拉底·基勒 Euphrati Keeler	恢复英文词间空格	the	the 	1	he name of a stellar phenomenon in theSabbat WorldsCluster, inSegmentum P
598	幼发拉底·基勒 Euphrati Keeler	恢复英文词间空格	in	in 	1	"omenon in theSabbat WorldsCluster, inSegmentum Pacificus.

同样，幼发拉底扭曲是太平星"
598	幼发拉底·基勒 Euphrati Keeler	恢复英文词间空格	Guillimanand	Guilliman and	1	. Following the arrival of Roboute Guillimanand the other Primarchs on Terra, Sigi
598	幼发拉底·基勒 Euphrati Keeler	恢复英文句间空格	.On	. On	1	 well away from the actual fighting.On an impulse, their group slipped aw
598	幼发拉底·基勒 Euphrati Keeler	恢复英文句间空格	.Sh	. Sh	1	e rebel stronghold in the mountains.She was shaken by an encounter with t
598	幼发拉底·基勒 Euphrati Keeler	恢复英文句间空格	.Th	. Th	1	pt for herself and Kyril Sindermann.This experience may have contributed 
598	幼发拉底·基勒 Euphrati Keeler	恢复英文句间空格	.Sh	. Sh	1	 and banished it back into the Warp.She went into a state of what could b
598	幼发拉底·基勒 Euphrati Keeler	恢复英文句间空格	.Sh	. Sh	1	cludingMaloghurst's enforcerMaggard.She awakened shortly before the battl
598	幼发拉底·基勒 Euphrati Keeler	恢复英文句间空格	.Sh	. Sh	1	and warned that something was afoot.She witnessed the bombardment of Istv
598	幼发拉底·基勒 Euphrati Keeler	恢复英文句间空格	.Ga	. Ga	1	top time to communicate with others.Garro stated that he would set her fr
598	幼发拉底·基勒 Euphrati Keeler	恢复英文句间空格	.Ho	. Ho	1	f Chaosthrough faith in the Emperor.However her cult was subverted by Cor
598	幼发拉底·基勒 Euphrati Keeler	恢复英文句间空格	.Af	. Af	1	ll both Space Marines and Primarchs.After agreeing with Amon that this kn
598	幼发拉底·基勒 Euphrati Keeler	恢复英文句间空格	.Ho	. Ho	1	ounce her faith in order to do this.However while in Mauer's armed convoy
598	幼发拉底·基勒 Euphrati Keeler	恢复英文句间空格	.Sh	. Sh	1	he traitors pay whenever they could.She was eventually confronted by Garv
598	幼发拉底·基勒 Euphrati Keeler	恢复英文句间空格	.La	. La	1	oken, who let her continue her work.Later, Keeler was saved by a Death Gu
598	幼发拉底·基勒 Euphrati Keeler	恢复英文句间空格	.Fo	. Fo	1	ollowing a mysterious guiding light.Following the light, Keeler and her r
598	幼发拉底·基勒 Euphrati Keeler	恢复英文句间空格	.Du	. Du	1	s Death Guard assault led by Typhus.During the final battle, all seemed l
598	幼发拉底·基勒 Euphrati Keeler	恢复英文句间空格	.Im	. Im	1	t also reactivated the Astronomican.Immediately following the battle, Kee
599	科赫兰·赫苏拉 Cohran Hursula	恢复英文词间空格	the	the 	1	Cohran Hursula was theMistress of the Astronomicanand aHi
599	科赫兰·赫苏拉 Cohran Hursula	恢复英文词间空格	a	a 	1	theMistress of the Astronomicanand aHigh Lord of Terraduring theHorus H
599	科赫兰·赫苏拉 Cohran Hursula	恢复英文词间空格	the	the 	1	micanand aHigh Lord of Terraduring theHorus Heresy; she sat upon theCounc
599	科赫兰·赫苏拉 Cohran Hursula	恢复英文词间空格	the	the 	1	ring theHorus Heresy; she sat upon theCouncil of Terra.She was later pres
599	科赫兰·赫苏拉 Cohran Hursula	恢复英文词间空格	the	the 	1	"h Lords during the early stages of theSiege of Terra.

科赫兰·赫苏拉在荷鲁斯叛乱时期是星炬"
599	科赫兰·赫苏拉 Cohran Hursula	恢复英文词间空格	Terraduring	Terra during	1	the Astronomicanand a High Lord of Terraduring the Horus Heresy; she sat upon the
599	科赫兰·赫苏拉 Cohran Hursula	恢复英文句间空格	.Sh	. Sh	1	; she sat upon the Council of Terra.She was later present during the meet
601	尤根·坦巴 Eugan Temba	恢复英文词间空格	the	the 	1	CommanderEugan Temba was theImperial Governorof the planetDavin
601	尤根·坦巴 Eugan Temba	恢复英文词间空格	the	the 	1	l Governorof the planetDavinduring theGreat Crusade. Originally a close f
601	尤根·坦巴 Eugan Temba	恢复英文词间空格	to	to 	1	Crusade. Originally a close friend toHorus, Temba would eventually fall 
601	尤根·坦巴 Eugan Temba	恢复英文词间空格	of	of 	1	tually fall sway to the predations ofNurgleand, possessed bydaemonic ene
601	尤根·坦巴 Eugan Temba	恢复英文词间空格	the	the 	1	and friendship by Horus,Primarchof theLuna Wolves, Temba found himself pl
601	尤根·坦巴 Eugan Temba	恢复英文词间空格	to	to 	1	mply with Imperial rule. According toWord BearersChaplainErebus, Temba l
601	尤根·坦巴 Eugan Temba	恢复英文词间空格	the	the 	1	r perceptions away from loyalty to theImperium. More plainly said, they s
601	尤根·坦巴 Eugan Temba	恢复英文词间空格	as	as 	1	case. While Temba's men reanimated asPlague Zombies, their commander had
601	尤根·坦巴 Eugan Temba	恢复英文词间空格	the	the 	1	agged remains of his uniform. When theWarmasterHorus led an assault group
601	尤根·坦巴 Eugan Temba	恢复英文词间空格	of	of 	1	armasterHorus led an assault group ofSons of HorusSpace Marinesinto the*
601	尤根·坦巴 Eugan Temba	恢复英文词间空格	by	by 	1	y of Terra*, Temba was first found byCaptainVerulam Moy, whom Temba kill
601	尤根·坦巴 Eugan Temba	恢复英文词间空格	the	the 	1	"pon secretly stolen by Erebus from theInterexsome scant weeks earlier.

在"
601	尤根·坦巴 Eugan Temba	恢复英文词间空格	the	the 	1	 power of the things that lived in theWarpand prophesied that only Horus 
601	尤根·坦巴 Eugan Temba	恢复英文词间空格	the	the 	1	us could avert a grim future where theEmperorwas dead and there was only 
601	尤根·坦巴 Eugan Temba	恢复英文词间空格	the	the 	1	ath and in order to save his life, theSons of Horusbrought the Warmaster 
601	尤根·坦巴 Eugan Temba	恢复英文词间空格	to	to 	1	"Sons of Horusbrought the Warmaster toDavin'sSerpent Lodgefor treatment.
"
601	尤根·坦巴 Eugan Temba	恢复英文词间空格	Primarchof	Primarch of	1	with trust and friendship by Horus,Primarchof the Luna Wolves, Temba found himse
601	尤根·坦巴 Eugan Temba	恢复英文词间空格	Marinesinto	Marines into	1	ssault group of Sons of HorusSpace Marinesinto the*Glory of Terra*, Temba was fir
601	尤根·坦巴 Eugan Temba	恢复英文词间空格	Emperorwas	Emperor was	1	ould avert a grim future where the Emperorwas dead and there was only war. He fi
603	阿里克·塔拉尼斯 Arik Taranis	地名错别字，已核对两处上下文	太辣	泰拉	1	
605	菲杜斯·克里普特曼 Fidus Kryptman	Field 对应的错别字	静滞立场	静滞力场	1	
607	阿德拉斯蒂娅 Adrastia	恢复英文词间空格	an	an 	1	"Adrastia was anInquisitorof theOrdo Hereticus.

阿德"
607	阿德拉斯蒂娅 Adrastia	恢复英文词间空格	the	the 	1	"Adrastia was anInquisitorof theOrdo Hereticus.

阿德拉斯蒂娅是讨逆修会的审判官。

"
607	阿德拉斯蒂娅 Adrastia	恢复英文词间空格	the	the 	1	"a 审判官阿德拉斯蒂娅

She battled alongside theImperial GuardunderGeneralCastorto "
607	阿德拉斯蒂娅 Adrastia	恢复英文词间空格	the	the 	1	l GuardunderGeneralCastorto secure theAurelia Sub-sectorin investigating 
607	阿德拉斯蒂娅 Adrastia	恢复英文词间空格	the	the 	1	syofAzariah Kyras,Chapter Masterof theBlood Ravens. During the campaign, 
607	阿德拉斯蒂娅 Adrastia	恢复英文词间空格	with	with 	1	"the campaign, she willingly allied withXenosforces such asEldarandOrks.

她"
607	阿德拉斯蒂娅 Adrastia	恢复英文词间空格	as	as 	1	"lingly allied withXenosforces such asEldarandOrks.

她与卡斯托将军率领的帝国卫队并肩作战，以"
608	莱昂·奇拉斯特斯 Leon ­Chirastes	恢复英文词间空格	a	a 	1	Leon ­Chirastes was aCardinal Astraof theEcclesiarchy, w
608	莱昂·奇拉斯特斯 Leon ­Chirastes	恢复英文词间空格	the	the 	1	n ­Chirastes was aCardinal Astraof theEcclesiarchy, who waged a shadow wa
608	莱昂·奇拉斯特斯 Leon ­Chirastes	恢复英文词间空格	the	the 	1	"hy, who waged a shadow war against theSpace WolvesChapter.

莱昂·奇拉斯特斯是国教的星"
608	莱昂·奇拉斯特斯 Leon ­Chirastes	恢复英文词间空格	the	the 	1	He was once highly regarded within theEcclesiarchyand it had seemed possi
608	莱昂·奇拉斯特斯 Leon ­Chirastes	恢复英文词间空格	the	the 	1	al beliefs were being practiced on theSpace WolvesChapter'sHomeworld,Fenr
608	莱昂·奇拉斯特斯 Leon ­Chirastes	恢复英文词间空格	the	the 	1	arships and those of threeOrdersof theAdepta Sororitas. The fleet thenatt
608	莱昂·奇拉斯特斯 Leon ­Chirastes	恢复英文词间空格	a	a 	1	 leader who had opposed him. Using aSensor-vessel, he scanned into thei
608	莱昂·奇拉斯特斯 Leon ­Chirastes	恢复英文词间空格	the	the 	1	le's aftermath, it became known as theFenris Incidentand official records
608	莱昂·奇拉斯特斯 Leon ­Chirastes	恢复英文词间空格	the	the 	1	 from hispositionand withdrew from theEcclesiarchy. In truth, however, he
608	莱昂·奇拉斯特斯 Leon ­Chirastes	恢复英文词间空格	their	their 	1	 battle-cant he had recorded. With theirGothicnames now in his hands, Chira
608	莱昂·奇拉斯特斯 Leon ­Chirastes	恢复英文词间空格	as	as 	1	d heavily augmented soldiers known asFulcrum Hunters, who would be his w
608	莱昂·奇拉斯特斯 Leon ­Chirastes	恢复英文词间空格	the	the 	1	e last decades of the 900's ofM41, theEcclesiarchybecame aware of his act
608	莱昂·奇拉斯特斯 Leon ­Chirastes	恢复英文词间空格	the	the 	1	 commanded, including his flagship theRighteous Flail, and the worlds he 
608	莱昂·奇拉斯特斯 Leon ­Chirastes	恢复英文词间空格	the	the 	1	h his only remaining base being on theMining WorldOjada VII. Chirastes an
608	莱昂·奇拉斯特斯 Leon ­Chirastes	恢复英文词间空格	to	to 	1	entand then ensured they were sent toCadia. There they would kill the la
608	莱昂·奇拉斯特斯 Leon ­Chirastes	恢复英文词间空格	of	of 	1	plete. When the Ecclesiarchy fleet ofCardinalAxith Orquemondreached Ojad
608	莱昂·奇拉斯特斯 Leon ­Chirastes	恢复英文词间空格	the	the 	1	 few alive, however, which allowed theSpace Wolves'Járnhamar Packto kill 
608	莱昂·奇拉斯特斯 Leon ­Chirastes	恢复英文词间空格	the	the 	1	d that Chirastes had mistranslated theChapter's battle-cant. This likely 
608	莱昂·奇拉斯特斯 Leon ­Chirastes	恢复英文词间空格	the	the 	1	Space Wolves who had taken part in theFenris Incident, as well as those w
608	莱昂·奇拉斯特斯 Leon ­Chirastes	恢复英文词间空格	the	the 	1	, the Pack believed it referred to theWolf LordBerek Thunderfist, who had
608	莱昂·奇拉斯特斯 Leon ­Chirastes	恢复英文词间空格	his	his 	1	t, who had gained renown defending hisHomeworldin the Fenris Incident. He
608	莱昂·奇拉斯特斯 Leon ­Chirastes	恢复英文词间空格	the	the 	1	ad, though, and the Pack suspected theFulcrum Huntershad been sent after 
608	莱昂·奇拉斯特斯 Leon ­Chirastes	恢复英文词间空格	on	on 	1	ing Blackmane. They knew he fought onCadiaand rushed to save him from Ch
609	佩里尼奥 Perigino	恢复英文词间空格	a	a 	1	Perigino was aArch-Cardinalof theAdeptus Ministor
609	佩里尼奥 Perigino	恢复英文词间空格	the	the 	1	Perigino was aArch-Cardinalof theAdeptus Ministorumduring theAge of 
609	佩里尼奥 Perigino	恢复英文词间空格	the	the 	1	"inalof theAdeptus Ministorumduring theAge of Apostasy.

佩里尼奥是叛教时代国教教会的大红衣"
609	佩里尼奥 Perigino	恢复英文词间空格	of	of 	1	"红衣主教。

Known as the right-hand man ofGoge Vandire, Perigno declared theP"
609	佩里尼奥 Perigino	恢复英文词间空格	the	the 	1	n ofGoge Vandire, Perigno declared thePromethean Cultof theSalamandersas 
609	佩里尼奥 Perigino	恢复英文词间空格	the	the 	1	igno declared thePromethean Cultof theSalamandersas heretical. In the ens
609	佩里尼奥 Perigino	恢复英文词间空格	of	of 	1	 an Ecclesiarchy army on the world ofNew Folly. Ultimately Perigno was s
609	佩里尼奥 Perigino	恢复英文词间空格	the	the 	1	y. Ultimately Perigno was slain by theInquisition, which caused his force
611	阿坎·兰德 Arkhan Land	恢复英文句间空格	.Th	. Th	1	 and kill him regardless of outcome.This combined with Sanguinius' rousin
612	扎格瑞斯·凯恩 Zagreus Kane	恢复英文词间空格	was	was 	1	"限。 — 铸造将军凯恩（认为是其所说）*

Zagreus Kane wasForge MasterofMondus OcculamandFabr"
612	扎格瑞斯·凯恩 Zagreus Kane	恢复英文词间空格	the	the 	1	ondus OcculamandFabricator Locumof theAdeptus Mechanicusin the days befor
612	扎格瑞斯·凯恩 Zagreus Kane	恢复英文词间空格	the	the 	1	"eptus Mechanicusin the days before theHorus Heresy.

在荷鲁斯叛乱之前的日子里，扎格瑞斯·凯恩"
612	扎格瑞斯·凯恩 Zagreus Kane	恢复英文词间空格	to	to 	1	"。

**History 历史**

The subordinate toFabricator-GeneralKelbor-Hal, Kane "
612	扎格瑞斯·凯恩 Zagreus Kane	恢复英文词间空格	to	to 	1	-GeneralKelbor-Hal, Kane was loyal toTerraand theEmperorand as a result 
612	扎格瑞斯·凯恩 Zagreus Kane	恢复英文词间空格	the	the 	1	bor-Hal, Kane was loyal toTerraand theEmperorand as a result refused to s
612	扎格瑞斯·凯恩 Zagreus Kane	恢复英文词间空格	to	to 	1	umthat was pledging its allegiance toWarmasterHorus. Controlling a vast 
612	扎格瑞斯·凯恩 Zagreus Kane	恢复英文词间空格	the	the 	1	sistance to the Dark Mechanicum in theSchism of Mars, the devastating civ
612	扎格瑞斯·凯恩 Zagreus Kane	恢复英文词间空格	of	of 	1	 evacuated the planet with the aid ofCaptainSigismundof theImperial Fist
612	扎格瑞斯·凯恩 Zagreus Kane	恢复英文词间空格	the	the 	1	" with the aid ofCaptainSigismundof theImperial Fists.

凯恩是铸造将军凯尔博·哈尔的下属，他"
612	扎格瑞斯·凯恩 Zagreus Kane	恢复英文词间空格	the	the 	1	y to him while he was busy. During theWar Within the WebwayKane was a loy
612	扎格瑞斯·凯恩 Zagreus Kane	恢复英文词间空格	with	with 	1	alist commander but sought to work withArkhan Landto find a way to reach M
612	扎格瑞斯·凯恩 Zagreus Kane	恢复英文词间空格	the	the 	1	"o find a way to reach Mars through theWebway.

在忠诚派机械教流亡到泰拉后，凯恩被任命为新的火星铸造"
612	扎格瑞斯·凯恩 Zagreus Kane	恢复英文词间空格	the	the 	1	r General Kane's representative on theCouncil of Terra, proposed to resol
612	扎格瑞斯·凯恩 Zagreus Kane	恢复英文词间空格	the	the 	1	-grab, the resolution passed after theCollegia Titanicathreatened to aban
612	扎格瑞斯·凯恩 Zagreus Kane	恢复英文词间空格	the	the 	1	egia Titanicathreatened to abandon theSolar Warand theImperator Titan*Mag
612	扎格瑞斯·凯恩 Zagreus Kane	恢复英文词间空格	the	the 	1	eatened to abandon theSolar Warand theImperator Titan*Magnificum Incendiu
612	扎格瑞斯·凯恩 Zagreus Kane	恢复英文词间空格	the	the 	1	ator Titan*Magnificum Incendius*of theLegio Ignatummarched on theGreat Ch
612	扎格瑞斯·凯恩 Zagreus Kane	恢复英文词间空格	the	the 	1	dius*of theLegio Ignatummarched on theGreat Chamber of the Senatorum Impe
612	扎格瑞斯·凯恩 Zagreus Kane	恢复英文词间空格	the	the 	1	"坦宏伟烈焰号在帝国参议院的大会议厅游行后通过了决议。

During theSiege of TerraKane relocated his li"
612	扎格瑞斯·凯恩 Zagreus Kane	恢复英文词间空格	the	the 	1	e relocated his library deep under theImperial Palace. After finding out 
612	扎格瑞斯·凯恩 Zagreus Kane	恢复英文词间空格	from	from 	1	Imperial Palace. After finding out fromEsha Ani Mohanathat Horus was wound
612	扎格瑞斯·凯恩 Zagreus Kane	恢复英文词间空格	the	the 	1	ohanathat Horus was wounded during theBattle of Beta-Garmonhe met withSan
612	扎格瑞斯·凯恩 Zagreus Kane	恢复英文词间空格	with	with 	1	ing theBattle of Beta-Garmonhe met withSanguiniusand relayed the informati
612	扎格瑞斯·凯恩 Zagreus Kane	恢复英文词间空格	of	of 	1	r consolidation and the reconquest ofLunaandMarsoverRogal Dorn's plan fo
612	扎格瑞斯·凯恩 Zagreus Kane	恢复英文词间空格	with	with 	1	ng Traitors.He also worked closely withConstantin Valdorin studying the wo
612	扎格瑞斯·凯恩 Zagreus Kane	恢复英文词间空格	the	the 	1	 Valdorin studying the workings of theGolden Throne, which now kept the E
612	扎格瑞斯·凯恩 Zagreus Kane	恢复英文词间空格	Mechanicusin	Mechanicus in	1	"mandFabricator Locumof the Adeptus Mechanicusin the days before the Horus Heresy.
"
612	扎格瑞斯·凯恩 Zagreus Kane	恢复英文词间空格	Terraand	Terra and	1	neralKelbor-Hal, Kane was loyal to Terraand the Emperorand as a result refused
612	扎格瑞斯·凯恩 Zagreus Kane	恢复英文词间空格	Emperorand	Emperor and	1	al, Kane was loyal to Terraand the Emperorand as a result refused to submit to H
612	扎格瑞斯·凯恩 Zagreus Kane	恢复英文句间空格	.Du	. Du	1	ane as loyal but proud by the Siege.During the final stages of the Siege 
612	扎格瑞斯·凯恩 Zagreus Kane	恢复英文句间空格	.He	. He	1	ade against the retreating Traitors.He also worked closely with Constanti
613	伊普露维恩·马克西姆 Ipluvien Maximal	恢复英文词间空格	the	the 	1	aximal was a powerfulTech-Priestof theMechanicumduring theGreat Crusadean
613	伊普露维恩·马克西姆 Ipluvien Maximal	恢复英文词间空格	the	the 	1	"lTech-Priestof theMechanicumduring theGreat CrusadeandHorus Heresy.

伊普露维"
613	伊普露维恩·马克西姆 Ipluvien Maximal	恢复英文词间空格	the	the 	1	riel Zeth, who he helped construct theAkashic Reader. Maximal remained lo
613	伊普露维恩·马克西姆 Ipluvien Maximal	恢复英文词间空格	the	the 	1	 Reader. Maximal remained loyal to theEmperorin theSchism of Mars, and hi
613	伊普露维恩·马克西姆 Ipluvien Maximal	恢复英文词间空格	the	the 	1	mal remained loyal to theEmperorin theSchism of Mars, and his forces bore
613	伊普露维恩·马克西姆 Ipluvien Maximal	恢复英文词间空格	the	the 	1	apcodethanks to his utilization of theNoosphere. However Maximal's forces
613	伊普露维恩·马克西姆 Ipluvien Maximal	恢复英文词间空格	by	by 	1	aximal's forces were soon besieged byKelbor-Hal's twistedSkitariiandServ
613	伊普露维恩·马克西姆 Ipluvien Maximal	恢复英文词间空格	Emperorin	Emperor in	1	der. Maximal remained loyal to the Emperorin the Schism of Mars, and his forces
614	科瑞尔·泽斯 Koriel Zeth	恢复英文词间空格	the	the 	1	Koriel Zeth was a female member of theMartianMechanicumwho lived in the y
614	科瑞尔·泽斯 Koriel Zeth	恢复英文词间空格	the	the 	1	hanicumwho lived in the years when theEmperorbegan theGreat Crusadeto uni
614	科瑞尔·泽斯 Koriel Zeth	恢复英文词间空格	the	the 	1	 in the years when theEmperorbegan theGreat Crusadeto unifyMankindunder H
614	科瑞尔·泽斯 Koriel Zeth	恢复英文词间空格	His	His 	1	"eGreat Crusadeto unifyMankindunder HisImperium.

科瑞尔·泽斯是火星机械教的一名女性成员，她生活在"
614	科瑞尔·泽斯 Koriel Zeth	恢复英文词间空格	Crusadeto	Crusade to	1	"rs when the Emperorbegan the Great Crusadeto unifyMankindunder His Imperium.

科"
614	科瑞尔·泽斯 Koriel Zeth	恢复英文词间空格	of	of 	1	at time, she achieved the position ofAdeptwhere she controlledMagma City
614	科瑞尔·泽斯 Koriel Zeth	恢复英文词间空格	the	the 	1	id not believe in the existence of theMachine Godand instead was more ded
614	科瑞尔·泽斯 Koriel Zeth	恢复英文词间空格	the	the 	1	project that involved tapping into theEmpyreanas a wellspring of knowledg
614	科瑞尔·泽斯 Koriel Zeth	恢复英文词间空格	the	the 	1	 wellspring of knowledge by way of theAkashic Reader.The designs of this 
614	科瑞尔·泽斯 Koriel Zeth	恢复英文词间空格	of	of 	1	 until she learnt of the existence ofDalia Cythera, whose mind was not c
614	科瑞尔·泽斯 Koriel Zeth	恢复英文词间空格	the	the 	1	"。

At the time, Mars suffered from theDeath of Innocenceand the rise of t"
614	科瑞尔·泽斯 Koriel Zeth	恢复英文词间空格	the	the 	1	eDeath of Innocenceand the rise of theDark Mechanicumwho sided withWarmas
614	科瑞尔·泽斯 Koriel Zeth	恢复英文词间空格	with	with 	1	ise of theDark Mechanicumwho sided withWarmasterHorusduring theHorus Heres
614	科瑞尔·泽斯 Koriel Zeth	恢复英文词间空格	the	the 	1	who sided withWarmasterHorusduring theHorus Heresy.These corrupted member
614	科瑞尔·泽斯 Koriel Zeth	恢复英文词间空格	the	the 	1	members of the Mechanicum included theFabricator-Generalwho demanded her 
614	科瑞尔·泽斯 Koriel Zeth	恢复英文词间空格	the	the 	1	rself was assaulted by a member of theSisters of Cydonia.Her last act was
614	科瑞尔·泽斯 Koriel Zeth	恢复英文句间空格	.Wh	. Wh	1	as located within an active volcano.Whilst outwardly she appeared to be a
614	科瑞尔·泽斯 Koriel Zeth	恢复英文句间空格	.To	. To	1	ted to the acquisition of knowledge.To that end, she began a secret proje
614	科瑞尔·泽斯 Koriel Zeth	恢复英文句间空格	.Th	. Th	1	wledge by way of the Akashic Reader.The designs of this device she had ac
614	科瑞尔·泽斯 Koriel Zeth	恢复英文句间空格	.Wi	. Wi	1	not constrained by Mechanicum dogma.With her assistance, she attempted to
614	科瑞尔·泽斯 Koriel Zeth	恢复英文句间空格	.Th	. Th	1	rmasterHorusduring the Horus Heresy.These corrupted members of the Mechan
614	科瑞尔·泽斯 Koriel Zeth	恢复英文句间空格	.De	. De	1	hem and stayed loyal to the Emperor.Despite a valiant struggle, the invad
614	科瑞尔·泽斯 Koriel Zeth	恢复英文句间空格	.He	. He	1	 a member of the Sisters of Cydonia.Her last act was detonating the react
615	蒂尔维乌斯 Tilvius	恢复英文词间空格	an	an 	1	Tilvius was anAdeptus MechanicusChief Artisan dur
615	蒂尔维乌斯 Tilvius	恢复英文词间空格	the	the 	1	6who discovered the STC design for theRazorback, a variant of theRhinoarm
615	蒂尔维乌斯 Tilvius	恢复英文词间空格	the	the 	1	"ign for theRazorback, a variant of theRhinoarmoured carrier.

蒂尔维乌斯是M36时期"
615	蒂尔维乌斯 Tilvius	恢复英文词间空格	of	of 	1	STC. He returned to his home world ofMarsan old man, however, his search
615	蒂尔维乌斯 Tilvius	恢复英文词间空格	the	the 	1	 for a previously unknown vehicle, theRazorback. The Razorback is a varia
615	蒂尔维乌斯 Tilvius	恢复英文词间空格	the	the 	1	rch has led to such innovations as thePrometheusandHeliospattern Land Rai
616	凯尔博-哈尔 Kelbor-Hal	恢复英文词间空格	the	the 	1	Kelbor-Hal was theFabricator-Generalof theMechanicumd
616	凯尔博-哈尔 Kelbor-Hal	恢复英文词间空格	the	the 	1	or-Hal was theFabricator-Generalof theMechanicumduring theGreat Crusadean
616	凯尔博-哈尔 Kelbor-Hal	恢复英文词间空格	the	the 	1	ator-Generalof theMechanicumduring theGreat CrusadeandHorus Heresy.He joi
616	凯尔博-哈尔 Kelbor-Hal	恢复英文词间空格	with	with 	1	deandHorus Heresy.He joined forces withHorusand assisted the renegades wit
616	凯尔博-哈尔 Kelbor-Hal	恢复英文词间空格	the	the 	1	"logy available to mankind, forming theDark Mechanicum.

凯尔博·哈尔是大远征和荷鲁斯叛乱期"
616	凯尔博-哈尔 Kelbor-Hal	恢复英文词间空格	Horusand	Horus and	1	Horus Heresy.He joined forces with Horusand assisted the renegades with all of
616	凯尔博-哈尔 Kelbor-Hal	恢复英文句间空格	.He	. He	1	ng the Great CrusadeandHorus Heresy.He joined forces with Horus and assis
616	凯尔博-哈尔 Kelbor-Hal	恢复英文词间空格	the	the 	1	" 历史**

Kelbor-Hal was present when theEmperorfirst arrived onMars, and, w"
616	凯尔博-哈尔 Kelbor-Hal	恢复英文词间空格	on	on 	1	esent when theEmperorfirst arrived onMars, and, while the Master of Mank
616	凯尔博-哈尔 Kelbor-Hal	恢复英文词间空格	the	the 	1	"gues, he was deeply distrustful of theTerranwarlord.

当帝皇第一次抵达火星时，凯尔博·哈尔在"
616	凯尔博-哈尔 Kelbor-Hal	恢复英文词间空格	the	the 	1	o see the Emperor as the avatar of theOmnissiah, instead only seeing a Fa
616	凯尔博-哈尔 Kelbor-Hal	恢复英文词间空格	the	the 	1	 subordinated the Mechanicum under theImperium's heel with lies and false
616	凯尔博-哈尔 Kelbor-Hal	恢复英文词间空格	the	the 	1	enjoyed dating back all the way to theDark Age of Technology. Despite thi
616	凯尔博-哈尔 Kelbor-Hal	恢复英文词间空格	and	and 	1	"ludingUrtzi Malevolus,Lukas Chrom, andMelgator.

哈尔和他的追随者拒绝将帝皇视为欧姆尼赛亚的化身，"
616	凯尔博-哈尔 Kelbor-Hal	恢复英文词间空格	the	the 	1	" 凯尔博·哈尔，火星铸造将军

At the outbreak of theHorus Heresy, there were high tensi"
616	凯尔博-哈尔 Kelbor-Hal	恢复英文词间空格	the	the 	1	acybe handed over to him, and that theMartian Vaults of forbidden technol
616	凯尔博-哈尔 Kelbor-Hal	恢复英文词间空格	the	the 	1	r the Schism Mars was blockaded by theImperial Fistsand Kelbor-Hal was co
616	凯尔博-哈尔 Kelbor-Hal	恢复英文词间空格	his	his 	1	 several years, forcing to rely on hisNine Disciplesto act as his emissar
616	凯尔博-哈尔 Kelbor-Hal	恢复英文词间空格	the	the 	1	sy, he oversaw the construction of theFurious Abyssin the shipyards aroun
616	凯尔博-哈尔 Kelbor-Hal	恢复英文词间空格	the	the 	1	sin the shipyards aroundJupiterfor theWord Bearers, after which it was us
616	凯尔博-哈尔 Kelbor-Hal	恢复英文词间空格	the	the 	1	 it was used to attempt to destroy theUltramarinesLegionand theirhomeworl
616	凯尔博-哈尔 Kelbor-Hal	恢复英文词间空格	Horushad	Horus had	1	be ensured, that theSTCstheSons of Horushad captured from the recently subjuga
616	凯尔博-哈尔 Kelbor-Hal	恢复英文句间空格	.Ho	. Ho	1	ewDark Mechanicumemerged victorious.However after the Schism Mars was blo
616	凯尔博-哈尔 Kelbor-Hal	恢复英文句间空格	.Al	. Al	1	 as his emissaries in Horus' fleets.Also during the Heresy, he oversaw th
616	凯尔博-哈尔 Kelbor-Hal	恢复英文词间空格	the	the 	1	"s Heresy 荷鲁斯叛乱期间的凯尔博·哈尔

Following theSolar War, the loyalist blockade of"
616	凯尔博-哈尔 Kelbor-Hal	恢复英文词间空格	of	of 	1	redit for many of the achievements ofPerturaboandSota-Nulduring theSiege
616	凯尔博-哈尔 Kelbor-Hal	恢复英文词间空格	the	the 	1	ments ofPerturaboandSota-Nulduring theSiege of Terra.During the Siege of 
616	凯尔博-哈尔 Kelbor-Hal	恢复英文词间空格	the	the 	1	Siege of Terra.During the Siege of theImperial Palace, Kelbor-Hal remaine
616	凯尔博-哈尔 Kelbor-Hal	恢复英文词间空格	of	of 	1	ts against the anticipated arrival ofRoboute Guilliman. However, upon ex
616	凯尔博-哈尔 Kelbor-Hal	恢复英文词间空格	the	the 	1	rtions emanating from Terra due to theWarppresence on the world, Kelbor-H
616	凯尔博-哈尔 Kelbor-Hal	恢复英文词间空格	the	the 	1	ta which told him the true name of theDark King, a figure whom he had reg
616	凯尔博-哈尔 Kelbor-Hal	恢复英文句间空格	.Du	. Du	1	ndSota-Nulduring the Siege of Terra.During the Siege of the Imperial Pala
617	雷古勒斯 Regulus	恢复英文词间空格	the	the 	1	Regulus was theMechanicumrepresentative toWarmaste
617	雷古勒斯 Regulus	恢复英文词间空格	to	to 	1	us was theMechanicumrepresentative toWarmasterHorusand the63rd Expeditio
617	雷古勒斯 Regulus	恢复英文词间空格	the	the 	1	"rHorusand the63rd Expeditionduring theGreat Crusade.

雷古勒斯是大远征期间战帅荷鲁斯和第63"
617	雷古勒斯 Regulus	恢复英文词间空格	the	the 	1	 swayed with promises ofSTC's from theAurelian Technocracy, he pledged th
617	雷古勒斯 Regulus	恢复英文词间空格	to	to 	1	e pledged the Mechanicum's service toHorus. Shortly before theIsstvan II
617	雷古勒斯 Regulus	恢复英文词间空格	the	the 	1	's service toHorus. Shortly before theIsstvan IIIcampaign, Regulus was di
617	雷古勒斯 Regulus	恢复英文词间空格	to	to 	1	n, Regulus was dispatched by Horus toMarsand assisted in swaying theFabr
617	雷古勒斯 Regulus	恢复英文词间空格	the	the 	1	orus toMarsand assisted in swaying theFabricator-GeneralKelbor-Halto the 
617	雷古勒斯 Regulus	恢复英文词间空格	to	to 	1	er's Side. Later, Regulus returned toMarswith adaemonicvirus, aiding Kel
617	雷古勒斯 Regulus	恢复英文词间空格	the	the 	1	"rus, aiding Kelbor-Hal's forces in theSchism of Mars.

在被奥瑞利安技术联盟的STC的承诺所"
617	雷古勒斯 Regulus	恢复英文词间空格	the	the 	1	ns of Horus sent to gain access to theWrought, a weapons cache maintained
617	雷古勒斯 Regulus	恢复英文词间空格	by	by 	1	rought, a weapons cache maintained byVulkanduring theGreat Crusade. Alth
617	雷古勒斯 Regulus	恢复英文词间空格	the	the 	1	ns cache maintained byVulkanduring theGreat Crusade. Although he discover
617	雷古勒斯 Regulus	恢复英文词间空格	the	the 	1	le to gain accessuntil he infected theForgefatherT'kellwith a malicious s
617	雷古勒斯 Regulus	恢复英文词间空格	The	The 	1	ced him to open it from the inside.TheIron FatherKastigan Ulokintervened 
617	雷古勒斯 Regulus	恢复英文词间空格	the	the 	1	pe of survival with the arrival of theIron Hands'Battle Bargein-system, R
617	雷古勒斯 Regulus	恢复英文词间空格	the	the 	1	pt which revealed the existence of theArtefacts of Vulkan, weapons he bel
617	雷古勒斯 Regulus	恢复英文句间空格	.Th	. Th	1	rced him to open it from the inside.The Iron FatherKastigan Ulokintervene
617	雷古勒斯 Regulus	恢复英文句间空格	.Un	. Un	1	that controlled his many facsimiles.Understanding that he had no hope of 
617	雷古勒斯 Regulus	恢复英文句间空格	.Or	. Or	1	 his sanctum to purge his data-core.Originally intending to take him aliv
618	西蒙·彭塔西安 Simion Pentasian	恢复英文词间空格	the	the 	1	Simion Pentasian was theMaster of the Administratumduring t
618	西蒙·彭塔西安 Simion Pentasian	恢复英文词间空格	the	the 	1	eMaster of the Administratumduring theHorus Heresy. A dour and humorless 
618	西蒙·彭塔西安 Simion Pentasian	恢复英文词间空格	the	the 	1	 nonetheless a faithful servant of theImperiumwho managed to hold togethe
618	西蒙·彭塔西安 Simion Pentasian	恢复英文词间空格	of	of 	1	tasian fought against the attempts ofVethorelto try and promote theMecha
618	西蒙·彭塔西安 Simion Pentasian	恢复英文词间空格	the	the 	1	empts ofVethorelto try and promote theMechanicumto Adeptus status, which 
618	西蒙·彭塔西安 Simion Pentasian	恢复英文词间空格	the	the 	1	h would give them a formal seat on theCouncil of Terra.He reappeared duri
618	西蒙·彭塔西安 Simion Pentasian	恢复英文词间空格	the	the 	1	cil meeting in the early stages of theSiege of Terra. By this time he had
618	西蒙·彭塔西安 Simion Pentasian	恢复英文词间空格	by	by 	1	having much of his powers stripped byRogal Dorn's martial law still duti
618	西蒙·彭塔西安 Simion Pentasian	恢复英文词间空格	the	the 	1	y and became one of the members of theGrand Council of Reconstructionto r
618	西蒙·彭塔西安 Simion Pentasian	恢复英文词间空格	the	the 	1	mperium in the turbulent period of theScouring. He was lobbied by Master 
618	西蒙·彭塔西安 Simion Pentasian	恢复英文词间空格	the	the 	1	uring. He was lobbied by Master of theChosen of Malcador,Khalid Hassan, t
618	西蒙·彭塔西安 Simion Pentasian	恢复英文词间空格	the	the 	1	lid Hassan, to assert the power of theHigh Lords of Terraas a counterbala
618	西蒙·彭塔西安 Simion Pentasian	恢复英文词间空格	the	the 	1	rds of Terraas a counterbalance of thePrimarchs, which he saw as dangerou
618	西蒙·彭塔西安 Simion Pentasian	恢复英文词间空格	a	a 	1	 Hassan instead revealed itself as aCallidus Assassin, as he had become
618	西蒙·彭塔西安 Simion Pentasian	恢复英文词间空格	Imperiumwho	Imperium who	1	etheless a faithful servant of the Imperiumwho managed to hold together the vastA
618	西蒙·彭塔西安 Simion Pentasian	恢复英文词间空格	Terraas	Terra as	1	ert the power of the High Lords of Terraas a counterbalance of the Primarchs,
618	西蒙·彭塔西安 Simion Pentasian	恢复英文句间空格	.He	. He	1	formal seat on the Council of Terra.He reappeared during a Council meetin
619	尼莫·志-明 Nemo Zhi-Meng	恢复英文词间空格	was	was 	1	"时代：唱诗班指挥尼莫·志-明的受抑专著

Nemo Zhi-Meng wasChoirmasterof theAdeptus Astra Tele"
619	尼莫·志-明 Nemo Zhi-Meng	恢复英文词间空格	the	the 	1	"专著

Nemo Zhi-Meng wasChoirmasterof theAdeptus Astra Telepathicaduring the"
619	尼莫·志-明 Nemo Zhi-Meng	恢复英文词间空格	the	the 	1	"theAdeptus Astra Telepathicaduring theGreat CrusadeandHorus Heresy.

在大远征"
619	尼莫·志-明 Nemo Zhi-Meng	恢复英文词间空格	with	with 	1	yker, he was romantically involved withAniq Sarashina, a mistress of theSc
619	尼莫·志-明 Nemo Zhi-Meng	恢复英文词间空格	the	the 	1	 withAniq Sarashina, a mistress of theScholastica Psykana. He assignedAth
619	尼莫·志-明 Nemo Zhi-Meng	恢复英文词间空格	of	of 	1	iyosto attempt and repair the mind ofAstropathKai Zulane. After theDrop 
619	尼莫·志-明 Nemo Zhi-Meng	恢复英文词间空格	the	the 	1	 mind ofAstropathKai Zulane. After theDrop Site Massacre, he dispatched t
619	尼莫·志-明 Nemo Zhi-Meng	恢复英文词间空格	the	the 	1	sacre, he dispatched the Master of theCryptaesthesiansEvander Gregorasto 
619	尼莫·志-明 Nemo Zhi-Meng	恢复英文词间空格	the	the 	1	esthesiansEvander Gregorasto purge theCity of SightofAstropathsafflicted 
619	尼莫·志-明 Nemo Zhi-Meng	恢复英文词间空格	the	the 	1	Magnus the Redpsychically breached theImperial Palaceto speak to theEmper
619	尼莫·志-明 Nemo Zhi-Meng	恢复英文词间空格	the	the 	1	ched theImperial Palaceto speak to theEmperor. Later when he discovered t
619	尼莫·志-明 Nemo Zhi-Meng	恢复英文词间空格	the	the 	1	"日记，开始阅读是什么驱使他这么做的。

Shortly before theSiege of TerraNemo Zhi-Meng reappea"
619	尼莫·志-明 Nemo Zhi-Meng	恢复英文词间空格	the	the 	1	eng reappeared during a meeting of theCouncil of Terra. He reappeared dur
619	尼莫·志-明 Nemo Zhi-Meng	恢复英文词间空格	by	by 	1	g Nemo was shot down and recovered byKatsuhiroand a group of survivors l
619	尼莫·志-明 Nemo Zhi-Meng	恢复英文词间空格	by	by 	1	suhiroand a group of survivors led byEuphrati Keelerwho were being guide
619	尼莫·志-明 Nemo Zhi-Meng	恢复英文词间空格	the	the 	1	"ed by a mysterious light away from theSanctum Imperialis.

在泰拉围城前不久，尼莫·志-"
619	尼莫·志-明 Nemo Zhi-Meng	恢复英文词间空格	his	his 	1	"芒指引着离开帝国圣所。

AlongsideSigismundand hisTemplars, the group eventually arri"
619	尼莫·志-明 Nemo Zhi-Meng	恢复英文词间空格	the	the 	1	s, the group eventually arrived at theHollow Mountain, where they faced c
619	尼莫·志-明 Nemo Zhi-Meng	恢复英文词间空格	by	by 	1	of a massiveDeath Guardassault led byTyphus. During the battle Nemo Zhi-
619	尼莫·志-明 Nemo Zhi-Meng	恢复英文词间空格	the	the 	1	rk AngelsLibrariansin reactivating theAstronomican, but not to no avail. 
619	尼莫·志-明 Nemo Zhi-Meng	恢复英文词间空格	the	the 	1	e Death Guard but also reactivated theAstronomican. The prayer caused man
619	尼莫·志-明 Nemo Zhi-Meng	恢复英文词间空格	with	with 	1	" a ferventKeeleriteand was working withSigismundto hide the Saint.

尼莫·志-明"
620	凯·祖兰 Kai Zulane	Field 对应的错别字	盖勒立场	盖勒力场	2	
621	珍提亚·科勒 Jenetia Krole	恢复英文词间空格	the	the 	1	oulless Queen of the Imperium, was theKnight-Commanderof theSilent Sister
621	珍提亚·科勒 Jenetia Krole	恢复英文词间空格	the	the 	1	mperium, was theKnight-Commanderof theSilent Sisterhoodand Chief Investig
621	珍提亚·科勒 Jenetia Krole	恢复英文词间空格	the	the 	1	and Chief Investigatus-Militant of theDivisio Astra Telepathicaduring the
621	珍提亚·科勒 Jenetia Krole	恢复英文词间空格	the	the 	1	theDivisio Astra Telepathicaduring theGreat CrusadeandHorus Heresy. She l
621	珍提亚·科勒 Jenetia Krole	恢复英文词间空格	the	the 	1	e led the Silent Sisterhood during theBattle of Prosperoand theWar Within
621	珍提亚·科勒 Jenetia Krole	恢复英文词间空格	the	the 	1	od during theBattle of Prosperoand theWar Within the Webway.She was one o
621	珍提亚·科勒 Jenetia Krole	恢复英文词间空格	the	the 	1	r Within the Webway.She was one of theEmperor’s three main advisors and a
621	珍提亚·科勒 Jenetia Krole	恢复英文句间空格	.Sh	. Sh	1	osperoand the War Within the Webway.She was one of the Emperor’s three ma
621	珍提亚·科勒 Jenetia Krole	恢复英文词间空格	on	on 	1	"raphy 传记**

Jenetia Krole was born onTerrain the shanties of theAlbianWa"
621	珍提亚·科勒 Jenetia Krole	恢复英文词间空格	the	the 	1	was born onTerrain the shanties of theAlbianWasteland. Cast out by her pe
621	珍提亚·科勒 Jenetia Krole	恢复英文词间空格	the	the 	1	the latter received the council of theAdeptus Custodesregarding the creat
621	珍提亚·科勒 Jenetia Krole	恢复英文词间空格	the	the 	1	" Custodesregarding the creation of thePrimarchs.

珍提亚·科勒出生在阿尔比亚荒原的棚屋里。被她的"
621	珍提亚·科勒 Jenetia Krole	恢复英文词间空格	Terrain	Terra in	1	"hy 传记**

Jenetia Krole was born on Terrain the shanties of the AlbianWastelan"
621	珍提亚·科勒 Jenetia Krole	恢复英文词间空格	the	the 	1	"

Jenetia Krole 珍提亚·科勒

During theUnification Warsshe compiled a stag"
621	珍提亚·科勒 Jenetia Krole	恢复英文词间空格	the	the 	1	ed Frost, the harnessing of Albia, thePacific, and Last Unity. At one poi
621	珍提亚·科勒 Jenetia Krole	恢复英文词间空格	the	the 	1	s Knight-Commander of a new order: theAnathema Psykana. She was tasked wi
621	珍提亚·科勒 Jenetia Krole	恢复英文词间空格	the	the 	1	"乱开始时的珍提亚·科勒

In the early years of theGreat Crusade, Krole participated i"
621	珍提亚·科勒 Jenetia Krole	恢复英文词间空格	the	the 	1	articipated in Compliance 9-13 and theCataclysm of Pentacanaes. No more t
621	珍提亚·科勒 Jenetia Krole	恢复英文词间空格	the	the 	1	han four decades into the Crusade, theSilent Sisterhoodwas formed and Kro
621	珍提亚·科勒 Jenetia Krole	恢复英文词间空格	the	the 	1	d its Knight-Commander, charged by theEmperor of Mankindwith overseeing t
621	珍提亚·科勒 Jenetia Krole	恢复英文词间空格	the	the 	1	onary force engaged in the war for theMournful GateagainstEldar slavers. 
621	珍提亚·科勒 Jenetia Krole	恢复英文词间空格	the	the 	1	Skagan, where the firstPsy-Titanof theOrdo Sinisterwas deployed, Itria, t
621	珍提亚·科勒 Jenetia Krole	恢复英文词间空格	to	to 	1	 that accompanied the Censure Host toProspero. She personally divided he
621	珍提亚·科勒 Jenetia Krole	恢复英文词间空格	the	the 	1	ection against psychic attack from theThousand Sons. During theBattle of 
621	珍提亚·科勒 Jenetia Krole	恢复英文词间空格	the	the 	1	tack from theThousand Sons. During theBattle of Prospero, she sought out 
621	珍提亚·科勒 Jenetia Krole	恢复英文词间空格	to	to 	1	"Horus Heresy 荷鲁斯叛乱

Krole returned toTerrato lead the forces of the Sile"
621	珍提亚·科勒 Jenetia Krole	恢复英文词间空格	the	the 	1	forces of the Silent Sisterhood in theWar Within the Webway. She took joi
621	珍提亚·科勒 Jenetia Krole	恢复英文词间空格	in	in 	1	k joint command of Imperial forces inCalastaralongside with TribunesJasa
621	珍提亚·科勒 Jenetia Krole	恢复英文词间空格	the	the 	1	c,Kadai Vilaccan, andRa Endymionof theLegio Custodes. By the later stages
621	珍提亚·科勒 Jenetia Krole	恢复英文词间空格	the	the 	1	retreat from Calastar to return to theImperial Palace, losing three finge
621	珍提亚·科勒 Jenetia Krole	恢复英文词间空格	Terrato	Terra to	1	"us Heresy 荷鲁斯叛乱

Krole returned to Terrato lead the forces of the Silent Sist"
621	珍提亚·科勒 Jenetia Krole	恢复英文词间空格	the	the 	1	"ing the Heresy 叛乱时期的珍提亚·科勒

During theSiege of Terra, Krole decided to ve"
621	珍提亚·科勒 Jenetia Krole	恢复英文词间空格	a	a 	1	ved army trooperOllanius Piersfrom aWorld Eater. As the port fell, Krol
621	珍提亚·科勒 Jenetia Krole	恢复英文词间空格	of	of 	1	harn, now swelling with the powers ofKhorne. She engaged him in battle b
621	珍提亚·科勒 Jenetia Krole	恢复英文词间空格	with	with 	1	"

Jenetia Krole withVigilators 珍提亚·科勒与警戒者

**Appearance"
621	珍提亚·科勒 Jenetia Krole	恢复英文词间空格	the	the 	1	ed enhancedVoidsheen Cloakknown as theOnyx Cloak. Her weapons were the tw
621	珍提亚·科勒 Jenetia Krole	恢复英文词间空格	the	the 	1	deVeracity, a gift once wielded by theEmperor of Mankindwho forged it him
621	珍提亚·科勒 Jenetia Krole	恢复英文词间空格	an	an 	1	r of Mankindwho forged it himself, anArchaeotech Pistololder than theImp
621	珍提亚·科勒 Jenetia Krole	恢复英文词间空格	the	the 	1	lf, anArchaeotech Pistololder than theImperium, theaeldarisabre*Mortale*,
621	珍提亚·科勒 Jenetia Krole	恢复英文词间空格	a	a 	1	Krole was sometimes accompanied by aProloquor(Speaker),Melpomanei. TheR
621	珍提亚·科勒 Jenetia Krole	恢复英文词间空格	The	The 	1	by aProloquor(Speaker),Melpomanei. TheRaptor Guard, a cadre of eliteObliv
628	哈尔·兰塔尔 Harr Rantal	恢复英文词间空格	a	a 	1	Harr Rantal was both aGrand Provost Marshalof theAdeptus 
628	哈尔·兰塔尔 Harr Rantal	恢复英文词间空格	the	the 	1	 was both aGrand Provost Marshalof theAdeptus ArbitesandHigh Lord of Terr
628	哈尔·兰塔尔 Harr Rantal	恢复英文词间空格	the	the 	1	"ArbitesandHigh Lord of Terraduring theHorus Heresy.

哈尔·兰塔尔在荷鲁斯叛乱期间既是法务部的"
628	哈尔·兰塔尔 Harr Rantal	恢复英文词间空格	the	the 	1	"erview 概述**

Rantal also served on theImperium'sWar Counciland was presen"
628	哈尔·兰塔尔 Harr Rantal	恢复英文词间空格	the	the 	1	m'sWar Counciland was present when theMechanicumLoyalists' AmbassadorVeth
628	哈尔·兰塔尔 Harr Rantal	恢复英文词间空格	the	the 	1	ented her plan for the creation of theAdeptus Mechanicus. If the creation
628	哈尔·兰塔尔 Harr Rantal	恢复英文词间空格	the	the 	1	ricator GeneralZagreus Kaneand not theHereticKelbor-Hal, truly led theOmn
628	哈尔·兰塔尔 Harr Rantal	恢复英文词间空格	the	the 	1	ot theHereticKelbor-Hal, truly led theOmnissiah's servants. Despite these
628	哈尔·兰塔尔 Harr Rantal	恢复英文词间空格	by	by 	1	intent, a group of Loyalists', led byMagosPassaxandGerantor, attempted t
628	哈尔·兰塔尔 Harr Rantal	恢复英文词间空格	the	the 	1	as only due to the intervention of thePrincepsBassaniusofLegio Ignatumand
628	哈尔·兰塔尔 Harr Rantal	恢复英文词间空格	his	his 	1	incep Bassanius to begin advancing hisImperatorMagnificum Incendius, upon
628	哈尔·兰塔尔 Harr Rantal	恢复英文词间空格	and	and 	1	 was ended, the Adeptus Mechanicus andAdeptus Titanicuswere formed and Fa
628	哈尔·兰塔尔 Harr Rantal	恢复英文词间空格	the	the 	1	"命为高领主。

During the early stages of theSiege of TerraHarr Rantal was prese"
628	哈尔·兰塔尔 Harr Rantal	恢复英文词间空格	the	the 	1	ing of the Council of Terra within theGreat Chamber of the Senatorum Impe
628	哈尔·兰塔尔 Harr Rantal	恢复英文词间空格	of	of 	1	ffecting Terran cities in the wake ofHorus' attack. Rantal survived the 
628	哈尔·兰塔尔 Harr Rantal	恢复英文词间空格	by	by 	1	 Council of Reconstructionconvened byRogal DornandRoboute Guillimanto ov
628	哈尔·兰塔尔 Harr Rantal	恢复英文词间空格	the	the 	1	"to oversee the turbulent period of theGreat Scouring.

在泰拉围城的早期阶段，哈尔·兰塔尔出"
628	哈尔·兰塔尔 Harr Rantal	恢复英文词间空格	Terraduring	Terra during	1	"the Adeptus ArbitesandHigh Lord of Terraduring the Horus Heresy.

哈尔·兰塔尔在荷鲁斯叛乱期间既"
628	哈尔·兰塔尔 Harr Rantal	恢复英文词间空格	Guillimanto	Guilliman to	1	onconvened by Rogal DornandRoboute Guillimanto oversee the turbulent period of th
629	赛尔·瓦努斯 Sire Vanus	恢复英文词间空格	the	the 	1	anus was the founder and leader of theVanus Templeof theOfficio Assassino
629	赛尔·瓦努斯 Sire Vanus	恢复英文词间空格	the	the 	1	er and leader of theVanus Templeof theOfficio Assassinorumduring theGreat
629	赛尔·瓦努斯 Sire Vanus	恢复英文词间空格	the	the 	1	leof theOfficio Assassinorumduring theGreat CrusadeandHorus Heresy. Sire 
629	赛尔·瓦努斯 Sire Vanus	恢复英文词间空格	the	the 	1	"据和信息，而不是参与辩论。

In the aftermath of theSiege of Terrahe allied with Master"
629	赛尔·瓦努斯 Sire Vanus	恢复英文词间空格	the	the 	1	e of Terrahe allied with Master of theChosen of Malcador,Khalid Hassan, a
630	阿德林 Adreen	恢复英文词间空格	the	the 	1	Adreen was the both theLord Commander Militantof theImperi
630	阿德林 Adreen	恢复英文词间空格	the	the 	1	 both theLord Commander Militantof theImperial Armiesand aHigh Lord of Te
630	阿德林 Adreen	恢复英文词间空格	a	a 	1	r Militantof theImperial Armiesand aHigh Lord of Terra, during the late
630	阿德林 Adreen	恢复英文词间空格	the	the 	1	"f Terra, during the later years of theHorus Heresy.

在荷鲁斯叛乱的后期，阿德林既是帝国军队的"
630	阿德林 Adreen	恢复英文词间空格	the	the 	1	h Lords during the early stages of theSiege of Terra. During the meeting 
630	阿德林 Adreen	恢复英文词间空格	the	the 	1	ncerned by Dorn's decision to keep theLegiones Astartesat the Palace, Adr
630	阿德林 Adreen	恢复英文词间空格	the	the 	1	sat the Palace, Adreen agreed with thePrimarch's decision, arguing that t
630	阿德林 Adreen	恢复英文词间空格	of	of 	1	"would defend the other settlements ofTerrafrom the Traitor Army.

阿德林出现在"
630	阿德林 Adreen	恢复英文词间空格	the	the 	1	erve as Lord Commander Militant on theGrand Council of Reconstructionduri
630	阿德林 Adreen	恢复英文词间空格	the	the 	1	nd Council of Reconstructionduring theScouring, though the newImperial Na
630	阿德林 Adreen	恢复英文词间空格	by	by 	1	" the newImperial Navywas commanded byLord High AdmiralNiora Su-Kassen.

"
630	阿德林 Adreen	恢复英文词间空格	Astartesat	Astartes at	1	rn's decision to keep the Legiones Astartesat the Palace, Adreen agreed with the
630	阿德林 Adreen	恢复英文词间空格	Terrafrom	Terra from	1	"ld defend the other settlements of Terrafrom the Traitor Army.

阿德林出现在泰拉围城早期的一次"
630	阿德林 Adreen	恢复英文词间空格	Navywas	Navy was	1	e Scouring, though the newImperial Navywas commanded by Lord High AdmiralNior
633	考斯韦恩 Corswain	恢复英文词间空格	a	a 	1	"> ""I left my sword in aPrimarch’sSpine.""
> “我把剑留在了一个原体的脊椎里"
633	考斯韦恩 Corswain	恢复英文词间空格	a	a 	1	orswain, the Hound of Caliban, was aLord Commanderand the Captain-Palad
633	考斯韦恩 Corswain	恢复英文词间空格	the	the 	1	Commanderand the Captain-Paladinof theDark Angels' 9th Order during theGr
633	考斯韦恩 Corswain	恢复英文词间空格	the	the 	1	f theDark Angels' 9th Order during theGreat CrusadeandHorus Heresy, later
633	考斯韦恩 Corswain	恢复英文词间空格	the	the 	1	"orus Heresy, later commanding half theLegionasThe Lion'sSeneschal.

考斯韦恩，"
633	考斯韦恩 Corswain	恢复英文词间空格	on	on 	1	"eat Crusade 大远征

Corswain was born onCalibanbut was not inducted intoThe"
633	考斯韦恩 Corswain	恢复英文词间空格	into	into 	1	born onCalibanbut was not inducted intoThe Order. He was uniquely placed t
633	考斯韦恩 Corswain	恢复英文词间空格	under	under 	1	its formation into the Dark Angels underLion El'Jonson's leadership. He was
633	考斯韦恩 Corswain	恢复英文词间空格	under	under 	1	ecame the Paladin of the 9th Order underMasterAlajosduring theGreat Crusade
633	考斯韦恩 Corswain	恢复英文词间空格	the	the 	1	 9th Order underMasterAlajosduring theGreat Crusade. The finest swordsman
633	考斯韦恩 Corswain	恢复英文词间空格	of	of 	1	"putation grew similar to the likes ofRaldoronandSigismund.

在大远征期间，考斯韦恩成"
633	考斯韦恩 Corswain	恢复英文词间空格	on	on 	1	 he disobeyed his orders to remain onCalibanin order to aidHorusatZaramu
633	考斯韦恩 Corswain	恢复英文词间空格	the	the 	1	"sade 萨拉玛斯远征

After the outbreak of theHorus Heresy, Corswain fought along"
633	考斯韦恩 Corswain	恢复英文词间空格	his	his 	1	 Heresy, Corswain fought alongside hisPrimarchLion El'Jonsonagainst theNi
633	考斯韦恩 Corswain	恢复英文词间空格	the	the 	1	e hisPrimarchLion El'Jonsonagainst theNight Lordsin theThramas Crusade. O
633	考斯韦恩 Corswain	恢复英文词间空格	the	the 	1	 El'Jonsonagainst theNight Lordsin theThramas Crusade. OnTsagualsa, Corsw
633	考斯韦恩 Corswain	恢复英文词间空格	On	On 	1	eNight Lordsin theThramas Crusade. OnTsagualsa, Corswain and Alajos acco
633	考斯韦恩 Corswain	恢复英文词间空格	the	the 	1	swain was made Seneschaland, after theBattle of Perditus, given command o
633	考斯韦恩 Corswain	恢复英文词间空格	his	his 	1	minateFirst CaptainCalas Typhonand hisDeath Guardsplinter fleet while the
633	考斯韦恩 Corswain	恢复英文词间空格	to	to 	1	Lion travelled with the other half toUltramar. Sustaining heavy casualti
633	考斯韦恩 Corswain	恢复英文词间空格	at	at 	1	her and his secretlyFallenwarriors atZaramund, unaware that Luther hadju
633	考斯韦恩 Corswain	恢复英文词间空格	of	of 	1	d was secretly harboring the fleet ofDeath Guardwhich Corswain was pursu
633	考斯韦恩 Corswain	恢复英文词间空格	the	the 	1	"拉围城

Corswain next appeared during theSiege of Terra, arriving at the edg"
633	考斯韦恩 Corswain	恢复英文词间空格	the	the 	1	 of Terra, arriving at the edge of theSol Systemto rendezvous withAdmiral
633	考斯韦恩 Corswain	恢复英文词间空格	with	with 	1	edge of theSol Systemto rendezvous withAdmiralNiora Su-Kassenand thePhalan
633	考斯韦恩 Corswain	恢复英文词间空格	the	the 	1	vous withAdmiralNiora Su-Kassenand thePhalanxand proclaimed his forces we
633	考斯韦恩 Corswain	恢复英文词间空格	the	the 	1	his forces were ready to fight for theEmperor.Hiding at the edges of the 
633	考斯韦恩 Corswain	恢复英文词间空格	the	the 	1	 to take part in the battle. Using theImperator Somnium, Corswain was abl
633	考斯韦恩 Corswain	恢复英文词间空格	the	the 	1	k the traitor blockade and land on theHollow Mountain.The Dark Angels fou
633	考斯韦恩 Corswain	恢复英文词间空格	of	of 	1	the complex occupied by the forces ofChaos, and he was nearly overcome b
633	考斯韦恩 Corswain	恢复英文词间空格	the	the 	1	aos, and he was nearly overcome by theDaemonVassukella.Saved byVassago, C
633	考斯韦恩 Corswain	恢复英文词间空格	by	by 	1	rcome by theDaemonVassukella.Saved byVassago, Corswain expressed his int
633	考斯韦恩 Corswain	恢复英文词间空格	the	the 	1	"expressed his intent to reactivate theAstronomican.

考斯韦恩随后出现在泰拉围城中，抵达太阳系"
633	考斯韦恩 Corswain	恢复英文词间空格	Guardwhich	Guard which	1	retly harboring the fleet of Death Guardwhich Corswain was pursuing. Luther dece
633	考斯韦恩 Corswain	恢复英文句间空格	.In	. In	1	two Dark Angels ever to best Alajos.In time his reputation grew similar t
633	考斯韦恩 Corswain	恢复英文句间空格	.Ho	. Ho	1	h transports to bring reinforcement.However these reinforcements never ar
633	考斯韦恩 Corswain	恢复英文句间空格	.Hi	. Hi	1	were ready to fight for the Emperor.Hiding at the edges of the Sol System
633	考斯韦恩 Corswain	恢复英文句间空格	.Th	. Th	1	ade and land on the Hollow Mountain.The Dark Angels found the complex occ
633	考斯韦恩 Corswain	恢复英文句间空格	.Sa	. Sa	1	ly overcome by the DaemonVassukella.Saved by Vassago, Corswain expressed 
633	考斯韦恩 Corswain	恢复英文词间空格	of	of 	1	s horrified to learn of the murder ofVassagobut faced more pressing matt
633	考斯韦恩 Corswain	恢复英文词间空格	the	the 	1	but faced more pressing matters as theDeath GuardunderTyphusmoved in to r
633	考斯韦恩 Corswain	恢复英文词间空格	by	by 	1	nebut was wounded. He was steadied byZahariel El'Zurias, who had taken t
633	考斯韦恩 Corswain	恢复英文词间空格	the	the 	1	urias, who had taken the mantle of theLord Cypher.In the subsequent battl
633	考斯韦恩 Corswain	恢复英文词间空格	the	the 	1	smund, Corswain led the defence of theHollow Mountain, coming into person
633	考斯韦恩 Corswain	恢复英文词间空格	with	with 	1	ain, coming into personal conflict withTyphus. All seemed lost untilEuphra
633	考斯韦恩 Corswain	恢复英文词间空格	to	to 	1	s and giving the location of Terra toGuilliman's fleet of reinforcements
633	考斯韦恩 Corswain	恢复英文词间空格	the	the 	1	e similarly appointedArchamus IIof theImperial FistsandBjornof theSpace W
633	考斯韦恩 Corswain	恢复英文词间空格	the	the 	1	s IIof theImperial FistsandBjornof theSpace Wolvesto initiateRogal Dorn's
633	考斯韦恩 Corswain	恢复英文词间空格	the	the 	1	eresy to return to Caliban. During theDestruction of Caliban, he was amon
633	考斯韦恩 Corswain	恢复英文词间空格	the	the 	1	make planetfall and do battle with theFallen.During the battle, Corswain 
633	考斯韦恩 Corswain	恢复英文词间空格	the	the 	1	"tle, Corswain cornered and duelled theLord Cypher.

考斯韦恩在叛乱中幸存下来，回到了卡利班。在"
633	考斯韦恩 Corswain	恢复英文词间空格	the	the 	1	ng the fall of Caliban is known as theBlade of Corswain, presented as the
633	考斯韦恩 Corswain	恢复英文词间空格	the	the 	1	 honour to the finest swordsman in theRavenwing.He also lends his name to
633	考斯韦恩 Corswain	恢复英文词间空格	the	the 	1	avenwing.He also lends his name to theLost Mace of Corswain, a relic powe
633	考斯韦恩 Corswain	恢复英文词间空格	Marinebut	Marine but	1	red, Corswain slew a hulkingPlague Marinebut was wounded. He was steadied by Za
633	考斯韦恩 Corswain	恢复英文句间空格	.In	. In	1	taken the mantle of the Lord Cypher.In the subsequent battle, the Dark An
633	考斯韦恩 Corswain	恢复英文句间空格	.He	. He	1	united with Lion El'Jonson on Terra.He then became The Lion's emissary, w
633	考斯韦恩 Corswain	恢复英文句间空格	.Du	. Du	1	tfall and do battle with the Fallen.During the battle, Corswain cornered 
633	考斯韦恩 Corswain	恢复英文句间空格	.He	. He	1	e finest swordsman in the Ravenwing.He also lends his name to the Lost Ma
636	阿斯莫代 Asmodai	删除误重复字	事实上的的战士和	事实上的战士和	1	
640	福格瑞姆 Fulgrim	恢复英文句间空格	.Th	. Th	1	ame painting he had been trapped in.This was only revealed to his Legion 
659	罗格·多恩 Rogal Dorn	恢复英文句间空格	.In	. In	1	ter as Emperor of the House of Dorn.Intrigued by the enormous station kno
659	罗格·多恩 Rogal Dorn	恢复英文句间空格	.Th	. Th	1	*, the seventh Primarch to be found.The Emperor welcomed Dorn, and return
660	西吉斯蒙德 Sigismund	恢复英文词间空格	the	the 	1	Sigismund was theMarshalof theTemplars, theFirst Cap
660	西吉斯蒙德 Sigismund	恢复英文词间空格	the	the 	1	Sigismund was theMarshalof theTemplars, theFirst Captainof theImp
660	西吉斯蒙德 Sigismund	恢复英文词间空格	the	the 	1	mund was theMarshalof theTemplars, theFirst Captainof theImperial FistsLe
660	西吉斯蒙德 Sigismund	恢复英文词间空格	the	the 	1	of theTemplars, theFirst Captainof theImperial FistsLegionduring theGreat
660	西吉斯蒙德 Sigismund	恢复英文词间空格	the	the 	1	inof theImperial FistsLegionduring theGreat Crusade, and right-hand man t
660	西吉斯蒙德 Sigismund	恢复英文词间空格	his	his 	1	eat Crusade, and right-hand man to hisPrimarchRogal Dorn. During theHorus
660	西吉斯蒙德 Sigismund	恢复英文词间空格	the	the 	1	n to hisPrimarchRogal Dorn. During theHorus Heresy, Dorn appointed Sigism
660	西吉斯蒙德 Sigismund	恢复英文词间空格	the	the 	1	firstEmperor's Champion, to defend theImperial Palaceduring theBattle of 
660	西吉斯蒙德 Sigismund	恢复英文词间空格	the	the 	1	to defend theImperial Palaceduring theBattle of Terra. After the Heresy, 
660	西吉斯蒙德 Sigismund	恢复英文词间空格	the	the 	1	"he founder and firstHigh Marshalof theBlack TemplarsChapter.

西吉斯蒙德是圣殿骑士的"
660	西吉斯蒙德 Sigismund	恢复英文词间空格	the	the 	1	" 早期生活**

Sigismund was born during theUnification WarsonTerra, within a c"
660	西吉斯蒙德 Sigismund	恢复英文词间空格	the	the 	1	an and eventually found himself in theIonus Plateau's refugee camp. Short
660	西吉斯蒙德 Sigismund	恢复英文词间空格	named	named 	1	hat were protected by a young girl namedThera. She defended the orphans fro
660	西吉斯蒙德 Sigismund	恢复英文词间空格	the	the 	1	mp's gangs and during an attack by theCorpse Kings, she used a metal bar 
660	西吉斯蒙德 Sigismund	恢复英文词间空格	the	the 	1	smund later became Space Marine of theImperial FistsLegion and he continu
660	西吉斯蒙德 Sigismund	恢复英文词间空格	an	an 	1	out his service to the Imperium.As anAspirantSigismund would come to mee
660	西吉斯蒙德 Sigismund	恢复英文词间空格	an	an 	1	"

Sometime later, Sigismund became anImperial Fistand 12 years after he "
660	西吉斯蒙德 Sigismund	恢复英文词间空格	the	the 	1	Fistand 12 years after he defeated theCorpse Kings, he was selected to jo
660	西吉斯蒙德 Sigismund	恢复英文词间空格	the	the 	1	pse Kings, he was selected to join theLegion'sTemplar Brethren. Sigismund
660	西吉斯蒙德 Sigismund	恢复英文词间空格	the	the 	1	step backwards, in their fight for theImperium, but each had their own re
660	西吉斯蒙德 Sigismund	恢复英文词间空格	from	from 	1	were too weak to defend themselves fromMankind's foes. This answer satisfi
660	西吉斯蒙德 Sigismund	恢复英文句间空格	.As	. As	1	oughout his service to the Imperium.As an AspirantSigismund would come to
660	西吉斯蒙德 Sigismund	恢复英文词间空格	the	the 	1	nks and when a newFirst Captainfor theTemplarswas needed, Sigismund put h
660	西吉斯蒙德 Sigismund	恢复英文词间空格	a	a 	1	pon Master was now interred within aContemptor Dreadnoughtand Sigismund
660	西吉斯蒙德 Sigismund	恢复英文词间空格	his	his 	1	igismund defeated 200 Templars and hisPrimarch,Rogal Dorn, was there to w
660	西吉斯蒙德 Sigismund	恢复英文词间空格	the	the 	1	t as if he could taste the dust of theIonus plateau. Sigismund then began
660	西吉斯蒙德 Sigismund	恢复英文词间空格	the	the 	1	"握着统御君主跪下，闭上眼睛，然后将额头放在动力剑上。

During theAstranii Campaign, Sigismund was th"
660	西吉斯蒙德 Sigismund	恢复英文词间空格	the	the 	1	an ambush early in the conflict by theAstranii Machine Empire. After resc
660	西吉斯蒙德 Sigismund	恢复英文词间空格	as	as 	1	ishing for their total destruction asHeretekswhile the latter wished for
660	西吉斯蒙德 Sigismund	恢复英文词间空格	the	the 	1	"这样做。费鲁斯同意了，命令托斯屈服。

After becoming theTemplars'First Captain, Sigismund a"
660	西吉斯蒙德 Sigismund	恢复英文词间空格	an	an 	1	rst Captain, Sigismund also became anAdjutantto hisPrimarchRogal Dorn, d
660	西吉斯蒙德 Sigismund	恢复英文词间空格	his	his 	1	Sigismund also became anAdjutantto hisPrimarchRogal Dorn, during theGreat
660	西吉斯蒙德 Sigismund	恢复英文词间空格	the	the 	1	ntto hisPrimarchRogal Dorn, during theGreat Crusade.As the Great Crusade 
660	西吉斯蒙德 Sigismund	恢复英文词间空格	the	the 	1	old, realist view of the future of theImperium. While conversing with Cap
660	西吉斯蒙德 Sigismund	恢复英文词间空格	the	the 	1	sGarviel LokenandTarik Torgaddonof theLuna Wolves, he stated his belief t
660	西吉斯蒙德 Sigismund	恢复英文词间空格	the	the 	1	"的欲望也是无限的。*

At some point prior to theHorus Heresy, theImperial FistsandW"
660	西吉斯蒙德 Sigismund	恢复英文词间空格	the	the 	1	me point prior to theHorus Heresy, theImperial FistsandWorld Eatersserved
660	西吉斯蒙德 Sigismund	恢复英文词间空格	the	the 	1	ges of the World Eaters' flagship, theConqueror, that Sigismund earned th
660	西吉斯蒙德 Sigismund	恢复英文词间空格	the	the 	1	"斗后）。这一习惯后来被黑色圣堂成员采用。

Later during theCherautcampaign, Sigismund alongsid"
660	西吉斯蒙德 Sigismund	恢复英文词间空格	the	the 	1	orrified by the brutal behavior of theNight Lords. After a heated verbal 
660	西吉斯蒙德 Sigismund	恢复英文词间空格	the	the 	1	surprise blow which was blocked by theCaptain. Sigismund and Sevatar subs
660	西吉斯蒙德 Sigismund	恢复英文词间空格	the	the 	1	Rogal Dorn in a boarding action on theEisenstein, under the command ofBat
660	西吉斯蒙德 Sigismund	恢复英文词间空格	of	of 	1	n theEisenstein, under the command ofBattle-CaptainNathaniel Garroof the
660	西吉斯蒙德 Sigismund	恢复英文词间空格	the	the 	1	 ofBattle-CaptainNathaniel Garroof theDeath Guard, bringing word ofHorus’
660	西吉斯蒙德 Sigismund	恢复英文词间空格	of	of 	1	"roof theDeath Guard, bringing word ofHorus’s rebellion.

西吉斯蒙德率领战士小队，在死亡"
660	西吉斯蒙德 Sigismund	恢复英文句间空格	.As	. As	1	ogal Dorn, during the Great Crusade.As the Great Crusade was fought, Sigi
660	西吉斯蒙德 Sigismund	恢复英文句间空格	.Th	. Th	1	fter a duel with the PrimarchAngron.This custom would later be adopted by
660	西吉斯蒙德 Sigismund	恢复英文词间空格	the	the 	1	", right arm"" to go on a mission to theIsstvan Systemto assist any survivi"
660	西吉斯蒙德 Sigismund	恢复英文词间空格	at	at 	1	o secure resources from the forges atMondus OcculamandMondus GammaonMars
660	西吉斯蒙德 Sigismund	恢复英文词间空格	the	the 	1	e planet. Upon hearing the news of theIsstvan VMassacre, Dorn ordered Sig
660	西吉斯蒙德 Sigismund	恢复英文词间空格	to	to 	1	"中所有叛徒军团的残余。

Soon after his return toTerra, Sigismund confessed to Dorn "
660	西吉斯蒙德 Sigismund	恢复英文词间空格	the	the 	1	mmand of the outermost defences of theSol Systemduring theSolar War. He l
660	西吉斯蒙德 Sigismund	恢复英文词间空格	the	the 	1	st defences of theSol Systemduring theSolar War. He led a fleet which bat
660	西吉斯蒙德 Sigismund	恢复英文词间空格	the	the 	1	 War. He led a fleet which battled theAlpha Legionduring theBattle of Plu
660	西吉斯蒙德 Sigismund	恢复英文词间空格	the	the 	1	hich battled theAlpha Legionduring theBattle of Pluto.During the final ph
660	西吉斯蒙德 Sigismund	恢复英文词间空格	the	the 	1	se of the Solar War shortly before theSiege of Terra, Sigismund commanded
660	西吉斯蒙德 Sigismund	恢复英文词间空格	the	the 	1	nst a massive traitor assault from theFrigateLachrymae. During this secon
660	西吉斯蒙德 Sigismund	恢复英文词间空格	his	his 	1	the*Lachrymae*. During the battle, hisTemplarsfought alongside him agains
660	西吉斯蒙德 Sigismund	恢复英文词间空格	the	the 	1	with Dorn as he battledSamusaboard thePhalanx. Together, they moved to Te
660	西吉斯蒙德 Sigismund	恢复英文词间空格	the	the 	1	"，为荷鲁斯的最后一次进攻做准备。

Terra 泰拉

During theSiege of TerraSigismund acted as a "
660	西吉斯蒙德 Sigismund	恢复英文词间空格	with	with 	1	nder Dorn's close scrutiny. He met withEuphrati Keelerinside theImperial P
660	西吉斯蒙德 Sigismund	恢复英文词间空格	the	the 	1	. He met withEuphrati Keelerinside theImperial Palace, who stated that th
660	西吉斯蒙德 Sigismund	恢复英文词间空格	of	of 	1	er to prevent the ultimate victory ofChaos.This prophecy tempted Sigismu
660	西吉斯蒙德 Sigismund	恢复英文词间空格	the	the 	1	ismund later during the battle for theLion's Gate Spaceport, where he saw
660	西吉斯蒙德 Sigismund	恢复英文词间空格	the	the 	1	d had to chose between challenging theSons of HorusFirst Captainor instea
660	西吉斯蒙德 Sigismund	恢复英文词间空格	of	of 	1	r, who was surging with the powers ofKhorne. Sigismund faced defeat, but
660	西吉斯蒙德 Sigismund	恢复英文词间空格	for	for 	1	orn himself.Later during the fight forSaturnine Gate, Sigismund led the d
660	西吉斯蒙德 Sigismund	恢复英文词间空格	the	the 	1	 of the walls against the whole of theEmperor's Children. During the figh
660	西吉斯蒙德 Sigismund	恢复英文词间空格	by	by 	1	. During the fight he was assailed byFulgrimhimself, proving skilled as 
660	西吉斯蒙德 Sigismund	恢复英文词间空格	the	the 	1	 a fight but utterly outmatched by theDaemon Primarch. As Fulgrim moved t
660	西吉斯蒙德 Sigismund	恢复英文词间空格	the	the 	1	he Siege Sigismund became known as theEmperor's Championand was a hero to
660	西吉斯蒙德 Sigismund	恢复英文词间空格	his	his 	1	 death wherever he could. Wielding hisBlack Swordgiven to him at the Empe
660	西吉斯蒙德 Sigismund	恢复英文词间空格	as	as 	1	ers, Sigismund slew such champions asIndras Archetaof theSons of Horusan
660	西吉斯蒙德 Sigismund	恢复英文词间空格	the	the 	1	 such champions asIndras Archetaof theSons of Horusand evenKhârnof theWor
660	西吉斯蒙德 Sigismund	恢复英文词间空格	the	the 	1	of theSons of Horusand evenKhârnof theWorld Eaters.After besting Khârn, S
660	西吉斯蒙德 Sigismund	恢复英文词间空格	the	the 	1	baddon.When Rogal Dorn accompanied theEmperor of MankindandSanguiniusin b
660	西吉斯蒙德 Sigismund	恢复英文词间空格	the	the 	1	d Rann both then became held up in theBhab Bastionas it was besieged by t
660	西吉斯蒙德 Sigismund	恢复英文词间空格	of	of 	1	eelerand her refugees from a group ofSons of Horus.Sigismund led the par
660	西吉斯蒙德 Sigismund	恢复英文词间空格	the	the 	1	f Horus.Sigismund led the party to theHollow Mountain, slaying the Death 
660	西吉斯蒙德 Sigismund	恢复英文词间空格	and	and 	1	alongsideCorswain,The Lord Cypher, andDark Angelsagainst a furious Death 
660	西吉斯蒙德 Sigismund	恢复英文词间空格	by	by 	1	" a furious Death Guard assault led byTyphus.

巴布堡垒陷落后，西吉斯蒙德带领他的圣殿骑士和其他疯狂"
660	西吉斯蒙德 Sigismund	恢复英文词间空格	the	the 	1	e Death Guard but also reactivated theAstronomican.Immediately following 
660	西吉斯蒙德 Sigismund	恢复英文词间空格	the	the 	1	egan a hunt to track down and kill theSons of HorusFirst CaptainEzekyle A
660	西吉斯蒙德 Sigismund	恢复英文词间空格	the	the 	1	Siege of Terra and commencement of theGreat Scouring, Sigismund immediate
660	西吉斯蒙德 Sigismund	恢复英文词间空格	the	the 	1	urge against remaining Traitors in theSol System, slaughtering them all t
660	西吉斯蒙德 Sigismund	恢复英文词间空格	to	to 	1	tem, slaughtering them all the way toJupiterbefore contact with reestabl
660	西吉斯蒙德 Sigismund	恢复英文词间空格	under	under 	1	eestablished with the wider Legion underArchamus II. He urged Archamus that
660	西吉斯蒙德 Sigismund	恢复英文词间空格	the	the 	1	und was a mighty warrior and after theHorus Heresyand the breakdown of th
660	西吉斯蒙德 Sigismund	恢复英文词间空格	the	the 	1	heHorus Heresyand the breakdown of theImperial FistsintoCodex Chapters, h
660	西吉斯蒙德 Sigismund	恢复英文词间空格	the	the 	1	e zealous of the Imperial Fists as theBlack Templarschapter and was eleva
660	西吉斯蒙德 Sigismund	恢复英文词间空格	of	of 	1	apter and was elevated to the rank ofHigh Marshalof the Black Templars. 
660	西吉斯蒙德 Sigismund	恢复英文词间空格	the	the 	1	heretics for their refusal to back theCodex Astartesand break down into s
660	西吉斯蒙德 Sigismund	恢复英文词间空格	Legionduring	Legion during	1	ed a fleet which battled the Alpha Legionduring the Battle of Pluto.During the fin
660	西吉斯蒙德 Sigismund	恢复英文词间空格	Fulgrimhimself	Fulgrim himself	1	uring the fight he was assailed by Fulgrimhimself, proving skilled as a fight but ut
660	西吉斯蒙德 Sigismund	恢复英文词间空格	Horusand	Horus and	1	ns as Indras Archetaof the Sons of Horusand evenKhârnof the World Eaters.After
660	西吉斯蒙德 Sigismund	恢复英文词间空格	Heresyand	Heresy and	1	mighty warrior and after the Horus Heresyand the breakdown of the Imperial Fist
660	西吉斯蒙德 Sigismund	恢复英文词间空格	Astartesand	Astartes and	1	or their refusal to back the Codex Astartesand break down into smaller Chapters. 
660	西吉斯蒙德 Sigismund	恢复英文句间空格	.Du	. Du	1	oyalists and evaluate the situation.During the time Dorn spent in isolati
660	西吉斯蒙德 Sigismund	恢复英文句间空格	.En	. En	1	Mondus OcculamandMondus GammaonMars.Enemy resistance was too intense to m
660	西吉斯蒙德 Sigismund	恢复英文句间空格	.Du	. Du	1	a Legion during the Battle of Pluto.During the final phase of the Solar W
660	西吉斯蒙德 Sigismund	恢复英文句间空格	.Th	. Th	1	event the ultimate victory of Chaos.This prophecy tempted Sigismund later
660	西吉斯蒙德 Sigismund	恢复英文句间空格	.La	. La	1	feat, but was saved by Dorn himself.Later during the fight for Saturnine 
660	西吉斯蒙德 Sigismund	恢复英文句间空格	.Af	. Af	1	us and evenKhârnof the World Eaters.After besting Khârn, Sigismund expres
660	西吉斯蒙德 Sigismund	恢复英文句间空格	.Wh	. Wh	1	ht out First CaptainEzekyle Abaddon.When Rogal Dorn accompanied the Emper
660	西吉斯蒙德 Sigismund	恢复英文句间空格	.Si	. Si	1	e ground forces until Dorn returned.Sigismund and Rann both then became h
660	西吉斯蒙德 Sigismund	恢复英文句间空格	.Si	. Si	1	ugees from a group of Sons of Horus.Sigismund led the party to the Hollow
660	西吉斯蒙德 Sigismund	恢复英文句间空格	.Af	. Af	1	ath Guard commanderSkulidas Gehrerg.After arriving at their new refuge, w
660	西吉斯蒙德 Sigismund	恢复英文句间空格	.Im	. Im	1	t also reactivated the Astronomican.Immediately following the battle, Sig
660	西吉斯蒙德 Sigismund	恢复英文句间空格	.He	. He	1	ion and hid her away to protect her.He and his Templar Brethren then bega
660	西吉斯蒙德 Sigismund	恢复英文句间空格	.Si	. Si	1	ore cautious consolidation strategy.Sigismund's zealous crusade was proud
660	西吉斯蒙德 Sigismund	恢复英文词间空格	the	the 	1	rror.He was not believed though by theHigh Lords of Terraand many other l
660	西吉斯蒙德 Sigismund	恢复英文词间空格	the	the 	1	ignificant Black Templars fleet to theCadian Gate, where they maintained 
660	西吉斯蒙德 Sigismund	恢复英文词间空格	the	the 	1	hem and one such ship crashed into theBlack Legionheld world ofMaeleum.Th
660	西吉斯蒙德 Sigismund	恢复英文词间空格	of	of 	1	hed into theBlack Legionheld world ofMaeleum.This set into motion events
660	西吉斯蒙德 Sigismund	恢复英文词间空格	the	the 	1	acked the Black Templars' fleet in theFirst Battle of Cadia. At this time
660	西吉斯蒙德 Sigismund	恢复英文词间空格	the	the 	1	band boarded Sigismund's flagship, theEternal Crusader, during the battle
660	西吉斯蒙德 Sigismund	恢复英文词间空格	his	his 	1	hough, Abaddon found Sigismund and hisSword Brethrenfighting within a lar
660	西吉斯蒙德 Sigismund	恢复英文词间空格	the	the 	1	apons, but Sigismund did not wield theSword of the High Marshalsand inste
660	西吉斯蒙德 Sigismund	恢复英文词间空格	his	his 	1	igh Marshalsand instead unsheathed hisBlack Sword. The Sword of the High 
660	西吉斯蒙德 Sigismund	恢复英文词间空格	the	the 	1	addon retaliated with a swing from theTalon of Horusthat severed the High
660	西吉斯蒙德 Sigismund	恢复英文词间空格	the	the 	1	r LordThagus Daravek, commander of theLegion Hostand main rival for Abadd
660	西吉斯蒙德 Sigismund	恢复英文词间空格	the	the 	1	 Daravek was killed while boarding theVengeful Spirit, which caused his W
660	西吉斯蒙德 Sigismund	恢复英文词间空格	the	the 	1	tion, feeds, and recording pics of theFirst Battle of Cadia. As the slave
660	西吉斯蒙德 Sigismund	恢复英文词间空格	the	the 	1	apphire blue. Sigismund also bears theRaptor Imperialison the knee of his
660	西吉斯蒙德 Sigismund	恢复英文词间空格	Terraand	Terra and	1	lieved though by the High Lords of Terraand many other leaders within the Impe
660	西吉斯蒙德 Sigismund	恢复英文词间空格	Horusthat	Horus that	1	ted with a swing from the Talon of Horusthat severed the High Marshal into two 
660	西吉斯蒙德 Sigismund	恢复英文句间空格	.He	. He	1	s had fled within the Eye of Terror.He was not believed though by the Hig
660	西吉斯蒙德 Sigismund	恢复英文句间空格	.No	. No	1	ined a vigil over the Eye of Terror.Not content to merely wait for the Tr
660	西吉斯蒙德 Sigismund	恢复英文句间空格	.Th	. Th	1	e Black Legionheld world of Maeleum.This set into motion events that woul
660	西吉斯蒙德 Sigismund	恢复英文句间空格	.Af	. Af	1	Marshal of the Black Templars, died.Afterwards, Abaddon's Warband gathere
660	西吉斯蒙德 Sigismund	恢复英文句间空格	.He	. He	1	ace. His build was thick and sturdy.He is described as having a face that
660	西吉斯蒙德 Sigismund	恢复英文词间空格	with	with 	1	literemarked on it in conversation withRogal Dorn.He was also known for hi
660	西吉斯蒙德 Sigismund	恢复英文词间空格	the	the 	1	"ed by the unscrupulous behavior of theNight Lords.

西吉斯蒙德也许是大远征和叛乱时代最伟大的星"
660	西吉斯蒙德 Sigismund	恢复英文词间空格	the	the 	1	ook up his famousblack bladeduring theSiege of Terra, several pieces of a
660	西吉斯蒙德 Sigismund	恢复英文句间空格	.He	. He	1	 it in conversation with Rogal Dorn.He was also known for his superior sw
661	坎巴·迪亚兹 Camba Diaz	恢复英文词间空格	a	a 	1	Camba Diaz was aCaptainof theImperial FistsLegion's
661	坎巴·迪亚兹 Camba Diaz	恢复英文词间空格	the	the 	1	Camba Diaz was aCaptainof theImperial FistsLegion's50th Companyd
661	坎巴·迪亚兹 Camba Diaz	恢复英文词间空格	the	the 	1	"al FistsLegion's50th Companyduring theGreat Crusadeand theHorus Heresy.

"
661	坎巴·迪亚兹 Camba Diaz	恢复英文词间空格	the	the 	1	" Companyduring theGreat Crusadeand theHorus Heresy.

坎巴·迪亚兹在大远征和荷鲁斯叛乱期间是帝"
661	坎巴·迪亚兹 Camba Diaz	恢复英文词间空格	Crusadeand	Crusade and	1	"gion's50th Companyduring the Great Crusadeand the Horus Heresy.

坎巴·迪亚兹在大远征和荷鲁斯叛"
661	坎巴·迪亚兹 Camba Diaz	恢复英文词间空格	the	the 	1	"mba Diaz坎巴·迪亚兹

**History 历史**

As theHeresyraged, he was co-commander, a"
661	坎巴·迪亚兹 Camba Diaz	恢复英文词间空格	with	with 	1	yraged, he was co-commander, along withCaptainSigismund, of anImperialtask
661	坎巴·迪亚兹 Camba Diaz	恢复英文词间空格	an	an 	1	er, along withCaptainSigismund, of anImperialtask force that was sent to
661	坎巴·迪亚兹 Camba Diaz	恢复英文词间空格	to	to 	1	anImperialtask force that was sent toMarswhenHorus' influence caused aci
661	坎巴·迪亚兹 Camba Diaz	恢复英文词间空格	their	their 	1	Diaz and Sigismund were charged by theirPrimarchRogal Dorn, with securing t
661	坎巴·迪亚兹 Camba Diaz	恢复英文词间空格	the	the 	1	ge-complexes on Mars that supplied theLegio Astartesweapons and equipment
661	坎巴·迪亚兹 Camba Diaz	恢复英文词间空格	by	by 	1	"pons and equipment, which were led byMagosKaneandLukas Chrom.

当叛乱肆虐时，他与"
661	坎巴·迪亚兹 Camba Diaz	恢复英文词间空格	to	to 	1	f of the task force retreated back toTerra, with what resources they cou
661	坎巴·迪亚兹 Camba Diaz	恢复英文词间空格	the	the 	1	"资源撤退回泰拉，

Several years later into theHeresy, when theAlpha Legionbegan t"
661	坎巴·迪亚兹 Camba Diaz	恢复英文词间空格	the	the 	1	l years later into theHeresy, when theAlpha Legionbegan their attack on t
661	坎巴·迪亚兹 Camba Diaz	恢复英文词间空格	the	the 	1	eAlpha Legionbegan their attack on theSol System, Diaz had been promoted 
661	坎巴·迪亚兹 Camba Diaz	恢复英文词间空格	of	of 	1	Diaz had been promoted to the rank ofLord Castellan. He was also given t
661	坎巴·迪亚兹 Camba Diaz	恢复英文词间空格	of	of 	1	n his Legion and was given command ofTerra's Fourth Sphereof defense, wh
661	坎巴·迪亚兹 Camba Diaz	恢复英文词间空格	of	of 	1	efense, which oversaw the blockade ofTraitor-occupiedMars. During theSol
661	坎巴·迪亚兹 Camba Diaz	恢复英文词间空格	the	the 	1	ade ofTraitor-occupiedMars. During theSolar War's final phase, Diaz comma
661	坎巴·迪亚兹 Camba Diaz	恢复英文词间空格	his	his 	1	ase, Diaz commanded the largest of hisPrimarchDorn's five-tiered defensiv
661	坎巴·迪亚兹 Camba Diaz	恢复英文词间空格	the	the 	1	"five-tiered defensive fleets, from theBattle BargeFortress of Eternity.

"
661	坎巴·迪亚兹 Camba Diaz	恢复英文词间空格	As	As 	1	"他的原体多恩的五层防御舰队中最大的一支，由战斗驳船永恒堡垒号率领。

AsHorus's forces overwhelmed the Sol "
661	坎巴·迪亚兹 Camba Diaz	恢复英文词间空格	the	the 	1	's fleet near Mars was assailed by theDark Mechanicum. These attacks came
661	坎巴·迪亚兹 Camba Diaz	恢复英文词间空格	the	the 	1	erra, he agreed to take command of theEternity Wall Spaceport's defenses,
661	坎巴·迪亚兹 Camba Diaz	恢复英文词间空格	the	the 	1	"**Wargear 战备**

Camba Diaz wielded thePower SwordDurenda, a relic blade f"
661	坎巴·迪亚兹 Camba Diaz	恢复英文词间空格	by	by 	1	"SwordDurenda, a relic blade forged bySabik Waylandof theIron Hands.

坎巴·"
661	坎巴·迪亚兹 Camba Diaz	恢复英文词间空格	the	the 	1	"lic blade forged bySabik Waylandof theIron Hands.

坎巴·迪亚兹挥舞着由钢铁之手的萨比克·韦兰铸"
665	梅里克·格瑞马度斯 Merek Grimaldus	删除误重复字	掘了我的的坟墓，	掘了我的坟墓，	1	
667	康拉德·科兹 Konrad Curze	恢复英文句间空格	.Th	. Th	1	in the back. Both Legions retreated.The next encounter between the two br
668	圣吉列斯 Sanguinius	恢复英文句间空格	.Th	. Th	1	remonial war cloak for the Primarch.The noble angel was highly respected 
668	圣吉列斯 Sanguinius	恢复英文句间空格	.It	. It	1	st sway on Horus, after the Emperor.It was Sanguinius who convinced Horus
675	卡莱昂 Carleon	恢复英文词间空格	a	a 	1	Carleon is aLieutenantof theBlood Angels8th Com
675	卡莱昂 Carleon	恢复英文词间空格	the	the 	1	"Carleon is aLieutenantof theBlood Angels8th Company.

卡莱昂是圣血天使第"
675	卡莱昂 Carleon	恢复英文词间空格	the	the 	1	"是圣血天使第八连队的副官。

In the aftermath of theDevastation of Baal, he assisted in"
675	卡莱昂 Carleon	恢复英文词间空格	from	from 	1	pace Marines. He was also promoted fromSergeanttoLieutenantduring the Purg
675	卡莱昂 Carleon	恢复英文词间空格	of	of 	1	"rgeanttoLieutenantduring the Purge ofBaal Secundus.

在巴尔的毁灭之后，他协助清除了巴尔二号"
677	费鲁斯·马努斯 Ferrus Manus	恢复英文句间空格	.Ho	. Ho	1	rch Fulgrim, who were close friends.However during the Conquest of One-Fi
678	沙德拉克·梅杜森 Shadrak Meduson	英文拼写	seperate	separate	1	flagship, Alpharius fell in with a seperate unit of mixed Istvaan survivor mar
678	沙德拉克·梅杜森 Shadrak Meduson	恢复英文词间空格	was	was 	1	known as Shadrak 'Bloody' Meduson, wasCaptainofSorrgol Clan, theIron Hand
678	沙德拉克·梅杜森 Shadrak Meduson	恢复英文词间空格	the	the 	1	Meduson, wasCaptainofSorrgol Clan, theIron HandsLegion's TenthClan Compan
678	沙德拉克·梅杜森 Shadrak Meduson	恢复英文词间空格	the	the 	1	during at least the latter part of theGreat Crusadeand the early stages o
678	沙德拉克·梅杜森 Shadrak Meduson	恢复英文词间空格	the	the 	1	"eat Crusadeand the early stages of theHorus Heresy.

沙德拉克·梅杜森，原名沙德拉克·史密斯，"
678	沙德拉克·梅杜森 Shadrak Meduson	恢复英文词间空格	Crusadeand	Crusade and	1	least the latter part of the Great Crusadeand the early stages of the Horus Here
678	沙德拉克·梅杜森 Shadrak Meduson	恢复英文词间空格	the	the 	1	"

Shadrak Meduson沙德拉克·梅杜森

After theDrop Site Massacre, Meduson achieve"
678	沙德拉克·梅杜森 Shadrak Meduson	恢复英文词间空格	by	by 	1	" was ultimately captured and slain bySons of HorusCaptainTybalt Marr.

在"
678	沙德拉克·梅杜森 Shadrak Meduson	恢复英文词间空格	a	a 	1	"

**Forging铸造**

Shadrak Smyth was aTerranhailing fromOld Albia, induct"
678	沙德拉克·梅杜森 Shadrak Meduson	恢复英文词间空格	from	from 	1	"

Shadrak Smyth was aTerranhailing fromOld Albia, inducted into theXth Leg"
678	沙德拉克·梅杜森 Shadrak Meduson	恢复英文词间空格	the	the 	1	iling fromOld Albia, inducted into theXth Legion, his service of at least
678	沙德拉克·梅杜森 Shadrak Meduson	恢复英文词间空格	the	the 	1	s beginning in the later period of theWars of Unificationon Terra. His fi
678	沙德拉克·梅杜森 Shadrak Meduson	恢复英文词间空格	and	and 	1	e Tenth's deployments in the Afrik andPanpacificregions, serving underLor
678	沙德拉克·梅杜森 Shadrak Meduson	恢复英文词间空格	under	under 	1	frik andPanpacificregions, serving underLord CommanderAmadeus DuCaine. DuCa
678	沙德拉克·梅杜森 Shadrak Meduson	恢复英文词间空格	the	the 	1	several occasions, most notably at theBattle of Rust, and by the time of 
678	沙德拉克·梅杜森 Shadrak Meduson	恢复英文词间空格	the	the 	1	Battle of Rust, and by the time of theDrop Site Massacre, the 10th Compan
678	沙德拉克·梅杜森 Shadrak Meduson	恢复英文词间空格	of	of 	1	f the Legion forces upon the world ofOne-Five-Four-Fourwhilst both Ferru
678	沙德拉克·梅杜森 Shadrak Meduson	恢复英文词间空格	and	and 	1	-Four-Fourwhilst both Ferrus Manus andFirst CaptainGabriel Santarwere abs
678	沙德拉克·梅杜森 Shadrak Meduson	恢复英文词间空格	the	the 	1	 of a world under the dominance of theEldar— Meduson commanded the right 
678	沙德拉克·梅杜森 Shadrak Meduson	恢复英文词间空格	his	his 	1	his strategy, offering himself and hisMorlocksas additional line troops f
678	沙德拉克·梅杜森 Shadrak Meduson	恢复英文词间空格	the	the 	1	"ng弯曲**

Meduson was present during theBattle of Istvaan V, but never set "
678	沙德拉克·梅杜森 Shadrak Meduson	恢复英文词间空格	the	the 	1	t upon the world. Stationed aboard theIronside, he was assigned to the ob
678	沙德拉克·梅杜森 Shadrak Meduson	恢复英文词间空格	the	the 	1	s and boarding actions launched by theDeath GuardandSons of Horusvessels.
678	沙德拉克·梅杜森 Shadrak Meduson	恢复英文词间空格	the	the 	1	s, which had with it nearly all of theClan Fathersof the legion. In the a
678	沙德拉克·梅杜森 Shadrak Meduson	恢复英文词间空格	of	of 	1	ngside the Primarch on the surface ofIstvaan V, and could not form their
678	沙德拉克·梅杜森 Shadrak Meduson	恢复英文词间空格	of	of 	1	wn unit. Additionally, small units ofRaven GuardandSalamanderssurvivors 
678	沙德拉克·梅杜森 Shadrak Meduson	恢复英文词间空格	the	the 	1	sponse was to take his own vessel, theIron Heart, into close range with t
678	沙德拉克·梅杜森 Shadrak Meduson	恢复英文词间空格	the	the 	1	d not too long after the schism of theWhite Scarslegion. In the aftermath
678	沙德拉克·梅杜森 Shadrak Meduson	恢复英文词间空格	by	by 	1	nd the White Scars kill-team - led byHibou Khan— ambushed another Sons o
678	沙德拉克·梅杜森 Shadrak Meduson	恢复英文词间空格	the	the 	1	"他不断壮大的部队。

Indeed, by such time as theBattle of Dwell, Shadrak Meduson wa"
678	沙德拉克·梅杜森 Shadrak Meduson	恢复英文词间空格	the	the 	1	orce. The 'shadow network' used by theShattered Legionsbecame filled with
678	沙德拉克·梅杜森 Shadrak Meduson	恢复英文词间空格	the	the 	1	e other thanAlpharius, Primarch of theAlpha Legionhimself. Assuming the m
678	沙德拉克·梅杜森 Shadrak Meduson	恢复英文词间空格	of	of 	1	survivor marines under the command ofCadmus Tyroand convinced them, in h
678	沙德拉克·梅杜森 Shadrak Meduson	恢复英文词间空格	the	the 	1	ation in the Iron Hands. A coup by theCult of the Gorgonattempted to take
678	沙德拉克·梅杜森 Shadrak Meduson	恢复英文词间空格	Legionhimself	Legion himself	1	anAlpharius, Primarch of the Alpha Legionhimself. Assuming the mantle of Meduson an
678	沙德拉克·梅杜森 Shadrak Meduson	恢复英文词间空格	Legionforces	Legion forces	1	trol of Meduson's sizableShattered Legionforces, proclaiming they were led by the 
678	沙德拉克·梅杜森 Shadrak Meduson	恢复英文句间空格	.Cl	. Cl	1	s resulted in one particular change.Clan Averniiwas barely represented in
678	沙德拉克·梅杜森 Shadrak Meduson	恢复英文词间空格	the	the 	1	enly fought Marr's larger fleet at theBattle of the Aragna Chain. As the 
682	安格隆 Angron	恢复英文句间空格	.Ho	. Ho	1	 of the World Eaters to his command.However, Angron often proved too diff
683	罗伯特·基里曼 Roboute Guilliman	Field 对应的错别字	静滞立场	静滞力场	1	
683	罗伯特·基里曼 Roboute Guilliman	恢复英文句间空格	.Ho	. Ho	1	had found one of the lost Primarchs.However, due to an unexpected warp st
683	罗伯特·基里曼 Roboute Guilliman	恢复英文句间空格	.Wh	. Wh	1	est of all the Space Marine Legions.When Horus was appointed Warmaster by
683	罗伯特·基里曼 Roboute Guilliman	恢复英文句间空格	.He	. He	1	Commander of the Imperium once more.He later declared himself Imperial Re
690	乌瑞尔·文崔斯 Uriel Ventris	Field 对应的错别字	盖勒立场	盖勒力场	1	
694	维特里安·梅西尼乌斯 Vitrian Messinius	恢复英文句间空格	.Th	. Th	1	led by Messinius to conquer Kamidar.The force Messenius gathered ultimate
696	泰丰斯 Typhus	恢复英文词间空格	a	a 	1	 the Traveler,Herald of Nurgle, is aChaos Space Marineof theDeath Guard
696	泰丰斯 Typhus	恢复英文词间空格	the	the 	1	"f Nurgle, is aChaos Space Marineof theDeath GuardTraitor Legion.

旅行者泰丰斯，"
696	泰丰斯 Typhus	恢复英文词间空格	Marineof	Marine of	1	"Herald of Nurgle, is a Chaos Space Marineof the Death GuardTraitor Legion.

旅行"
696	泰丰斯 Typhus	恢复英文词间空格	of	of 	1	e Death Guard's eventual homeworld ofBarbarus. Typhon was a half-breed, 
696	泰丰斯 Typhus	恢复英文词间空格	the	the 	1	a half-breed, the result of one of theOverlordsof Barbarus taking a likin
696	泰丰斯 Typhus	恢复英文词间空格	the	the 	1	rly Death Guard in his war against theWarlord of Barbarus.When theEmperor
696	泰丰斯 Typhus	恢复英文词间空格	the	the 	1	gainst theWarlord of Barbarus.When theEmperorreclaimed his lost son Morta
696	泰丰斯 Typhus	恢复英文词间空格	of	of 	1	o rise to the prestigious position ofFirst Captain.He shared a strong bo
696	泰丰斯 Typhus	恢复英文句间空格	.As	. As	1	ther's fellow villagers drowned her.As a child upon the toxic planet of B
696	泰丰斯 Typhus	恢复英文句间空格	.Du	. Du	1	ung child helped lead him to safety.During his early adulthood, Typhus wa
696	泰丰斯 Typhus	恢复英文句间空格	.Wh	. Wh	1	war against the Warlord of Barbarus.When the Emperorreclaimed his lost so
696	泰丰斯 Typhus	恢复英文句间空格	.He	. He	1	estigious position of First Captain.He shared a strong bond with Mortario
696	泰丰斯 Typhus	恢复英文词间空格	the	the 	1	"Horus Heresy 荷鲁斯叛乱前的卡拉斯·提丰

During theGreat CrusadeTyphon often proved hi"
696	泰丰斯 Typhus	恢复英文词间空格	of	of 	1	mongst his warriors. On the planet ofRothric IXduring the eponymicTribes
696	泰丰斯 Typhus	恢复英文词间空格	of	of 	1	other episode Typhon saved a squad ofSisters of Silenceon the planet ofM
696	泰丰斯 Typhus	恢复英文词间空格	of	of 	1	 ofSisters of Silenceon the planet ofMadrighoulby throwing himself onto 
696	泰丰斯 Typhus	恢复英文词间空格	the	the 	1	grenade. After less than a week in theApothecarionhe had already healed a
696	泰丰斯 Typhus	恢复英文词间空格	the	the 	1	s secretly converted to worship of theGods of Chaosduring theZaramund Cam
696	泰丰斯 Typhus	恢复英文词间空格	the	the 	1	 worship of theGods of Chaosduring theZaramund Campaign, receiving revela
696	泰丰斯 Typhus	恢复英文词间空格	of	of 	1	dated that of his own Primarch, or ofHorushimself.With the help of his n
696	泰丰斯 Typhus	恢复英文词间空格	Chaosduring	Chaos during	1	onverted to worship of the Gods of Chaosduring the Zaramund Campaign, receiving r
696	泰丰斯 Typhus	恢复英文词间空格	Horushimself	Horus himself	1	ed that of his own Primarch, or of Horushimself.With the help of his new gods, Typ
696	泰丰斯 Typhus	恢复英文句间空格	.Ty	. Ty	1	e touch of the hand of an old woman.Typhon's allegiance to Chaos predated
696	泰丰斯 Typhus	恢复英文句间空格	.Wi	. Wi	1	s own Primarch, or of Horus himself.With the help of his new gods, Typhon
696	泰丰斯 Typhus	恢复英文句间空格	.Ty	. Ty	1	ander of the battleshipTerminus Est.Typhon was not particularly loyal to 
696	泰丰斯 Typhus	恢复英文词间空格	the	the 	1	of misery and misdirection against theDark Angels, Typhon's fleet attempt
696	泰丰斯 Typhus	恢复英文词间空格	the	the 	1	yphon's fleet attempted to acquire theTuchulchaengine in fulfillment ofNu
696	泰丰斯 Typhus	恢复英文词间空格	of	of 	1	 theTuchulchaengine in fulfillment ofNurgle's designs but was foiled byL
696	泰丰斯 Typhus	恢复英文词间空格	by	by 	1	 ofNurgle's designs but was foiled byLion El'Jonsonduring theBattle of P
696	泰丰斯 Typhus	恢复英文词间空格	the	the 	1	 was foiled byLion El'Jonsonduring theBattle of Perditus.Hounded by a Dar
696	泰丰斯 Typhus	恢复英文词间空格	of	of 	1	etribution force under the command ofCorswain, Typhon's fleet later reap
696	泰丰斯 Typhus	恢复英文词间空格	the	the 	1	Typhon's fleet later reappeared at theZaramund System. There, the Death G
696	泰丰斯 Typhus	恢复英文词间空格	by	by 	1	e Death Guard forces were welcomed byLutherand hisFallen Angels.Fleeing 
696	泰丰斯 Typhus	恢复英文词间空格	his	his 	1	d forces were welcomed byLutherand hisFallen Angels.Fleeing fromCorswaina
696	泰丰斯 Typhus	恢复英文词间空格	from	from 	1	Lutherand hisFallen Angels.Fleeing fromCorswainand his Dark Angels, Luther
696	泰丰斯 Typhus	恢复英文句间空格	.Be	. Be	1	rly every living thing above-ground.Because Battle-CaptainNathaniel Garro
696	泰丰斯 Typhus	恢复英文句间空格	.Ty	. Ty	1	th Garro and his men when necessary.Typhon was furious when the*Eisenstei
696	泰丰斯 Typhus	恢复英文句间空格	.La	. La	1	 stop it from escaping into thewarp.Later during the Heresy, Typhon led h
696	泰丰斯 Typhus	恢复英文句间空格	.Ho	. Ho	1	Jonsonduring the Battle of Perditus.Hounded by a Dark Angels retribution 
696	泰丰斯 Typhus	恢复英文句间空格	.Fl	. Fl	1	omed by Lutherand his Fallen Angels.Fleeing from Corswainand his Dark Ang
696	泰丰斯 Typhus	恢复英文词间空格	of	of 	1	 the purging of the loyalist world ofYnyx. Disappointed that Mortarion h
696	泰丰斯 Typhus	恢复英文词间空格	for	for 	1	n the Death Guard's fleet embarked forTerraTyphon framed theNavigatorsof 
696	泰丰斯 Typhus	恢复英文词间空格	the	the 	1	eet embarked forTerraTyphon framed theNavigatorsof the fleet with evidenc
696	泰丰斯 Typhus	恢复英文词间空格	of	of 	1	ith evidence that they were agents ofMalcador the Sigillite, executing t
696	泰丰斯 Typhus	恢复英文词间空格	his	his 	1	the Sigillite, executing them with hisGrave Wardensin the name of protect
696	泰丰斯 Typhus	恢复英文词间空格	were	were 	1	a group of Psychic Legionaries who wereLibrariansin all but name only.Inst
696	泰丰斯 Typhus	恢复英文词间空格	of	of 	1	 adrift, helpless and at the mercy ofChaos.Then came theDestroyer Plague
696	泰丰斯 Typhus	恢复英文词间空格	the	the 	1	and at the mercy ofChaos.Then came theDestroyer Plagueand the Death Guard
696	泰丰斯 Typhus	恢复英文词间空格	the	the 	1	"uard went on to fight for Horus in theSiege of Terra.

莫塔里安对他带领他们进入的陷阱感到愤"
696	泰丰斯 Typhus	恢复英文词间空格	with	with 	1	"。

During the Siege, Typhus worked withPerturabo,Abaddon, andZardu Layakto"
696	泰丰斯 Typhus	恢复英文词间空格	and	and 	1	phus worked withPerturabo,Abaddon, andZardu Layakto summon the influence 
696	泰丰斯 Typhus	恢复英文词间空格	of	of 	1	Zardu Layakto summon the influence ofCor’bax Utterblightinto theImperial
696	泰丰斯 Typhus	恢复英文词间空格	the	the 	1	nfluence ofCor’bax Utterblightinto theImperial Palacein order to subvert 
696	泰丰斯 Typhus	恢复英文词间空格	the	the 	1	e next took part in the assault on theColossi Gateagainst forces led byJa
696	泰丰斯 Typhus	恢复英文词间空格	by	by 	1	 theColossi Gateagainst forces led byJaghatai Khan,Constantin Valdor, an
696	泰丰斯 Typhus	恢复英文词间空格	and	and 	1	byJaghatai Khan,Constantin Valdor, andRaldoron.Later in the Siege Mortari
696	泰丰斯 Typhus	恢复英文词间空格	of	of 	1	 old foeCorswainhad landed a force ofDark Angelswhich had captured theAs
696	泰丰斯 Typhus	恢复英文词间空格	the	the 	1	ce ofDark Angelswhich had captured theAstronomicanand dispatched the Firs
696	泰丰斯 Typhus	恢复英文词间空格	the	the 	1	ghatai Khanled a massive attack on theLion's Gate Spaceportand banished M
696	泰丰斯 Typhus	恢复英文词间空格	as	as 	1	"on after rallying key leaders such asCaipha MorargandZadal Crosius.

在围城"
696	泰丰斯 Typhus	恢复英文词间空格	the	the 	1	 rallied the Death Guard to retake theAstronomicanbefore it could be reac
696	泰丰斯 Typhus	恢复英文词间空格	the	the 	1	ts to Terra. He attempted to tempt theFallen AngelLibrarianssuch asZahari
696	泰丰斯 Typhus	恢复英文词间空格	as	as 	1	empt theFallen AngelLibrarianssuch asZaharielinside to join Horus' cause
696	泰丰斯 Typhus	恢复英文词间空格	the	the 	1	hus' forces were able to penetrate theHollow Mountain, and seemed to have
696	泰丰斯 Typhus	恢复英文词间空格	of	of 	1	ault by the Dark Angels and forces ofSigismund. However, Keeler was able
696	泰丰斯 Typhus	恢复英文词间空格	the	the 	1	ing a contingent of Death Guard of thePlague Fleetfrom theTerminus Est, T
696	泰丰斯 Typhus	恢复英文词间空格	the	the 	1	Death Guard of thePlague Fleetfrom theTerminus Est, Typhus is known to ha
696	泰丰斯 Typhus	恢复英文词间空格	the	the 	1	e's name. He has even travelled to theGarden of Nurgleinside theWarpitsel
696	泰丰斯 Typhus	恢复英文词间空格	the	the 	1	elled to theGarden of Nurgleinside theWarpitself, where he has battledKho
696	泰丰斯 Typhus	恢复英文词间空格	The	The 	1	f as a gift for Nurgle's Cauldron. TheLord of Decaywas so pleased that fo
696	泰丰斯 Typhus	恢复英文词间空格	his	his 	1	honoured with being allowed to dip hisManreaperinto the filth of the Thro
696	泰丰斯 Typhus	恢复英文词间空格	into	into 	1	the Throne of Nurgle.Typhus turned intoPlaguebearersthe entire populations
696	泰丰斯 Typhus	恢复英文词间空格	of	of 	1	laguebearersthe entire populations ofProtheusandCarandinis VIIwith all t
696	泰丰斯 Typhus	恢复英文词间空格	the	the 	1	le. He destroyed the population of theShrine WorldJonah's Worldwith a car
696	泰丰斯 Typhus	恢复英文词间空格	of	of 	1	leashed the Red Flux on the planet ofFlorins, wiping out the entire male
696	泰丰斯 Typhus	恢复英文词间空格	of	of 	1	s has also laid waste to the world ofLigetawith a noise-plague where the
696	泰丰斯 Typhus	恢复英文词间空格	on	on 	1	7.M40, he killed 23 billion people onHydra Minoriswith theZombie Plague.
696	泰丰斯 Typhus	恢复英文词间空格	the	the 	1	billion people onHydra Minoriswith theZombie Plague.In the13th Black Crus
696	泰丰斯 Typhus	恢复英文词间空格	the	the 	1	sade, his forces went on to ravage theAgripinaa Sector.He also oversaw th
696	泰丰斯 Typhus	恢复英文词间空格	Guillimanand	Guilliman and	1	uld be reactivated and leadRoboute Guillimanand his reinforcements to Terra. He at
696	泰丰斯 Typhus	恢复英文词间空格	Worldwith	World with	1	ulation of the Shrine WorldJonah's Worldwith a carefully orchestrated pandemic 
696	泰丰斯 Typhus	恢复英文句间空格	.In	. In	1	were Librariansin all but name only.Instead, he led them into a trap - be
696	泰丰斯 Typhus	恢复英文句间空格	.Th	. Th	1	 helpless and at the mercy of Chaos.Then came the Destroyer Plagueand the
696	泰丰斯 Typhus	恢复英文句间空格	.Hi	. Hi	1	olved and merged with Typhon's body.His body became home to the flies of 
696	泰丰斯 Typhus	恢复英文句间空格	.He	. He	1	subvert the Imperial defenses there.He next took part in the assault on t
696	泰丰斯 Typhus	恢复英文句间空格	.La	. La	1	han,Constantin Valdor, and Raldoron.Later in the Siege Mortarion informed
696	泰丰斯 Typhus	恢复英文句间空格	.Af	. Af	1	d the First Captain to take it back.AfterJaghatai Khanled a massive attac
696	泰丰斯 Typhus	恢复英文句间空格	.Ty	. Ty	1	 join Horus' cause, but to no avail.Typhus then launched a full-scale ass
696	泰丰斯 Typhus	恢复英文句间空格	.Ty	. Ty	1	o the filth of the Throne of Nurgle.Typhus turned into Plaguebearersthe e
696	泰丰斯 Typhus	恢复英文句间空格	.Ty	. Ty	1	ut the entire male population there.Typhus has also laid waste to the wor
696	泰丰斯 Typhus	恢复英文句间空格	.In	. In	1	ly sing a hymn to the Lord of Decay.In 757.M40, he killed 23 billion peop
696	泰丰斯 Typhus	恢复英文句间空格	.In	. In	1	Hydra Minoriswith the Zombie Plague.In the13th Black Crusade, Typhus's Pl
696	泰丰斯 Typhus	恢复英文句间空格	.He	. He	1	t on to ravage the Agripinaa Sector.He also oversaw the infestation and d
696	泰丰斯 Typhus	恢复英文词间空格	the	the 	1	phus once again attempted to unite theTuchulchaEngine with its brother de
696	泰丰斯 Typhus	恢复英文词间空格	the	the 	1	ces, this time in cooperation with theFallen AngelAstelan. The two planne
696	泰丰斯 Typhus	恢复英文词间空格	the	the 	1	"ngels"". However, they werefoiledby theDark Angels, led byAzraeland, surpr"
696	泰丰斯 Typhus	恢复英文词间空格	by	by 	1	"y werefoiledby theDark Angels, led byAzraeland, surprisingly,Cypher.

在M"
696	泰丰斯 Typhus	恢复英文词间空格	the	the 	1	stole the Nurgle artifact knows as theArk Cornucontagiousfrom theScourge 
696	泰丰斯 Typhus	恢复英文词间空格	the	the 	1	nows as theArk Cornucontagiousfrom theScourge Stars, Typhus pursued the f
696	泰丰斯 Typhus	恢复英文词间空格	his	his 	1	ror's ChildrenChief Apothecarywith hisPlague Fleetin a bid to reclaim it 
696	泰丰斯 Typhus	恢复英文词间空格	his	his 	1	s battled not only Bile'sTerataand hisShrivenallies but also aCustodesfor
696	泰丰斯 Typhus	恢复英文词间空格	a	a 	1	erataand hisShrivenallies but also aCustodesforce underShield-CaptainTy
696	泰丰斯 Typhus	恢复英文词间空格	under	under 	1	ivenallies but also aCustodesforce underShield-CaptainTyvar. Thanks to Bile
696	泰丰斯 Typhus	恢复英文词间空格	the	the 	1	the Custodes.After the creation of theGreat RiftTyphus launched a majorat
696	泰丰斯 Typhus	恢复英文词间空格	the	the 	1	 on the Charadon Sector, besieging theForge WorldofMetalicaand corurpting
696	泰丰斯 Typhus	恢复英文词间空格	the	the 	1	 it with a computer phage known as theNemesis Wurmafter a prolonged battl
696	泰丰斯 Typhus	恢复英文词间空格	of	of 	1	"腐化。

Typhus later appeared as part ofMortarion's armada during theDeath "
696	泰丰斯 Typhus	恢复英文词间空格	the	the 	1	s part ofMortarion's armada during theDeath Guard invasion of Ultramar. T
696	泰丰斯 Typhus	恢复英文词间空格	on	on 	1	"了进一步推进纳垢的布局。

Following the battle onParmenioand the instigation of theW"
696	泰丰斯 Typhus	恢复英文词间空格	the	the 	1	e onParmenioand the instigation of theWar in the RiftNurgle lost interest
696	泰丰斯 Typhus	恢复英文词间空格	the	the 	1	nd ordered his forces pull back to theScourge Starsto defend them against
696	泰丰斯 Typhus	恢复英文词间空格	the	the 	1	the region and slay Guilliman with theGodblight. Typhus scolded his fathe
696	泰丰斯 Typhus	恢复英文词间空格	by	by 	1	yphus is a formidablepsykerfavored byNurgle, able to call forth bothNurg
696	泰丰斯 Typhus	恢复英文词间空格	both	both 	1	vored byNurgle, able to call forth bothNurgle's Rotand theWind of Chaospsy
696	泰丰斯 Typhus	恢复英文词间空格	the	the 	1	 to call forth bothNurgle's Rotand theWind of Chaospsychic powers. In add
696	泰丰斯 Typhus	恢复英文词间空格	the	the 	1	eaperLakrimae, his body is host to theDestroyer Hive, a horrific plague t
696	泰丰斯 Typhus	恢复英文词间空格	an	an 	1	sterminator armour.He also carried anAlchem PistoldubbedSlakerduring the
696	泰丰斯 Typhus	恢复英文句间空格	.Af	. Af	1	ithdraw in the face of the Custodes.After the creation of the Great RiftT
696	泰丰斯 Typhus	恢复英文句间空格	.He	. He	1	s and vents in histerminator armour.He also carried an Alchem Pistoldubbe
697	纳撒尼尔·伽罗 Nathaniel Garro	恢复英文词间空格	the	the 	1	"马卡多对纳撒尼尔·伽罗所说

Nathaniel Garro was theCaptainof the 7th Great Company of "
697	纳撒尼尔·伽罗 Nathaniel Garro	恢复英文词间空格	the	the 	1	Captainof the 7th Great Company of theDeath GuardSpace Marine Legion. A v
697	纳撒尼尔·伽罗 Nathaniel Garro	恢复英文词间空格	the	the 	1	 warrior who would remain loyal to theEmperorat the outset of theHorus He
697	纳撒尼尔·伽罗 Nathaniel Garro	恢复英文词间空格	the	the 	1	oyal to theEmperorat the outset of theHorus Heresy, Garro is most notable
697	纳撒尼尔·伽罗 Nathaniel Garro	恢复英文词间空格	to	to 	1	ring warning of the Great Betrayal toTerra.He became the first true mart
697	纳撒尼尔·伽罗 Nathaniel Garro	恢复英文词间空格	the	the 	1	"He became the first true martyr of theChurch of the God-Emperor.

纳撒尼尔·伽罗"
697	纳撒尼尔·伽罗 Nathaniel Garro	恢复英文词间空格	Emperorat	Emperor at	1	rior who would remain loyal to the Emperorat the outset of the Horus Heresy, Ga
697	纳撒尼尔·伽罗 Nathaniel Garro	恢复英文句间空格	.He	. He	1	ning of the Great Betrayal to Terra.He became the first true martyr of th
697	纳撒尼尔·伽罗 Nathaniel Garro	恢复英文词间空格	on	on 	1	"rro纳撒尼尔·伽罗

**Biography 传记**

Born onTerra, in the region of that world "
697	纳撒尼尔·伽罗 Nathaniel Garro	恢复英文词间空格	as	as 	1	 in the region of that world known asAlbia, Garro enlisted in theDusk Ra
697	纳撒尼尔·伽罗 Nathaniel Garro	恢复英文词间空格	the	the 	1	d known asAlbia, Garro enlisted in theDusk RaidersLegion, as theDeath Gua
697	纳撒尼尔·伽罗 Nathaniel Garro	恢复英文词间空格	the	the 	1	isted in theDusk RaidersLegion, as theDeath Guardwas known before its reu
697	纳撒尼尔·伽罗 Nathaniel Garro	恢复英文词间空格	its	its 	1	dwas known before its reunion with itsPrimarch,Mortarion, and its relocat
697	纳撒尼尔·伽罗 Nathaniel Garro	恢复英文词间空格	on	on 	1	and its relocation to its new base onBarbarus.By the time of theHorus He
697	纳撒尼尔·伽罗 Nathaniel Garro	恢复英文词间空格	the	the 	1	new base onBarbarus.By the time of theHorus Heresy, Garro was one of the 
697	纳撒尼尔·伽罗 Nathaniel Garro	恢复英文词间空格	the	the 	1	ition of the Legion dating back to theUnification Warson Terra, when an o
697	纳撒尼尔·伽罗 Nathaniel Garro	恢复英文词间空格	the	the 	1	 distinguished himself in front of theEmperor, who bestowed the title on 
697	纳撒尼尔·伽罗 Nathaniel Garro	恢复英文词间空格	his	his 	1	 occasionally having the favour of hisPrimarchMortarion, Garro did not be
697	纳撒尼尔·伽罗 Nathaniel Garro	恢复英文词间空格	the	the 	1	ellow Legions. He served alongside theLuna Wolvesunder CaptainGarviel Lok
697	纳撒尼尔·伽罗 Nathaniel Garro	恢复英文词间空格	against	against 	1	Garviel Lokenin the Krypt campaign againstOrksand theEmperor's Childrenunder 
697	纳撒尼尔·伽罗 Nathaniel Garro	恢复英文词间空格	the	the 	1	 the Krypt campaign againstOrksand theEmperor's Childrenunder CaptainSaul
697	纳撒尼尔·伽罗 Nathaniel Garro	恢复英文词间空格	Guardwas	Guard was	1	e Dusk RaidersLegion, as the Death Guardwas known before its reunion with its 
697	纳撒尼尔·伽罗 Nathaniel Garro	恢复英文词间空格	Orksand	Orks and	1	Lokenin the Krypt campaign against Orksand the Emperor's Childrenunder Captai
697	纳撒尼尔·伽罗 Nathaniel Garro	恢复英文句间空格	.By	. By	1	ocation to its new base on Barbarus.By the time of the Horus Heresy, Garr
697	纳撒尼尔·伽罗 Nathaniel Garro	恢复英文句间空格	.De	. De	1	rl,Kaleb Arin, to act as hisequerry.Despite the pride at he took in beari
697	纳撒尼尔·伽罗 Nathaniel Garro	恢复英文词间空格	the	the 	1	"

Garro on Terra 泰拉上的伽罗

During theBattle of Iota HorologiGarro distin"
697	纳撒尼尔·伽罗 Nathaniel Garro	恢复英文词间空格	of	of 	1	en fighting alongside a detachment ofSisters of Silence. Their leader,Am
697	纳撒尼尔·伽罗 Nathaniel Garro	恢复英文词间空格	to	to 	1	Kendelpromised to present his name toMalcador the Sigillitein recognitio
697	纳撒尼尔·伽罗 Nathaniel Garro	恢复英文词间空格	with	with 	1	cided to take Garro to the meeting withWarmasterHorusat the initiation of 
697	纳撒尼尔·伽罗 Nathaniel Garro	恢复英文词间空格	the	the 	1	ld of the Isstvan system, ahead of theIsstvan IIImassacre. During this ba
697	纳撒尼尔·伽罗 Nathaniel Garro	恢复英文词间空格	the	the 	1	"fe was saved by ApothecaryFabiusof theEmperor's Children.

第七大连是被指派在伊斯塔万三"
697	纳撒尼尔·伽罗 Nathaniel Garro	恢复英文词间空格	the	the 	1	"and so learned of the beginning of theHorus Heresy.

伤口意味着伽罗被宣布不适合战斗任务，他被"
697	纳撒尼尔·伽罗 Nathaniel Garro	恢复英文词间空格	the	the 	1	etrayal, includingIacton Qruzefrom theSons of HorusandRemembrancerEuphrat
697	纳撒尼尔·伽罗 Nathaniel Garro	恢复英文词间空格	the	the 	1	s Estand barely made the jump into theWarp.Once there, she attracted the 
697	纳撒尼尔·伽罗 Nathaniel Garro	恢复英文词间空格	the	the 	1	e, she attracted the predations of theChaosGodNurgle. The Chaos power res
697	纳撒尼尔·伽罗 Nathaniel Garro	恢复英文词间空格	for	for 	1	oss the warp and acted as a beacon forRogal Dornand theImperial Fists' fl
697	纳撒尼尔·伽罗 Nathaniel Garro	恢复英文词间空格	the	the 	1	acted as a beacon forRogal Dornand theImperial Fists' fleet, which had be
697	纳撒尼尔·伽罗 Nathaniel Garro	恢复英文词间空格	by	by 	1	ts' fleet, which had been becalmed byWarp Storms.Dorn rescued Garro and 
697	纳撒尼尔·伽罗 Nathaniel Garro	恢复英文词间空格	to	to 	1	arro and his men and took him back toLunaaboard thePhalanx.Even upon rea
697	纳撒尼尔·伽罗 Nathaniel Garro	恢复英文词间空格	the	the 	1	men and took him back toLunaaboard thePhalanx.Even upon reaching Luna, an
697	纳撒尼尔·伽罗 Nathaniel Garro	恢复英文词间空格	with	with 	1	,Solun Decius, had become infected withNurgle's Rotand fell to Chaos. Garr
697	纳撒尼尔·伽罗 Nathaniel Garro	恢复英文词间空格	by	by 	1	nd Amendera Kendel were approached byMalcador the Sigilliteand told that
697	纳撒尼尔·伽罗 Nathaniel Garro	恢复英文句间空格	.On	. On	1	 barely made the jump into the Warp.Once there, she attracted the predati
697	纳撒尼尔·伽罗 Nathaniel Garro	恢复英文句间空格	.St	. St	1	ake an emergency exit from the Warp.Stranded hundreds of light years from
697	纳撒尼尔·伽罗 Nathaniel Garro	恢复英文句间空格	.Do	. Do	1	ch had been becalmed by Warp Storms.Dorn rescued Garro and his men and to
697	纳撒尼尔·伽罗 Nathaniel Garro	恢复英文句间空格	.Ev	. Ev	1	 him back to Lunaaboard the Phalanx.Even upon reaching Luna, and with the
697	纳撒尼尔·伽罗 Nathaniel Garro	恢复英文词间空格	to	to 	1	 journey of Garro's quest took him toCalth, in the midst of theWord Bear
697	纳撒尼尔·伽罗 Nathaniel Garro	恢复英文词间空格	the	the 	1	 took him toCalth, in the midst of theWord Bearers'surprise attackon theU
697	纳撒尼尔·伽罗 Nathaniel Garro	恢复英文词间空格	the	the 	1	 theWord Bearers'surprise attackon theUltramarines. There, he recruitedTy
697	纳撒尼尔·伽罗 Nathaniel Garro	恢复英文词间空格	by	by 	1	erra with Rubio, Garro was ordered byKhorarinnof theLegio Custodesto acc
697	纳撒尼尔·伽罗 Nathaniel Garro	恢复英文词间空格	the	the 	1	o, Garro was ordered byKhorarinnof theLegio Custodesto accompany him to d
697	纳撒尼尔·伽罗 Nathaniel Garro	恢复英文词间空格	the	the 	1	ne*that had arrived on the edge of theSol System.Aboard were members of t
697	纳撒尼尔·伽罗 Nathaniel Garro	恢复英文词间空格	and	and 	1	 members of the Emperor's Children andWhite Scarsled by CaptainMacer Varr
697	纳撒尼尔·伽罗 Nathaniel Garro	恢复英文词间空格	the	the 	1	 Scarsled by CaptainMacer Varrenof theWorld Eaters, who had also abandone
697	纳撒尼尔·伽罗 Nathaniel Garro	恢复英文词间空格	and	and 	1	y down a list compiled by Malcador andSeverian. In 017008.M31 he arrived 
697	纳撒尼尔·伽罗 Nathaniel Garro	恢复英文词间空格	and	and 	1	beian Herald, accompanied by Rubio andCallion Zaven, and sent out a coded
697	纳撒尼尔·伽罗 Nathaniel Garro	恢复英文词间空格	from	from 	1	Zaven, and sent out a coded signal fromOptera IV. CaptainSerronof theBlood
697	纳撒尼尔·伽罗 Nathaniel Garro	恢复英文词间空格	the	the 	1	nal fromOptera IV. CaptainSerronof theBlood Angels,Nirunof the White Scar
697	纳撒尼尔·伽罗 Nathaniel Garro	恢复英文词间空格	the	the 	1	ngels,Nirunof the White Scars, and theNemean Reaverof theDark Brotherhood
697	纳撒尼尔·伽罗 Nathaniel Garro	恢复英文词间空格	the	the 	1	hite Scars, and theNemean Reaverof theDark Brotherhoodanswered his summon
697	纳撒尼尔·伽罗 Nathaniel Garro	恢复英文词间空格	an	an 	1	 butthe conclavewas interrupted by anAlpha Legionambush. The Knights-Err
697	纳撒尼尔·伽罗 Nathaniel Garro	恢复英文词间空格	was	was 	1	rrior Garro was ordered to recruit wasGarviel Lokenof theLuna Wolves, who
697	纳撒尼尔·伽罗 Nathaniel Garro	恢复英文词间空格	the	the 	1	ered to recruit wasGarviel Lokenof theLuna Wolves, who was still alive on
697	纳撒尼尔·伽罗 Nathaniel Garro	恢复英文词间空格	of	of 	1	who was still alive on the surface ofIsstvan III. Although Loken had bee
697	纳撒尼尔·伽罗 Nathaniel Garro	恢复英文词间空格	a	a 	1	 of Euphrati Keeler, now hailed as aSaint. While searching for her on t
697	纳撒尼尔·伽罗 Nathaniel Garro	恢复英文词间空格	to	to 	1	f other projects and covertly sent toTitanunder the code name Othrys. Sh
697	纳撒尼尔·伽罗 Nathaniel Garro	恢复英文词间空格	to	to 	1	t mission took him away from Terra toNolec Trimus, where he battled a dr
697	纳撒尼尔·伽罗 Nathaniel Garro	恢复英文句间空格	.Sh	. Sh	1	itedTylos Rubio, a powerfulCodicier.Shortly after returning to Terra with
697	纳撒尼尔·伽罗 Nathaniel Garro	恢复英文句间空格	.Ab	. Ab	1	rived on the edge of the Sol System.Aboard were members of the Emperor's 
697	纳撒尼尔·伽罗 Nathaniel Garro	恢复英文句间空格	.Af	. Af	1	efusing to turn against the Emperor.After the White Scars proved to be tr
697	纳撒尼尔·伽罗 Nathaniel Garro	恢复英文句间空格	.Do	. Do	1	o be wary of the Sigillite's orders.Dorn's warning led Garro to discover 
697	纳撒尼尔·伽罗 Nathaniel Garro	恢复英文句间空格	.To	. To	1	r devotion to the Lectito Devinatus.Together, they slipped aboard a derel
697	纳撒尼尔·伽罗 Nathaniel Garro	恢复英文词间空格	the	the 	1	assacre and encounteredSigismundof theImperial Fists, who had his own exp
697	纳撒尼尔·伽罗 Nathaniel Garro	恢复英文词间空格	by	by 	1	Haln.Keeler was taken into custody byVardas Ison, but she told Garro tha
697	纳撒尼尔·伽罗 Nathaniel Garro	恢复英文词间空格	the	the 	1	"
**Masterless 无主**

Shortly before theSiege of Terra, Garro and his Knigh"
697	纳撒尼尔·伽罗 Nathaniel Garro	恢复英文词间空格	the	the 	1	is included a brutal fight against theLord of the Fliesin which his frien
697	纳撒尼尔·伽罗 Nathaniel Garro	恢复英文词间空格	the	the 	1	ador chose his nine Titans to form theGrey Knights, Garro was not among t
697	纳撒尼尔·伽罗 Nathaniel Garro	恢复英文词间空格	to	to 	1	ted that Garro's fate was not tied toTitan, but to Terra. Garro was set 
697	纳撒尼尔·伽罗 Nathaniel Garro	恢复英文词间空格	with	with 	1	is role as a Knights-Errant. Along withHelig GallorandGarviel Loken, Garro
697	纳撒尼尔·伽罗 Nathaniel Garro	恢复英文词间空格	the	the 	1	fight Horus when he arrived.During theSiege of TerraGarro and Loken led k
697	纳撒尼尔·伽罗 Nathaniel Garro	恢复英文词间空格	the	the 	1	mbush the Sons of Horus underneath theSaturnine Gate.In the ensuing fight
697	纳撒尼尔·伽罗 Nathaniel Garro	恢复英文词间空格	his	his 	1	d his team defeatedFalkus Kibreand hisJustaerin. After bisecting Kibre wi
697	纳撒尼尔·伽罗 Nathaniel Garro	恢复英文词间空格	the	the 	1	d pity for the traitor when he saw theDaemonicentity that had taken up re
697	纳撒尼尔·伽罗 Nathaniel Garro	恢复英文词间空格	the	the 	1	"，他将会杀死阿巴顿。

**Death 死亡**

Later in theSiege of Terra, Nathaniel Garro alo"
697	纳撒尼尔·伽罗 Nathaniel Garro	恢复英文词间空格	the	the 	1	 rendezvoused in Marmax Bastion of theImperial PalacewithEuphrati Keeler.
697	纳撒尼尔·伽罗 Nathaniel Garro	恢复英文词间空格	the	the 	1	"et to serve Nurgle for eternity as theLord of Flies.

后来在泰拉围城中，纳撒尼尔·伽罗与赫利"
697	纳撒尼尔·伽罗 Nathaniel Garro	恢复英文句间空格	.In	. In	1	eeler, while investigating the site.In the end he tracked Keeler down, sa
697	纳撒尼尔·伽罗 Nathaniel Garro	恢复英文句间空格	.Ke	. Ke	1	land the Alpha Legion operativeHaln.Keeler was taken into custody by Vard
697	纳撒尼尔·伽罗 Nathaniel Garro	恢复英文句间空格	.Du	. Du	1	instead fight Horus when he arrived.During the Siege of TerraGarro and Lo
697	纳撒尼尔·伽罗 Nathaniel Garro	恢复英文句间空格	.In	. In	1	Horus underneath the Saturnine Gate.In the ensuing fight, Garro and his t
697	纳撒尼尔·伽罗 Nathaniel Garro	恢复英文词间空格	the	the 	1	" Garro as the first true martyr of theChurch of the God-Emperor.

基里尔·辛德曼"
697	纳撒尼尔·伽罗 Nathaniel Garro	恢复英文词间空格	to	to 	1	aster Apothecariate seeking a cure toNurgle's Rot(a path followed by fel
697	纳撒尼尔·伽罗 Nathaniel Garro	恢复英文词间空格	the	the 	1	adguard. Unlike the eagle-heads of theAquilaboth eagles on the cuirass we
697	纳撒尼尔·伽罗 Nathaniel Garro	恢复英文词间空格	of	of 	1	's service, Garro was given a suit ofMark VIpower armour(retaining the A
697	纳撒尼尔·伽罗 Nathaniel Garro	恢复英文词间空格	a	a 	1	etaining the Aquila Imperator) and aParagon Bolter— a master-craftedbol
697	纳撒尼尔·伽罗 Nathaniel Garro	恢复英文词间空格	a	a 	1	as also equipped with a variant of aFalsehoodthat projected a psycho-lu
699	荷鲁斯·卢佩卡尔 Horus Lupercal	恢复英文句间空格	.He	. He	1	 begun to display signs of senility.He recalled past glories as if they w
700	马洛赫斯特 Maloghurst	恢复英文词间空格	a	a 	1	nown as Maloghurst the Twisted,was aSpace Marineof theLuna WolvesLegion
700	马洛赫斯特 Maloghurst	恢复英文词间空格	the	the 	1	st the Twisted,was aSpace Marineof theLuna WolvesLegion. He was theEquerr
700	马洛赫斯特 Maloghurst	恢复英文词间空格	the	the 	1	ineof theLuna WolvesLegion. He was theEquerryto hisPrimarchHorus Lupercal
700	马洛赫斯特 Maloghurst	恢复英文词间空格	his	his 	1	" WolvesLegion. He was theEquerryto hisPrimarchHorus Lupercal.

马洛赫斯特，也被称为"
700	马洛赫斯特 Maloghurst	恢复英文词间空格	Marineof	Marine of	1	Maloghurst the Twisted,was a Space Marineof the Luna WolvesLegion. He was the 
700	马洛赫斯特 Maloghurst	恢复英文词间空格	of	of 	1	"
Maloghurst grew up in the tunnels ofCthoniaas agangleader. Unlike most "
700	马洛赫斯特 Maloghurst	恢复英文词间空格	by	by 	1	d by a rival ganger, but was saved byIacton Qruzeand subsequently induct
700	马洛赫斯特 Maloghurst	恢复英文词间空格	a	a 	1	 Qruzeand subsequently inducted as aSpace Marine.Maloghurst went on to 
700	马洛赫斯特 Maloghurst	恢复英文词间空格	to	to 	1	na Wolvesand became fiercely loyal toHorus, who he viewed as something g
700	马洛赫斯特 Maloghurst	恢复英文词间空格	was	was 	1	x workings of his mind, Maloghurst wasHorus's chief adviser and public vo
700	马洛赫斯特 Maloghurst	恢复英文词间空格	the	the 	1	and was a speculated contender for theFirst Captaincy(the post held byEze
700	马洛赫斯特 Maloghurst	恢复英文词间空格	by	by 	1	r theFirst Captaincy(the post held byEzekyle Abaddon) when Horus made hi
700	马洛赫斯特 Maloghurst	恢复英文词间空格	of	of 	1	"·阿巴顿担任的职位）的竞争者。

During the Battle ofSixty-Three-Nineteen, Maloghurst wa"
700	马洛赫斯特 Maloghurst	恢复英文词间空格	his	his 	1	impostor leader of the planet, but hisStormbirdwas shot down and he was s
700	马洛赫斯特 Maloghurst	恢复英文词间空格	the	the 	1	"果他的身体现在被扭曲以适应它，那就这样吧。

His role in theHeresyitself was as Horus' chief en"
700	马洛赫斯特 Maloghurst	恢复英文词间空格	of	of 	1	eror, Maloghurst became suspicious ofGarviel Loken's loyalties and place
700	马洛赫斯特 Maloghurst	恢复英文词间空格	by	by 	1	 years later the warp-eye was used bySamusto manifest in the bowels of t
700	马洛赫斯特 Maloghurst	恢复英文词间空格	the	the 	1	ySamusto manifest in the bowels of thePhalanxduring theSolar War.During t
700	马洛赫斯特 Maloghurst	恢复英文词间空格	the	the 	1	 in the bowels of thePhalanxduring theSolar War.During theBattle of Isstv
700	马洛赫斯特 Maloghurst	恢复英文词间空格	the	the 	1	ePhalanxduring theSolar War.During theBattle of Isstvan IIIhe directedCal
700	马洛赫斯特 Maloghurst	恢复英文词间空格	the	the 	1	stvan IIIhe directedCalas Typhonof theDeath Guardto stop the fleeingfriga
700	马洛赫斯特 Maloghurst	恢复英文词间空格	the	the 	1	"r again appeared advising Horus in theBattle of Molech.

他在叛乱中的角色是荷鲁斯的首席执"
700	马洛赫斯特 Maloghurst	恢复英文词间空格	Guardto	Guard to	1	e directedCalas Typhonof the Death Guardto stop the fleeingfrigateEisensteinb
700	马洛赫斯特 Maloghurst	恢复英文句间空格	.Ma	. Ma	1	equently inducted as a Space Marine.Maloghurst went on to have a long his
700	马洛赫斯特 Maloghurst	恢复英文句间空格	.Kn	. Kn	1	"could be inducted as a Space Marine.Known as ""the Twisted"" for the comple"
700	马洛赫斯特 Maloghurst	恢复英文句间空格	.Du	. Du	1	 of the Phalanxduring the Solar War.During the Battle of Isstvan IIIhe di
700	马洛赫斯特 Maloghurst	恢复英文句间空格	.He	. He	1	arn the Emperor of Horus' treachery.He later again appeared advising Horu
700	马洛赫斯特 Maloghurst	恢复英文词间空格	of	of 	1	"isted扭曲者马洛赫斯特

Studying the powers ofChaosfromErebus, Maloghurst became "
700	马洛赫斯特 Maloghurst	恢复英文词间空格	and	and 	1	t became quite adept in the occult andDaemonancyas the Heresy ground on.S
700	马洛赫斯特 Maloghurst	恢复英文词间空格	the	the 	1	gning his injuries. Shortly before theBattle of Molech, Maloghurst perfor
700	马洛赫斯特 Maloghurst	恢复英文词间空格	the	the 	1	ntly sacrificed captured Humans to theRuinous Powersand summonedTormagedd
700	马洛赫斯特 Maloghurst	恢复英文词间空格	of	of 	1	"monhostto be the first in his army ofPossessed: theLuperci

马洛赫斯特从艾瑞巴斯学习"
700	马洛赫斯特 Maloghurst	恢复英文词间空格	the	the 	1	"the first in his army ofPossessed: theLuperci

马洛赫斯特从艾瑞巴斯学习了混沌之力，随着叛乱的壮大，"
700	马洛赫斯特 Maloghurst	恢复英文词间空格	the	the 	1	Following the wounding of Horus in theBattle of Trisolian, Horus fell int
700	马洛赫斯特 Maloghurst	恢复英文词间空格	of	of 	1	hurst eventually agreed to the aid ofLorgarandZardu Layak, working withS
700	马洛赫斯特 Maloghurst	恢复英文词间空格	with	with 	1	id ofLorgarandZardu Layak, working withSota-Nulto gain access to Horus' co
700	马洛赫斯特 Maloghurst	恢复英文词间空格	in	in 	1	rus' comatose body upon his throne inLupercal's Courtwithout the permiss
700	马洛赫斯特 Maloghurst	恢复英文词间空格	the	the 	1	oghurst entered the Warp and bound theDaemonAmarokto his will. Using Amar
700	马洛赫斯特 Maloghurst	恢复英文词间空格	by	by 	1	d converse further he was woken up byJustaerinand dragged beforeHorus Ax
700	马洛赫斯特 Maloghurst	恢复英文词间空格	the	the 	1	maturely from the Warp in front of theFortress WorldofHeta-Gladius, and A
700	马洛赫斯特 Maloghurst	恢复英文词间空格	by	by 	1	 eventually broken out of the jail byKalus Ekaddon, who helped him to re
700	马洛赫斯特 Maloghurst	恢复英文词间空格	and	and 	1	orced to battle both Sons of Horus andBlood Angelsfrom Heta-Gladius which
700	马洛赫斯特 Maloghurst	恢复英文词间空格	at	at 	1	 Horus' fragmented soul, this time atUllanorbefore the Triumph. He urged
700	马洛赫斯特 Maloghurst	恢复英文词间空格	the	the 	1	 control of the Legion in time for theSiege of Terra.Argonisbecame Horus'
700	马洛赫斯特 Maloghurst	恢复英文句间空格	.Se	. Se	1	d Daemonancyas the Heresy ground on.Serghar Targostbegan to suspect that 
700	马洛赫斯特 Maloghurst	恢复英文句间空格	.Ar	. Ar	1	gion in time for the Siege of Terra.Argonisbecame Horus' new equerry afte
702	哈斯塔·塞扬努斯 Hastur Sejanus	删除误重复字	-19的的平定谈	-19的平定谈	1	
702	哈斯塔·塞扬努斯 Hastur Sejanus	恢复英文词间空格	the	the 	1	Hastur Sejanus was theCaptainof the4th Companyof theLuna 
702	哈斯塔·塞扬努斯 Hastur Sejanus	恢复英文词间空格	the	the 	1	 was theCaptainof the4th Companyof theLuna WolvesSpace Marine Legionand a
702	哈斯塔·塞扬努斯 Hastur Sejanus	恢复英文词间空格	the	the 	1	Space Marine Legionand a member of theMournival. A senior commander and p
702	哈斯塔·塞扬努斯 Hastur Sejanus	恢复英文词间空格	by	by 	1	teen.His appearance was later used byErebusin an attempt to trick and co
702	哈斯塔·塞扬努斯 Hastur Sejanus	恢复英文词间空格	of	of 	1	"erce Horus into following the path ofChaos.

哈斯塔·塞扬努斯是影月苍狼星际战士军团第四连队的连长，"
702	哈斯塔·塞扬努斯 Hastur Sejanus	恢复英文词间空格	the	the 	1	una Wolves' joint undertaking with theBlood Angelsto subjugate theNephili
702	哈斯塔·塞扬努斯 Hastur Sejanus	恢复英文词间空格	the	the 	1	g with theBlood Angelsto subjugate theNephilimspecies onMelchior. He foug
702	哈斯塔·塞扬努斯 Hastur Sejanus	恢复英文词间空格	on	on 	1	elsto subjugate theNephilimspecies onMelchior. He fought with 8,000 legi
702	哈斯塔·塞扬努斯 Hastur Sejanus	恢复英文词间空格	the	the 	1	 the Luna Wolves waged war against theKeylekidspecies, Sejanus notably be
702	哈斯塔·塞扬努斯 Hastur Sejanus	恢复英文词间空格	to	to 	1	nus notably became a close comrade toPhosis T'Karof theThousand Sonsduri
702	哈斯塔·塞扬努斯 Hastur Sejanus	恢复英文词间空格	the	the 	1	e a close comrade toPhosis T'Karof theThousand Sonsduring T'Kar's secondm
702	哈斯塔·塞扬努斯 Hastur Sejanus	恢复英文词间空格	the	the 	1	 of brotherhood was renewed during theUllanor Triumph, which both captain
702	哈斯塔·塞扬努斯 Hastur Sejanus	恢复英文词间空格	the	the 	1	elf and the three other members of theMournival, from a silversmithrememb
702	哈斯塔·塞扬努斯 Hastur Sejanus	恢复英文词间空格	the	the 	1	anor Triumph, in the 203rd year of theGreat Crusade, Captain Sejanus was 
702	哈斯塔·塞扬努斯 Hastur Sejanus	恢复英文词间空格	the	the 	1	 ordered that Sejanus's murderers, theInvisibles, be decimated. Sejanus's
702	哈斯塔·塞扬努斯 Hastur Sejanus	恢复英文词间空格	the	the 	1	uring the Warmaster's treatment in theSerpent LodgeonDavin, in an attempt
702	哈斯塔·塞扬努斯 Hastur Sejanus	恢复英文词间空格	the	the 	1	n, Sejanus was a popular figure in theLuna Wolves. Both an accomplished d
702	哈斯塔·塞扬努斯 Hastur Sejanus	恢复英文词间空格	Legionand	Legion and	1	panyof the Luna WolvesSpace Marine Legionand a member of the Mournival. A senio
702	哈斯塔·塞扬努斯 Hastur Sejanus	恢复英文句间空格	.Hi	. Hi	1	gotiations uponSixty-Three-Nineteen.His appearance was later used by Ereb
702	哈斯塔·塞扬努斯 Hastur Sejanus	恢复英文句间空格	.Th	. Th	1	ng T'Kar's secondment to his legion.Their bond of brotherhood was renewed
702	哈斯塔·塞扬努斯 Hastur Sejanus	恢复英文句间空格	.Wa	. Wa	1	c treaty) caused particular outrage.WarmasterHorus, who was said to have 
702	哈斯塔·塞扬努斯 Hastur Sejanus	恢复英文句间空格	.He	. He	1	 was no finer figure inMk. IV plate.He had widely set eyes that glittered
705	科尔·法伦 Kor Phaeron	删除误重复字	事情。在在赫利俄	事情。在赫利俄	1	
705	科尔·法伦 Kor Phaeron	恢复英文词间空格	was	was 	1	ck Cardinal and The Dark Cardinal, wasLorgar's foster father and spiritua
705	科尔·法伦 Kor Phaeron	恢复英文词间空格	on	on 	1	oster father and spiritual advisor onColchis, and thePrimarchtrusted his
705	科尔·法伦 Kor Phaeron	恢复英文词间空格	the	the 	1	d spiritual advisor onColchis, and thePrimarchtrusted his counsel most of
705	科尔·法伦 Kor Phaeron	恢复英文词间空格	the	the 	1	ch through all his battles against theCovenant, providing him spiritual g
705	科尔·法伦 Kor Phaeron	恢复英文词间空格	As	As 	1	the battles seemed to have no end. AsLorgartook command of hisLegion, Ko
705	科尔·法伦 Kor Phaeron	恢复英文词间空格	his	his 	1	ve no end. AsLorgartook command of hisLegion, Kor Phaeron became his seco
705	科尔·法伦 Kor Phaeron	恢复英文词间空格	the	the 	1	me his second-in-command, becoming theFirst Captainof theWord BearersLegi
705	科尔·法伦 Kor Phaeron	恢复英文词间空格	the	the 	1	mmand, becoming theFirst Captainof theWord BearersLegion. Along withErebu
705	科尔·法伦 Kor Phaeron	恢复英文词间空格	with	with 	1	ainof theWord BearersLegion. Along withErebus, Kor Phaeron was among the f
705	科尔·法伦 Kor Phaeron	恢复英文词间空格	the	the 	1	Kor Phaeron was among the first of theAdeptus Astartesto fall toChaosand 
705	科尔·法伦 Kor Phaeron	恢复英文词间空格	to	to 	1	irst of theAdeptus Astartesto fall toChaosand create the firstChaos Spac
705	科尔·法伦 Kor Phaeron	恢复英文词间空格	Astartesto	Astartes to	1	was among the first of the Adeptus Astartesto fall to Chaosand create the firstC
705	科尔·法伦 Kor Phaeron	恢复英文词间空格	Chaosand	Chaos and	1	 of the Adeptus Astartesto fall to Chaosand create the firstChaos Space Marine
705	科尔·法伦 Kor Phaeron	恢复英文词间空格	Marinesby	Marines by	1	aosand create the firstChaos Space Marinesby converting his Primarch and Legion
705	科尔·法伦 Kor Phaeron	恢复英文句间空格	.He	. He	1	 converting his Primarch and Legion.He is currently the Keeper of the Fai
705	科尔·法伦 Kor Phaeron	恢复英文词间空格	on	on 	1	"Phaeron科尔·法伦

**History 历史**

Born onColchisand raised in an orphanage, "
705	科尔·法伦 Kor Phaeron	恢复英文词间空格	the	the 	1	anage, Kor Phaeron was a priest of theThe Covenant. After advocating that
705	科尔·法伦 Kor Phaeron	恢复英文词间空格	the	the 	1	and seeing him as an instrument of theGreat Powers, the power-hungry Kor 
705	科尔·法伦 Kor Phaeron	恢复英文词间空格	of	of 	1	nitially rejected Lorgar's concept ofOne God, instead insisting to the C
705	科尔·法伦 Kor Phaeron	恢复英文词间空格	of	of 	1	"nsisting to the Covenant's concept ofFour Deities.

科尔·法伦出生在科尔基斯，在孤儿院长大，"
705	科尔·法伦 Kor Phaeron	恢复英文词间空格	the	the 	1	e two worked together to overthrow theCovenant of Colchis.At this point, 
705	科尔·法伦 Kor Phaeron	恢复英文词间空格	the	the 	1	from Lorgar, including his role in theDark Heartof the Covenant that soug
705	科尔·法伦 Kor Phaeron	恢复英文词间空格	the	the 	1	"有的地位。

After Lorgar's discovery by theEmperor, Kor Phaeron was found to b"
705	科尔·法伦 Kor Phaeron	恢复英文词间空格	the	the 	1	ne-seedtherapy to be inducted into theAdeptus Astartesbut was nonetheless
705	科尔·法伦 Kor Phaeron	恢复英文词间空格	the	the 	1	he Legion's 1st Company as well as theDark Heart Chapterand itsTerminator
705	科尔·法伦 Kor Phaeron	恢复英文词间空格	its	its 	1	s well as theDark Heart Chapterand itsTerminatorelitePhraetus Anointed.Ho
705	科尔·法伦 Kor Phaeron	恢复英文词间空格	the	the 	1	lready begun to worship aspects of theGods of Chaosthrough the Covenant w
705	科尔·法伦 Kor Phaeron	恢复英文词间空格	as	as 	1	e Word Bearers brought worlds such asDavininto theImperiumon theGreat Cr
705	科尔·法伦 Kor Phaeron	恢复英文词间空格	the	the 	1	rs brought worlds such asDavininto theImperiumon theGreat Crusade, Kor Ph
705	科尔·法伦 Kor Phaeron	恢复英文词间空格	the	the 	1	lds such asDavininto theImperiumon theGreat Crusade, Kor Phaeron noticed 
705	科尔·法伦 Kor Phaeron	恢复英文词间空格	and	and 	1	"错误的。

Ahzek Ahriman, First Captain andChief Librarianof theThousand Sons,"
705	科尔·法伦 Kor Phaeron	恢复英文词间空格	the	the 	1	First Captain andChief Librarianof theThousand Sons, spent five years att
705	科尔·法伦 Kor Phaeron	恢复英文词间空格	of	of 	1	earers during the Crusade, as part ofMagnus the Red's effort to improve 
705	科尔·法伦 Kor Phaeron	恢复英文词间空格	the	the 	1	 and encourage cooperation between theSpace Marine Legions. Although he b
705	科尔·法伦 Kor Phaeron	恢复英文词间空格	on	on 	1	aw it.During the war of compliance onHeliosa, a joint effort between the
705	科尔·法伦 Kor Phaeron	恢复英文词间空格	the	the 	1	ousand Sons, the Word Bearers, and theSpace Wolves, Kor Phaeron ordered t
705	科尔·法伦 Kor Phaeron	恢复英文词间空格	the	the 	1	"为是一种可怕的浪费。

Several decades before theHorus Heresy, Lorgar had received a"
705	科尔·法伦 Kor Phaeron	恢复英文词间空格	with	with 	1	Primarch, Kor Phaeron came at odds withSor Talgron, Captain of the 34th Co
705	科尔·法伦 Kor Phaeron	恢复英文词间空格	and	and 	1	ought into compliance. Kor Phaeron andFirst ChaplainErebuswere the only o
705	科尔·法伦 Kor Phaeron	恢复英文词间空格	the	the 	1	d Lorgar to seek out the powers of theWarp. As Lorgar emerged from his se
705	科尔·法伦 Kor Phaeron	恢复英文词间空格	the	the 	1	on then helped to lead Lorgar into theEye of Terror, where the Primarch f
705	科尔·法伦 Kor Phaeron	恢复英文词间空格	the	the 	1	"here the Primarch finally accepted thePrimordial Truth.

在荷鲁斯叛乱之前的几十年里，珞珈"
705	科尔·法伦 Kor Phaeron	恢复英文词间空格	and	and 	1	Master of the Faith, and it was he andErebus's influence that eventually 
705	科尔·法伦 Kor Phaeron	恢复英文词间空格	the	the 	1	rd Bearers surprise attack against theUltramarinesat theBattle of Calth.D
705	科尔·法伦 Kor Phaeron	恢复英文词间空格	the	the 	1	e attack against theUltramarinesat theBattle of Calth.During the fighting
705	科尔·法伦 Kor Phaeron	恢复英文词间空格	the	the 	1	 Guillimanto Chaos with a shard of theAnathamejust as Erebus had done wit
705	科尔·法伦 Kor Phaeron	恢复英文词间空格	with	with 	1	theAnathamejust as Erebus had done withHorus, but Guilliman only answered 
705	科尔·法伦 Kor Phaeron	恢复英文词间空格	the	the 	1	aeron retreated into thewarpaboard theInfidus Imperator, pursued by the U
705	科尔·法伦 Kor Phaeron	恢复英文词间空格	the	the 	1	pursued by the Ultramarines aboard theMacragge's Honour. After luring the
705	科尔·法伦 Kor Phaeron	恢复英文词间空格	on	on 	1	h his*athame*and escaped, arriving onSicarus, aDaemon Worldinside theEye
705	科尔·法伦 Kor Phaeron	恢复英文词间空格	a	a 	1	e*and escaped, arriving onSicarus, aDaemon Worldinside theEye of Terror
705	科尔·法伦 Kor Phaeron	恢复英文词间空格	the	the 	1	ing onSicarus, aDaemon Worldinside theEye of Terror. Attacked but Daemons
705	科尔·法伦 Kor Phaeron	恢复英文词间空格	as	as 	1	 group is saved by a prophet known asJepeth, who states that if Kor Phae
705	科尔·法伦 Kor Phaeron	恢复英文词间空格	to	to 	1	 with his own athame that a portal toTerrato open up to allow the rest t
705	科尔·法伦 Kor Phaeron	恢复英文词间空格	the	the 	1	" Bearers following their defeat in theHorus Heresy.

战败后，科尔·法伦乘坐伪帝号撤退到亚空间"
705	科尔·法伦 Kor Phaeron	恢复英文词间空格	Astartesbut	Astartes but	1	py to be inducted into the Adeptus Astartesbut was nonetheless enhanced through t
705	科尔·法伦 Kor Phaeron	恢复英文词间空格	Chapterand	Chapter and	1	 Company as well as the Dark Heart Chapterand its TerminatorelitePhraetus Anoint
705	科尔·法伦 Kor Phaeron	恢复英文词间空格	Imperiumon	Imperium on	1	ought worlds such as Davininto the Imperiumon the Great Crusade, Kor Phaeron not
705	科尔·法伦 Kor Phaeron	恢复英文词间空格	Guillimanto	Guilliman to	1	 turnUltramarines' primarchRoboute Guillimanto Chaos with a shard of the Anathame
705	科尔·法伦 Kor Phaeron	恢复英文词间空格	Terrato	Terra to	1	th his own athame that a portal to Terrato open up to allow the rest to fight
705	科尔·法伦 Kor Phaeron	恢复英文句间空格	.Ga	. Ga	1	 Colchis' capital city of Vharadesh.Gathering a small following and deliv
705	科尔·法伦 Kor Phaeron	恢复英文句间空格	.Ko	. Ko	1	xistence a secret from The Covenant.Kor Phaeron went on to raise Lorgar a
705	科尔·法伦 Kor Phaeron	恢复英文句间空格	.At	. At	1	o overthrow the Covenant of Colchis.At this point, Kor Phaeron seemed to 
705	科尔·法伦 Kor Phaeron	恢复英文句间空格	.Al	. Al	1	ecially-adapted suit ofpower armour.Although he possessed a stature and e
705	科尔·法伦 Kor Phaeron	恢复英文句间空格	.Ho	. Ho	1	ts TerminatorelitePhraetus Anointed.However at some point during his time
705	科尔·法伦 Kor Phaeron	恢复英文句间空格	.Du	. Du	1	"that was not ""right"" as they saw it.During the war of compliance on Helio"
705	科尔·法伦 Kor Phaeron	恢复英文句间空格	.Ko	. Ko	1	were already worshiping the Emperor.Kor Phaeron then helped to lead Lorga
705	科尔·法伦 Kor Phaeron	恢复英文句间空格	.Du	. Du	1	 Ultramarinesat the Battle of Calth.During the fighting in Calth's orbit,
705	科尔·法伦 Kor Phaeron	恢复英文句间空格	.In	. In	1	d his fellowship remains on Sicarus.In time Sicarus would become the home
705	科尔·法伦 Kor Phaeron	恢复英文词间空格	with	with 	1	 often engages in a power struggle withFirst ChaplainErebus. Concerned tha
705	科尔·法伦 Kor Phaeron	恢复英文词间空格	the	the 	1	that Erebus has too much sway over theDark Counciland that he is leading 
705	科尔·法伦 Kor Phaeron	恢复英文词间空格	by	by 	1	s tipped off of the attempted coup byDark ApostleMarduk.Kor Phaeron reno
705	科尔·法伦 Kor Phaeron	恢复英文句间空格	.Ko	. Ko	1	ttempted coup by Dark ApostleMarduk.Kor Phaeron renounced all ties to the
705	科尔·法伦 Kor Phaeron	恢复英文词间空格	The	The 	1	"

TheDark ApostleKor Phaeron 黑暗使徒科尔·法伦

"
705	科尔·法伦 Kor Phaeron	恢复英文词间空格	the	the 	1	"尔·法伦

InM38, Kor Phaeron corrupted theImperial Culton the world ofTyrinew"
705	科尔·法伦 Kor Phaeron	恢复英文词间空格	of	of 	1	upted theImperial Culton the world ofTyrinewithin theMaelstromto lure in
705	科尔·法伦 Kor Phaeron	恢复英文词间空格	the	the 	1	al Culton the world ofTyrinewithin theMaelstromto lure in and sacrificeCr
705	科尔·法伦 Kor Phaeron	恢复英文词间空格	by	by 	1	oSlaanesh. Instead he was banished byEla'Ashbel Ansgar: the childFarseer
705	科尔·法伦 Kor Phaeron	恢复英文词间空格	the	the 	1	the childFarseerand incarnation of theEhveline. Her intervention was not 
705	科尔·法伦 Kor Phaeron	恢复英文词间空格	the	the 	1	future and her ability to deny him thePyrus Reach Sectorand, through his 
705	科尔·法伦 Kor Phaeron	恢复英文词间空格	in	in 	1	 to allow Chaos to gain a foothold inSegmentum Solar. Targeting theVerit
705	科尔·法伦 Kor Phaeron	恢复英文词间空格	the	the 	1	thold inSegmentum Solar. Targeting theVeritus Sub-Sector, Kor Phaeron pla
705	科尔·法伦 Kor Phaeron	恢复英文词间空格	the	the 	1	n planned an elaborate invasion of theTalledus Systemshortly before the f
705	科尔·法伦 Kor Phaeron	恢复英文词间空格	the	the 	1	temshortly before the formation of theGreat Rift. Upon the subsequent reb
705	科尔·法伦 Kor Phaeron	恢复英文词间空格	of	of 	1	 Rift. Upon the subsequent rebirth ofRoboute GuillimanKor Phaeron fumed 
705	科尔·法伦 Kor Phaeron	恢复英文词间空格	the	the 	1	lesswhen he received a vision that thePrimarchwould be far from Segmentum
705	科尔·法伦 Kor Phaeron	恢复英文词间空格	the	the 	1	be far from Segmentum Solar due to theIndomitus Crusade. Kor Phaeron led 
705	科尔·法伦 Kor Phaeron	恢复英文词间空格	of	of 	1	sade. Kor Phaeron led the invasion ofBenedictionpersonally and encamped 
705	科尔·法伦 Kor Phaeron	恢复英文词间空格	the	the 	1	hat appears to be the awakening of theStar Child. He next worked with the
705	科尔·法伦 Kor Phaeron	恢复英文词间空格	the	the 	1	theStar Child. He next worked with theBlack LegionSorcererTenebrusto find
705	科尔·法伦 Kor Phaeron	恢复英文词间空格	of	of 	1	he Heresy, Kor Phaeron wore a suit ofTerminator Armourknown as the*Termi
705	科尔·法伦 Kor Phaeron	恢复英文词间空格	the	the 	1	igi-Flamer. However by the time of theBattle of CalthKor Phaeron's true p
705	科尔·法伦 Kor Phaeron	恢复英文词间空格	a	a 	1	wer lay with his sorcery, wielding aAthameBlade and capable of bringing
705	科尔·法伦 Kor Phaeron	恢复英文词间空格	the	the 	1	 and capable of bringing down even thePrimarchRoboute Guillimanwith psych
705	科尔·法伦 Kor Phaeron	恢复英文词间空格	Guillimanwith	Guilliman with	1	"ging down even the PrimarchRoboute Guillimanwith psychic blasts.

在叛乱之前和叛乱期间，科尔·法伦穿"
705	科尔·法伦 Kor Phaeron	恢复英文句间空格	.Af	. Af	1	elf outside its central temple-city.After departing the warzone, Kor Phae
705	科尔·法伦 Kor Phaeron	恢复英文词间空格	by	by 	1	"tes 注释**

Kor Phaeron is described byXaphen,Chaplainof the 7th Company a"
705	科尔·法伦 Kor Phaeron	恢复英文词间空格	the	the 	1	"nof the 7th Company at the time of theGreat Crusadeas a ""False Astartes""."
705	科尔·法伦 Kor Phaeron	恢复英文词间空格	Crusadeas	Crusade as	1	"h Company at the time of the Great Crusadeas a ""False Astartes"". At the time of"
706	艾瑞巴斯 Erebus	恢复英文句间空格	.He	. He	1	ng the last stages of the Solar War.He eventually appeared before Erda in
706	艾瑞巴斯 Erebus	恢复英文句间空格	.In	. In	1	d all four types of Greater Daemons.In the furious battle that followed, 
706	艾瑞巴斯 Erebus	恢复英文句间空格	.Af	. Af	1	to stab her with his Anathame blade.After the battle Erebus sensed that E
706	艾瑞巴斯 Erebus	恢复英文句间空格	.He	. He	1	trol of the Legion with Kor Phaeron.He lead an invasion into the Pyrus Re
707	安格尔·塔尔 Argel Tal	Field 对应的错别字	盖勒立场	盖勒力场	2	
707	安格尔·塔尔 Argel Tal	恢复英文句间空格	.Fo	. Fo	1	 dubbed the Twin Swords of Red Iron.Following the Drop Site Massacre, he 
708	沃坎 Vulkan	删除误重复字	和他们的的原体康	和他们的原体康	1	
708	沃坎 Vulkan	恢复英文句间空格	.So	. So	1	empted to find and kill Fabius Bile.Sometime later, Vulkan chose to leave
716	希德·兰科 Sheed Ranko	恢复英文词间空格	an	an 	1	Sheed Ranko was anAlpha LegionCaptainof theLernaeanat
716	希德·兰科 Sheed Ranko	恢复英文词间空格	the	the 	1	 Ranko was anAlpha LegionCaptainof theLernaeanat the time of theHorus Her
716	希德·兰科 Sheed Ranko	恢复英文词间空格	the	the 	1	aptainof theLernaeanat the time of theHorus Heresy.He was unusally large 
716	希德·兰科 Sheed Ranko	恢复英文词间空格	as	as 	1	arineand was able to easily double asAlphariusorOmegonin diplomatic circ
716	希德·兰科 Sheed Ranko	恢复英文句间空格	.He	. He	1	aeanat the time of the Horus Heresy.He was unusally large for aspace mari
716	希德·兰科 Sheed Ranko	恢复英文词间空格	by	by 	1	ecy, according to an account given byAlphariuswhich is said to be a lie,
716	希德·兰科 Sheed Ranko	恢复英文词间空格	the	the 	1	by his co-PrimarchOmegonto destroy theTenebraeinstallation on suspicion t
718	雷吉斯·沃蒂默 Regis Vortimer	恢复英文词间空格	a	a 	1	Regis Vortimer was aMaster Armourerof theGrey Knights. 
718	雷吉斯·沃蒂默 Regis Vortimer	恢复英文词间空格	the	the 	1	is Vortimer was aMaster Armourerof theGrey Knights. He is responsible for
723	亚撒利雅·凯拉斯 Azariah Kyras	恢复英文词间空格	to	to 	1	ulum- we have gathered a sacrifice toKhornethat will be made legend. Tho
723	亚撒利雅·凯拉斯 Azariah Kyras	恢复英文词间空格	the	the 	1	inated me during my centuries upon theJudgement of Carrion...it wasKhorne
723	亚撒利雅·凯拉斯 Azariah Kyras	恢复英文词间空格	was	was 	1	 upon theJudgement of Carrion...it wasKhorne's messengerwho showed me the
723	亚撒利雅·凯拉斯 Azariah Kyras	恢复英文词间空格	the	the 	1	" MasterandChief Librarianboth – of theBlood Ravens.

亚撒利雅·凯拉斯是血鸦的领袖 — 战团长"
723	亚撒利雅·凯拉斯 Azariah Kyras	恢复英文词间空格	the	the 	1	s known is that 1,000 years before theBlack Legion's invasion ofSubsector
723	亚撒利雅·凯拉斯 Azariah Kyras	恢复英文词间空格	of	of 	1	 before theBlack Legion's invasion ofSubsector Aurelia, planetAureliadis
723	亚撒利雅·凯拉斯 Azariah Kyras	恢复英文词间空格	a	a 	1	a, planetAureliadisappeared during aWarp Stormafter being pushed suffic
723	亚撒利雅·凯拉斯 Azariah Kyras	恢复英文词间空格	the	the 	1	ust before the planet was taken by theWarp, Epistolary Kyras managed to i
723	亚撒利雅·凯拉斯 Azariah Kyras	恢复英文词间空格	of	of 	1	eat Unclean OneofNurgleby the name ofUlkair, after his masterMoriahwas k
723	亚撒利雅·凯拉斯 Azariah Kyras	恢复英文词间空格	the	the 	1	h Company aboard aspace hulkcalled theJudgment of Carrion. Kyras aidedApo
723	亚撒利雅·凯拉斯 Azariah Kyras	恢复英文词间空格	and	and 	1	xpedition, in fighting the daemons andTyranidsinfesting the hulk. Though 
723	亚撒利雅·凯拉斯 Azariah Kyras	恢复英文词间空格	the	the 	1	 stationed as an Apothecary within theHonour Guard.Angelos subtly investi
723	亚撒利雅·凯拉斯 Azariah Kyras	恢复英文词间空格	The	The 	1	"cond Aurelian Crusade 第二次奥瑞利亚远征**

TheBlack Legion's invasion into subsec"
723	亚撒利雅·凯拉斯 Azariah Kyras	恢复英文词间空格	and	and 	1	"化；只有他手下的一些人受到了污染。

Gabriel Angelos andAramusdisobeyed the Chapter Master'"
723	亚撒利雅·凯拉斯 Azariah Kyras	恢复英文词间空格	the	the 	1	ely thedaemonofKhornereleased from theMaledictumbyGabriel AngelosonTartar
723	亚撒利雅·凯拉斯 Azariah Kyras	恢复英文词间空格	the	the 	1	t fully convinced Kyras to forsake theEmperor. Kyras eventually extended 
723	亚撒利雅·凯拉斯 Azariah Kyras	恢复英文词间空格	to	to 	1	Exterminatus under way, Kyras went toCyrene, a former Blood Raven recrui
723	亚撒利雅·凯拉斯 Azariah Kyras	恢复英文词间空格	to	to 	1	ars before. There Kyras' ascension toDaemon Princewas interrupted by Blo
723	亚撒利雅·凯拉斯 Azariah Kyras	恢复英文句间空格	.An	. An	1	 Apothecary within the Honour Guard.Angelos subtly investigated Kyras' ac
723	亚撒利雅·凯拉斯 Azariah Kyras	恢复英文句间空格	.Ky	. Ky	1	ologue for a Chapter-wide civil war.Kyras declared Angelos and his follow
725	阿波罗·狄俄墨得斯 Apollo Diomedes	恢复英文词间空格	a	a 	1	" 连长狄俄墨得斯

Apollo Diomedes was once aCaptainof theBlood RavensHonour Gua"
725	阿波罗·狄俄墨得斯 Apollo Diomedes	恢复英文词间空格	the	the 	1	pollo Diomedes was once aCaptainof theBlood RavensHonour Guardduring theA
725	阿波罗·狄俄墨得斯 Apollo Diomedes	恢复英文词间空格	the	the 	1	 theBlood RavensHonour Guardduring theAurelian Crusades. After the Aureli
725	阿波罗·狄俄墨得斯 Apollo Diomedes	恢复英文词间空格	Guardduring	Guard during	1	a Captainof the Blood RavensHonour Guardduring the Aurelian Crusades. After the A
725	阿波罗·狄俄墨得斯 Apollo Diomedes	恢复英文句间空格	.If	. If	1	f and the purpose he has granted us.If we shall die fulfilling that purpo
725	阿波罗·狄俄墨得斯 Apollo Diomedes	恢复英文句间空格	.Ch	. Ch	1	 Honour Guard and became a Chaplain.Chapter MasterGabriel Angeloshas decl
725	阿波罗·狄俄墨得斯 Apollo Diomedes	恢复英文词间空格	the	the 	1	"·狄俄墨得斯

**Biography 传记**

**Before theAurelian Crusades 奥瑞利安远征前**

Captai"
725	阿波罗·狄俄墨得斯 Apollo Diomedes	恢复英文词间空格	the	the 	1	 day, he and his brothers defeated theOrkWarbossManstompa Megakillaand th
725	阿波罗·狄俄墨得斯 Apollo Diomedes	恢复英文词间空格	the	the 	1	heOrkWarbossManstompa Megakillaand theChaos SorcererAnupharis the Cruel. 
725	阿波罗·狄俄墨得斯 Apollo Diomedes	恢复英文词间空格	the	the 	1	des was elevated to the command of theChapter Master'sown honour guard, b
725	阿波罗·狄俄墨得斯 Apollo Diomedes	恢复英文词间空格	his	his 	1	"次奥瑞利安远征**

The Rescue救援

Aramusand hisBattle-Brothersfrom the Blood Raven"
725	阿波罗·狄俄墨得斯 Apollo Diomedes	恢复英文词间空格	from	from 	1	sked for a report on what happened fromScout SergeantPriamand Aramus and h
725	阿波罗·狄俄墨得斯 Apollo Diomedes	恢复英文词间空格	their	their 	1	amus and his brothers to return to theirStrike Cruiserand await further ord
725	阿波罗·狄俄墨得斯 Apollo Diomedes	恢复英文句间空格	.Th	. Th	1	ter's Locater Signal to ambush them.Thaddeusinterjected when Diomedes dis
725	阿波罗·狄俄墨得斯 Apollo Diomedes	恢复英文词间空格	on	on 	1	ssue a planetwide stand down order onCalderisto stop hunting down theBla
725	阿波罗·狄俄墨得斯 Apollo Diomedes	恢复英文词间空格	the	the 	1	der onCalderisto stop hunting down theBlack Legion. The majority of the B
725	阿波罗·狄俄墨得斯 Apollo Diomedes	恢复英文词间空格	the	the 	1	"ers 星区撤离令

Several days later into theSecond Aurelian Crusade, Captain Di"
725	阿波罗·狄俄墨得斯 Apollo Diomedes	恢复英文词间空格	the	the 	1	s and prepare for mobilisation for theFerox Rift Crusade. Aramus and his 
725	阿波罗·狄俄墨得斯 Apollo Diomedes	恢复英文词间空格	their	their 	1	Diomedes, with full authority from theirChapter Master,Azariah Kyras; Diome
725	阿波罗·狄俄墨得斯 Apollo Diomedes	恢复英文词间空格	the	the 	1	as he escaped with his brothers on theBattle BargeLitany of Fury. Aramus 
725	阿波罗·狄俄墨得斯 Apollo Diomedes	恢复英文词间空格	from	from 	1	slayedApothecaryGalanand freed him fromDaemonic Possession; Galan revealed
725	阿波罗·狄俄墨得斯 Apollo Diomedes	恢复英文词间空格	the	the 	1	pted during the expedition onboard theJudgement of Carrionand how they we
725	阿波罗·狄俄墨得斯 Apollo Diomedes	恢复英文词间空格	the	the 	1	onand how they were hunted down by theGreater DaemonofNurglenamedUlkair. 
725	阿波罗·狄俄墨得斯 Apollo Diomedes	恢复英文词间空格	by	by 	1	e remnants of the Black Legion led byEliphas the Inheritorwho was revive
725	阿波罗·狄俄墨得斯 Apollo Diomedes	恢复英文词间空格	by	by 	1	iphas the Inheritorwho was revived byAbaddon The Despoiler.After ten yea
725	阿波罗·狄俄墨得斯 Apollo Diomedes	恢复英文词间空格	by	by 	1	and he travelled there accompanied byTechmarineMartellusand several Bloo
725	阿波罗·狄俄墨得斯 Apollo Diomedes	恢复英文词间空格	on	on 	1	. Arriving at the Ladon Swamplands onTyphon Primaris, Martellus received
725	阿波罗·狄俄墨得斯 Apollo Diomedes	恢复英文句间空格	.Ta	. Ta	1	gus and confronted Diomedes himself.Tarkusopenly confronted and debated D
725	阿波罗·狄俄墨得斯 Apollo Diomedes	恢复英文句间空格	.Ye	. Ye	1	t shedding the blood of my brothers.Yet, hope endures! A handful of heroe
725	阿波罗·狄俄墨得斯 Apollo Diomedes	恢复英文句间空格	.Af	. Af	1	as revived by Abaddon The Despoiler.After ten years of searching he found
725	阿波罗·狄俄墨得斯 Apollo Diomedes	恢复英文词间空格	in	in 	1	trategic location; Diomedes called inDevastator Marinesthen ordered them
725	阿波罗·狄俄墨得斯 Apollo Diomedes	恢复英文词间空格	by	by 	1	ted and Diomedes was congratulated byAzariah Kyrasfor slaying Eliphas.Cy
725	阿波罗·狄俄墨得斯 Apollo Diomedes	恢复英文词间空格	the	the 	1	d a priority vox transmission from theInquisitionand immediately relayed 
725	阿波罗·狄俄墨得斯 Apollo Diomedes	恢复英文词间空格	the	the 	1	d herself as the representative of theOrdo Hereticusand Diomedes debriefe
725	阿波罗·狄俄墨得斯 Apollo Diomedes	恢复英文词间空格	the	the 	1	e ruins were currently occupied by theCadian 39th, who hadgone rogueand j
725	阿波罗·狄俄墨得斯 Apollo Diomedes	恢复英文词间空格	the	the 	1	 39th, who hadgone rogueand joined theAlpha LegionWarband. After Diomedes
725	阿波罗·狄俄墨得斯 Apollo Diomedes	恢复英文词间空格	a	a 	1	adian 39th's Commander who rode on aBanebladeand began ordering his men
725	阿波罗·狄俄墨得斯 Apollo Diomedes	恢复英文词间空格	by	by 	1	lood Ravens Strike Force Omega led bySergeantLysandros: they had been gi
725	阿波罗·狄俄墨得斯 Apollo Diomedes	恢复英文词间空格	a	a 	1	Blood Ravens outpost and requested aRazorbackand several troops to bols
725	阿波罗·狄俄墨得斯 Apollo Diomedes	恢复英文词间空格	to	to 	1	des and his strike force travelled toAureliato find more clues. However,
725	阿波罗·狄俄墨得斯 Apollo Diomedes	恢复英文词间空格	an	an 	1	ntercepted a vox transmission from anAlpha LegionWarbandregarding their 
725	阿波罗·狄俄墨得斯 Apollo Diomedes	恢复英文词间空格	by	by 	1	ni Warhawksthat had been corrupted byUlkair. The Traitors had secured a 
725	阿波罗·狄俄墨得斯 Apollo Diomedes	恢复英文词间空格	their	their 	1	er, the Harakoni Warhawks deployed theirManticorebatteries to bombard the B
725	阿波罗·狄俄墨得斯 Apollo Diomedes	恢复英文词间空格	a	a 	1	mander showed himself while inside aBanewolf. Diomedes successfully kil
725	阿波罗·狄俄墨得斯 Apollo Diomedes	恢复英文词间空格	to	to 	1	ld Diomedes that they could travel toMeridian, however, he intercepted a
725	阿波罗·狄俄墨得斯 Apollo Diomedes	恢复英文词间空格	the	the 	1	ion regarding Traitor Guardsmen of theCadian 110thas they mentioned follo
725	阿波罗·狄俄墨得斯 Apollo Diomedes	恢复英文词间空格	his	his 	1	ut not before the Sergeant ordered hisLeman Russesto retreat and ordered 
725	阿波罗·狄俄墨得斯 Apollo Diomedes	恢复英文词间空格	a	a 	1	" Nob revealed their secret weapon (aBattlewagoncalled ""Daisy"") and star"
725	阿波罗·狄俄墨得斯 Apollo Diomedes	恢复英文词间空格	an	an 	1	 and his Brothers were ambushed by anAeldariWarp SpiderExarchand his War
725	阿波罗·狄俄墨得斯 Apollo Diomedes	恢复英文词间空格	their	their 	1	hand his Warhost as they protected theirSeer Councilfrom the invaders. Diom
725	阿波罗·狄俄墨得斯 Apollo Diomedes	恢复英文词间空格	a	a 	1	 forced to accept a challenge from aAlpha LegionChaos Champion. The str
725	阿波罗·狄俄墨得斯 Apollo Diomedes	恢复英文词间空格	the	the 	1	Primaris, the survivors arrived on theJudgement of Carrion. Cyrus asked D
725	阿波罗·狄俄墨得斯 Apollo Diomedes	恢复英文词间空格	as	as 	1	akdown revealed his true indentity asTarkus. Tarkus helped Diomedes snap
725	阿波罗·狄俄墨得斯 Apollo Diomedes	恢复英文词间空格	the	the 	1	ion*. As they continued to explore theSpace Hulk, a Mad Mek detected them
725	阿波罗·狄俄墨得斯 Apollo Diomedes	恢复英文词间空格	and	and 	1	Alpha Legion, Traitor Blood Ravens andCadian 85thFire Drakes scavenging w
725	阿波罗·狄俄墨得斯 Apollo Diomedes	恢复英文词间空格	a	a 	1	ing weapons and vehicles including aLand Raider Redeemer. Arriving at F
725	阿波罗·狄俄墨得斯 Apollo Diomedes	恢复英文词间空格	of	of 	1	 Land Raider fuelled by the powers ofChaosand desperately fought Diomede
725	阿波罗·狄俄墨得斯 Apollo Diomedes	恢复英文词间空格	a	a 	1	ged to slowly ascend into becoming aDaemon Princewithin the Pit of the 
725	阿波罗·狄俄墨得斯 Apollo Diomedes	恢复英文词间空格	the	the 	1	 men but battled their way against theAlpha LegionWarband under Kyras' co
725	阿波罗·狄俄墨得斯 Apollo Diomedes	恢复英文词间空格	a	a 	1	"ur Guard and take on a new role as aChaplain.

由于持续的战争和提丰一号的灭绝令，该分区内的死亡"
725	阿波罗·狄俄墨得斯 Apollo Diomedes	恢复英文词间空格	a	a 	1	iomedes was the first depiction of aFirstborn Marinereimagined as aPrim
725	阿波罗·狄俄墨得斯 Apollo Diomedes	恢复英文词间空格	a	a 	1	 of aFirstborn Marinereimagined as aPrimaris Marinevia an in-game skin,
725	阿波罗·狄俄墨得斯 Apollo Diomedes	恢复英文词间空格	the	the 	1	"born Marine in-universe to receive theRubicon Primarissurgery.

牧师阿波罗·狄俄墨"
725	阿波罗·狄俄墨得斯 Apollo Diomedes	恢复英文词间空格	Chaosand	Chaos and	1	nd Raider fuelled by the powers of Chaosand desperately fought Diomedes and hi
725	阿波罗·狄俄墨得斯 Apollo Diomedes	恢复英文句间空格	.Cy	. Cy	1	by Azariah Kyrasfor slaying Eliphas.Cyrusoverheard their conversation and
725	阿波罗·狄俄墨得斯 Apollo Diomedes	恢复英文句间空格	.In	. In	1	 immediately relayed it to Diomedes.InquisitorAdrastiaintroduced herself 
726	伊瑞尔·里卡里乌斯 Yriel Rikarius	恢复英文词间空格	was	was 	1	Yriel Rikarius wasCaptainof theBlood Ravens2nd Compan
726	伊瑞尔·里卡里乌斯 Yriel Rikarius	恢复英文词间空格	the	the 	1	"Yriel Rikarius wasCaptainof theBlood Ravens2nd Company duringM37.
"
726	伊瑞尔·里卡里乌斯 Yriel Rikarius	恢复英文词间空格	with	with 	1	rius maintained strong connections withMagosM'LellofMars. During his tenur
726	伊瑞尔·里卡里乌斯 Yriel Rikarius	恢复英文词间空格	the	the 	1	 helped oversee the development of theRazorback Rikariuswhich is named in
490	星父 Paternova	恢复英文词间空格	the	the 	1	 leader, and most powerful, of all theNavigators.The current holder of th
490	星父 Paternova	恢复英文词间空格	is	is 	1	rs.The current holder of the title isFrancisco M'edici 14thof theGreat N
490	星父 Paternova	恢复英文词间空格	the	the 	1	"e title isFrancisco M'edici 14thof theGreat Navigator HouseM'edici.

星父是所"
490	星父 Paternova	恢复英文词间空格	the	the 	1	"rview 概述**

The Paternova lives in thePalace of the Navigators, in the ce"
490	星父 Paternova	恢复英文词间空格	the	the 	1	f the Navigators, in the centre of theNavigator's Quarteron holyTerra. Fr
490	星父 Paternova	恢复英文词间空格	the	the 	1	a. The chief among his servants is thePaternoval Envoy, who often becomes
490	星父 Paternova	恢复英文词间空格	the	the 	1	al Envoy, who often becomes one of theHigh Lords of Terra, representing t
490	星父 Paternova	恢复英文词间空格	the	the 	1	eHigh Lords of Terra, representing theNavis Nobiliteon the*Senatorum Impe
490	星父 Paternova	恢复英文词间空格	the	the 	1	during their ascension from one of theHeirs Apparent. For this reason the
490	星父 Paternova	恢复英文词间空格	the	the 	1	affairs continue for long, much of theImperiumwould collapse into anarchy
490	星父 Paternova	恢复英文词间空格	the	the 	1	"导航者突然发现他们的力量大大减弱了。其原因尚不清楚。

During theHorus Heresy, the Paternova was so "
490	星父 Paternova	恢复英文词间空格	the	the 	1	the Paternova was so threatened by theDark GlassandGolden Throneprojects 
490	星父 Paternova	恢复英文句间空格	.Th	. Th	1	ost powerful, of all the Navigators.The current holder of the title is Fr
491	导航者 Navigator	Field 对应的错别字	盖勒立场	盖勒力场	2	
494	战帅 Warmaster	恢复英文句间空格	.No	. No	1	e prestige of the Warmaster's title.Now, it stands as the one of the most
495	将军 General	恢复英文词间空格	the	the 	1	"General is a high rank within theImperial Guard.

将军是帝国卫队的高级将领。

**O"
495	将军 General	恢复英文词间空格	the	the 	1	g officers who are also members of theGeneral Staff. General is one of th
495	将军 General	恢复英文词间空格	a	a 	1	" newly founded Regiments tithed to aCrusade.

将军是高级军官，也是总参谋部的成员。将军是帝国卫队"
495	将军 General	恢复英文词间空格	the	the 	1	"级制度**

In the command hierarchy of theImperial Guardthe rank of*General*i"
495	将军 General	恢复英文词间空格	of	of 	1	eral*is listed as being below that ofLord Generaland above that ofMarsha
495	将军 General	恢复英文词间空格	of	of 	1	" that ofLord Generaland above that ofMarshal:

在帝国卫队的指挥体系中，将军的军衔被列为低于领主将"
497	巢都 Hive	恢复英文词间空格	the	the 	1	is found the treasure of the hive, theArcheotechhoards, ancient stores of
497	巢都 Hive	恢复英文词间空格	of	of 	1	se to unusual hives, such as those ofLandunderwhich cling to the floatin
497	巢都 Hive	恢复英文词间空格	of	of 	1	"rnment, specifically by the troops ofLord Helmawr.

发电系统的控制是涅克罗蒙达的内核的强大氏"
497	巢都 Hive	恢复英文词间空格	the	the 	1	ow the hab zones to the surface of theAsh Wastes, with their waste solidi
497	巢都 Hive	恢复英文词间空格	The	The 	1	"种人帮派在寻找任何可用或可交易的东西。

Underhive 下巢

TheUnderhiveis the most run-down area "
497	巢都 Hive	恢复英文词间空格	the	the 	1	t lake of radioactive waste called theSump. The hive bottom is uninhabita
498	巢都渣滓 Hive Scum	恢复英文句间空格	.Sc	. Sc	1	ght for anyone who offers them coin.Scum is a catch-all term for any and 
498	巢都渣滓 Hive Scum	恢复英文词间空格	the	the 	1	 most hive scum end up working for theMerchant Guilds, though a few are a
498	巢都渣滓 Hive Scum	恢复英文词间空格	the	the 	1	w are always willing to aid one of theHive World's numerousgangs. They ar
498	巢都渣滓 Hive Scum	恢复英文词间空格	The	The 	1	"巢都渣滓要么被视为不值得雇佣，要么只不过是用来对付帮派敌人的炮灰。

TheInquisitionis known to make use of "
500	巫术 Sorcery	Field 对应的错别字	盖勒立场	盖勒力场	2	
500	巫术 Sorcery	恢复英文词间空格	of	of 	1	arpcraft that draw upon the powers ofChaos, ultimately being based on th
500	巫术 Sorcery	恢复英文词间空格	the	the 	1	"
The technological applications of theWarpinclude the schematics ofimperi"
500	巫术 Sorcery	恢复英文词间空格	the	the 	1	self-delusion: Sorcery is based on theWarpand the Warp is unreliable and 
500	巫术 Sorcery	恢复英文词间空格	and	and 	1	"的应用需要使用仪式或几个学派的组合。

The Immaterium andRealspaceare connected: One is the "
500	巫术 Sorcery	恢复英文词间空格	as	as 	1	" The Imperium regards these people asHereticsanyways.

在一些当地文化中，使用与巫术相关的"
500	巫术 Sorcery	恢复英文词间空格	the	the 	1	"论如何都把这些人视为异端。

Sanctionedpsykersof theImperiumare trained with the teachi"
500	巫术 Sorcery	恢复英文词间空格	the	the 	1	mare trained with the teachings of theScholastica Psykana, though this is
500	巫术 Sorcery	恢复英文词间空格	the	the 	1	cludes for example cartomancy like theImperial Tarot, works opposite: It 
500	巫术 Sorcery	恢复英文词间空格	the	the 	1	or example, prayers and symbols of theEmperorcan be weapons against creat
500	巫术 Sorcery	恢复英文词间空格	the	the 	1	enrisian fetishes and talismans of theSpace Wolvesare not psychically act
500	巫术 Sorcery	恢复英文词间空格	an	an 	1	 Warp. For example, her belief and anAquila-medaillon protectedEuphrati 
500	巫术 Sorcery	恢复英文词间空格	a	a 	1	on protectedEuphrati Keeleragainst aDaemon. Likewise, the insane priest
500	巫术 Sorcery	恢复英文词间空格	With	With 	1	"尼库斯令一个恶魔撤退，只带着他的信仰、一个天鹰图标和对帝皇的忠诚。

WithOrks, there is the phenomenon that "
500	巫术 Sorcery	恢复英文词间空格	an	an 	1	 For example whenAbrehem Lockeshot anEldarwith a defectivePlasmapistol. 
500	巫术 Sorcery	恢复英文词间空格	the	the 	1	apistol. Or when theenergy-fieldof theCroziusofChaplainElysiussuddenly st
500	巫术 Sorcery	恢复英文词间空格	the	the 	1	"allows them to enter. Examples are theDreaming Deadand theConceit.

思维中某些"
500	巫术 Sorcery	恢复英文词间空格	the	the 	1	". Examples are theDreaming Deadand theConceit.

思维中某些知识的存在本身就可能是亚空间中的灵能信号"
500	巫术 Sorcery	恢复英文词间空格	of	of 	1	ate of trance, to allow the forces ofChaosto enter from the Warp through
500	巫术 Sorcery	恢复英文词间空格	the	the 	1	ssary psychic energy. For example, theBook of Lorgarcontains a ritual of 
500	巫术 Sorcery	恢复英文词间空格	an	an 	1	tropathicmessages. In this ritual, anAstropathis mutilated and possessed
500	巫术 Sorcery	恢复英文词间空格	to	to 	1	"暴。

For example, for his ascension toDaemon Prince,Maloq Karthofirst com"
500	巫术 Sorcery	恢复英文词间空格	the	the 	1	dWord Bearers-army at the hands of theUltramarines, then he destroyed his
500	巫术 Sorcery	恢复英文词间空格	of	of 	1	es, then he destroyed his own army ofWord BearersandCultistsfrom the ins
500	巫术 Sorcery	恢复英文词间空格	a	a 	1	"broke his mind and turned him into aChaos Spawn.

例如，为了升任恶魔王子，马洛克·卡托首先对"
500	巫术 Sorcery	恢复英文词间空格	The	The 	1	"文档或承诺：与恶魔声明交易、意图、愿望，会在双方之间建立一种联系。

TheImperial Tarotis a deck of cards wi"
500	巫术 Sorcery	恢复英文词间空格	The	The 	1	"生活中的人、地方或事件。相反，这些符号代表了整个故事、原型或隐喻。

TheAeldariuse a similar method, except"
500	巫术 Sorcery	恢复英文词间空格	of	of 	1	 they use small carved rune-stones ofWraithbone, with the rune symbolizi
500	巫术 Sorcery	恢复英文词间空格	the	the 	1	ferent from the archetypes used in theImperial Tarot. Some of these arche
500	巫术 Sorcery	恢复英文词间空格	the	the 	1	rune of the Dark Ones, the rune of theWorld Spirit, the Soul-Drinker, sal
500	巫术 Sorcery	恢复英文词间空格	the	the 	1	alvation, sun, moon, the scorpion, theWarlock, theHarlequin, vengeance, v
500	巫术 Sorcery	恢复英文词间空格	the	the 	1	n, moon, the scorpion, theWarlock, theHarlequin, vengeance, vision, domin
500	巫术 Sorcery	恢复英文词间空格	are	are 	1	ds carry power. For example, there areAeldarimelodies which, once heard b
500	巫术 Sorcery	恢复英文词间空格	of	of 	1	ou merely hear it spoken. The name ofNurglecan cause nausea and insanity
500	巫术 Sorcery	恢复英文词间空格	the	the 	1	uncomfortable speaking the name of theEmperor,*Emperor*. That's why they 
500	巫术 Sorcery	恢复英文词间空格	The	The 	1	 send lesser daemons into retreat. TheGrey Knightsuse prayers whose psych
500	巫术 Sorcery	恢复英文词间空格	The	The 	1	words also carry power in sorcery. TheInquisitionsanctifiesBoltgun-shells
500	巫术 Sorcery	恢复英文词间空格	the	the 	1	"一个六芒星的手势，可以让恶魔后退几秒钟。

Librariansof theRaven Guardknow how to use runes to"
500	巫术 Sorcery	恢复英文词间空格	the	the 	1	"房间，使其免受亚空间和灵能影响进入。

Iron Priestsof theSpace Wolvesknow protective runes h"
500	巫术 Sorcery	恢复英文词间空格	against	against 	1	" to preemptively protect a machine againstScrapcode-infection.

太空野狼的钢铁牧师知道保护"
500	巫术 Sorcery	恢复英文词间空格	The	The 	1	"太空野狼的钢铁牧师知道保护符文如何先发制人地保护机械免受废码感染。

TheStormseersof theWhite Scarsknow run"
500	巫术 Sorcery	恢复英文词间空格	the	the 	1	"何先发制人地保护机械免受废码感染。

TheStormseersof theWhite Scarsknow runes to ward off d"
500	巫术 Sorcery	恢复英文词间空格	and	and 	1	dboyzhave their own grunted spells andLibrariansuse certain gestures. It 
500	巫术 Sorcery	恢复英文词间空格	The	The 	1	lt or crystalline antimony-powder. TheInquisitionuses silver mined onTerr
500	巫术 Sorcery	恢复英文词间空格	on	on 	1	r. TheInquisitionuses silver mined onTerrato forge weapons against serva
500	巫术 Sorcery	恢复英文词间空格	the	the 	1	empathic crystals that are used in theImperiumfor the construction ofForc
500	巫术 Sorcery	恢复英文词间空格	of	of 	1	in theImperiumfor the construction ofForce Weapons, however they are not
500	巫术 Sorcery	恢复英文词间空格	and	and 	1	a permanent use. Iron, iron-alloys andElectrumare also used in Force Weap
500	巫术 Sorcery	恢复英文词间空格	as	as 	1	ed for such outstanding constructs asTenebrae 9-50and a copy of a cadian
500	巫术 Sorcery	恢复英文词间空格	the	the 	1	tective layers into which runes of theMechanicumare etched and inlaid wit
500	巫术 Sorcery	恢复英文词间空格	of	of 	1	rfield-generator is a black pillar ofObsidianinto which small patterns a
500	巫术 Sorcery	恢复英文词间空格	and	and 	1	"d. The pillar is wrapped in cables andPurity Seals.

帝国盖勒力场发生器是一根黑曜石黑柱，上面"
500	巫术 Sorcery	恢复英文词间空格	of	of 	1	"泪、寡妇之泪、被处决的杀人犯的头发、人类指骨。..

Priests ofKhorneknow how to read glimpses of "
500	巫术 Sorcery	恢复英文词间空格	the	the 	1	can also be found amongSorcerersof theWord Bearers. However this method h
500	巫术 Sorcery	恢复英文词间空格	the	the 	1	rs. Another example is the rock of theLithonCinchare. Soulgrinders can on
500	巫术 Sorcery	恢复英文词间空格	A	A 	1	"更多的献祭，需要更罕见的献祭，仪式必须在特定的时间或地点发生等等。

ALogos Daemonisis a construct of rod"
500	巫术 Sorcery	恢复英文词间空格	A	A 	1	"之前，该对象在灵能上完全不活跃，然后它打开了一个通往亚空间的入口。

APropylaeum Tripartiteis an arcane c"
500	巫术 Sorcery	恢复英文词间空格	The	The 	1	"发射到一个穿越空间和时间的奥德赛般的旅行，到达可以透露信息的地方。

ThePrognosticaonis a heretek device us"
500	巫术 Sorcery	恢复英文词间空格	the	the 	1	"se. The schematics can be found in theTome of Ammicus Tole.

预测是一种用于占卜的技术"
500	巫术 Sorcery	恢复英文词间空格	The	The 	1	"需要使用血腥的混沌仪式。原理图可以在《阿米库斯·托勒典籍》中找到。

TheHech'ell Deportationis a rite to ba"
500	巫术 Sorcery	恢复英文词间空格	A	A 	1	gs can also happen by coincidence. ARegia Occultais a pathway or tunnel
500	巫术 Sorcery	恢复英文词间空格	of	of 	1	or magic can be found in the works ofGiulio CamilloandMarsilio Ficino, w
500	巫术 Sorcery	恢复英文词间空格	by	by 	1	 reminescent of concepts developed byRamon Llullor the famous hereticGio
500	巫术 Sorcery	恢复英文词间空格	by	by 	1	" Magic: From Ficino to Campanella""*byDaniel Pickering WalkerandThe Art o"
500	巫术 Sorcery	恢复英文词间空格	Imperiumare	Imperium are	1	"把这些人视为异端。

Sanctionedpsykersof the Imperiumare trained with the teachings of the "
500	巫术 Sorcery	恢复英文词间空格	Eldarwith	Eldar with	1	r example whenAbrehem Lockeshot an Eldarwith a defectivePlasmapistol. Or when t
500	巫术 Sorcery	恢复英文词间空格	Chaosto	Chaos to	1	 of trance, to allow the forces of Chaosto enter from the Warp through these 
500	巫术 Sorcery	恢复英文词间空格	Terrato	Terra to	1	he Inquisitionuses silver mined on Terrato forge weapons against servants of 
500	巫术 Sorcery	恢复英文词间空格	Imperiumfor	Imperium for	1	thic crystals that are used in the Imperiumfor the construction of Force Weapons,
500	巫术 Sorcery	恢复英文句间空格	.Ch	. Ch	1	here modern weapons merely wound it.ChainswordsandChainaxesare more effec
500	巫术 Sorcery	恢复英文句间空格	.Th	. Th	1	perial Tarot is used for divination.The Warp influences the cards, the wa
500	巫术 Sorcery	恢复英文句间空格	.Ru	. Ru	1	resilience into an object or person.Rune Priestsof the Space Wolves are k
500	巫术 Sorcery	恢复英文句间空格	.Py	. Py	1	ding tissue can even slow them down.PyralineandEpidotrichiteare tele-empa
500	巫术 Sorcery	恢复英文句间空格	.Se	. Se	1	ctrumare also used in Force Weapons.Serebiteis in itself an inactive mine
500	巫术 Sorcery	恢复英文句间空格	.Ps	. Ps	1	ae 9-50and a copy of a cadian pylon.Psicuriumis used in the construction 
500	巫术 Sorcery	恢复英文句间空格	.Ah	. Ah	1	or the famous hereticGiordano Bruno.Ahzek Ahriman's use of amemory-palace
507	纳垢 Nurgle	Field 对应的错别字	盖勒立场	盖勒力场	1	
509	色孽 Slaanesh	恢复英文词间空格	the	the 	1	Slaanesh is theChaos Godof lust, greed, excess, pa
509	色孽 Slaanesh	恢复英文词间空格	the	the 	1	"e with the cataclysmic collapse of theEldar civilisation.

色孽是色欲、贪婪、纵欲、痛苦"
509	色孽 Slaanesh	恢复英文词间空格	the	the 	1	th*or*Slaaneth*— the god's name in theDark Tongue, the language of Chaos 
509	色孽 Slaanesh	恢复英文词间空格	the	the 	1	"its worshipers) is ""Slaaneshi"". In theAeldari languageshe is known as Sai"
509	色孽 Slaanesh	恢复英文词间空格	the	the 	1	ure*and*Lord of Dark Delights*. To theEldar, who name it Sai'lanthresh (l
509	色孽 Slaanesh	恢复英文词间空格	on	on 	1	eastbringer*to the cannibal tribes onGhoma VI, Slaanesh is depicting as 
509	色孽 Slaanesh	恢复英文词间空格	the	the 	1	anyon. To thexenosspecies known as theJorvax, his name is a mind-shatteri
509	色孽 Slaanesh	恢复英文词间空格	the	the 	1	sh was fully born at the moment of theFall of the Eldar. The birth of Sla
509	色孽 Slaanesh	恢复英文词间空格	the	the 	1	dar. The birth of Slaanesh created theEye of Terror— mere echoes of its b
509	色孽 Slaanesh	恢复英文词间空格	the	the 	1	 — fleeing from it in ignorance of thePrimordial Truth, refusing to live 
509	色孽 Slaanesh	恢复英文词间空格	the	the 	1	 escape, or those insulated within theWebway. This event also slew all th
509	色孽 Slaanesh	恢复英文词间空格	for	for 	1	lso slew all the Eldar gods except forKhaine(who was shattered into many 
509	色孽 Slaanesh	恢复英文词间空格	and	and 	1	eces), the Laughing God —Cegorach, andIsha— who was, according to one Cra
509	色孽 Slaanesh	恢复英文词间空格	is	is 	1	liances), but his particular enemy isKhorne, whose belief in pain and de
509	色孽 Slaanesh	恢复英文词间空格	of	of 	1	"ology of the primitive inhabitants ofFenris, ""Sla Nahesh"" (presumably a "
509	色孽 Slaanesh	恢复英文词间空格	by	by 	1	"canic islands after being defeated byLeman Russ.

在芬里斯原始居民的神话中，“斯拉·纳赫什”（"
509	色孽 Slaanesh	恢复英文词间空格	the	the 	1	laanesh is Slaanesh's realm within theWarp. Those that dare his realm ris
509	色孽 Slaanesh	恢复英文句间空格	.It	. It	1	ntional symbols for male and female.It is also known by a multitude of ti
509	色孽 Slaanesh	恢复英文句间空格	.Sl	. Sl	1	 Humanity would soon begin to learn.Slaanesh devoured the souls of most o
509	色孽 Slaanesh	恢复英文词间空格	a	a 	1	xcess. Each Legion is commanded by aKeeper of Secrets, though there are
509	色孽 Slaanesh	恢复英文词间空格	of	of 	1	h they can not match the raw power ofKhorne'sarmies, the resiliency ofNu
509	色孽 Slaanesh	恢复英文词间空格	of	of 	1	r ofKhorne'sarmies, the resiliency ofNurgle'stallybands, or the eldritch
509	色孽 Slaanesh	恢复英文词间空格	of	of 	1	stallybands, or the eldritch might ofTzeentch'shosts, Daemons of Slaanes
509	色孽 Slaanesh	恢复英文词间空格	A	A 	1	"emon Engines of Slaanesh 色孽恶魔引擎**

ADaemon Engineis a part-technologica"
509	色孽 Slaanesh	恢复英文词间空格	the	the 	1	hose dedicated to Slaanesh include theSlaanesh SubjugatorandSonic Dreadno
509	色孽 Slaanesh	恢复英文词间空格	The	The 	1	"ace Marine of Slaanesh 色孽混沌星际战士

- TheEmperor's Children—Chaos Space Mari"
509	色孽 Slaanesh	恢复英文词间空格	the	the 	1	—Chaos Space Marines, once amongst theEmperor's most loyal servants they 
509	色孽 Slaanesh	恢复英文词间空格	the	the 	1	ervants they turned traitor during theHorus Heresy. Most of their remaini
510	恐虐 Khorne	恢复英文词间空格	the	the 	1	Khorne, the Blood God, is theChaosGod of anger, violence, and ha
510	恐虐 Khorne	恢复英文词间空格	during	during 	1	Chaos, fully coming into existence duringTerra'sMiddle Ages - an era of wars
510	恐虐 Khorne	恢复英文词间空格	the	the 	1	"颅骨王座上

Khorne's domain is known as theFortress of Khorneand includes hisB"
510	恐虐 Khorne	恢复英文词间空格	his	his 	1	" theFortress of Khorneand includes hisBrass Citadel.

恐虐的领地被称为恐虐堡垒，包括他的黄铜"
510	恐虐 Khorne	恢复英文词间空格	of	of 	1	"ology of the primitive inhabitants ofFenris, ""Ghorghe"" (presumably a mis"
510	恐虐 Khorne	恢复英文词间空格	by	by 	1	"canic islands after being defeated byLeman Russ.

在芬里斯原始居民的神话中，“戈格赫”（可能是"
510	恐虐 Khorne	恢复英文词间空格	the	the 	1	 unknown, but it has been so since theWarpfirst echoed to his fury. His a
510	恐虐 Khorne	恢复英文词间空格	of	of 	1	n of his legions – from the number ofBloodthirsterranks to the number of
510	恐虐 Khorne	恢复英文词间空格	the	the 	1	ium, as eight enormous towers ring theBrass Citadel, and aDaemonslain in 
510	恐虐 Khorne	恢复英文词间空格	a	a 	1	 towers ring theBrass Citadel, and aDaemonslain in realspace must compl
510	恐虐 Khorne	恢复英文词间空格	of	of 	1	xist. Red Tide Legions are made up ofBloodletterswhich overrun the foe i
510	恐虐 Khorne	恢复英文词间空格	and	and 	1	egions specialise in siege warfare andDaemon Engines. Brazen Thunder Legi
510	恐虐 Khorne	恢复英文词间空格	of	of 	1	obile of Khorne's Legions, made up ofBloodcrushers,Blood Thrones, andFle
510	恐虐 Khorne	恢复英文词间空格	and	and 	1	" up ofBloodcrushers,Blood Thrones, andFlesh Houndpacks.

恐虐的恶魔军团统称为鲜血军团。他"
510	恐虐 Khorne	恢复英文词间空格	The	The 	1	"*

**Chaos Space Marines 混沌星际战士**

TheWorld EatersTraitor Legion:Chaos Sp"
510	恐虐 Khorne	恢复英文词间空格	the	the 	1	icated to Khorne since the time of theHorus Heresy. Since the aftermath o
510	恐虐 Khorne	恢复英文词间空格	Marineswho	Marines who	1	d EatersTraitor Legion:Chaos Space Marineswho have been dedicated to Khorne sinc
510	恐虐 Khorne	恢复英文词间空格	as	as 	1	hese warbands are collective known asKhorne Daemonkinfor their dedicatio
510	恐虐 Khorne	恢复英文词间空格	A	A 	1	"Daemon Engines of Khorne 恐虐恶魔引擎**

ADaemon Engineis a part-technologica"
513	恶魔王子 Daemon Princes	恢复英文词间空格	the	the 	1	 have been elevated todaemonhoodby theGods of Chaos. They have bartered t
513	恶魔王子 Daemon Princes	恢复英文词间空格	Chaoswho	Chaos who	1	nces are former mortalChampions of Chaoswho have been elevated todaemonhoodby 
513	恶魔王子 Daemon Princes	恢复英文词间空格	the	the 	1	mon Princes hail from the ranks of theChaos Space Marines, warriors with 
513	恶魔王子 Daemon Princes	恢复英文句间空格	.Wh	. Wh	1	re associated with their patron god.What they maintain of former selves a
513	恶魔王子 Daemon Princes	恢复英文词间空格	a	a 	1	and are usually granted reign over aDaemon Worldof their own.Despite th
513	恶魔王子 Daemon Princes	恢复英文词间空格	the	the 	1	raitorPrimarchsthat turned against theEmperorduring theHorus Heresy. Thes
513	恶魔王子 Daemon Princes	恢复英文词间空格	the	the 	1	at turned against theEmperorduring theHorus Heresy. These powerful beings
513	恶魔王子 Daemon Princes	恢复英文词间空格	the	the 	1	fight against their enemies within theEye of Terror, leaving the directio
513	恶魔王子 Daemon Princes	恢复英文词间空格	Worldof	World of	1	sually granted reign over a Daemon Worldof their own.Despite this, it is not 
513	恶魔王子 Daemon Princes	恢复英文词间空格	Emperorduring	Emperor during	1	orPrimarchsthat turned against the Emperorduring the Horus Heresy. These powerful b
513	恶魔王子 Daemon Princes	恢复英文句间空格	.De	. De	1	gn over a Daemon World of their own.Despite this, it is not uncommon for 
514	嗜血狂魔 Bloodthirsters	恢复英文词间空格	the	the 	1	Bloodthirsters are theGreater DaemonsofKhorne. These sava
514	嗜血狂魔 Bloodthirsters	恢复英文词间空格	the	the 	1	"ower is said to be only matched by thePrimarchsof old.

嗜血狂魔是血神的仆人中最野蛮、最好"
514	嗜血狂魔 Bloodthirsters	恢复英文词间空格	Primarchsof	Primarchs of	1	" is said to be only matched by the Primarchsof old.

嗜血狂魔是血神的仆人中最野蛮、最好战的。他们的嗜血欲望超"
514	嗜血狂魔 Bloodthirsters	恢复英文词间空格	a	a 	1	junction with a long whip known as aGorewhipthat allows them to attack 
514	嗜血狂魔 Bloodthirsters	恢复英文句间空格	.Mo	. Mo	1	agic spells and from ranged attacks.More noteworthy are their great leath
514	嗜血狂魔 Bloodthirsters	恢复英文句间空格	.So	. So	1	ws them to attack more distant foes.Some of the most favored Bloodthirste
516	混沌教派 Chaos Cult	恢复英文句间空格	.On	. On	1	eady to wipe out any taint of Chaos.One technique, the Bone-brand, enable
517	蛇屋 Serpent Lodge	恢复英文词间空格	of	of 	1	sts and their Temple on the planet ofDavin. The Lodge members treatedWar
517	蛇屋 Serpent Lodge	恢复英文词间空格	the	the 	1	ion where Horus was turned against theEmperoras part of an elaborate sche
517	蛇屋 Serpent Lodge	恢复英文词间空格	the	the 	1	"ras part of an elaborate scheme by theWord BearersandRuinous Powers.

蛇屋是"
517	蛇屋 Serpent Lodge	恢复英文词间空格	Emperoras	Emperor as	1	where Horus was turned against the Emperoras part of an elaborate scheme by the
517	蛇屋 Serpent Lodge	恢复英文词间空格	the	the 	1	er above it.CaptainGarviel Lokenof theSons of HorusSpace Marine Legionnot
517	蛇屋 Serpent Lodge	恢复英文词间空格	the	the 	1	n for information given to them by theWord BearersLegion. Circular in nat
517	蛇屋 Serpent Lodge	恢复英文词间空格	on	on 	1	rpent Lodge existed for many years onDavin's moon, worshiping theDark Go
517	蛇屋 Serpent Lodge	恢复英文词间空格	the	the 	1	y years onDavin's moon, worshiping theDark Gods. In antiquity before Davi
517	蛇屋 Serpent Lodge	恢复英文词间空格	by	by 	1	before Davin had even been settled byHumanitya form of the cult worshipe
517	蛇屋 Serpent Lodge	恢复英文词间空格	as	as 	1	worshiped a serpentine deity known asSeytan.During theGreat Crusadewhen 
517	蛇屋 Serpent Lodge	恢复英文词间空格	the	the 	1	entine deity known asSeytan.During theGreat Crusadewhen the planet was br
517	蛇屋 Serpent Lodge	恢复英文词间空格	into	into 	1	Crusadewhen the planet was brought intoImperialcompliance by theLuna Wolve
517	蛇屋 Serpent Lodge	恢复英文词间空格	the	the 	1	 brought intoImperialcompliance by theLuna WolvesandWord Bearers, the war
517	蛇屋 Serpent Lodge	恢复英文词间空格	the	the 	1	t Lodge, and gained the respect of theLegiones Astartesfor their martial 
517	蛇屋 Serpent Lodge	恢复英文词间空格	their	their 	1	artial culture and prowess despite theirFeral Worldstatus. After the Davin 
517	蛇屋 Serpent Lodge	恢复英文词间空格	the	the 	1	iones in a bid to usurp loyalty to theEmperor. Unknown to most, the Warri
517	蛇屋 Serpent Lodge	恢复英文词间空格	Crusadewhen	Crusade when	1	y known as Seytan.During the Great Crusadewhen the planet was brought into Imperi
517	蛇屋 Serpent Lodge	恢复英文词间空格	Astartesfor	Astartes for	1	gained the respect of the Legiones Astartesfor their martial culture and prowess 
517	蛇屋 Serpent Lodge	恢复英文句间空格	.Ca	. Ca	1	ir heads entwined together above it.CaptainGarviel Lokenof the Sons of Ho
517	蛇屋 Serpent Lodge	恢复英文句间空格	.Du	. Du	1	 a serpentine deity known as Seytan.During the Great Crusade when the pla
517	蛇屋 Serpent Lodge	恢复英文词间空格	the	the 	1	" 戴文牧师

Sixty years later following theBattle of Davin's Moonwhen Warmaste"
517	蛇屋 Serpent Lodge	恢复英文词间空格	the	the 	1	nwhen WarmasterHoruswas injured by theAnathame, the nearby Serpent Lodge 
517	蛇屋 Serpent Lodge	恢复英文词间空格	by	by 	1	the nearby Serpent Lodge was cited byErebusas the only way to save the P
517	蛇屋 Serpent Lodge	恢复英文词间空格	the	the 	1	he powers of Chaos and bring about theHorus Heresy.The Chaos plan was suc
517	蛇屋 Serpent Lodge	恢复英文句间空格	.Th	. Th	1	os and bring about the Horus Heresy.The Chaos plan was successful, and me
518	黑暗机械教 Dark Mechanicum	恢复英文词间空格	a	a 	1	w Mechanicumor True Mechanicum, is aChaos-affiliated counterpart to the
518	黑暗机械教 Dark Mechanicum	恢复英文词间空格	the	the 	1	s aChaos-affiliated counterpart to theAdeptus Mechanicus. Its origins tra
518	黑暗机械教 Dark Mechanicum	恢复英文词间空格	to	to 	1	 back to those who pledged loyalty toWarmasterHorusat the end of theGrea
518	黑暗机械教 Dark Mechanicum	恢复英文词间空格	the	the 	1	alty toWarmasterHorusat the end of theGreat Crusade. The Dark Mechanicum 
518	黑暗机械教 Dark Mechanicum	恢复英文词间空格	the	the 	1	"rror"" to their counterparts within theImperium.

黑暗机械教，或黑机械教，被称为新机械教或真机械教"
518	黑暗机械教 Dark Mechanicum	恢复英文词间空格	the	the 	1	ack robes and wear a perversion of theMachina Opus: the symbol of theMach
518	黑暗机械教 Dark Mechanicum	恢复英文词间空格	the	the 	1	 of theMachina Opus: the symbol of theMachine Godbut with eight arrows ad
518	黑暗机械教 Dark Mechanicum	恢复英文词间空格	the	the 	1	chnology gained from the worlds of theAuretian Technocracyand the opening
518	黑暗机械教 Dark Mechanicum	恢复英文词间空格	the	the 	1	d spies told the Tech-Priests that theEmperorplanned to steal the secrets
518	黑暗机械教 Dark Mechanicum	恢复英文词间空格	the	the 	1	 was the earthly representation of theOmnissiahand those who still though
518	黑暗机械教 Dark Mechanicum	恢复英文词间空格	on	on 	1	thought such a figure was entombed onMars, suggesting it was the Emperor
518	黑暗机械教 Dark Mechanicum	恢复英文词间空格	of	of 	1	dually enticing them to the powers ofChaos.In the resultingSchism of Mar
518	黑暗机械教 Dark Mechanicum	恢复英文词间空格	by	by 	1	m of Mars, the Dark Mechanicum led byFabricator-GeneralKelbor-Halsupport
518	黑暗机械教 Dark Mechanicum	恢复英文词间空格	the	the 	1	 the Warmaster during the start of theHorus Heresyand were present onIstv
518	黑暗机械教 Dark Mechanicum	恢复英文词间空格	on	on 	1	of theHorus Heresyand were present onIstvaan Vwhere they used dark and f
518	黑暗机械教 Dark Mechanicum	恢复英文词间空格	the	the 	1	rk and forbidden knowledge against theLoyalistforces.With the defeat of t
518	黑暗机械教 Dark Mechanicum	恢复英文词间空格	the	the 	1	the defeat of traitor forces after theBattle of Terraand the subsequentGr
518	黑暗机械教 Dark Mechanicum	恢复英文词间空格	the	the 	1	ing, the Dark Mechanicum fled into theEye of Terrorwith theirChaos Space 
518	黑暗机械教 Dark Mechanicum	恢复英文词间空格	their	their 	1	"cum fled into theEye of Terrorwith theirChaos Space Marineallies.

在赢得了许多机械"
518	黑暗机械教 Dark Mechanicum	恢复英文词间空格	Heresyand	Heresy and	1	ster during the start of the Horus Heresyand were present on Istvaan Vwhere the
518	黑暗机械教 Dark Mechanicum	恢复英文词间空格	Terraand	Terra and	1	traitor forces after the Battle of Terraand the subsequentGreat Scouring, the 
518	黑暗机械教 Dark Mechanicum	恢复英文句间空格	.In	. In	1	nticing them to the powers of Chaos.In the resultingSchism of Mars, the D
518	黑暗机械教 Dark Mechanicum	恢复英文句间空格	.Wi	. Wi	1	nowledge against the Loyalistforces.With the defeat of traitor forces aft
518	黑暗机械教 Dark Mechanicum	恢复英文词间空格	the	the 	1	m are still activeand believe that theEmperoris the False Omnissiah. They
518	黑暗机械教 Dark Mechanicum	恢复英文词间空格	the	the 	1	callycorruptedTitanwar machines of theTraitor Titan Legionsagainst theImp
518	黑暗机械教 Dark Mechanicum	恢复英文词间空格	the	the 	1	of theTraitor Titan Legionsagainst theImperiumand produce infernal weapon
518	黑暗机械教 Dark Mechanicum	恢复英文词间空格	and	and 	1	periumand produce infernal weapons andDaemon EnginesfromHell-Forgeworlds 
518	黑暗机械教 Dark Mechanicum	恢复英文词间空格	as	as 	1	n EnginesfromHell-Forgeworlds such asXana II.They see themselves as the 
518	黑暗机械教 Dark Mechanicum	恢复英文词间空格	Emperoris	Emperor is	1	e still activeand believe that the Emperoris the False Omnissiah. They utilise 
518	黑暗机械教 Dark Mechanicum	恢复英文词间空格	Legionsagainst	Legions against	1	nwar machines of the Traitor Titan Legionsagainst the Imperiumand produce infernal w
518	黑暗机械教 Dark Mechanicum	恢复英文词间空格	Imperiumand	Imperium and	1	e Traitor Titan Legionsagainst the Imperiumand produce infernal weapons and Daemo
518	黑暗机械教 Dark Mechanicum	恢复英文词间空格	the	the 	1	"nicumtech-priest 黑暗机械教技术神甫

During theThirteenth Black Crusade, the Dark "
518	黑暗机械教 Dark Mechanicum	恢复英文词间空格	the	the 	1	ere devastated in the aftermath of theGreat Rift's creation. Their target
518	黑暗机械教 Dark Mechanicum	恢复英文词间空格	the	the 	1	"whose like has not been seen since theDark Age of Technology.

在第十三次黑色远征期"
518	黑暗机械教 Dark Mechanicum	恢复英文词间空格	to	to 	1	"
Dark MechanicumTech-Priestdevoted toSlaanesh 忠诚于色孽的黑暗机械教技术神甫

**Technol"
518	黑暗机械教 Dark Mechanicum	恢复英文词间空格	the	the 	1	covering forbidden technology from theDark Ages, such as theSilica Animus
518	黑暗机械教 Dark Mechanicum	恢复英文词间空格	the	the 	1	hnology from theDark Ages, such as theSilica AnimusandAnima Mori.Dark Mec
518	黑暗机械教 Dark Mechanicum	恢复英文词间空格	the	the 	1	nology is heavily intertwined with theWarpand thedaemonicand they have no
518	黑暗机械教 Dark Mechanicum	恢复英文词间空格	the	the 	1	 demonstrated with devices such as theKaban Machine, the Dark Mechanicum 
518	黑暗机械教 Dark Mechanicum	恢复英文词间空格	of	of 	1	s when it comes to the development ofAbominable Intelligence.They even s
518	黑暗机械教 Dark Mechanicum	恢复英文词间空格	Chaoswhen	Chaos when	1	"seek to utilise ancientandroids of Chaoswhen possible.

与他们忠诚的机械教兄弟不同，黑暗机械教对修改S"
518	黑暗机械教 Dark Mechanicum	恢复英文句间空格	.As	. As	1	s of sanctioned Imperial technology.As a result they have no qualms about
518	黑暗机械教 Dark Mechanicum	恢复英文句间空格	.Da	. Da	1	h as the Silica AnimusandAnima Mori.Dark Mechanicus technology is heavily
518	黑暗机械教 Dark Mechanicum	恢复英文句间空格	.As	. As	1	ticsthat push the limit of humanity.As demonstrated with devices such as 
518	黑暗机械教 Dark Mechanicum	恢复英文句间空格	.Th	. Th	1	elopment of Abominable Intelligence.They even seek to utilise ancientandr
518	黑暗机械教 Dark Mechanicum	恢复英文词间空格	Their	Their 	1	their Adeptus Mechanicus brethren. TheirTech-Priestsoften wear dark red rob
518	黑暗机械教 Dark Mechanicum	恢复英文词间空格	to	to 	1	symbolising their original loyalty toHorus,though there is little standa
518	黑暗机械教 Dark Mechanicum	恢复英文句间空格	.Da	. Da	1	al creations of the Dark Mechanicum.Dark Mechanicum Forge Worlds produce 
518	黑暗机械教 Dark Mechanicum	恢复英文词间空格	and	and 	1	expendable drug-fueledMutantslaves andServitorsalongside crack infantry d
518	黑暗机械教 Dark Mechanicum	恢复英文词间空格	in	in 	1	of the Dark Mechanicum are steeped inChaosenergy and wield ancient energ
518	黑暗机械教 Dark Mechanicum	恢复英文句间空格	.Da	. Da	1	lack robes and donning horned helms.DaemonsandPossessedare also common in
518	黑暗机械教 Dark Mechanicum	恢复英文句间空格	.Th	. Th	1	 infantry in Dark Mechanicum armies.The WarRobotsof the Dark Mechanicum a
518	黑暗机械教 Dark Mechanicum	恢复英文句间空格	.So	. So	1	gy and wield ancient energy weapons.Some Chaos Space Marines have also jo
518	黑暗机械教 Dark Mechanicum	恢复英文词间空格	of	of 	1	rriages. They wield a large amount ofDaemon Engines, includingDefilersan
518	黑暗机械教 Dark Mechanicum	恢复英文词间空格	the	the 	1	ScorpionsandRoboticwalkers such as theStalker CohortandHarpax.Commonly us
518	黑暗机械教 Dark Mechanicum	恢复英文词间空格	the	the 	1	m still maintains strong ties with theTraitor Titan LegionsandChaos Knigh
518	黑暗机械教 Dark Mechanicum	恢复英文句间空格	.Co	. Co	1	such as the Stalker CohortandHarpax.Commonly used aircraft includeHell Bl
519	废码 Scrapcode	恢复英文词间空格	of	of 	1	known as Lingua Diabolis)is a type ofWarp-infested computer virus capabl
519	废码 Scrapcode	恢复英文词间空格	the	the 	1	 seen as the machine equivalent of theDark Tongue, seemingly nonsensical 
519	废码 Scrapcode	恢复英文词间空格	a	a 	1	ing an anarchic power that cripple aMachine Spiritand pervert a piece o
519	废码 Scrapcode	恢复英文词间空格	of	of 	1	a piece of technology to the cause ofChaos. It is said that evenKnightsa
519	废码 Scrapcode	恢复英文词间空格	the	the 	1	ned this art from the teachings of theDaemon PrimarchsMortarionandPertura
519	废码 Scrapcode	恢复英文词间空格	the	the 	1	It is a language used byhereteksof theDark Mechanicumto converse and comm
519	废码 Scrapcode	恢复英文词间空格	the	the 	1	anicumto converse and commune with theChaos Godsand their manifestations.
519	废码 Scrapcode	恢复英文句间空格	.Wa	. Wa	1	 ravening, self-replicating scourge.Warpsmithsoften oversee the implement
519	废码 Scrapcode	恢复英文句间空格	.It	. It	1	emon PrimarchsMortarionandPerturabo.It is a language used byhereteksof th
521	黑暗帝国 Dark Empire	恢复英文词间空格	by	by 	1	ies of the northernImperiumclaimed byHorus Lupercal's personal forces du
521	黑暗帝国 Dark Empire	恢复英文词间空格	the	the 	1	" Lupercal's personal forces during theHorus Heresy.

黑暗帝国是荷鲁斯叛乱时期，荷鲁斯·卢佩卡"
521	黑暗帝国 Dark Empire	恢复英文词间空格	of	of 	1	m Obscurusand the northern reaches ofSegmentum Ultima, it consisted of a
521	黑暗帝国 Dark Empire	恢复英文词间空格	the	the 	1	were quick to pledge allegiance to theWarmaster. Only vitalForge Worldssu
521	黑暗帝国 Dark Empire	恢复英文词间空格	as	as 	1	master. Only vitalForge Worldssuch asCyclothrathe, especially well-defen
521	黑暗帝国 Dark Empire	恢复英文词间空格	Obscurusand	Obscurus and	1	"
Expanding quickly acrossSegmentum Obscurusand the northern reaches of Segmentum "
522	收割者领域 Realm of the Reaper	恢复英文词间空格	by	by 	1	Reaper was a territory established byTraitor forcesduring theHorus Heres
522	收割者领域 Realm of the Reaper	恢复英文词间空格	the	the 	1	"established byTraitor forcesduring theHorus Heresy.

收割者领域是荷鲁斯叛乱时期叛徒势力建立的"
522	收割者领域 Realm of the Reaper	恢复英文词间空格	by	by 	1	"叛乱时期收割者领域以及其他叛徒和忠诚派领土的位置

Overseen byMortarion(known as ""The Reaper"") an"
522	收割者领域 Realm of the Reaper	恢复英文词间空格	his	his 	1	"rtarion(known as ""The Reaper"") and hisDeath Guard, it was centered on the"
522	收割者领域 Realm of the Reaper	恢复英文词间空格	of	of 	1	it was centered on their homeworld ofBarbarusand encompassed a significa
523	腐尸领域 Carrion Realms	恢复英文词间空格	the	the 	1	alactic core, that were created by theTraitor Legion's fractious and vain
523	腐尸领域 Carrion Realms	恢复英文词间空格	the	the 	1	"ous and vaingloriousWarlordsduring theHorus Heresy.

腐尸领域是午夜领主的小领地，其中大部分位"
523	腐尸领域 Carrion Realms	恢复英文词间空格	the	the 	1	"位置。在这个领域内，第一个腐尸领域出现了

In course of theThramas Crusade, the Legion's fract"
523	腐尸领域 Carrion Realms	恢复英文词间空格	of	of 	1	"me independent,ignoring the orders ofHorusandKonrad Curzeto take ""what t"
523	腐尸领域 Carrion Realms	恢复英文词间空格	the	the 	1	 Herec. They were either killed by theDark Angelsor a faction of the Nigh
523	腐尸领域 Carrion Realms	恢复英文词间空格	under	under 	1	elsor a faction of the Night Lords underFirst CaptainJago Sevatarion, the l
523	腐尸领域 Carrion Realms	恢复英文词间空格	of	of 	1	 enslave the surviving populations ofColony Worlds, such asRhyntaxandKho
523	腐尸领域 Carrion Realms	恢复英文词间空格	as	as 	1	 populations ofColony Worlds, such asRhyntaxandKhorbal. They would also 
523	腐尸领域 Carrion Realms	恢复英文词间空格	called	called 	1	"er in the hands of those they once calledBrother.

012.M31，当午夜领主的战帮试图利用复仇的黑暗"
523	腐尸领域 Carrion Realms	恢复英文句间空格	.Wi	. Wi	1	he middle stage of the Horus Heresy.Within this domain the first Carrion 
523	腐尸领域 Carrion Realms	恢复英文句间空格	.Ye	. Ye	1	Legion's unity and purity of vision.Yet the reunification of most Night L
523	腐尸领域 Carrion Realms	恢复英文句间空格	.So	. So	1	 the brutal extraction of resources.SouthernUltramarwas among the first r
524	钢铁帝国 Empire of Iron	恢复英文词间空格	the	the 	1	eries of worlds that were ruled by theIron WarriorsLegionduring theHorus 
524	钢铁帝国 Empire of Iron	恢复英文词间空格	the	the 	1	"ed by theIron WarriorsLegionduring theHorus Heresy.

钢铁帝国是在荷鲁斯叛乱时期由钢铁勇士军团"
524	钢铁帝国 Empire of Iron	恢复英文词间空格	by	by 	1	esy, the Iron Warriors were tasked byHoruswith securing importantFortres
524	钢铁帝国 Empire of Iron	恢复英文词间空格	the	the 	1	rs of production, particularily in theSegmentum Solar. As a result, the I
524	钢铁帝国 Empire of Iron	恢复英文词间空格	their	their 	1	"铁勇士的领地成为破碎军团和其他忠诚派游击队的主要目标。

After theirPrimarch,Perturabo, withdrew them f"
524	钢铁帝国 Empire of Iron	恢复英文词间空格	the	the 	1	arch,Perturabo, withdrew them from theSiege of Terra, the Iron Warriors r
524	钢铁帝国 Empire of Iron	恢复英文词间空格	the	the 	1	 Iron and waited for the forces of theImperiumto come to them.However, ac
524	钢铁帝国 Empire of Iron	恢复英文词间空格	the	the 	1	ccording to the PrimarchGuilliman, theIron Warriors' poor leadership caus
524	钢铁帝国 Empire of Iron	恢复英文词间空格	the	the 	1	sted for a substantial time during theGreat Scouring, when their main bas
524	钢铁帝国 Empire of Iron	恢复英文词间空格	the	the 	1	"dually destroyed or reconquered by theImperium.

在他们的原体佩图拉博将他们从泰拉围城中撤出后，钢"
524	钢铁帝国 Empire of Iron	恢复英文词间空格	Horuswith	Horus with	1	, the Iron Warriors were tasked by Horuswith securing importantFortress Worldsa
524	钢铁帝国 Empire of Iron	恢复英文词间空格	Worldsand	Worlds and	1	ruswith securing importantFortress Worldsand centers of production, particulari
524	钢铁帝国 Empire of Iron	恢复英文词间空格	Legionsand	Legions and	1	"s the main targets ofthe Shattered Legionsand other loyalist guerrillas.

在荷鲁斯叛乱"
524	钢铁帝国 Empire of Iron	恢复英文词间空格	Imperiumto	Imperium to	1	n and waited for the forces of the Imperiumto come to them.However, according to
524	钢铁帝国 Empire of Iron	恢复英文句间空格	.Ho	. Ho	1	ces of the Imperium to come to them.However, according to the PrimarchGui
524	钢铁帝国 Empire of Iron	恢复英文句间空格	.Re	. Re	1	apsed before the Horus Heresy ended.Regardless, the remnants of the Iron 
525	科尔基斯辖区 Colchisian Satrapy	恢复英文词间空格	the	the 	1	The Colchisian Satrapy was theWord BearersLegion's domain, during
525	科尔基斯辖区 Colchisian Satrapy	恢复英文词间空格	the	the 	1	"ord BearersLegion's domain, during theHorus Heresy.

在荷鲁斯叛乱时期，科尔基斯辖区是怀言者军"
525	科尔基斯辖区 Colchisian Satrapy	恢复英文词间空格	The	The 	1	"，科尔基斯辖区是怀言者军团的领地。

**History 历史**

TheWord Bearers'Homeworld,Colchis, was"
525	科尔基斯辖区 Colchisian Satrapy	恢复英文词间空格	the	the 	1	getof a vengefulCrusadelaunched by theIron Hands. While theTraitor Legion
525	科尔基斯辖区 Colchisian Satrapy	恢复英文词间空格	the	the 	1	delaunched by theIron Hands. While theTraitor Legionthrew countless horde
525	科尔基斯辖区 Colchisian Satrapy	恢复英文词间空格	of	of 	1	tless hordes of militia and fleets ofFire Shipsat the Iron Hands, nothin
525	科尔基斯辖区 Colchisian Satrapy	恢复英文词间空格	the	the 	1	pped their advance. By 271010.M31, theShattered Legionhad already sacked 
525	科尔基斯辖区 Colchisian Satrapy	恢复英文词间空格	their	their 	1	tlands. They also began harvesting theirFief Worldsfor resources, which inc
525	科尔基斯辖区 Colchisian Satrapy	恢复英文词间空格	the	the 	1	orldsfor resources, which included theForge WorldMilhand. However, the Wo
525	科尔基斯辖区 Colchisian Satrapy	恢复英文词间空格	the	the 	1	"later destroyed in 032.M31, during theGreat Scouring.

怀言者的家园世界科尔基斯也包括在内，"
525	科尔基斯辖区 Colchisian Satrapy	恢复英文词间空格	Legionhad	Legion had	1	ance. By 271010.M31, the Shattered Legionhad already sacked a dozensystemsin th
525	科尔基斯辖区 Colchisian Satrapy	恢复英文词间空格	Worldsfor	Worlds for	1	y also began harvesting their Fief Worldsfor resources, which included the Forg
526	万古长战 Long War	恢复英文词间空格	the	the 	1	The Long War is a term used by theChaos Space Marinesto refer to thei
526	万古长战 Long War	恢复英文词间空格	the	the 	1	heir subsequent struggle to topple theImperiumand complete the work begun
526	万古长战 Long War	恢复英文词间空格	by	by 	1	mperiumand complete the work begun byWarmasterHorusduring theHorus Heres
526	万古长战 Long War	恢复英文词间空格	the	the 	1	" work begun byWarmasterHorusduring theHorus Heresymillennia earlier.

万古长"
526	万古长战 Long War	恢复英文词间空格	the	the 	1	he inconsistent passage of time in theWarp, these memories are still fres
526	万古长战 Long War	恢复英文词间空格	the	the 	1	 Space Marineswho now dwell within theEye of Terror. The centuries have s
526	万古长战 Long War	恢复英文词间空格	by	by 	1	e warlords, mad killers, possessed byDaemons, or the servants of theRuin
526	万古长战 Long War	恢复英文词间空格	the	the 	1	ssed byDaemons, or the servants of theRuinous Powerswho are more devoted 
526	万古长战 Long War	恢复英文词间空格	the	the 	1	nous Powerswho are more devoted to theGreat Gamethan the struggle against
526	万古长战 Long War	恢复英文词间空格	the	the 	1	reat Gamethan the struggle against theEmperor's domain. It is in this wor
526	万古长战 Long War	恢复英文词间空格	the	the 	1	ve fighting force, most notably in theBlack CrusadesofAbaddon the Despoil
526	万古长战 Long War	恢复英文词间空格	the	the 	1	"
Many Chaos Space Marines consider thePrimarchsonce loyal to Horus to hav"
526	万古长战 Long War	恢复英文词间空格	the	the 	1	" achievingDaemonhoodto wage war in theGreat Gamein the Warp.

许多混沌星际战士认为，"
526	万古长战 Long War	恢复英文词间空格	Marinesto	Marines to	1	 is a term used by the Chaos Space Marinesto refer to their subsequent struggle
526	万古长战 Long War	恢复英文词间空格	Imperiumand	Imperium and	1	 subsequent struggle to topple the Imperiumand complete the work begun by Warmast
526	万古长战 Long War	恢复英文词间空格	Marineswho	Marines who	1	 minds of some of thoseChaos Space Marineswho now dwell within the Eye of Terror
527	混沌终结者 Chaos Terminators	恢复英文词间空格	the	the 	1	"aringTactical Dreadnought Armourof theChaos Space Marines.

混沌终结者是灰白老兵，他们"
527	混沌终结者 Chaos Terminators	恢复英文词间空格	a	a 	1	e swiftest of troops, they can use aLand Raiderto travel across the bat
527	混沌终结者 Chaos Terminators	恢复英文词间空格	the	the 	1	rminators stand in high respect to theChaos gods. Many of them areAspirin
527	混沌终结者 Chaos Terminators	恢复英文词间空格	are	are 	1	ect to theChaos gods. Many of them areAspiring Championsalthough often th
527	混沌终结者 Chaos Terminators	恢复英文词间空格	a	a 	1	ndard Chaos Terminator armament is aCombi-Bolterand aPower Weaponwhich 
527	混沌终结者 Chaos Terminators	恢复英文词间空格	a	a 	1	nator armament is aCombi-Bolterand aPower Weaponwhich can be upgraded t
527	混沌终结者 Chaos Terminators	恢复英文词间空格	a	a 	1	ponwhich can be upgraded to either aPower FistorChainfist. In addition,
527	混沌终结者 Chaos Terminators	恢复英文词间空格	a	a 	1	ddition, Terminators may also take aReaper AutocannonorHeavy Flamerin p
527	混沌终结者 Chaos Terminators	恢复英文词间空格	their	their 	1	utocannonorHeavy Flamerin place of theirCombi-Bolter. The Combi-bolter itse
527	混沌终结者 Chaos Terminators	恢复英文词间空格	a	a 	1	e configured to function as either aCombi-Meltagun,Combi-Plasma GunorCo
527	混沌终结者 Chaos Terminators	恢复英文词间空格	of	of 	1	"y can also be equipped with a pair ofLightning Clawsfor close combat.

他"
527	混沌终结者 Chaos Terminators	恢复英文词间空格	the	the 	1	"bat.

他们还可以配备一对闪电爪进行近距离战斗。

During theHorus Heresy, theTraitor Legionsfie"
527	混沌终结者 Chaos Terminators	恢复英文词间空格	the	the 	1	"爪进行近距离战斗。

During theHorus Heresy, theTraitor Legionsfielded units clad i"
527	混沌终结者 Chaos Terminators	恢复英文词间空格	in	in 	1	eTraitor Legionsfielded units clad inCataphractiiandTartarospattern Term
527	混沌终结者 Chaos Terminators	恢复英文词间空格	the	the 	1	"ldren 帝皇之子

The Phoenix Guard were theEmperor's Childrenbodyguard ofFulgr"
527	混沌终结者 Chaos Terminators	恢复英文词间空格	of	of 	1	"ere theEmperor's Childrenbodyguard ofFulgrim.

凤凰卫队是福格瑞姆的帝皇之子护卫。

Iron W"
527	混沌终结者 Chaos Terminators	恢复英文词间空格	the	the 	1	nthikos were elite linebreakers of theIron Warriors, who also deployedTyr
527	混沌终结者 Chaos Terminators	恢复英文词间空格	The	The 	1	"，他们还部署了暴君攻城终结者。

Night Lords 午夜领主

TheAtramentarare the elite Terminator "
527	混沌终结者 Chaos Terminators	恢复英文词间空格	the	the 	1	"the elite Terminator bodyguards of theNight Lords.

黑甲卫是午夜领主的精英终结者护卫。

Th"
527	混沌终结者 Chaos Terminators	恢复英文词间空格	The	The 	1	"heNight Lords.

黑甲卫是午夜领主的精英终结者护卫。

TheContekarwereNight Lordsadept at sow"
527	混沌终结者 Chaos Terminators	恢复英文词间空格	were	were 	1	"minator 吞世者教派终结者

The Red Butchers wereWorld Eaterswho wore customized sui"
527	混沌终结者 Chaos Terminators	恢复英文词间空格	of	of 	1	te were World Eaters wearing suits ofSaturnine Armourstolen from Loyalis
527	混沌终结者 Chaos Terminators	恢复英文词间空格	the	the 	1	"rve as the disease-ridden elite of theDeath Guard.

疫病领主终结者是死亡守卫中疾病缠身的精英。"
527	混沌终结者 Chaos Terminators	恢复英文词间空格	of	of 	1	"athshroud are the elite bodyguards ofMortarion.

死亡寿衣是莫塔里安的精英护卫

Thousan"
527	混沌终结者 Chaos Terminators	恢复英文词间空格	the	the 	1	tors were once the finestpsykersin theThousand Sons, bodyguards toMagnus 
527	混沌终结者 Chaos Terminators	恢复英文词间空格	to	to 	1	ersin theThousand Sons, bodyguards toMagnus the Redhimself. Like their b
527	混沌终结者 Chaos Terminators	恢复英文词间空格	the	the 	1	r brothers, they where affected by theRubric of Ahrimanspell and turned i
527	混沌终结者 Chaos Terminators	恢复英文词间空格	with	with 	1	d in ornate armour, they are armed withKhopesh bladesandInferno Combi-Bolt
527	混沌终结者 Chaos Terminators	恢复英文词间空格	to	to 	1	-Bolters. The unit has also access toHeavy Warpflamers,Soulreaper Cannon
527	混沌终结者 Chaos Terminators	恢复英文词间空格	a	a 	1	"cerer leading his unit also wields aForce staff.

圣甲虫密会终结者曾经是千子中最优秀的灵能者"
527	混沌终结者 Chaos Terminators	恢复英文词间空格	The	The 	1	"

Black Legion Terminator 黑色军团终结者

TheJustaerinwere the Terminator elite "
527	混沌终结者 Chaos Terminators	恢复英文词间空格	the	the 	1	"taerinwere the Terminator elite of theLuna Wolvesand laterSons of Horus.
"
527	混沌终结者 Chaos Terminators	恢复英文词间空格	The	The 	1	"Horus.

加斯塔林是影月苍狼和后来的荷鲁斯之子的终结者精英。

TheBringers of Despairare the modern T"
527	混沌终结者 Chaos Terminators	恢复英文词间空格	of	of 	1	"airare the modern Terminator elite ofAbaddon the Despoiler.

绝望使者是掠夺者阿巴顿"
527	混沌终结者 Chaos Terminators	恢复英文词间空格	were	were 	1	"Bearers 怀言者

The Phraetus Anointed wereDaemonically-possessed,Saturnine Ar"
527	混沌终结者 Chaos Terminators	恢复英文词间空格	of	of 	1	 Huscarls are the Terminator elite ofHuron Blackheartwithin theRed Corsa
527	混沌终结者 Chaos Terminators	恢复英文词间空格	the	the 	1	"tor elite ofHuron Blackheartwithin theRed Corsairs.

侍卫是红海盗中休伦·黑心的终结者精英。"
528	瘟疫战士 Plague Marines	恢复英文词间空格	are	are 	1	Plague Marines areChaos Space Marinesdedicated to the
528	瘟疫战士 Plague Marines	恢复英文词间空格	the	the 	1	"areChaos Space Marinesdedicated to theChaos GodNurgle.

瘟疫战士是献身于混沌之神纳垢的混沌"
528	瘟疫战士 Plague Marines	恢复英文词间空格	the	the 	1	hey make up much of the numbers of theDeath GuardLegion, but not all Plag
528	瘟疫战士 Plague Marines	恢复英文词间空格	the	the 	1	s rare however, and few outside of theDeath Guardknow its secret. However
528	瘟疫战士 Plague Marines	恢复英文词间空格	the	the 	1	erersto his cause, and as a result theBlack Legionis known to field subst
528	瘟疫战士 Plague Marines	恢复英文词间空格	Legionis	Legion is	1	s cause, and as a result the Black Legionis known to field substantial numbers
528	瘟疫战士 Plague Marines	恢复英文词间空格	the	the 	1	rst Plague Marines were members of theDeath Guardduring theHorus Heresy.H
528	瘟疫战士 Plague Marines	恢复英文词间空格	the	the 	1	re members of theDeath Guardduring theHorus Heresy.Horusplanned for the D
528	瘟疫战士 Plague Marines	恢复英文词间空格	the	the 	1	to attackTerra. Determined to join theWarmaster’s siege of theImperial Pa
528	瘟疫战士 Plague Marines	恢复英文词间空格	the	the 	1	ed to join theWarmaster’s siege of theImperial Palace,Mortarionled his fl
528	瘟疫战士 Plague Marines	恢复英文词间空格	of	of 	1	ce. Few knew this was truly a part ofCalas Typhon’s plan. The entire fle
528	瘟疫战士 Plague Marines	恢复英文词间空格	of	of 	1	ring this time that the infections ofNurglebegan to silently assail the 
528	瘟疫战士 Plague Marines	恢复英文词间空格	the	the 	1	ssail the Death Guard. One by one, theDestroyer Plagueand Nurgle’s Rot – 
528	瘟疫战士 Plague Marines	恢复英文词间空格	Guardduring	Guard during	1	 Marines were members of the Death Guardduring the Horus Heresy.Horusplanned for 
528	瘟疫战士 Plague Marines	恢复英文词间空格	Mortarionled	Mortarion led	1	ter’s siege of the Imperial Palace,Mortarionled his fleet into the Warp. He did no
528	瘟疫战士 Plague Marines	恢复英文句间空格	.Ho	. Ho	1	Death Guard during the Horus Heresy.Horusplanned for the Death Guard to f
528	瘟疫战士 Plague Marines	恢复英文句间空格	.Th	. Th	1	re from which he would never escape.The fleet was trapped and becalmed in
528	瘟疫战士 Plague Marines	恢复英文句间空格	.Un	. Un	1	ere slowly, sickeningly transformed.Unable to endure the suffering any lo
528	瘟疫战士 Plague Marines	恢复英文句间空格	.Th	. Th	1	"ring about both death and suffering.These weapons include:

瘟疫战士使用的许多武器都会"
529	III - 帝皇之子 Emperor's Children	恢复英文句间空格	.Th	. Th	1	ith more direct and cruder pleasure.Though they could rarely be controlle
529	III - 帝皇之子 Emperor's Children	恢复英文句间空格	.By	. By	1	ring the Legion to its former glory.By the time of the Great Rift it is s
734	凯瑞斯 Kyriss	恢复英文词间空格	a	a 	1	"Kyriss the Perverse was aKeeper of Secrets.

悖逆者凯瑞斯是一名守密者

"
734	凯瑞斯 Kyriss	恢复英文词间空格	the	the 	1	"aemonic""generals"" who orchestrated theBattle of Signus Primeagainst theBl"
734	凯瑞斯 Kyriss	恢复英文词间空格	the	the 	1	d theBattle of Signus Primeagainst theBlood Angelsand theirprimarch,Sangu
734	凯瑞斯 Kyriss	恢复英文词间空格	to	to 	1	nto a rage and eventually turn him toKhorne. After Ka'Bandha was forced 
734	凯瑞斯 Kyriss	恢复英文词间空格	the	the 	1	ter Ka'Bandha was forced back into theWarp, Kyriss informed Sanguinius th
734	凯瑞斯 Kyriss	恢复英文词间空格	the	the 	1	he would spare the Blood Angels of theRed ThirstandBlack Rageif he took t
734	凯瑞斯 Kyriss	恢复英文词间空格	of	of 	1	nto him and stepped into the realm ofChaos, but to save his gene-father 
734	凯瑞斯 Kyriss	恢复英文词间空格	the	the 	1	Chaos, but to save his gene-father theApothecaryMerosdid instead. In a ra
734	凯瑞斯 Kyriss	恢复英文词间空格	to	to 	1	before the Blood Angels, this time toDanteandMephiston. The Daemon offer
734	凯瑞斯 Kyriss	恢复英文词间空格	the	the 	1	gels a bargain, that he would cure theBlack Rageif Mephiston would become
734	凯瑞斯 Kyriss	恢复英文词间空格	Horusand	Horus and	1	Angelsand theirprimarch,Sanguinius.Horusand Ka'Bandha however intended to use 
734	凯瑞斯 Kyriss	恢复英文句间空格	.Ho	. Ho	1	 Angelsand theirprimarch,Sanguinius.Horus and Ka'Bandha however intended 
735	卡'班哈 Ka'Bandha	恢复英文词间空格	an	an 	1	Ka'Bandha is anExalted Bloodthirsterand one of the
735	卡'班哈 Ka'Bandha	恢复英文词间空格	of	of 	1	"odthirsterand one of the mightiest ofKhorne's servants.

卡'班哈是一名嗜血狂魔，也是恐"
735	卡'班哈 Ka'Bandha	恢复英文词间空格	the	the 	1	ed leading Daemonic forces against theBlood Angelsat theBattle of Signus 
735	卡'班哈 Ka'Bandha	恢复英文词间空格	the	the 	1	c forces against theBlood Angelsat theBattle of Signus Primealongside the
735	卡'班哈 Ka'Bandha	恢复英文词间空格	the	the 	1	theBattle of Signus Primealongside theKeeper of SecretsKyriss the Pervers
735	卡'班哈 Ka'Bandha	恢复英文词间空格	the	the 	1	ss the Perverse, being summoned to theMateriumby sacrificing theWord Bear
735	卡'班哈 Ka'Bandha	恢复英文词间空格	the	the 	1	moned to theMateriumby sacrificing theWord BearerAstropathCorocoro Sahzë.
735	卡'班哈 Ka'Bandha	恢复英文词间空格	with	with 	1	ndha engaged in an airborne battle withSanguiniusand broke the Primarch's 
735	卡'班哈 Ka'Bandha	恢复英文词间空格	the	the 	1	 Primarch's legs before unleashing theRagefireupon the Legion and activat
735	卡'班哈 Ka'Bandha	恢复英文词间空格	the	the 	1	rst for blood within the psyche of theBlood Angels, that would not rest u
735	卡'班哈 Ka'Bandha	恢复英文词间空格	of	of 	1	t would not rest until every taint ofChaoshad been erased from the plane
735	卡'班哈 Ka'Bandha	恢复英文词间空格	the	the 	1	",and which would later be known as theRed Thirst.

卡'班哈的残酷暴力在圣血天使的心灵中释放了对"
735	卡'班哈 Ka'Bandha	恢复英文词间空格	Chaoshad	Chaos had	1	ould not rest until every taint of Chaoshad been erased from the planet,and wh
735	卡'班哈 Ka'Bandha	恢复英文词间空格	the	the 	1	avenge on weak souls to survive in theFormless Wastes. Other Bloodthirste
735	卡'班哈 Ka'Bandha	恢复英文词间空格	the	the 	1	"
Ka'Bandha卡'班哈

He was later among theGreater Daemonssummoned intoRealspa"
735	卡'班哈 Ka'Bandha	恢复英文词间空格	into	into 	1	r among theGreater Daemonssummoned intoRealspaceby theThousand Sonsduring 
735	卡'班哈 Ka'Bandha	恢复英文词间空格	the	the 	1	er Daemonssummoned intoRealspaceby theThousand Sonsduring theBattle for T
735	卡'班哈 Ka'Bandha	恢复英文词间空格	the	the 	1	Realspaceby theThousand Sonsduring theBattle for Terra.After theLion's Ga
735	卡'班哈 Ka'Bandha	恢复英文词间空格	the	the 	1	nsduring theBattle for Terra.After theLion's Gate Spaceportfell to theTra
735	卡'班哈 Ka'Bandha	恢复英文词间空格	the	the 	1	er theLion's Gate Spaceportfell to theTraitors, the Daemons were unleashe
735	卡'班哈 Ka'Bandha	恢复英文词间空格	the	the 	1	 Daemons were unleashed to destroy theImperial Palace'sColossi Gate.While
735	卡'班哈 Ka'Bandha	恢复英文词间空格	the	the 	1	ces, the Daemons were destroyed by theWhite Scars'Stormseersand theAdeptu
735	卡'班哈 Ka'Bandha	恢复英文词间空格	the	the 	1	ed by theWhite Scars'Stormseersand theAdeptus Custodes, before they could
735	卡'班哈 Ka'Bandha	恢复英文词间空格	the	the 	1	a would return once more to plague theBlood Angelsduring the last phase o
735	卡'班哈 Ka'Bandha	恢复英文词间空格	the	the 	1	Greater Daemon who managed to pass theEmperor's weakened psychic shield a
735	卡'班哈 Ka'Bandha	恢复英文词间空格	the	the 	1	r's weakened psychic shield around theSanctum Imperialis, and attacked th
735	卡'班哈 Ka'Bandha	恢复英文词间空格	the	the 	1	heSanctum Imperialis, and attacked theEternity Gate. There, he attempted 
735	卡'班哈 Ka'Bandha	恢复英文词间空格	the	the 	1	urled the Greater Daemon back into theHereticarmy and finally retreated b
735	卡'班哈 Ka'Bandha	恢复英文句间空格	.Af	. Af	1	and Sonsduring the Battle for Terra.After the Lion's Gate Spaceportfell t
735	卡'班哈 Ka'Bandha	恢复英文句间空格	.Wh	. Wh	1	y the Imperial Palace'sColossi Gate.While they succeeded in tearing down 
735	卡'班哈 Ka'Bandha	恢复英文句间空格	.At	. At	1	 much that he focused on their duel.At one point, the Daemon cast Sanguin
735	卡'班哈 Ka'Bandha	恢复英文句间空格	.Ka	. Ka	1	yond the walls of the Eternity Gate.Ka'Bandha's broken body was then cons
735	卡'班哈 Ka'Bandha	恢复英文词间空格	was	was 	1	irstGrey Knightto defeat Ka'Bandha wasBrother-CaptainSolor. To this day, 
735	卡'班哈 Ka'Bandha	恢复英文词间空格	the	the 	1	Ka'Bandha slewCaptainAbel Zoraelin theBattle of Khartas. TheSanguinorinte
735	卡'班哈 Ka'Bandha	恢复英文词间空格	The	The 	1	bel Zoraelin theBattle of Khartas. TheSanguinorintervened to banish the D
735	卡'班哈 Ka'Bandha	恢复英文词间空格	of	of 	1	brought this news to the attention ofCommander Danteand proposed a joint
735	卡'班哈 Ka'Bandha	恢复英文词间空格	the	the 	1	s assailed Ka'Bandha's fortress on theDaemon worldofKalagazaar. Ka'Bandha
735	卡'班哈 Ka'Bandha	恢复英文词间空格	to	to 	1	ed and Kalagazaar itself subjected toExterminatus. At the campaign's end
735	卡'班哈 Ka'Bandha	恢复英文词间空格	of	of 	1	gels prepared for the main tendril ofHive Fleet Leviathantoassault the B
735	卡'班哈 Ka'Bandha	恢复英文词间空格	the	the 	1	the Chapter's home world where all theChapters of the Bloodhad gathered.T
735	卡'班哈 Ka'Bandha	恢复英文词间空格	of	of 	1	 and so Mephiston led a collection ofLibrariansfrom various Chapters to 
735	卡'班哈 Ka'Bandha	恢复英文词间空格	the	the 	1	s entry into the material realm.As theGreat Rifttore through the Galaxy, 
735	卡'班哈 Ka'Bandha	恢复英文词间空格	the	the 	1	wave.He was later banished back to theWarpbyMortarionduring theWar in the
735	卡'班哈 Ka'Bandha	恢复英文词间空格	the	the 	1	"d back to theWarpbyMortarionduring theWar in the Rift.

卡'班哈接下来出现在恐虐的鲜血远征"
735	卡'班哈 Ka'Bandha	恢复英文词间空格	the	the 	1	ngAmmonai, the outermost planet of theBaal System, as Hive Fleet Leviatha
735	卡'班哈 Ka'Bandha	恢复英文词间空格	in	in 	1	han descends on the system.However inThe Devastation of Baal, Ka'Bandha 
735	卡'班哈 Ka'Bandha	恢复英文句间空格	.Th	. Th	1	e Chapters of the Bloodhad gathered.The presence of the Angel's Bane woul
735	卡'班哈 Ka'Bandha	恢复英文句间空格	.As	. As	1	t his entry into the material realm.As the Great Rifttore through the Gal
735	卡'班哈 Ka'Bandha	恢复英文句间空格	.On	. On	1	e in a frenzied three-way slaughter.On Baal, as the Blood Angels finally 
735	卡'班哈 Ka'Bandha	恢复英文句间空格	.He	. He	1	od Crusade, leading its second wave.He was later banished back to the War
735	卡'班哈 Ka'Bandha	恢复英文句间空格	.Ho	. Ho	1	et Leviathan descends on the system.However in The Devastation of Baal, K
737	埃尔德拉德·乌斯兰 Eldrad Ulthran	恢复英文句间空格	.It	. It	1	virus bombing of many maiden worlds.It was this fateful event that would 
535	大连 Grand Company	恢复英文词间空格	the	the 	1	nd Company is a combat unit within theIron WarriorsLegion. In the time of
535	大连 Grand Company	恢复英文词间空格	the	the 	1	ron WarriorsLegion. In the time of theGreat CrusadeandHorus Heresy, they 
535	大连 Grand Company	恢复英文词间空格	the	the 	1	 type in the Legion, ranking below theGrand Battalion. Grand Companies of
535	大连 Grand Company	恢复英文词间空格	as	as 	1	" regular human auxiliaries as well asMechanicumcontingents.

大连是钢铁勇士军团中的"
535	大连 Grand Company	恢复英文词间空格	a	a 	1	ters. They would be usually led by aWarsmithand be composed of several 
535	大连 Grand Company	恢复英文词间空格	by	by 	1	everal regular companies commanded byCaptains.The number of companies th
535	大连 Grand Company	恢复英文词间空格	of	of 	1	vary, depending on both the number ofChaos Space Marinesin the Grand Com
535	大连 Grand Company	恢复英文词间空格	Marinesin	Marines in	1	 on both the number of Chaos Space Marinesin the Grand Company, and if the Gran
535	大连 Grand Company	恢复英文句间空格	.Th	. Th	1	lar companies commanded by Captains.The number of companies that will be 
540	XII - 吞世者 World Eaters	删除误重复字	名狼藉的的恐虐狂	名狼藉的恐虐狂	1	
540	XII - 吞世者 World Eaters	恢复英文句间空格	.Th	. Th	1	ded by the bodies of xenos warriors.The young Angron survived his capture
545	XIV - 死亡守卫 Death Guard	删除误重复字	被无礼的的纳垢灵	被无礼的纳垢灵	1	
547	死亡寿衣 Deathshroud	恢复英文句间空格	.Th	. Th	1	he rest of their squad has perished.Their identities were a mystery, sinc
547	死亡寿衣 Deathshroud	恢复英文句间空格	.An	. An	1	e than 49 paces from their Primarch.An intimidating presence, they were c
547	死亡寿衣 Deathshroud	恢复英文句间空格	.Mo	. Mo	1	in motion, of mechanical automatons.Mortarion was customarily attended by
549	XV - 千子 Thousand Sons	恢复英文句间空格	.Di	. Di	1	..and perhaps even long before that.Distraught, Magnus resolved to accept
549	XV - 千子 Thousand Sons	恢复英文句间空格	.Fo	. Fo	1	"rd-brother to Abaddon the Despoiler.Founding member of the Black Legion
-"
555	四王议会 Mournival	恢复英文词间空格	the	the 	1	visory council of four captains of theLuna WolvesLegion, the authority of
555	四王议会 Mournival	恢复英文词间空格	to	to 	1	thority of its members second only toHorushimself within the Legion. Eve
555	四王议会 Mournival	恢复英文词间空格	the	the 	1	ernal to the legion. At the end of theGreat Crusade, it was composed ofEz
555	四王议会 Mournival	恢复英文词间空格	of	of 	1	 theGreat Crusade, it was composed ofEzekyle Abaddon,'Little' Horus Axim
555	四王议会 Mournival	恢复英文词间空格	to	to 	1	after the Luna Wolves' first visit toDavin.If this is correct then the M
555	四王议会 Mournival	恢复英文词间空格	the	the 	1	" New Moon
- 洛肯 - 新月

Shortly after theUllanor Crusade, and Horus's elevat"
555	四王议会 Mournival	恢复英文词间空格	to	to 	1	nor Crusade, and Horus's elevation toWarmaster, CaptainHastur Sejanuscom
555	四王议会 Mournival	恢复英文词间空格	of	of 	1	"

As Horus was corrupted by agents ofChaos, the Mournival was divided - "
555	四王议会 Mournival	恢复英文词间空格	the	the 	1	en and Torgaddon remained loyal to theEmperor. With the deaths of the loy
555	四王议会 Mournival	恢复英文词间空格	at	at 	1	. With the deaths of the loyalists atIsstvan IIIthe brotherhood of the M
555	四王议会 Mournival	恢复英文词间空格	the	the 	1	"会的兄弟情谊在其历史上首次被中断。

Some time after theBattle of Isstvan III, Horus Aximan"
555	四王议会 Mournival	恢复英文词间空格	the	the 	1	rael Noctuainto their ranks.During theSiege of Terrathe entire Mournival 
555	四王议会 Mournival	恢复英文词间空格	the	the 	1	as wiped out during the debacle at theSaturnine Wall. After the disaster,
555	四王议会 Mournival	恢复英文词间空格	Horushimself	Horus himself	1	rity of its members second only to Horushimself within the Legion. Even so, it car
555	四王议会 Mournival	恢复英文句间空格	.If	. If	1	e Luna Wolves' first visit to Davin.If this is correct then the Mournival
555	四王议会 Mournival	恢复英文句间空格	.Du	. Du	1	ibreandGrael Noctuainto their ranks.During the Siege of Terrathe entire M
556	加斯塔林 Justaerin	恢复英文句间空格	.Th	. Th	1	Legi  on by the Bringers of Despair.The Justaerin, or at least their remn
558	XVII - 怀言者 Word Bearers	Field 对应的错别字	盖勒立场	盖勒力场	1	
561	XX - 阿尔法军团 Alpha Legion	恢复英文句间空格	.It	. It	1	came an insular and proud formation.It was this martial pride that led to
563	古圣 The Old Ones	恢复英文词间空格	the	the 	1	notable for being the first of all theGalaxy's sentient lifeas well as be
563	古圣 The Old Ones	恢复英文词间空格	the	the 	1	t some unknown point, they crafted theWebwayto serve as a conduit through
563	古圣 The Old Ones	恢复英文词间空格	the	the 	1	ithout suffering from the tides of theWarp.Such was their advanced scienc
563	古圣 The Old Ones	恢复英文句间空格	.At	. At	1	 great works of psychic engineering.At some unknown point, they crafted t
563	古圣 The Old Ones	恢复英文句间空格	.Su	. Su	1	uffering from the tides of the Warp.Such was their advanced science that 
563	古圣 The Old Ones	恢复英文词间空格	the	the 	1	 that it would remain whole within theWarpafter death where it could rein
563	古圣 The Old Ones	恢复英文词间空格	the	the 	1	st the diseased consciousnesses of thePowers of Chaoswhich could consume 
563	古圣 The Old Ones	恢复英文词间空格	the	the 	1	loped within their wake, including theNecrontyr, who struggled in their c
563	古圣 The Old Ones	恢复英文词间空格	the	the 	1	other. The ruling council known as theTriarchbelieved that an external fo
563	古圣 The Old Ones	恢复英文词间空格	the	the 	1	onflict that would become known as theWar in Heaven.The jealousy grew, ev
563	古圣 The Old Ones	恢复英文词间空格	Chaoswhich	Chaos which	1	"d consciousnesses of the Powers of Chaoswhich could consume their identity.

古圣相"
563	古圣 The Old Ones	恢复英文句间空格	.Th	. Th	1	of worlds which they made their own.The Old Slann believed that the objec
563	古圣 The Old Ones	恢复英文句间空格	.Th	. Th	1	et of eternal life but they refused.This kindled a burning hatred within 
563	古圣 The Old Ones	恢复英文句间空格	.Th	. Th	1	d become known as the War in Heaven.The jealousy grew, eventually leading
563	古圣 The Old Ones	恢复英文词间空格	of	of 	1	 the Old Ones due to their mastery ofWebwayportals. Eventually, theNecro
563	古圣 The Old Ones	恢复英文词间空格	the	the 	1	stery ofWebwayportals. Eventually, theNecrontyrwere vanquished to such an
563	古圣 The Old Ones	恢复英文词间空格	the	the 	1	ace of beings that became known as theNecrons. They were now able to purs
563	古圣 The Old Ones	恢复英文词间空格	the	the 	1	s wars as the Old Ones' mastery of theWarpwas now countered by the C'tan'
563	古圣 The Old Ones	恢复英文词间空格	the	the 	1	n this manner; it is believed that theEldar,K'nibandRashanranked among th
563	古圣 The Old Ones	恢复英文词间空格	the	the 	1	atest students, learning to master theWebwayand developing the ability to
563	古圣 The Old Ones	恢复英文词间空格	the	the 	1	t insidious of these entities were theEnslavers, who dominated the minds 
563	古圣 The Old Ones	恢复英文词间空格	The	The 	1	te portals for more of their kind. TheEnslaver Plaguebecame the final blo
563	古圣 The Old Ones	恢复英文词间空格	the	the 	1	ts remains and one anotherSzarekh, theSilent King, launched hisrevoltthat
563	古圣 The Old Ones	恢复英文词间空格	of	of 	1	the Old Ones with the rune-singers ofCraftworldKaelordepicting the Webwa
563	古圣 The Old Ones	恢复英文词间空格	the	the 	1	t the Empathic Obliterator used by theNecron LordTrazynthe Infinite may b
563	古圣 The Old Ones	恢复英文词间空格	the	the 	1	race in their place in the form of theSlannor Old Slann that featured inW
563	古圣 The Old Ones	恢复英文词间空格	in	in 	1	theSlannor Old Slann that featured inWarhammer 40,000: Rogue TraderandCo
563	古圣 The Old Ones	恢复英文词间空格	with	with 	1	n third edition material, starting withCodex: Necrons, the Old Ones are fi
563	古圣 The Old Ones	恢复英文词间空格	as	as 	1	 the Necrons. Future material such asCodex: Eldar (4th Edition)andCodex:
563	古圣 The Old Ones	恢复英文词间空格	and	and 	1	l such asCodex: Eldar (4th Edition)andCodex: Chaos Daemons (4th Edition)a
563	古圣 The Old Ones	恢复英文句间空格	.Th	. Th	1	eir new weapon against the Old Ones.Through the C'tan, the Necrontyr were
563	古圣 The Old Ones	恢复英文句间空格	.De	. De	1	 Ones in every corner of the Galaxy.Despite their legendary patience and 
563	古圣 The Old Ones	恢复英文句间空格	.Th	. Th	1	le defined for them by the Old Ones.This was the time that the Eldar refe
563	古圣 The Old Ones	恢复英文句间空格	.Ev	. Ev	1	alaxy had already been extinguished.Eventually, the hot-blooded Young Rac
563	古圣 The Old Ones	恢复英文句间空格	.Th	. Th	1	g defeated, scattered and destroyed.The surviving C'tan and Necrons had t
563	古圣 The Old Ones	恢复英文句间空格	.In	. In	1	d hisrevoltthat shattered the C'tan.In the power vacuum following the war
563	古圣 The Old Ones	恢复英文句间空格	.It	. It	1	used it to travel through the stars.It is rumoured that the Empathic Obli
563	古圣 The Old Ones	恢复英文词间空格	the	the 	1	"Ones also get a partial mention in theLiber Chaotica""Slaanesh"" in the cha"
563	古圣 The Old Ones	恢复英文词间空格	the	the 	1	rding to Salvador, became known as theUmbra. This entity that was sent to
563	古圣 The Old Ones	恢复英文词间空格	of	of 	1	also shares many qualities to that ofQah, a deity within theHrudpantheon
563	古圣 The Old Ones	恢复英文词间空格	the	the 	1	"ties to that ofQah, a deity within theHrudpantheon.

异型学也可能为古圣提供潜在的参考。他们被"
564	冉丹 Rangdan	恢复英文词间空格	the	the 	1	owerfulXenosspecies encountered by theImperiumduring theGreat Crusade. Th
564	冉丹 Rangdan	恢复英文词间空格	the	the 	1	s encountered by theImperiumduring theGreat Crusade. They allegedly origi
564	冉丹 Rangdan	恢复英文词间空格	the	the 	1	ed by the 105th Pioneer Company of theVth Legionin the northern rim of th
564	冉丹 Rangdan	恢复英文词间空格	the	the 	1	heVth Legionin the northern rim of theGalaxyand were recognized as a grav
564	冉丹 Rangdan	恢复英文词间空格	the	the 	1	d as a grave threat and engaged by theFirst LegionofAstartes. During theR
564	冉丹 Rangdan	恢复英文词间空格	the	the 	1	 theFirst LegionofAstartes. During theRangdan Xenocides, the Rangdan inva
564	冉丹 Rangdan	恢复英文词间空格	the	the 	1	and east. In the bloodiest war for theImperiumuntil theHorus Heresythe Ra
564	冉丹 Rangdan	恢复英文词间空格	the	the 	1	bloodiest war for theImperiumuntil theHorus Heresythe Rangdan were halted
564	冉丹 Rangdan	恢复英文词间空格	the	the 	1	 at great cost to the Imperium and theDark Angelsespecially. The Imperium
564	冉丹 Rangdan	恢复英文词间空格	Imperiumduring	Imperium during	1	fulXenosspecies encountered by the Imperiumduring the Great Crusade. They allegedly 
564	冉丹 Rangdan	恢复英文词间空格	Legionin	Legion in	1	e 105th Pioneer Company of the Vth Legionin the northern rim of the Galaxyand 
565	莱尔 Laer	恢复英文词间空格	the	the 	1	planetLaeran, were exterminated by theEmperor's Children(Pre-Heresy) duri
565	莱尔 Laer	恢复英文词间空格	the	the 	1	" a campaign that came to be called theCleansing of Laeran.

莱尔是非人型异型。他们和他"
565	莱尔 Laer	恢复英文词间空格	of	of 	1	e Laer were passionate worshippers ofSlaanesh, and the cleansing of thei
565	莱尔 Laer	恢复英文词间空格	of	of 	1	d be the ultimate underlying cause ofFulgrim's turn to Chaos, and with i
565	莱尔 Laer	恢复英文词间空格	the	the 	1	elFulgrimindicates this was before theEmperor's entombment in theGolden T
565	莱尔 Laer	恢复英文词间空格	the	the 	1	 before theEmperor's entombment in theGolden Throne, but the olderWhite D
565	莱尔 Laer	恢复英文词间空格	the	the 	1	" took place in 893.M31, long after theSecond Founding(021.M31).

小说《福格瑞姆》"
565	莱尔 Laer	恢复英文句间空格	.Th	. Th	1	The Laer were non-humanoidaliens.They, along with their planetLaeran, 
565	莱尔 Laer	恢复英文句间空格	.Th	. Th	1	and-based and aquatic warrior forms.They wielded gauntlets capable of fir
566	史洛斯 Slaugth	恢复英文词间空格	the	the 	1	possibly ancient, likely native to theCalixis Sectorlong before the arriv
566	史洛斯 Slaugth	恢复英文词间空格	of	of 	1	ixis Sectorlong before the arrival ofMankind. Much of their known activi
566	史洛斯 Slaugth	恢复英文词间空格	the	the 	1	y takes place around the region of theHazeroth Abyssthat consists of curs
566	史洛斯 Slaugth	恢复英文词间空格	the	the 	1	eir origins are largely unknown to theImperiumthoughRogue Tradersand xeno
566	史洛斯 Slaugth	恢复英文词间空格	the	the 	1	empire that they hold lies far out theTrailing Halo Stars. The circumstan
566	史洛斯 Slaugth	恢复英文词间空格	the	the 	1	e of Imperial space as far back as theAge of Strife. The abundance ofhuma
566	史洛斯 Slaugth	恢复英文词间空格	the	the 	1	ly, however, the upper echelons of theImperiumdismiss them as little more
566	史洛斯 Slaugth	恢复英文词间空格	the	the 	1	"，最终，帝国高层认为它们只不过是一个虚构的东西。

However, theInquisitionknows that the Slaugth e"
566	史洛斯 Slaugth	恢复英文词间空格	the	the 	1	im that several frontier worlds in theSegmentum Obscurushave, over millen
566	史洛斯 Slaugth	恢复英文词间空格	The	The 	1	"如此，众所周知，他们正在为更公开地攻击卡利西斯星区的那一天做准备。

TheStorm WardensSpace Marine Chapteris"
566	史洛斯 Slaugth	恢复英文词间空格	on	on 	1	augth and their warrior constructs onVigilduring the events known as the
566	史洛斯 Slaugth	恢复英文词间空格	the	the 	1	 onVigilduring the events known as theCleansing of Vigil. This conflict c
566	史洛斯 Slaugth	恢复英文词间空格	the	the 	1	narchy. They began by infiltrating theAmaranthine Syndicatewhen it was a 
566	史洛斯 Slaugth	恢复英文词间空格	the	the 	1	rganizations of the Imperium, with theEcclesiarchyandAdeptus Administratu
566	史洛斯 Slaugth	恢复英文词间空格	as	as 	1	 faction formed by a Slaugth known asIntendant Recusantwho has become co
566	史洛斯 Slaugth	恢复英文词间空格	the	the 	1	connection to the viciousRangdanof theGreat Crusade. During theRangdan Xe
566	史洛斯 Slaugth	恢复英文词间空格	the	the 	1	Rangdanof theGreat Crusade. During theRangdan Xenocides, they were observ
566	史洛斯 Slaugth	恢复英文词间空格	the	the 	1	s that of mankind and perhaps even theEldar. Among their more mysterious 
566	史洛斯 Slaugth	恢复英文词间空格	the	the 	1	ar distances without making use of theWarp. Many of their devices are act
566	史洛斯 Slaugth	恢复英文词间空格	Obscurushave	Obscurus have	1	l frontier worlds in the Segmentum Obscurushave, over millennia, been intentionall
566	史洛斯 Slaugth	恢复英文词间空格	Chapteris	Chapter is	1	"准备。

The Storm WardensSpace Marine Chapteris known to have engaged Slaugth and "
566	史洛斯 Slaugth	恢复英文词间空格	a	a 	1	"线中消失。

Their known weapons include aNecrotic Sceptre, a corroded-lookin"
566	史洛斯 Slaugth	恢复英文词间空格	a	a 	1	capable of seriously damaging even aGloriana Class Battleshipin quick o
567	赫鲁德 Hrud	恢复英文词间空格	the	the 	1	o known as the Temporaferrox or to theEldaras Those Who Evade the Cronean
567	赫鲁德 Hrud	恢复英文词间空格	Eldaras	Eldar as	1	own as the Temporaferrox or to the Eldaras Those Who Evade the Croneand by th
567	赫鲁德 Hrud	恢复英文词间空格	The	The 	1	"的赫鲁德形象，去掉了其典型的覆盖。

**History 历史**

TheImperiumfirst encountered the Hrud "
567	赫鲁德 Hrud	恢复英文词间空格	the	the 	1	mfirst encountered the Hrud during theGreat Crusade.The earliest Imperial
567	赫鲁德 Hrud	恢复英文词间空格	the	the 	1	"counters已知遭遇赫鲁德的时间线**

In 999.M30, theIron Warriorswere tasked with theSa"
567	赫鲁德 Hrud	恢复英文词间空格	the	the 	1	, theIron Warriorswere tasked with theSak'trada Deeps Campaignto cleanse 
567	赫鲁德 Hrud	恢复英文词间空格	the	the 	1	"eeps Campaignto cleanse and secure theSak'trada Deepsfrom Hrud warrens.

"
567	赫鲁德 Hrud	恢复英文词间空格	the	the 	1	 980.M35, a major Hrud war against theImperiumtook place known as theHrud
567	赫鲁德 Hrud	恢复英文词间空格	the	the 	1	nst theImperiumtook place known as theHrud Rising. The infestations led t
567	赫鲁德 Hrud	恢复英文词间空格	the	the 	1	ud Rising. The infestations led to theDark AngelsChapterbeing deployed ag
567	赫鲁德 Hrud	恢复英文词间空格	of	of 	1	ely send their forces at the world ofHaakonathwhere they engaged theStar
567	赫鲁德 Hrud	恢复英文词间空格	the	the 	1	orld ofHaakonathwhere they engaged theStar PhantomsChapter. The Space Mar
567	赫鲁德 Hrud	恢复英文词间空格	of	of 	1	M41, Hrud overran the shrine world ofDamhal, attracted by the rich veins
567	赫鲁德 Hrud	恢复英文词间空格	of	of 	1	 planet's stasis-crypts. Regiments ofMordian Iron Guardalong withSons of
567	赫鲁德 Hrud	恢复英文词间空格	with	with 	1	egiments ofMordian Iron Guardalong withSons of Medusawere dispatched. Howe
567	赫鲁德 Hrud	恢复英文词间空格	on	on 	1	on was combatted by Imperial Guard onTavalar. TheKashann Xeno Ridersplay
567	赫鲁德 Hrud	恢复英文词间空格	The	The 	1	atted by Imperial Guard onTavalar. TheKashann Xeno Ridersplayed a pivotal
567	赫鲁德 Hrud	恢复英文词间空格	of	of 	1	 in 783.M41 during the Infestation ofUrsula Spinal. The agri-world becam
567	赫鲁德 Hrud	恢复英文词间空格	of	of 	1	o combat the threat, six regiments ofValhallan Ice Warriorsmade planetfa
567	赫鲁德 Hrud	恢复英文词间空格	the	the 	1	.790.M41, a Hrud managed to infest theEmperor Class BattleshipPaternus Gl
567	赫鲁德 Hrud	恢复英文词间空格	the	the 	1	"于是他被审判庭审讯，并带着进行研究的标本。

In 844.M41, theCinchare Hrud Infestationled to eng"
567	赫鲁德 Hrud	恢复英文词间空格	the	the 	1	 engagements with the39th Cadianof theImperial GuardonCinchareThis confli
567	赫鲁德 Hrud	恢复英文词间空格	the	the 	1	"the Hrud engage the 1st Company of theDark HandsChapter.

844.M41，辛查尔赫鲁德入"
567	赫鲁德 Hrud	恢复英文词间空格	the	the 	1	"乌萨卡·E·克里德曾与赫鲁德迁徙作战。

InM42, during theFourth Tyrannic Warthe Hrud are kno"
567	赫鲁德 Hrud	恢复英文词间空格	the	the 	1	f Those Who Evade the Crone within theLaevenir ArchipelagoasHive FleetOur
567	赫鲁德 Hrud	恢复英文词间空格	as	as 	1	"consume them.This battle continues asWar Zone Laevenir.

六个方舟世界和四个丑角大假面舞"
567	赫鲁德 Hrud	恢复英文词间空格	The	The 	1	"们。这场战斗作为拉维尼尔战区继续进行。

Undated未注明日期

TheLiber Historica Vangeliaaccounts th"
567	赫鲁德 Hrud	恢复英文词间空格	of	of 	1	en from the holy city by the hands ofDaenyathos, a legendary philosopher
567	赫鲁德 Hrud	恢复英文词间空格	the	the 	1	"a legendary philosopher soldier of theSoul Drinkers.

在某个时刻，众所周知，赫鲁德已经侵扰了"
567	赫鲁德 Hrud	恢复英文词间空格	The	The 	1	"莫滕肯世界。他们被饮魂者的传奇哲学家战士戴尼亚索斯之手赶出了圣城。

TheUltramarinesbattled the Hrud in the"
567	赫鲁德 Hrud	恢复英文词间空格	the	the 	1	TheUltramarinesbattled the Hrud in theBattle of Ortecha IXwhich saw Battl
567	赫鲁德 Hrud	恢复英文词间空格	the	the 	1	nt onEs'Tauand were encountered by theLast Chancerswhen they infiltrated 
567	赫鲁德 Hrud	恢复英文词间空格	the	the 	1	"Last Chancerswhen they infiltrated theTau Empireas mercenaries.

许多赫鲁德出现在"
567	赫鲁德 Hrud	恢复英文词间空格	of	of 	1	e prevention of a Hrud infestation ofCraftworldSaim-Hannwhich would have
567	赫鲁德 Hrud	恢复英文词间空格	The	The 	1	"方舟世界塞姆-罕的赫鲁德侵扰，这将使这艘骄傲战舰变成腐烂的覆盖物。

TheOrdo XenosInquisitorHelynna Valeria"
567	赫鲁德 Hrud	恢复英文词间空格	with	with 	1	na Valeriais known to have treated withEldar,Ulumeathi,Draxians, Hrud and 
567	赫鲁德 Hrud	恢复英文词间空格	the	the 	1	"nown to have plagued the region of theMaelstrom.

众所周知，许多赫鲁德侵扰一直困扰着大漩涡地区。"
567	赫鲁德 Hrud	恢复英文词间空格	of	of 	1	t, Hrud infested the Delphic mines ofMordant Primeleading to the conflic
567	赫鲁德 Hrud	恢复英文词间空格	the	the 	1	o a Hrud migration aboard his ship theVesalius. One of his most prominent
567	赫鲁德 Hrud	恢复英文句间空格	.Th	. Th	1	d the Hrud during the Great Crusade.The earliest Imperial reports labeled
567	赫鲁德 Hrud	恢复英文句间空格	.So	. So	1	eworld or the name of their species.Some describe them as a nocturnal spe
567	赫鲁德 Hrud	恢复英文句间空格	.Hr	. Hr	1	 or fled from the advancingTyranids.Hrud DNA has yet to integrate with a 
567	赫鲁德 Hrud	恢复英文句间空格	.Th	. Th	1	Ouroborosthreatened to consume them.This battle continues as War Zone Lae
567	赫鲁德 Hrud	恢复英文词间空格	by	by 	1	"
A dissection of an adult specimen byMagos BiologisSharle Darvusrevealed"
567	赫鲁德 Hrud	恢复英文词间空格	the	the 	1	e attracted to darkness similar to theDark Eldar. Dissection evidence sug
567	赫鲁德 Hrud	恢复英文词间空格	for	for 	1	ects have made the Hrud impossible forFarseersto track within their Skein
567	赫鲁德 Hrud	恢复英文词间空格	the	the 	1	" name Those Who Evade the Crone in theAeldarilanguage.

除了视觉之外的其他感官可能是检测赫"
567	赫鲁德 Hrud	恢复英文词间空格	of	of 	1	"突破了破旧的防御工事。

During their invasion ofHaakonethHrud forces were able to c"
567	赫鲁德 Hrud	恢复英文词间空格	the	the 	1	les of distortion and even blinded theChapter MasterOmadon Tiresiaswhen a
567	赫鲁德 Hrud	恢复英文词间空格	his	his 	1	"eddy speared through the bridge of hisBattle Barge'sCommand Deck.

在入侵哈康内"
567	赫鲁德 Hrud	恢复英文词间空格	and	and 	1	g away in the spaces of transports andSpace Hulksto form new tribes in so
567	赫鲁德 Hrud	恢复英文词间空格	the	the 	1	 scavenger race, as exemplified by theRespectable Salvager's Nocturnal Co
567	赫鲁德 Hrud	恢复英文词间空格	the	the 	1	"nevolent pantheon of gods known as theSlah-haiior*""most ancient""*includin"
567	赫鲁德 Hrud	恢复英文词间空格	the	the 	1	"ir gods entered into a war against theYaam-khohor*""Mirror Devils""*which s"
567	赫鲁德 Hrud	恢复英文词间空格	the	the 	1	"ith other xenos species, including theEldar.

审判官马图林·拉莱指出，赫鲁德万神殿与包括灵族在内的其"
567	赫鲁德 Hrud	恢复英文词间空格	as	as 	1	uring the Sak'trada Deeps Campaign asGuganncrumbled and the Hrud evacuat
567	赫鲁德 Hrud	恢复英文词间空格	the	the 	1	"不复存在或消失在分离的粒子中。

**Trivia 琐事**

In theNecromundaZone MortalisUnderhive Ma"
567	赫鲁德 Hrud	恢复英文句间空格	.Fo	. Fo	1	to take place in less than a second.Fortreidon, another Iron Warrior who 
567	赫鲁德 Hrud	恢复英文句间空格	.Ge	. Ge	1	"of a*""Zanhaad""*, a sort ofslave-pet.Genestealer*Contagii*are known to exi"
567	赫鲁德 Hrud	恢复英文词间空格	The	The 	1	"ulebook《战锤40000第三版规则书》中的“赫鲁德夜行战士”

TheWarhammer 40,000 3rd Edition Rulebo"
567	赫鲁德 Hrud	恢复英文词间空格	the	the 	1	 tail. This appearance recurred in theWarhammer 40,000 6th Edition Rulebo
567	赫鲁德 Hrud	恢复英文词间空格	in	in 	1	h. This appearance is corroborated inPerturabo: The Hammer of Olympia (N
567	赫鲁德 Hrud	恢复英文词间空格	in	in 	1	"

Redacted Hrud inLiber Xenologis 在《异型册》中节选修订的赫鲁德"
569	密会 The Cabal	恢复英文词间空格	the	the 	1	laim to have battled the forces of thePrimordial Annihilatorfor a time lo
569	密会 The Cabal	恢复英文词间空格	the	the 	1	g themselves in the development of theHorus Heresyby using their foreknow
569	密会 The Cabal	恢复英文词间空格	of	of 	1	Heresyby using their foreknowledge ofHorus' actions to seemingly subornA
569	密会 The Cabal	恢复英文词间空格	his	his 	1	eemingly subornAlpharius Omegonand hisLegionto their cause before the Gre
569	密会 The Cabal	恢复英文词间空格	to	to 	1	the main, not readily identifiable toImperialauthorities. They are known
569	密会 The Cabal	恢复英文词间空格	the	the 	1	s having a member in the Cabal are theEldar. They are also known to have 
569	密会 The Cabal	恢复英文词间空格	the	the 	1	"Macraggewith the artifact known as theFulgurite.

密会后来指示其特工约翰·格拉马迪库斯和达蒙·普"
569	密会 The Cabal	恢复英文词间空格	the	the 	1	tcome of the Heresy, the Cabal saw theEmperorgiving his life to kill Horu
569	密会 The Cabal	恢复英文词间空格	the	the 	1	ng a howling rictus trapped inside theGolden Throne. They believed that t
569	密会 The Cabal	恢复英文词间空格	the	the 	1	ndingJohn Grammaticusequipped with theFulguriteto try and kill thePrimarc
569	密会 The Cabal	恢复英文词间空格	the	the 	1	d with theFulguriteto try and kill thePrimarchVulkan. The Cabal came to b
569	密会 The Cabal	恢复英文词间空格	the	the 	1	ts path, and Eldrad thus recruited theWord BearerBarthusa Narekin a bid t
569	密会 The Cabal	恢复英文词间空格	and	and 	1	"ngGahet,Slau Dha,Cartur Umenedies, andDamon Prytanis.

乌斯维先知埃尔德拉德·乌斯兰最终将密"
569	密会 The Cabal	恢复英文词间空格	Heresyby	Heresy by	1	es in the development of the Horus Heresyby using their foreknowledge of Horus
569	密会 The Cabal	恢复英文词间空格	Legionto	Legion to	1	ngly subornAlpharius Omegonand his Legionto their cause before the Great Betra
571	艾达灵族 Aeldari	删除误重复字	人组成的的弃民海	人组成的弃民海	1	
572	因尼德 Ynnead	恢复英文句间空格	.In	. In	1	strength to defeat Slaanesh forever.In 991.M41, the Eldar Mystic Kysadura
573	黑暗灵族 Drukhari	恢复英文句间空格	.Du	. Du	1	 lack of sunlight within Commorragh.Due to being bred over the many mille
574	欧克蛮人 Orks	恢复英文句间空格	.So	. So	1	r to that of an Imperial Warp Drive.Some are rebuilt from the ruins of sa
580	利维坦 Leviathan	Field 对应的错别字	静滞立场	静滞力场	1	
584	太空死灵 Necrons	英文拼写	recieved	received	1	 and Scarabs. In 2002, the Necrons recieved their first official army codex wh
585	灯塔 Pharos	恢复英文词间空格	of	of 	1	The Pharos is a pre-Imperialpiece ofNecrontechnology that is able to ha
585	灯塔 Pharos	恢复英文词间空格	the	the 	1	iously desired, without the use of theWarp. Instead of routing through th
585	灯塔 Pharos	恢复英文词间空格	the	the 	1	sed to navigate the Warp much like theAstronomican, except while the Astr
585	灯塔 Pharos	恢复英文词间空格	by	by 	1	"function was completely unhindered byWarp Storms.

它还可以辅助亚空间航行，就像星炬一样被用来"
585	灯塔 Pharos	恢复英文词间空格	from	from 	1	"战役期间在山顶上的灯塔

**History 历史**

Built fromBlackstone, the Pharos array was or"
585	灯塔 Pharos	恢复英文词间空格	the	the 	1	rray was originally constructed by theNecronsfor rapid communications and
585	灯塔 Pharos	恢复英文词间空格	is	is 	1	by eightC'tan Shards, one of which isZarhulash.When the Necrons emerged 
585	灯塔 Pharos	恢复英文词间空格	the	the 	1	umber, the array went inactive. By theAge of the Imperiumthe only known s
585	灯塔 Pharos	恢复英文词间空格	on	on 	1	he only known surviving Pharos was onSotha.Belisarius Cawlstates that he
585	灯塔 Pharos	恢复英文词间空格	the	the 	1	"negate the effects and presence of theWarp.

灯塔阵列由黑石建造，最初由死灵建造，用于快速通信和超光速"
585	灯塔 Pharos	恢复英文词间空格	by	by 	1	"的影响和存在。

The Pharos was discovered byHumanityon Sotha byBarabas Dantioch"
585	灯塔 Pharos	恢复英文词间空格	by	by 	1	 was discovered byHumanityon Sotha byBarabas Dantiochduring theHorus Her
585	灯塔 Pharos	恢复英文词间空格	the	the 	1	yon Sotha byBarabas Dantiochduring theHorus Heresyand used byRoboute Guil
585	灯塔 Pharos	恢复英文词间空格	by	by 	1	iochduring theHorus Heresyand used byRoboute Guillimanas a beacon to att
585	灯塔 Pharos	恢复英文词间空格	the	the 	1	 became the subject of battle when theNight LordsunderKrukeshdiscovered t
585	灯塔 Pharos	恢复英文词间空格	the	the 	1	mined to claim it in order to find theNightfallandKonrad Curze. In the en
585	灯塔 Pharos	恢复英文词间空格	the	the 	1	"involved, this act served to alert theTyranidsto theGalaxy.

灯塔是人类在荷鲁斯叛乱期"
585	灯塔 Pharos	恢复英文词间空格	the	the 	1	" act served to alert theTyranidsto theGalaxy.

灯塔是人类在荷鲁斯叛乱期间由巴拉巴斯·丹提欧克在索萨"
585	灯塔 Pharos	恢复英文词间空格	the	the 	1	's successors, a new chapter named theScythes of the Emperor, after theTh
585	灯塔 Pharos	恢复英文词间空格	the	the 	1	"d theScythes of the Emperor, after theThird Founding.

叛乱之后，基里曼下令摧毁灯塔 — 从"
585	灯塔 Pharos	恢复英文词间空格	the	the 	1	 Millennia later, the formation of theGreat Riftreactivated the now fully
585	灯塔 Pharos	恢复英文词间空格	of	of 	1	e has been discovered on the world ofPlanet 7/2within theNephilim Sector
585	灯塔 Pharos	恢复英文词间空格	the	the 	1	"ed on the world ofPlanet 7/2within theNephilim Sector.

第二个灯塔装置在拿非利星区的7/2"
585	灯塔 Pharos	恢复英文词间空格	a	a 	1	"现。

**Technology 技术**

A Pharos is aNecrondevice which allows the Necro"
585	灯塔 Pharos	恢复英文词间空格	of	of 	1	their past emanations. In the case ofBelisarius Cawl, it allowed him to 
585	灯塔 Pharos	恢复英文词间空格	Necronsfor	Necrons for	1	 was originally constructed by the Necronsfor rapid communications andFTLtravel.
585	灯塔 Pharos	恢复英文词间空格	Heresyand	Heresy and	1	y Barabas Dantiochduring the Horus Heresyand used by Roboute Guillimanas a beac
585	灯塔 Pharos	恢复英文词间空格	Guillimanas	Guilliman as	1	he Horus Heresyand used by Roboute Guillimanas a beacon to attract scattered loya
585	灯塔 Pharos	恢复英文词间空格	Tyranidsto	Tyranids to	1	"lved, this act served to alert the Tyranidsto the Galaxy.

灯塔是人类在荷鲁斯叛乱期间由巴拉巴斯·丹提"
585	灯塔 Pharos	恢复英文句间空格	.Wh	. Wh	1	n Shards, one of which is Zarhulash.When the Necrons emerged into their g
585	灯塔 Pharos	恢复英文句间空格	.Be	. Be	1	known surviving Pharos was on Sotha.Belisarius Cawlstates that he found a
585	灯塔 Pharos	恢复英文句间空格	.Th	. Th	1	to his new empire,Imperium Secundus.The Pharos became the subject of batt
585	灯塔 Pharos	恢复英文句间空格	.Ar	. Ar	1	e now-reborn Scythes of the Emperor.ArchmagosBelisarius Cawlled an expedi
585	灯塔 Pharos	恢复英文句间空格	.Ul	. Ul	1	s to close the Rift and defeatChaos.Ultimately during Cawl's experiments 
585	灯塔 Pharos	恢复英文句间空格	.Th	. Th	1	 multiple parts of reality together.The beacon within Mount Pharos was po
585	灯塔 Pharos	恢复英文句间空格	.Wh	. Wh	1	t Pharos was powered byC'tan Shards.When activated, the device creates a 
585	灯塔 Pharos	恢复英文句间空格	.Wi	. Wi	1	personality never recollecting them.Within the Pharos beacon, this phenom
586	方尖碑 Pylons	恢复英文词间空格	the	the 	1	d back significant overlap between theWarpandrealspace.The form and numbe
586	方尖碑 Pylons	恢复英文句间空格	.Th	. Th	1	verlap between the Warpandrealspace.The form and number of the pylons on 
586	方尖碑 Pylons	恢复英文词间空格	of	of 	1	ocus for warp energies. The forces ofChaoshave learned how to subvert th
586	方尖碑 Pylons	恢复英文词间空格	of	of 	1	alspace, is seen in the subversion ofProject Aurora's pylon network onDe
586	方尖碑 Pylons	恢复英文词间空格	on	on 	1	"n ofProject Aurora's pylon network onDemerium.

死灵方尖碑使用带反至高天电光来抑制亚空间的影响。"
586	方尖碑 Pylons	恢复英文词间空格	Chaoshave	Chaos have	1	s for warp energies. The forces of Chaoshave learned how to subvert these mater
586	方尖碑 Pylons	恢复英文句间空格	.Ho	. Ho	1	r to dampen the effects of the warp.However, Noctolith can both ward agai
586	方尖碑 Pylons	恢复英文句间空格	.An	. An	1	e veil between the Warp and reality.An example of these devices can be fl
586	方尖碑 Pylons	恢复英文词间空格	the	the 	1	have unique properties, as seen in thePariah Nexus. Each set is one part 
586	方尖碑 Pylons	恢复英文词间空格	as	as 	1	"ds with Pylons using vessels known asPylon Ships.

每一组独特的方尖碑似乎都有其独特的属性，如"
586	方尖碑 Pylons	恢复英文词间空格	and	and 	1	esdid much research on the pylons, andBelisarius Cawldeveloped his work m
586	方尖碑 Pylons	恢复英文词间空格	the	the 	1	"e pylon networks once found around theEye of Terror.

黄泉的秘传大贤者西格鲁斯·赫托芬对方尖"
586	方尖碑 Pylons	恢复英文词间空格	on	on 	1	"a particular planet, such as those onCadia.

这些结构高一公里，在地下半公里，两侧各半公里。它们有错"
586	方尖碑 Pylons	恢复英文词间空格	of	of 	1	"定的行星上，它们往往有着复杂的排列，比如卡迪亚上的那些。

Made ofBlackstone, they are believed to be"
586	方尖碑 Pylons	恢复英文词间空格	of	of 	1	lackstone, they are believed to be ofNecrondesign and intended to influe
586	方尖碑 Pylons	恢复英文词间空格	the	the 	1	alm area of warp space, now called theCadian Gate, which is the only safe
586	方尖碑 Pylons	恢复英文词间空格	of	of 	1	rloading them with massive amounts ofWarpenergy, such as an influx ofDae
586	方尖碑 Pylons	恢复英文词间空格	of	of 	1	ts ofWarpenergy, such as an influx ofDaemons. During hisBlack Crusades,A
586	方尖碑 Pylons	恢复英文词间空格	his	his 	1	uch as an influx ofDaemons. During hisBlack Crusades,Abaddonhunted and de
586	方尖碑 Pylons	恢复英文词间空格	the	the 	1	yed pylon networks on planets near theEye of Terror, thereby weakening th
586	方尖碑 Pylons	恢复英文词间空格	the	the 	1	h it. This caused the formation of theGreat Rift, which split the galaxy 
586	方尖碑 Pylons	恢复英文词间空格	of	of 	1	hant cartels and personal supplies ofBlackstone.These plans never came t
586	方尖碑 Pylons	恢复英文词间空格	by	by 	1	" by an Inquisitorial taskforce led byEisenhorn.

在338.M41之前的一段时间，激进派审判官奇"
586	方尖碑 Pylons	恢复英文句间空格	.In	. In	1	 only safe thoroughfare in the area.InquisitorQuixosattempted to construc
586	方尖碑 Pylons	恢复英文句间空格	.Th	. Th	1	"e ""Sons of Bael"" studied the pylons.These studies bore fruit, and Quixos "
586	方尖碑 Pylons	恢复英文句间空格	.Th	. Th	1	and personal supplies of Blackstone.These plans never came to fruition as
586	方尖碑 Pylons	恢复英文词间空格	the	the 	1	orces of Chaosopening awarp riftin theSkahren Systemafter a pylon node is
586	方尖碑 Pylons	恢复英文词间空格	the	the 	1	"毁后，混沌势力在斯卡伦星系中打开了一个亚空间裂隙

Recently theNecronsunder theSilent KingSzarekhh"
586	方尖碑 Pylons	恢复英文词间空格	the	the 	1	"了一个亚空间裂隙

Recently theNecronsunder theSilent KingSzarekhhave created the "
586	方尖碑 Pylons	恢复英文词间空格	the	the 	1	eated the largest pylon network in theNephilim Sector. Known as thePariah
586	方尖碑 Pylons	恢复英文词间空格	the	the 	1	rk in theNephilim Sector. Known as thePariah Nexus, it is part of an ambi
586	方尖碑 Pylons	恢复英文词间空格	the	the 	1	it is part of an ambitious plan by theXenosto eventually shut out the War
586	方尖碑 Pylons	恢复英文词间空格	the	the 	1	"ed from Necron Pylons to stabilize theAttilan GatetoImperium Nihilus.

最近"
586	方尖碑 Pylons	恢复英文词间空格	Necronsunder	Necrons under	1	"沌势力在斯卡伦星系中打开了一个亚空间裂隙

Recently the Necronsunder the Silent KingSzarekhhave created"
586	方尖碑 Pylons	恢复英文句间空格	.Ob	. Ob	1	entually shut out the Warp entirely.Observing this,Belisarius Cawllater a
742	-M15/M18 泰拉时代 The Age of Terra	恢复英文词间空格	of	of 	1	ankind was limited to the confines ofTerraand ancient civilisations came
742	-M15/M18 泰拉时代 The Age of Terra	恢复英文词间空格	the	the 	1	space travel and colonised most of theSolar System, though no records rem
742	-M15/M18 泰拉时代 The Age of Terra	恢复英文词间空格	were	were 	1	ils.Most notable of these colonies wereMars, and the moons ofJupiter,Satur
742	-M15/M18 泰拉时代 The Age of Terra	恢复英文词间空格	of	of 	1	"e colonies wereMars, and the moons ofJupiter,Saturn, andNeptune.

在这段时间的"
742	-M15/M18 泰拉时代 The Age of Terra	恢复英文词间空格	and	and 	1	"s, and the moons ofJupiter,Saturn, andNeptune.

在这段时间的大部分里，人类被限制在泰拉的范围内，古"
742	-M15/M18 泰拉时代 The Age of Terra	恢复英文词间空格	on	on 	1	 into the stars, and their landing onLunawas only the first small step.I
742	-M15/M18 泰拉时代 The Age of Terra	恢复英文词间空格	the	the 	1	ged against others, mostly notably theOrks.Some postulate that Orks were 
742	-M15/M18 泰拉时代 The Age of Terra	恢复英文词间空格	the	the 	1	"
The Age of Terra was succeeded by theDark Age of Technologyas humanity b"
742	-M15/M18 泰拉时代 The Age of Terra	恢复英文词间空格	Terraand	Terra and	1	ind was limited to the confines of Terraand ancient civilisations came and wen
742	-M15/M18 泰拉时代 The Age of Terra	恢复英文句间空格	.Th	. Th	1	the15th Millenniumor18th Millennium.This was an age of adventure and hope
742	-M15/M18 泰拉时代 The Age of Terra	恢复英文句间空格	.Mo	. Mo	1	ough no records remain with details.Most notable of these colonies were M
742	-M15/M18 泰拉时代 The Age of Terra	恢复英文句间空格	.So	. So	1	avel, it began during this this age.Some claim that the 13Appollianswere 
742	-M15/M18 泰拉时代 The Age of Terra	恢复英文句间空格	.In	. In	1	n Lunawas only the first small step.Interstellar travel started as small 
742	-M15/M18 泰拉时代 The Age of Terra	恢复英文句间空格	.So	. So	1	nst others, mostly notably the Orks.Some postulate that Orks were probabl
743	M15-M25 黑暗技术时代 Dark Age of Technology	Field 对应的错别字	盖勒立场	盖勒力场	1	
743	M15-M25 黑暗技术时代 Dark Age of Technology	恢复英文句间空格	.In	. In	1	 way the Tau ships currently travel.In the early days of Warp travel, man
746	703.M30 第一次月球平定 First Pacification of Luna	恢复英文词间空格	of	of 	1	 Luna saw the complete subjugation ofTerra's moon,Luna, by the earlyLegi
746	703.M30 第一次月球平定 First Pacification of Luna	恢复英文词间空格	the	the 	1	Astartes. The first true battle of theGreat Crusade, the subjugation of L
746	703.M30 第一次月球平定 First Pacification of Luna	恢复英文词间空格	the	the 	1	e, the subjugation of Luna allowed theEmperorto use its advanced genetics
746	703.M30 第一次月球平定 First Pacification of Luna	恢复英文词间空格	His	His 	1	"enetics facilities to mass-produce HisSpace Marines.

第一次月球平定见证了早期阿斯塔特军团对"
746	703.M30 第一次月球平定 First Pacification of Luna	恢复英文词间空格	the	the 	1	erran skies, it was launched while theUnification Warson Earth itself wer
746	703.M30 第一次月球平定 First Pacification of Luna	恢复英文词间空格	the	the 	1	 this point, Luna was dominated by theSelenargene-cults which believed th
746	703.M30 第一次月球平定 First Pacification of Luna	恢复英文词间空格	the	the 	1	d become the rulers of Luna during theAge of Strife, and were led by wome
746	703.M30 第一次月球平定 First Pacification of Luna	恢复英文词间空格	by	by 	1	"ockets.This vanguard was commanded byPraetorMaral Lupus, ""the White Wolf"
746	703.M30 第一次月球平定 First Pacification of Luna	恢复英文词间空格	the	the 	1	"lts sided with the traitors during theHorus Heresy.

然而，从他们投降的那一刻起，赛琳娜教派继"
746	703.M30 第一次月球平定 First Pacification of Luna	恢复英文词间空格	Emperorto	Emperor to	1	he subjugation of Luna allowed the Emperorto use its advanced genetics faciliti
746	703.M30 第一次月球平定 First Pacification of Luna	恢复英文词间空格	Legionwith	Legion with	1	"elenar effectively poisoned theIII Legionwith a disease known as ""the Blight"".Th"
746	703.M30 第一次月球平定 First Pacification of Luna	恢复英文句间空格	.Th	. Th	1	ersisted throughout human existence.The cults were extremely ancient, hav
746	703.M30 第一次月球平定 First Pacification of Luna	恢复英文句间空格	.Ea	. Ea	1	ired several lifetimes for research.Each cult clung to a different set of
746	703.M30 第一次月球平定 First Pacification of Luna	恢复英文句间空格	.Th	. Th	1	wards Luna from Earth-based rockets.This vanguard was commanded by Praeto
746	703.M30 第一次月球平定 First Pacification of Luna	恢复英文句间空格	.La	. La	1	acquire all of the Selenar research.Later on, the Selenar effectively poi
749	大远征时期 莱兰清洗 Cleansing of Laeran	恢复英文词间空格	the	the 	1	"most notable military campaigns of theGreat Crusade.

莱兰清洗是大远征中最著名的军事战役之一"
749	大远征时期 莱兰清洗 Cleansing of Laeran	恢复英文词间空格	the	the 	1	"战役之一。

**History 历史**

Scouts from theEmperor's ChildrenAdeptus Astartese"
749	大远征时期 莱兰清洗 Cleansing of Laeran	恢复英文词间空格	the	the 	1	tered a hitherto-unknownxenosrace, theLaer. Analysis of captured scouts a
749	大远征时期 莱兰清洗 Cleansing of Laeran	恢复英文词间空格	the	the 	1	iers, even artists. Observers from theAdeptus Administratumwondered if pe
749	大远征时期 莱兰清洗 Cleansing of Laeran	恢复英文词间空格	the	the 	1	er might be made a protectorate of theImperiumas conquering such an effic
749	大远征时期 莱兰清洗 Cleansing of Laeran	恢复英文词间空格	the	the 	1	"ead. In one month's time, he said, theEaglewould rule Laeran.

福格瑞姆拒绝任何合作"
749	大远征时期 莱兰清洗 Cleansing of Laeran	恢复英文词间空格	a	a 	1	couts capable of moving as fast as aLand Speeder, gunners whose eyesigh
749	大远征时期 莱兰清洗 Cleansing of Laeran	恢复英文词间空格	Imperiumas	Imperium as	1	ight be made a protectorate of the Imperiumas conquering such an efficient race 
749	大远征时期 莱兰清洗 Cleansing of Laeran	恢复英文词间空格	Marinesin	Marines in	1	wed them to target individualSpace Marinesin squads miles distant. The casualti
750	大远征时期 戈尔戈坦大屠杀 Golgothan Slaughter	恢复英文词间空格	the	the 	1	than Slaughter was a battle during theGreat Crusadeby theWorld EatersLegi
750	大远征时期 戈尔戈坦大屠杀 Golgothan Slaughter	恢复英文词间空格	the	the 	1	"a battle during theGreat Crusadeby theWorld EatersLegion.

戈尔戈坦大屠杀是吞世者军团在"
750	大远征时期 戈尔戈坦大屠杀 Golgothan Slaughter	恢复英文词间空格	of	of 	1	ys of the legion under the command ofAngron, theGolgothan Sectorwas one 
750	大远征时期 戈尔戈坦大屠杀 Golgothan Slaughter	恢复英文词间空格	the	the 	1	legion under the command ofAngron, theGolgothan Sectorwas one of the firs
750	大远征时期 戈尔戈坦大屠杀 Golgothan Slaughter	恢复英文词间空格	the	the 	1	ath. Due to its close proximity to theMaelstrom, mostImperialExplorator F
750	大远征时期 戈尔戈坦大屠杀 Golgothan Slaughter	恢复英文词间空格	of	of 	1	agement of the campaign, the Siege ofSarum, that entered into World Eate
750	大远征时期 戈尔戈坦大屠杀 Golgothan Slaughter	恢复英文词间空格	An	An 	1	"，但这是这场战役的第一次重大交战，萨勒姆围攻，进入了吞世者的传说。

AnAdeptus Mechanicusstation, Sarum wa"
750	大远征时期 戈尔戈坦大屠杀 Golgothan Slaughter	恢复英文词间空格	the	the 	1	lated and embattled for centuries, theTechpriestsof the world had become 
750	大远征时期 戈尔戈坦大屠杀 Golgothan Slaughter	恢复英文词间空格	of	of 	1	 isolationist under the leadership ofRedjak. These crimson priests of th
750	大远征时期 戈尔戈坦大屠杀 Golgothan Slaughter	恢复英文词间空格	the	the 	1	ofRedjak. These crimson priests of theMachine Godpaid only lip service to
750	大远征时期 戈尔戈坦大屠杀 Golgothan Slaughter	恢复英文词间空格	to	to 	1	heMachine Godpaid only lip service toMarsbut now found themselves under 
750	大远征时期 戈尔戈坦大屠杀 Golgothan Slaughter	恢复英文词间空格	an	an 	1	ow found themselves under siege by anAbhumanempire known as theBrotherho
750	大远征时期 戈尔戈坦大屠杀 Golgothan Slaughter	恢复英文词间空格	the	the 	1	 siege by anAbhumanempire known as theBrotherhood of Ruinwhich commanded 
750	大远征时期 戈尔戈坦大屠杀 Golgothan Slaughter	恢复英文词间空格	of	of 	1	therhood responded and sent a wave ofOrkTerror Shipsand gunboats which w
750	大远征时期 戈尔戈坦大屠杀 Golgothan Slaughter	恢复英文词间空格	of	of 	1	-hundred strong World Eaters fleet ofBattle BargesandGrand Cruisers. Non
750	大远征时期 戈尔戈坦大屠杀 Golgothan Slaughter	恢复英文词间空格	their	their 	1	"它是由安格隆本人领导的。

The World Eaters and theirLegio Audaxallies landed on the sur"
750	大远征时期 戈尔戈坦大屠杀 Golgothan Slaughter	恢复英文词间空格	the	the 	1	therhood were blasted to pieces by theTitansof the Legio Audax. The embat
750	大远征时期 戈尔戈坦大屠杀 Golgothan Slaughter	恢复英文词间空格	Crusadeby	Crusade by	1	"hter was a battle during the Great Crusadeby the World EatersLegion.

戈尔戈坦大屠杀是吞"
751	大远征时期 加迪纳尔领主之陨 Fall of the Lords of Gardinaal	恢复英文词间空格	the	the 	1	of Gardinaal is a famous battle of theIron Handswhich took place during t
751	大远征时期 加迪纳尔领主之陨 Fall of the Lords of Gardinaal	恢复英文词间空格	the	the 	1	"eIron Handswhich took place during theGreat Crusade.

加迪纳尔领主之陨是大远征期间发生的一场"
751	大远征时期 加迪纳尔领主之陨 Fall of the Lords of Gardinaal	恢复英文词间空格	of	of 	1	as focused on thehumancivilization ofGardinaal, whose rulers were trying
751	大远征时期 加迪纳尔领主之陨 Fall of the Lords of Gardinaal	恢复英文词间空格	the	the 	1	with protracted negotiations. When theThousand Sonsdetachment with Imperi
751	大远征时期 加迪纳尔领主之陨 Fall of the Lords of Gardinaal	恢复英文词间空格	the	the 	1	ychicabilities to influence talks, theAstartesmassacred them and gave the
751	大远征时期 加迪纳尔领主之陨 Fall of the Lords of Gardinaal	恢复英文词间空格	the	the 	1	erUlan Cicerusof theXVth Chapterof theUltramarinesSpace Marine Legionto c
751	大远征时期 加迪纳尔领主之陨 Fall of the Lords of Gardinaal	恢复英文词间空格	the	the 	1	nean ArmsmenandSerranic Peltastsof theImperial Armyas well as theLegio At
751	大远征时期 加迪纳尔领主之陨 Fall of the Lords of Gardinaal	恢复英文词间空格	the	the 	1	"tastsof theImperial Armyas well as theLegio AtarusTitan Legion.

入侵本身的重点是"
751	大远征时期 加迪纳尔领主之陨 Fall of the Lords of Gardinaal	恢复英文词间空格	and	and 	1	nded by deploying his Ultramarines andTitansdirectly onto the Gardinaal f
751	大远征时期 加迪纳尔领主之陨 Fall of the Lords of Gardinaal	恢复英文词间空格	the	the 	1	 could only maintain a blockade of theGardinaal system. It was then thatF
751	大远征时期 加迪纳尔领主之陨 Fall of the Lords of Gardinaal	恢复英文词间空格	of	of 	1	en thatFerrus Manusleading a force ofIron HandsandEmperor's Childrenarri
751	大远征时期 加迪纳尔领主之陨 Fall of the Lords of Gardinaal	恢复英文词间空格	the	the 	1	ork of automated defences (such as theTarantula) andGun Servitors. This f
751	大远征时期 加迪纳尔领主之陨 Fall of the Lords of Gardinaal	恢复英文词间空格	and	and 	1	ed defences (such as theTarantula) andGun Servitors. This freed up the Ir
751	大远征时期 加迪纳尔领主之陨 Fall of the Lords of Gardinaal	恢复英文词间空格	their	their 	1	 next phase of Ferrus' plan, using theirLand Raidersto brutally advance on 
751	大远征时期 加迪纳尔领主之陨 Fall of the Lords of Gardinaal	恢复英文词间空格	of	of 	1	eath these vehicles advanced waves ofRhinosandPredatorsmodified with exp
751	大远征时期 加迪纳尔领主之陨 Fall of the Lords of Gardinaal	恢复英文词间空格	Chapterof	Chapter of	1	y FleetunderUlan Cicerusof theXVth Chapterof the UltramarinesSpace Marine Legio
751	大远征时期 加迪纳尔领主之陨 Fall of the Lords of Gardinaal	恢复英文词间空格	Legionto	Legion to	1	terof the UltramarinesSpace Marine Legionto conduct the campaign to subdue Gar
752	大远征时期 加拉斯帕征服 Conquest of Galaspar	恢复英文词间空格	the	the 	1	f Galaspar was a campaign waged by theDeath Guardduring theGreat Crusade.
752	大远征时期 加拉斯帕征服 Conquest of Galaspar	恢复英文词间空格	the	the 	1	aign waged by theDeath Guardduring theGreat Crusade. It was the first maj
752	大远征时期 加拉斯帕征服 Conquest of Galaspar	恢复英文词间空格	by	by 	1	rst major independent action taken byMortarionafter taking command of hi
752	大远征时期 加拉斯帕征服 Conquest of Galaspar	恢复英文词间空格	his	his 	1	"byMortarionafter taking command of hisLegion.

加拉斯帕征服是大远征期间死亡守卫发动的一场战役。这是"
752	大远征时期 加拉斯帕征服 Conquest of Galaspar	恢复英文词间空格	against	against 	1	"第一次重大独立行动。

**Overview 概述**

Waged againstGalaspar, the capitalHive Worldof a"
752	大远征时期 加拉斯帕征服 Conquest of Galaspar	恢复英文词间空格	the	the 	1	 had refused to accept the rule of theImperiumand opened fire onExplorato
752	大远征时期 加拉斯帕征服 Conquest of Galaspar	恢复英文词间空格	on	on 	1	rule of theImperiumand opened fire onExploratorvessels and Imperial envo
752	大远征时期 加拉斯帕征服 Conquest of Galaspar	恢复英文词间空格	on	on 	1	ers similar to his own experiences onBarbarus.So it was without warning 
752	大远征时期 加拉斯帕征服 Conquest of Galaspar	恢复英文词间空格	the	the 	1	"shed through the outer defences of theGalaspar system.

在向袖珍帝国的首都巢都世界加拉斯帕"
752	大远征时期 加拉斯帕征服 Conquest of Galaspar	恢复英文词间空格	and	and 	1	my defenses of asteroid-fortresses andFire Ships, Mortarion's fleet made 
752	大远征时期 加拉斯帕征服 Conquest of Galaspar	恢复英文词间空格	the	the 	1	 from his personal assault barque, theFourth Horseman. The three kilomete
752	大远征时期 加拉斯帕征服 Conquest of Galaspar	恢复英文词间空格	its	its 	1	" losses were also heavy, including itsFirst CaptainAntavus Barrazin.

然而，"
752	大远征时期 加拉斯帕征服 Conquest of Galaspar	恢复英文词间空格	Guardduring	Guard during	1	 was a campaign waged by the Death Guardduring the Great Crusade. It was the firs
752	大远征时期 加拉斯帕征服 Conquest of Galaspar	恢复英文词间空格	Mortarionafter	Mortarion after	1	" major independent action taken by Mortarionafter taking command of his Legion.

加拉斯"
752	大远征时期 加拉斯帕征服 Conquest of Galaspar	恢复英文词间空格	Worldof	World of	1	 against Galaspar, the capitalHive Worldof a pocket empire, thehumancivilizat
752	大远征时期 加拉斯帕征服 Conquest of Galaspar	恢复英文词间空格	Imperiumand	Imperium and	1	 refused to accept the rule of the Imperiumand opened fire on Exploratorvessels a
752	大远征时期 加拉斯帕征服 Conquest of Galaspar	恢复英文句间空格	.So	. So	1	 to his own experiences on Barbarus.So it was without warning that the De
752	大远征时期 加拉斯帕征服 Conquest of Galaspar	恢复英文句间空格	.Ho	. Ho	1	enemy defenders survived the battle.However Death Guard losses were also 
753	大远征时期 谋杀战争 War on Murder	恢复英文词间空格	the	the 	1	he War on Murder was a campaign of theGreat Crusadeon the world ofMurder.
753	大远征时期 谋杀战争 War on Murder	恢复英文词间空格	of	of 	1	"gn of theGreat Crusadeon the world ofMurder.

谋杀战争是在谋杀星世界上的大远征战役。

"
753	大远征时期 谋杀战争 War on Murder	恢复英文词间空格	Crusadeon	Crusade on	1	"Murder was a campaign of the Great Crusadeon the world of Murder.

谋杀战争是在谋杀星世界上"
753	大远征时期 谋杀战争 War on Murder	恢复英文词间空格	the	the 	1	"*Overview 概述**

The war began when theBlood Angelsforce under CaptainKhit"
753	大远征时期 谋杀战争 War on Murder	恢复英文词间空格	of	of 	1	"次传输断言“这个世界就是谋杀”。

Later, a company ofEmperor's ChildrenunderEidolonarriv"
753	大远征时期 谋杀战争 War on Murder	恢复英文词间空格	with	with 	1	and assaulted by the Megarachnids, withSaul Tarvitzdiscovering that the Me
753	大远征时期 谋杀战争 War on Murder	恢复英文词间空格	the	the 	1	"

With this new advantage,Horusled theLuna Wolves, Emperor's Children,Leg"
753	大远征时期 谋杀战争 War on Murder	恢复英文词间空格	and	and 	1	, Emperor's Children,Legio Mortis, andImperial Armysoldiers against the M
753	大远征时期 谋杀战争 War on Murder	恢复英文词间空格	of	of 	1	ids.Sanguiniusleading a contingent ofBlood Angelsarrived soon after, and
753	大远征时期 谋杀战争 War on Murder	恢复英文词间空格	of	of 	1	r the war was nearly done, a fleet ofInterexships arrived informing the 
753	大远征时期 谋杀战争 War on Murder	恢复英文词间空格	Horusled	Horus led	1	"成致命天气的原因。

With this new advantage,Horusled the Luna Wolves, Emperor's Childre"
753	大远征时期 谋杀战争 War on Murder	恢复英文词间空格	Imperiumforces	Imperium forces	1	set up to contain the Megarachnids.Imperiumforces departed from the Murder to prepar
753	大远征时期 谋杀战争 War on Murder	恢复英文句间空格	.Af	. Af	1	 a tree-like construct for feasting.After destroying the tree, the storms
753	大远征时期 谋杀战争 War on Murder	恢复英文句间空格	.Sa	. Sa	1	mysoldiers against the Megarachnids.Sanguiniusleading a contingent of Blo
753	大远征时期 谋杀战争 War on Murder	恢复英文句间空格	.Im	. Im	1	 set up to contain the Megarachnids.Imperium forces departed from the Mur
754	大远征时期 奥瑞提安技术联盟战争 Auretian Technocracy War	恢复英文词间空格	the	the 	1	" Technocracy War was a campaign of theGreat Crusade.

奥瑞提安技术联盟战争是大远征的一场战役"
754	大远征时期 奥瑞提安技术联盟战争 Auretian Technocracy War	恢复英文词间空格	the	the 	1	orus' secret decision to overthrow theEmperorfollowing his experiences on
754	大远征时期 奥瑞提安技术联盟战争 Auretian Technocracy War	恢复英文词间空格	on	on 	1	heEmperorfollowing his experiences onDavin, the war itself seems to have
754	大远征时期 奥瑞提安技术联盟战争 Auretian Technocracy War	恢复英文词间空格	the	the 	1	cy emissary during negotiations on theVengeful Spirit. The war was necess
754	大远征时期 奥瑞提安技术联盟战争 Auretian Technocracy War	恢复英文词间空格	the	the 	1	ssary to give Horus the support of theAdeptus Mechanicusfor his rebellion
754	大远征时期 奥瑞提安技术联盟战争 Auretian Technocracy War	恢复英文词间空格	the	the 	1	"觎。

The war was waged primarily by theSons of Horusof the63rd Expeditiona"
754	大远征时期 奥瑞提安技术联盟战争 Auretian Technocracy War	恢复英文词间空格	the	the 	1	rusof the63rd Expeditionary Fleet, theWorld Eatersof the203rd Expeditiona
754	大远征时期 奥瑞提安技术联盟战争 Auretian Technocracy War	恢复英文词间空格	of	of 	1	editionary Fleet, and a contingent ofEmperor's Childrenagainst the Techn
754	大远征时期 奥瑞提安技术联盟战争 Auretian Technocracy War	恢复英文词间空格	the	the 	1	urandbolterswhich rivalled that of theAstartes' war gear. While the Broth
754	大远征时期 奥瑞提安技术联盟战争 Auretian Technocracy War	恢复英文词间空格	under	under 	1	its brutality, as the World Eaters underAngronslaughtered soldier and civil
754	大远征时期 奥瑞提安技术联盟战争 Auretian Technocracy War	恢复英文词间空格	Mechanicusfor	Mechanicus for	1	e Horus the support of the Adeptus Mechanicusfor his rebellion, as the Technocracy 
754	大远征时期 奥瑞提安技术联盟战争 Auretian Technocracy War	恢复英文词间空格	Horusof	Horus of	1	was waged primarily by the Sons of Horusof the63rd Expeditionary Fleet, the W
755	大远征时期 法尔之战 Battle of Phall	恢复英文词间空格	the	the 	1	Battle of Phall was fought between theIron WarriorsandImperial Fistsearly
755	大远征时期 法尔之战 Battle of Phall	恢复英文词间空格	the	the 	1	 WarriorsandImperial Fistsearly in theHorus Heresy. The engagement result
755	大远征时期 法尔之战 Battle of Phall	恢复英文词间空格	the	the 	1	"拳与钢铁勇士在法尔星系之战中

After intercepting theDeath GuardshipEisenstein, Imperial"
755	大远征时期 法尔之战 Battle of Phall	恢复英文词间空格	the	the 	1	al Dornwas informed that Horus led theSons of Horus, Death Guard,Emperor'
755	大远征时期 法尔之战 Battle of Phall	恢复英文词间空格	and	and 	1	s, Death Guard,Emperor's Children, andWorld Eaterlegions in rebellion aft
755	大远征时期 法尔之战 Battle of Phall	恢复英文词间空格	the	the 	1	" ships before becoming becalmed in thePhall System.

在拦截了死亡守卫舰船爱森斯坦号后，帝国之"
755	大远征时期 法尔之战 Battle of Phall	恢复英文词间空格	to	to 	1	dered all Imperial Fists to return toTerra. The Imperial Fists, loyal to
755	大远征时期 法尔之战 Battle of Phall	恢复英文词间空格	at	at 	1	 was informed of Horus's treachery atIsstvan III: he led the Sons of Hor
755	大远征时期 法尔之战 Battle of Phall	恢复英文词间空格	to	to 	1	ead the Legion’s veteran companies toTerrato inform theEmperorof the bet
755	大远征时期 法尔之战 Battle of Phall	恢复英文词间空格	the	the 	1	veteran companies toTerrato inform theEmperorof the betrayal unfolding. M
755	大远征时期 法尔之战 Battle of Phall	恢复英文词间空格	the	the 	1	"Legion as a ""Retribution Fleet"" to theIsstvan system. The Retribution Fle"
755	大远征时期 法尔之战 Battle of Phall	恢复英文词间空格	the	the 	1	tly before the fleet departed from thePhalanx, Sigismund met withEuphrati
755	大远征时期 法尔之战 Battle of Phall	恢复英文词间空格	with	with 	1	ted from thePhalanx, Sigismund met withEuphrati Keeler, who warned him of 
755	大远征时期 法尔之战 Battle of Phall	恢复英文词间空格	by	by 	1	tartes.These forces were augmented byAstra Militarisfrom theSol Systeman
755	大远征时期 法尔之战 Battle of Phall	恢复英文词间空格	the	the 	1	re augmented byAstra Militarisfrom theSol Systemand elements of the Satur
755	大远征时期 法尔之战 Battle of Phall	恢复英文词间空格	the	the 	1	"的星界军和土星预备舰队的增援。

To support Horus, theGods of Chaoshad afflicted theWarpw"
755	大远征时期 法尔之战 Battle of Phall	恢复英文词间空格	the	the 	1	rus, theGods of Chaoshad afflicted theWarpwith terrible storms to obstruc
755	大远征时期 法尔之战 Battle of Phall	恢复英文词间空格	the	the 	1	rpwith terrible storms to obstruct theImperium's response to Isstvan. The
755	大远征时期 法尔之战 Battle of Phall	恢复英文词间空格	at	at 	1	are that after the traitor victory atIsstvan V,Horusordered theIron Warr
755	大远征时期 法尔之战 Battle of Phall	恢复英文词间空格	the	the 	1	r victory atIsstvan V,Horusordered theIron Warriorsto intercept them, bel
755	大远征时期 法尔之战 Battle of Phall	恢复英文词间空格	the	the 	1	nd cruisers and battle barges with theContradorat the center under the co
755	大远征时期 法尔之战 Battle of Phall	恢复英文词间空格	the	the 	1	ttack, the Iron Warriors destroyed theBattle BargeHammer of Terraand ten 
755	大远征时期 法尔之战 Battle of Phall	恢复英文词间空格	the	the 	1	 owing to their being stationed in theSol System, which gave them the ben
755	大远征时期 法尔之战 Battle of Phall	恢复英文词间空格	the	the 	1	up led by CaptainAmandus Tyraboard theHalcyonachieving a kill ratio of 4-
755	大远征时期 法尔之战 Battle of Phall	恢复英文词间空格	the	the 	1	r discovered Perturabo's flagship, theIron Bloodat the center of the Iron
755	大远征时期 法尔之战 Battle of Phall	恢复英文词间空格	Terrato	Terra to	1	 the Legion’s veteran companies to Terrato inform the Emperorof the betrayal 
755	大远征时期 法尔之战 Battle of Phall	恢复英文词间空格	Emperorof	Emperor of	1	an companies to Terrato inform the Emperorof the betrayal unfolding. Meanwhile,
755	大远征时期 法尔之战 Battle of Phall	恢复英文词间空格	Chaoshad	Chaos had	1	"增援。

To support Horus, the Gods of Chaoshad afflicted the Warpwith terrible st"
755	大远征时期 法尔之战 Battle of Phall	恢复英文词间空格	Terraand	Terra and	1	estroyed the Battle BargeHammer of Terraand ten other vessels, crippled thirty
755	大远征时期 法尔之战 Battle of Phall	恢复英文句间空格	.Do	. Do	1	 the fleet be given to someone else.Dorn acceded, and command of the flee
755	大远征时期 法尔之战 Battle of Phall	恢复英文句间空格	.Th	. Th	1	arships and 300companiesof Astartes.These forces were augmented by Astra 
755	大远征时期 法尔之战 Battle of Phall	恢复英文句间空格	.Th	. Th	1	lycommunicate across long distances.The storms were so severe that they d
755	大远征时期 法尔之战 Battle of Phall	恢复英文句间空格	.Al	. Al	1	ux, who was Yonnad's greatest pupil.Although there were more experienced 
755	大远征时期 法尔之战 Battle of Phall	恢复英文句间空格	.Bu	. Bu	1	 attempts to communicate with Terra.But a break in the Warp Storm was dis
755	大远征时期 法尔之战 Battle of Phall	恢复英文句间空格	.Ca	. Ca	1	the Imperium, and lightly populated.CaptainAmandus Tyr, a veteran command
755	大远征时期 法尔之战 Battle of Phall	恢复英文句间空格	.Ah	. Ah	1	arge force should not go unmolested.Ahead of the attack, Iron Warriors sc
755	大远征时期 法尔之战 Battle of Phall	恢复英文句间空格	.Th	. Th	1	 vessels, followed by hundreds more.The Iron Warriors attack in a jagged 
755	大远征时期 法尔之战 Battle of Phall	恢复英文句间空格	.Ho	. Ho	1	rmation, and destroy them piecemeal.However, the spherical formation and 
755	大远征时期 法尔之战 Battle of Phall	恢复英文词间空格	for	for 	1	sault against the primarch, except forNavarrawho was taken alive but seve
755	大远征时期 法尔之战 Battle of Phall	恢复英文词间空格	of	of 	1	ceived a psychic message on behalf ofRogal Dornordering their immediate 
755	大远征时期 法尔之战 Battle of Phall	恢复英文词间空格	to	to 	1	ornordering their immediate return toTerra. This was the Fleet's first c
755	大远征时期 法尔之战 Battle of Phall	恢复英文词间空格	the	the 	1	re, as soon as he had learned that theAlpha Legion, theNight Lords, the I
755	大远征时期 法尔之战 Battle of Phall	恢复英文词间空格	the	the 	1	 had learned that theAlpha Legion, theNight Lords, the Iron Warriors, and
755	大远征时期 法尔之战 Battle of Phall	恢复英文词间空格	the	the 	1	ight Lords, the Iron Warriors, and theWord Bearers, had all joined Horus'
755	大远征时期 法尔之战 Battle of Phall	恢复英文词间空格	the	the 	1	moment.It has been speculated that theChaos Godsallowed the psychic messa
755	大远征时期 法尔之战 Battle of Phall	恢复英文词间空格	the	the 	1	lgboarded Captain Polux's warship, theTribune, which was ultimately destr
755	大远征时期 法尔之战 Battle of Phall	恢复英文词间空格	to	to 	1	he Retribution Fleet was misguided toUltramarby thePharosin theImperium 
755	大远征时期 法尔之战 Battle of Phall	恢复英文词间空格	the	the 	1	n Fleet was misguided toUltramarby thePharosin theImperium Secundus.Follo
755	大远征时期 法尔之战 Battle of Phall	恢复英文词间空格	the	the 	1	misguided toUltramarby thePharosin theImperium Secundus.Following the Imp
755	大远征时期 法尔之战 Battle of Phall	恢复英文词间空格	to	to 	1	arch's rage, Forrix later remarked toBarban Falk, was to speak of the Im
755	大远征时期 法尔之战 Battle of Phall	恢复英文词间空格	the	the 	1	nation attempt on Perturabo aboard theIron Bloodalso prompted the creatio
755	大远征时期 法尔之战 Battle of Phall	恢复英文词间空格	the	the 	1	Bloodalso prompted the creation of theIron Circle, a bodyguard unit compo
755	大远征时期 法尔之战 Battle of Phall	恢复英文词间空格	of	of 	1	"odyguard unit composed exclusively ofDomitar Class Robots.

铁血号上帝国之拳对佩图拉"
755	大远征时期 法尔之战 Battle of Phall	恢复英文句间空格	.Po	. Po	1	contact with the Imperium in months.Pollux knew that loyally following th
755	大远征时期 法尔之战 Battle of Phall	恢复英文句间空格	.It	. It	1	e the warp storms until that moment.It has been speculated that the Chaos
755	大远征时期 法尔之战 Battle of Phall	恢复英文句间空格	.Af	. Af	1	d of the Retribution Fleet survived.After making a hasty jump from the Ph
755	大远征时期 法尔之战 Battle of Phall	恢复英文句间空格	.Fo	. Fo	1	 the Pharosin the Imperium Secundus.Following the Imperial Fists withdraw
759	803.M30 塞德娜战役 Sedna Campaign	恢复英文词间空格	the	the 	1	"The Sedna Campaign was a battle of theGreat Crusade.

塞德娜战役是大远征的一场战斗。

**"
759	803.M30 塞德娜战役 Sedna Campaign	恢复英文词间空格	the	the 	1	"arine Legionswere deployed against theXenos""false world"" ofSedna. The ali"
759	803.M30 塞德娜战役 Sedna Campaign	恢复英文词间空格	of	of 	1	"oyed against theXenos""false world"" ofSedna. The aliens were expunged by "
759	803.M30 塞德娜战役 Sedna Campaign	恢复英文词间空格	the	the 	1	wnpsychicmeans using the powers of theWarp. In the aftermath, Sedna fell 
759	803.M30 塞德娜战役 Sedna Campaign	恢复英文词间空格	the	the 	1	"silence and has since been lost by theImperium.

这场战役发生在803.M30，是解放整个太阳系的"
759	803.M30 塞德娜战役 Sedna Campaign	恢复英文词间空格	on	on 	1	"ed away in Vault Tharsis Deca-Nine onMars.

尽管帝国随后销毁了塞德娜的异型的所有记录，但至少有一件塞"
759	803.M30 塞德娜战役 Sedna Campaign	恢复英文词间空格	Legionswere	Legions were	1	"Sol System. Eight fullSpace Marine Legionswere deployed against the Xenos""false w"
760	839-890s.M30 冉丹异型灭绝 Rangdan Xenocides	恢复英文词间空格	the	the 	1	ries of bloody conflicts fought by theImperiumandRangdaXenosduring theGre
760	839-890s.M30 冉丹异型灭绝 Rangdan Xenocides	恢复英文词间空格	the	the 	1	by theImperiumandRangdaXenosduring theGreat Crusadein the late 800s.M30. 
760	839-890s.M30 冉丹异型灭绝 Rangdan Xenocides	恢复英文词间空格	of	of 	1	s:At least 80,000Astartes,Millions ofImperial Army,Dozens ofTitan Legion
760	839-890s.M30 冉丹异型灭绝 Rangdan Xenocides	恢复英文词间空格	of	of 	1	es,Millions ofImperial Army,Dozens ofTitan Legionslost, EntireExpedition
760	839-890s.M30 冉丹异型灭绝 Rangdan Xenocides	恢复英文词间空格	of	of 	1	mpaigns 80,000Astartesand millions ofImperial Armygave their lives to ho
760	839-890s.M30 冉丹异型灭绝 Rangdan Xenocides	恢复英文词间空格	of	of 	1	.M30when the viciousRangdanspecies ofXenosinvaded the frontiers of the n
760	839-890s.M30 冉丹异型灭绝 Rangdan Xenocides	恢复英文词间空格	the	the 	1	um. They were first encountered by theImperiumatAdvex-Morsand engaged by 
760	839-890s.M30 冉丹异型灭绝 Rangdan Xenocides	恢复英文词间空格	the	the 	1	ImperiumatAdvex-Morsand engaged by theFirst Legion, who lost 5,000 Battle
760	839-890s.M30 冉丹异型灭绝 Rangdan Xenocides	恢复英文词间空格	the	the 	1	 840s.M30, as negotiations between theForge WorldofXanaand the Imperium w
760	839-890s.M30 冉丹异型灭绝 Rangdan Xenocides	恢复英文词间空格	the	the 	1	scale that would not be seen until theHorus Heresy. WholeExpeditionary fl
760	839-890s.M30 冉丹异型灭绝 Rangdan Xenocides	恢复英文词间空格	of	of 	1	or, worlds were laid waste, dozens ofTitan Legionswere obliterated, and 
760	839-890s.M30 冉丹异型灭绝 Rangdan Xenocides	恢复英文词间空格	to	to 	1	"ade Field Guide"", seemingly issued toSolar Auxiliatroops during the camp"
760	839-890s.M30 冉丹异型灭绝 Rangdan Xenocides	恢复英文词间空格	the	the 	1	s to rally and make their stand at theForge Worldof Xana. At Xana the Vth
760	839-890s.M30 冉丹异型灭绝 Rangdan Xenocides	恢复英文词间空格	of	of 	1	tes and many hundreds of thousands ofMechanicumtroops. The siege was eve
760	839-890s.M30 冉丹异型灭绝 Rangdan Xenocides	恢复英文词间空格	the	the 	1	ventually broken by the arrival of theDark AngelsandDeath Guard. What wou
760	839-890s.M30 冉丹异型灭绝 Rangdan Xenocides	恢复英文词间空格	on	on 	1	ployed during the climatic assault onTaxal.Much of what happened during 
760	839-890s.M30 冉丹异型灭绝 Rangdan Xenocides	恢复英文词间空格	the	the 	1	aking of the Labyrinth of Night by theEmperor, the threat was at last sty
760	839-890s.M30 冉丹异型灭绝 Rangdan Xenocides	恢复英文词间空格	a	a 	1	Torc Transgression took place when aBasemekanicBarq broke the Imperial 
760	839-890s.M30 冉丹异型灭绝 Rangdan Xenocides	恢复英文词间空格	at	at 	1	 galactic northeast to make impact atMajind. TheDeath Guardwas mobilized
760	839-890s.M30 冉丹异型灭绝 Rangdan Xenocides	恢复英文词间空格	The	The 	1	northeast to make impact atMajind. TheDeath Guardwas mobilized to decimat
760	839-890s.M30 冉丹异型灭绝 Rangdan Xenocides	恢复英文词间空格	the	the 	1	"the quick thinking intervention of theSpace Wolvesprevented disaster.

88"
760	839-890s.M30 冉丹异型灭绝 Rangdan Xenocides	恢复英文词间空格	the	the 	1	 conflict, the Dark Angels created theOrder of Broken Clawsto study the R
760	839-890s.M30 冉丹异型灭绝 Rangdan Xenocides	恢复英文词间空格	the	the 	1	 extermination campaign was led by theDark AngelsandSpace Wolvesunder the
760	839-890s.M30 冉丹异型灭绝 Rangdan Xenocides	恢复英文词间空格	the	the 	1	ir status as the largest legion to theUltramarines.Another account claims
760	839-890s.M30 冉丹异型灭绝 Rangdan Xenocides	恢复英文词间空格	at	at 	1	was tasked to watch over a station atAdvex-Morsand guard relics associat
760	839-890s.M30 冉丹异型灭绝 Rangdan Xenocides	恢复英文词间空格	the	the 	1	r of Broken Claws was stationed at theRangda system, not Advex-Mors, by t
760	839-890s.M30 冉丹异型灭绝 Rangdan Xenocides	恢复英文词间空格	the	the 	1	"em, not Advex-Mors, by the time of theHorus Heresy.

第三次冉丹异型灭绝后，断爪骑士团没有解散"
760	839-890s.M30 冉丹异型灭绝 Rangdan Xenocides	恢复英文词间空格	as	as 	1	f theXXth Legionidentifying itself asAlphariusbut admitting theirprimarc
760	839-890s.M30 冉丹异型灭绝 Rangdan Xenocides	恢复英文词间空格	on	on 	1	 long-lost brother he believed was onBar'Savor. Upon Bar'Savor, Alphariu
760	839-890s.M30 冉丹异型灭绝 Rangdan Xenocides	恢复英文词间空格	and	and 	1	r'Savor. Upon Bar'Savor, Alpharius andOmegonwere reunited and an Alpha Le
760	839-890s.M30 冉丹异型灭绝 Rangdan Xenocides	恢复英文词间空格	the	the 	1	nd an Alpha Legion fleet including theBetapurged the planet ofSlaugththat
760	839-890s.M30 冉丹异型灭绝 Rangdan Xenocides	恢复英文词间空格	of	of 	1	including theBetapurged the planet ofSlaugththat had followed in the wak
760	839-890s.M30 冉丹异型灭绝 Rangdan Xenocides	恢复英文词间空格	Crusadein	Crusade in	1	riumandRangdaXenosduring the Great Crusadein the late 800s.M30. Much of what is
760	839-890s.M30 冉丹异型灭绝 Rangdan Xenocides	恢复英文词间空格	Legionswere	Legions were	1	s were laid waste, dozens of Titan Legionswere obliterated, and entireSpace Marin
760	839-890s.M30 冉丹异型灭绝 Rangdan Xenocides	恢复英文词间空格	Legionswere	Legions were	1	bliterated, and entireSpace Marine Legionswere said to be lost to the Imperium.No
760	839-890s.M30 冉丹异型灭绝 Rangdan Xenocides	恢复英文词间空格	Legionthat	Legion that	1	y the efforts of theV LegionandXIX Legionthat the tide was delayed long enough t
760	839-890s.M30 冉丹异型灭绝 Rangdan Xenocides	恢复英文词间空格	Worldof	World of	1	 and make their stand at the Forge Worldof Xana. At Xana the Vth and XIXth Le
760	839-890s.M30 冉丹异型灭绝 Rangdan Xenocides	恢复英文词间空格	Guardwas	Guard was	1	o make impact at Majind. The Death Guardwas mobilized to decimate the activate
760	839-890s.M30 冉丹异型灭绝 Rangdan Xenocides	恢复英文句间空格	.No	. No	1	"ere said to be lost to the Imperium.Notably, a document called ""The Rangd"
760	839-890s.M30 冉丹异型灭绝 Rangdan Xenocides	恢复英文句间空格	.Mu	. Mu	1	uring the climatic assault on Taxal.Much of what happened during this con
760	839-890s.M30 冉丹异型灭绝 Rangdan Xenocides	恢复英文句间空格	.Af	. Af	1	ans sworn to silence or elimination.After this conflict, the Dark Angels 
760	839-890s.M30 冉丹异型灭绝 Rangdan Xenocides	恢复英文句间空格	.It	. It	1	iberately destroyed by the Imperium.It is known that the conflict took pl
760	839-890s.M30 冉丹异型灭绝 Rangdan Xenocides	恢复英文句间空格	.Th	. Th	1	mperium to the brink of destruction.These losses eventually contributed t
760	839-890s.M30 冉丹异型灭绝 Rangdan Xenocides	恢复英文句间空格	.An	. An	1	 largest legion to the Ultramarines.Another account claims that the Third
760	839-890s.M30 冉丹异型灭绝 Rangdan Xenocides	恢复英文句间空格	.It	. It	1	reduced their homeworlds to nothing.It is known that Xana contributed a l
760	839-890s.M30 冉丹异型灭绝 Rangdan Xenocides	恢复英文句间空格	.In	. In	1	rd relics associated with the Xenos.Interestingly, the same account which
761	956.M30 47-16之战 Battle of 47-16	恢复英文词间空格	the	the 	1	ok place around forty years before theBattle of Isstvan V, and some short
761	956.M30 47-16之战 Battle of 47-16	恢复英文词间空格	the	the 	1	nd some short period of time after theSacking of Monarchia. It is notable
761	956.M30 47-16之战 Battle of 47-16	恢复英文词间空格	the	the 	1	being the first military action of theWord BearersSpace Marine Legionafte
761	956.M30 47-16之战 Battle of 47-16	恢复英文词间空格	the	the 	1	 Legionafter their chastisement by theEmperor of Mankindupon the world of
761	956.M30 47-16之战 Battle of 47-16	恢复英文词间空格	of	of 	1	heEmperor of Mankindupon the world ofMonarchia, and for the marked chang
761	956.M30 47-16之战 Battle of 47-16	恢复英文词间空格	their	their 	1	oach taken by the Word Bearers and theirPrimarchLorgar Aurelianto enacting 
761	956.M30 47-16之战 Battle of 47-16	恢复英文词间空格	the	the 	1	"enacting the compliance actions of theGreat Crusade.

47-16之战是一场平定行动，发生在伊"
761	956.M30 47-16之战 Battle of 47-16	恢复英文词间空格	of	of 	1	ans, Titandemi-legio/large numbers ofArtificial Intelligencewar machines
761	956.M30 47-16之战 Battle of 47-16	恢复英文词间空格	to	to 	1	eetfor a full month, only speaking toKor PhaeronandErebus, stilling all 
761	956.M30 47-16之战 Battle of 47-16	恢复英文词间空格	of	of 	1	ivilisation, and had come to think ofTerraas a myth. As a result, they w
761	956.M30 47-16之战 Battle of 47-16	恢复英文词间空格	by	by 	1	 when the Word Bearers envoys, led byFirst CaptainKor Phaeron, arrived. 
761	956.M30 47-16之战 Battle of 47-16	恢复英文词间空格	as	as 	1	r commanders at the briefing (such asSor Talgron) believed that the popu
761	956.M30 47-16之战 Battle of 47-16	恢复英文词间空格	of	of 	1	l was protected by a sizable force ofArtificial Intelligenceconstructs, 
761	956.M30 47-16之战 Battle of 47-16	恢复英文词间空格	an	an 	1	weapons were strong enough to kill anAstartesin a single strike, not to 
761	956.M30 47-16之战 Battle of 47-16	恢复英文词间空格	both	both 	1	ot to mention pierce the armour of bothPredatorsandLand Raiders, while the
761	956.M30 47-16之战 Battle of 47-16	恢复英文词间空格	the	the 	1	hey had somehow obtained a copy of theLectitio Divinitatus. Lorgar consid
761	956.M30 47-16之战 Battle of 47-16	恢复英文词间空格	the	the 	1	oint that permission was given for theLegio Cyberneticaunits allied to th
761	956.M30 47-16之战 Battle of 47-16	恢复英文词间空格	the	the 	1	mpany also discovered that part of theAdeptus Custodesunit assigned to th
761	956.M30 47-16之战 Battle of 47-16	恢复英文词间空格	Legionafter	Legion after	1	on of the Word BearersSpace Marine Legionafter their chastisement by the Emperor 
761	956.M30 47-16之战 Battle of 47-16	恢复英文词间空格	Terraas	Terra as	1	lisation, and had come to think of Terraas a myth. As a result, they were ove
761	956.M30 47-16之战 Battle of 47-16	恢复英文词间空格	Astartesin	Astartes in	1	pons were strong enough to kill an Astartesin a single strike, not to mention pi
761	956.M30 47-16之战 Battle of 47-16	恢复英文句间空格	.La	. La	1	istant tobolt weaponsandchainswords.Land Speeders, not long issued to the
761	956.M30 47-16之战 Battle of 47-16	恢复英文句间空格	.Ar	. Ar	1	rtificial Intelligence war machines.Argel Talof the Seventh then chose to
762	M30末 科莱克之战 Battle of Keylek	恢复英文词间空格	the	the 	1	e of Keylek was a battle fought by theLuna Wolvesduring theGreat Crusade.
762	M30末 科莱克之战 Battle of Keylek	恢复英文词间空格	the	the 	1	tle fought by theLuna Wolvesduring theGreat Crusade. Approximately 123 ye
762	M30末 科莱克之战 Battle of Keylek	恢复英文词间空格	of	of 	1	e Luna Wolves discovered the world ofKeylekand the species that called i
762	M30末 科莱克之战 Battle of Keylek	恢复英文词间空格	the	the 	1	d in the Museum of Conquest aboard theVengeful Spirit, but the species is
763	M31 夜曲星之战 Battle of Nocturne	恢复英文词间空格	the	the 	1	"le of Nocturne was a battle during theHorus Heresy.

夜曲星之战是荷鲁斯叛乱时期的一场战斗。
"
763	M31 夜曲星之战 Battle of Nocturne	恢复英文词间空格	their	their 	1	egion leftMacraggewith the body of theirPrimarchVulkanin a bid to resurrect
763	M31 夜曲星之战 Battle of Nocturne	恢复英文词间空格	on	on 	1	rchVulkanin a bid to resurrect him onNocturne, they were unknowingly fol
763	M31 夜曲星之战 Battle of Nocturne	恢复英文词间空格	of	of 	1	knowingly followed by a contingent ofDeath Guardof theVengeance Class Gr
763	M31 夜曲星之战 Battle of Nocturne	恢复英文词间空格	the	the 	1	ed by a contingent ofDeath Guardof theVengeance Class Grand CruiserReaper
763	M31 夜曲星之战 Battle of Nocturne	恢复英文词间空格	the	the 	1	onwhile attempting to pass through theRuinstorm. Oddly enough, it is sugg
763	M31 夜曲星之战 Battle of Nocturne	恢复英文词间空格	of	of 	1	instorm thanks to the machinations ofMagnus the Red. In truth, the Death
763	M31 夜曲星之战 Battle of Nocturne	恢复英文词间空格	by	by 	1	the*Reaper's Shroud*were discarded byMortarionafter theDrop Site Massacr
763	M31 夜曲星之战 Battle of Nocturne	恢复英文词间空格	the	the 	1	ud*were discarded byMortarionafter theDrop Site Massacreand were seeking 
763	M31 夜曲星之战 Battle of Nocturne	恢复英文词间空格	the	the 	1	"ders. Malig's forces were aided by theDark ApostleQuor Gallek.

当火蜥蜴指挥官阿特"
763	M31 夜曲星之战 Battle of Nocturne	恢复英文词间空格	under	under 	1	ith fellow survivors of the Legion underChaplainNomus Rhy'tan. As they must
763	M31 夜曲星之战 Battle of Nocturne	恢复英文词间空格	a	a 	1	 to destroy Nocturne by unleashing aVirus Bombon the planet, but this i
763	M31 夜曲星之战 Battle of Nocturne	恢复英文词间空格	the	the 	1	 the battle, the Salamanders waged theWar of Drakesto purge the Death Gua
763	M31 夜曲星之战 Battle of Nocturne	恢复英文词间空格	Guardof	Guard of	1	 followed by a contingent of Death Guardof the Vengeance Class Grand CruiserR
763	M31 夜曲星之战 Battle of Nocturne	恢复英文词间空格	Mortarionafter	Mortarion after	1	*Reaper's Shroud*were discarded by Mortarionafter the Drop Site Massacreand were see
765	000.M31 四十二之门之战 Battle of Gate Forty-Two	恢复英文词间空格	the	the 	1	" of Gate Forty-Two was a battle of theGreat Crusade.

四十二之门之战是大远征的一场战役。

"
765	000.M31 四十二之门之战 Battle of Gate Forty-Two	恢复英文词间空格	The	The 	1	"的泰拉裔成员遭受重大损失/被歼灭

**Overview 概述**

TheAkum-Sothos Clusterhad been brought"
765	000.M31 四十二之门之战 Battle of Gate Forty-Two	恢复英文词间空格	the	the 	1	rhad been brought to compliance by theLuna Wolvesin the opening years of 
765	000.M31 四十二之门之战 Battle of Gate Forty-Two	恢复英文词间空格	the	the 	1	Luna Wolvesin the opening years of theGreat Crusade, but its people had s
765	000.M31 四十二之门之战 Battle of Gate Forty-Two	恢复英文词间空格	of	of 	1	tly revolted against the authority ofTerra. It was determined that aXeno
765	000.M31 四十二之门之战 Battle of Gate Forty-Two	恢复英文词间空格	a	a 	1	ty ofTerra. It was determined that aXenosparasite that matured within t
765	000.M31 四十二之门之战 Battle of Gate Forty-Two	恢复英文词间空格	the	the 	1	mself had once conquered slip from theImperium's grasp, so he vowed to re
765	000.M31 四十二之门之战 Battle of Gate Forty-Two	恢复英文词间空格	and	and 	1	Wolves,Space Wolves,Iron Warriors, andRaven Guardthat would converge on t
765	000.M31 四十二之门之战 Battle of Gate Forty-Two	恢复英文词间空格	of	of 	1	me to blows; only the intervention ofLeman Russprevented bloodshed. Howe
765	000.M31 四十二之门之战 Battle of Gate Forty-Two	恢复英文词间空格	his	his 	1	rax conceded. He committed many of hisTerran-dominatedcompaniesto the fro
765	000.M31 四十二之门之战 Battle of Gate Forty-Two	恢复英文词间空格	Guardthat	Guard that	1	ce Wolves,Iron Warriors, and Raven Guardthat would converge on the heavily fort
765	000.M31 四十二之门之战 Battle of Gate Forty-Two	恢复英文词间空格	Emperorhimself	Emperor himself	1	an, as he had been the one whomthe Emperorhimself had put above any of his brothers.
765	000.M31 四十二之门之战 Battle of Gate Forty-Two	恢复英文句间空格	.Co	. Co	1	 willing to support Horus' strategy.Corax had long maintained disfavor wi
766	001.M31 63-19之战 Battle of Sixty-Three Nineteen	恢复英文词间空格	the	the 	1	at took place in the 203rd year of theGreat Crusade. It saw the world cod
766	001.M31 63-19之战 Battle of Sixty-Three Nineteen	恢复英文词间空格	as	as 	1	Crusade. It saw the world codified asSixty-Three Nineteen(63-19) brought
766	001.M31 63-19之战 Battle of Sixty-Three Nineteen	恢复英文词间空格	the	the 	1	n(63-19) brought into the bosom of theImperiumand is chiefly known for it
766	001.M31 63-19之战 Battle of Sixty-Three Nineteen	恢复英文词间空格	the	the 	1	" juxtaposition to thelast battleof theHorus Heresy.

63-19之战是发生在大远征第203年的"
766	001.M31 63-19之战 Battle of Sixty-Three Nineteen	恢复英文词间空格	Imperiumand	Imperium and	1	-19) brought into the bosom of the Imperiumand is chiefly known for its ironic ju
766	001.M31 63-19之战 Battle of Sixty-Three Nineteen	恢复英文词间空格	the	the 	1	"第63远征舰队的成员来保护他并向他效忠。

Accordingly, theWarmasterHorus, commander of the 63"
766	001.M31 63-19之战 Battle of Sixty-Three Nineteen	恢复英文词间空格	the	the 	1	mperor. The Emperor's elite guard, theInvisibles, promptly attacked and k
766	001.M31 63-19之战 Battle of Sixty-Three Nineteen	恢复英文词间空格	and	and 	1	CaptainsAbaddon,Torgaddon,Aximand, andLoken, respectively, withFirst Capt
766	001.M31 63-19之战 Battle of Sixty-Three Nineteen	恢复英文词间空格	with	with 	1	n,Aximand, andLoken, respectively, withFirst CaptainAbaddon in overall com
766	001.M31 63-19之战 Battle of Sixty-Three Nineteen	恢复英文词间空格	of	of 	1	ion of firepower allowed the waves ofLuna Wolvesto close and penetrate t
766	001.M31 63-19之战 Battle of Sixty-Three Nineteen	恢复英文词间空格	under	under 	1	 Palace, Captain Loken's 1st Squad underSergeantJubalgaining a gated stairw
766	001.M31 63-19之战 Battle of Sixty-Three Nineteen	恢复英文词间空格	an	an 	1	"he squad onwards and straight into anInvisiblesambush.

洛肯很快就赶上了尼禄·维普斯军士"
766	001.M31 63-19之战 Battle of Sixty-Three Nineteen	恢复英文句间空格	.Ez	. Ez	1	 up a fleet of six hundred warships.Ezekyle Abaddonbroke obscurement to m
766	001.M31 63-19之战 Battle of Sixty-Three Nineteen	恢复英文句间空格	.Co	. Co	1	t CaptainAbaddon in overall command.Coincidentally, this roster mirrored 
766	001.M31 63-19之战 Battle of Sixty-Three Nineteen	恢复英文词间空格	the	the 	1	the system. These were expunged by theByzant JanizarsImperial Armyregimen
766	001.M31 63-19之战 Battle of Sixty-Three Nineteen	恢复英文词间空格	the	the 	1	anyeliminating the last holdoutsin theWhisperhead Mountains.Governorshipo
766	001.M31 63-19之战 Battle of Sixty-Three Nineteen	恢复英文词间空格	to	to 	1	Governorshipof the world was given toGeneralRakrisof theByzant Janizars.
766	001.M31 63-19之战 Battle of Sixty-Three Nineteen	恢复英文词间空格	the	the 	1	 world was given toGeneralRakrisof theByzant Janizars.Adapting the cities
766	001.M31 63-19之战 Battle of Sixty-Three Nineteen	恢复英文词间空格	to	to 	1	 Imperial standards was given over toPeeter Egon Momus.Three months afte
766	001.M31 63-19之战 Battle of Sixty-Three Nineteen	恢复英文词间空格	from	from 	1	mbrancersjoined the fleet directly fromTerra.Rogal Dornand two companies o
766	001.M31 63-19之战 Battle of Sixty-Three Nineteen	恢复英文词间空格	of	of 	1	mTerra.Rogal Dornand two companies ofImperial Fiststhat had been travell
766	001.M31 63-19之战 Battle of Sixty-Three Nineteen	恢复英文句间空格	.Ho	. Ho	1	o find handholds to save themselves.Horusteleported into the chamber, ass
766	001.M31 63-19之战 Battle of Sixty-Three Nineteen	恢复英文句间空格	.Go	. Go	1	oldoutsin the Whisperhead Mountains.Governorshipof the world was given to
766	001.M31 63-19之战 Battle of Sixty-Three Nineteen	恢复英文句间空格	.Ad	. Ad	1	GeneralRakrisof the Byzant Janizars.Adapting the cities and infrastructur
766	001.M31 63-19之战 Battle of Sixty-Three Nineteen	恢复英文句间空格	.Th	. Th	1	was given over to Peeter Egon Momus.Three months after the battle for the
766	001.M31 63-19之战 Battle of Sixty-Three Nineteen	恢复英文句间空格	.Ro	. Ro	1	oined the fleet directly from Terra.Rogal Dornand two companies of Imperi
766	001.M31 63-19之战 Battle of Sixty-Three Nineteen	恢复英文句间空格	.Th	. Th	1	ttended the Emperor's state funeral.The inhabitants of 63-19 resisted ass
767	004.M31 戴文之月之战 Battle of Davin's Moon	恢复英文词间空格	the	the 	1	le of Davin's Moon was a battle of theGreat Crusadein 004.M31, most notab
767	004.M31 戴文之月之战 Battle of Davin's Moon	恢复英文词间空格	the	the 	1	"t notable for setting the stage of theHorus Heresy.

戴文之月之战是004.M31大远征的一场"
767	004.M31 戴文之月之战 Battle of Davin's Moon	恢复英文词间空格	the	the 	1	"iew 概述**

The assault, launched by theSons of HorusunderWarmasterHorusaga"
767	004.M31 戴文之月之战 Battle of Davin's Moon	恢复英文词间空格	of	of 	1	nderWarmasterHorusagainst the moon ofDavin, was ostensibly to bring the 
767	004.M31 戴文之月之战 Battle of Davin's Moon	恢复英文词间空格	the	the 	1	he events had been orchestrated by theChaos-worshipingWord Bearers. Word 
767	004.M31 戴文之月之战 Battle of Davin's Moon	恢复英文词间空格	the	the 	1	perial Armytroops, and 3 Titans of theLegio Mortis, the Imperial forces f
767	004.M31 戴文之月之战 Battle of Davin's Moon	恢复英文词间空格	as	as 	1	ities that worshiped a being known asNurg-Leth. As the Astartes battled 
767	004.M31 戴文之月之战 Battle of Davin's Moon	恢复英文词间空格	the	the 	1	us was subsequently turned against theEmperorduring his visions given to 
767	004.M31 戴文之月之战 Battle of Davin's Moon	恢复英文词间空格	Crusadein	Crusade in	1	n's Moon was a battle of the Great Crusadein 004.M31, most notable for setting 
767	004.M31 戴文之月之战 Battle of Davin's Moon	恢复英文词间空格	Emperorduring	Emperor during	1	as subsequently turned against the Emperorduring his visions given to him by the Se
768	004-014.M31 网道战争 War in the Webway	恢复英文词间空格	the	the 	1	f the simultaneous defense against theHorus Heresy to Malcador, Rogal Dor
769	734.004.M31 普罗斯佩罗之焚 The Burning of Prospero	删除误重复字	。禁军是是第一个	。禁军是第一个	1	
769	734.004.M31 普罗斯佩罗之焚 The Burning of Prospero	恢复英文句间空格	.Wh	. Wh	1	t of the assembling citizen militia.While some Thunderhawks were struck f
770	005.M31-010.M31 荷鲁斯叛乱(上) Horus Heresy	恢复英文句间空格	.Al	. Al	1	and Sons,Sons of Horus,Word Bearers.Alpha Legion,Traitor Imperial Army,Da
770	005.M31-010.M31 荷鲁斯叛乱(上) Horus Heresy	恢复英文句间空格	.Ea	. Ea	1	ion El'Jonson as its Lord Protector.Early tests for Imperium Secundus cam
771	005.M31 伊斯塔万三号之战 Battle of Isstvan III	恢复英文词间空格	the	the 	1	van III Atrocity) was the start of theHorus Heresyand was fought between 
771	005.M31 伊斯塔万三号之战 Battle of Isstvan III	恢复英文词间空格	the	the 	1	Horus Heresyand was fought between theAdeptus Astartesloyal to theEmperor
771	005.M31 伊斯塔万三号之战 Battle of Isstvan III	恢复英文词间空格	the	the 	1	etween theAdeptus Astartesloyal to theEmperor of Mankindand those traitor
771	005.M31 伊斯塔万三号之战 Battle of Isstvan III	恢复英文词间空格	to	to 	1	"d those traitors that swore fealty toWarmasterHorus.

伊斯塔万三号之战（也称为伊斯塔万三号"
771	005.M31 伊斯塔万三号之战 Battle of Isstvan III	恢复英文词间空格	Heresyand	Heresy and	1	rocity) was the start of the Horus Heresyand was fought between the Adeptus Ast
771	005.M31 伊斯塔万三号之战 Battle of Isstvan III	恢复英文词间空格	of	of 	1	Horus Lupercalhadfallenon the moon ofDavinthanks to a conspiracy by theW
771	005.M31 伊斯塔万三号之战 Battle of Isstvan III	恢复英文词间空格	the	the 	1	n ofDavinthanks to a conspiracy by theWord Bearers.He immediately set abo
771	005.M31 伊斯塔万三号之战 Battle of Isstvan III	恢复英文词间空格	the	the 	1	t constructing a plan to overthrow theEmperor. Still posing as the loyalW
771	005.M31 伊斯塔万三号之战 Battle of Isstvan III	恢复英文词间空格	of	of 	1	as the loyalWarmasterof the Throne ofTerra, Horus weaved a web of deceit
771	005.M31 伊斯塔万三号之战 Battle of Isstvan III	恢复英文词间空格	as	as 	1	deemed likely to remain loyal such asLion El'Jonson,Roboute Guilliman, a
771	005.M31 伊斯塔万三号之战 Battle of Isstvan III	恢复英文词间空格	and	and 	1	sLion El'Jonson,Roboute Guilliman, andSanguiniusto the fringes of the Imp
771	005.M31 伊斯塔万三号之战 Battle of Isstvan III	恢复英文词间空格	the	the 	1	ed to turn to his cause:Fulgrimand theEmperor's Children,Angronand theWor
771	005.M31 伊斯塔万三号之战 Battle of Isstvan III	恢复英文词间空格	the	the 	1	nd theEmperor's Children,Angronand theWorld Eaters, andMortarionof theDea
771	005.M31 伊斯塔万三号之战 Battle of Isstvan III	恢复英文词间空格	and	and 	1	hildren,Angronand theWorld Eaters, andMortarionof theDeath Guard, plannin
771	005.M31 伊斯塔万三号之战 Battle of Isstvan III	恢复英文词间空格	the	the 	1	nd theWorld Eaters, andMortarionof theDeath Guard, planning to use the co
771	005.M31 伊斯塔万三号之战 Battle of Isstvan III	恢复英文词间空格	the	the 	1	some 200,000 Astartes assembled in theIsstvan System, ostensibly to count
771	005.M31 伊斯塔万三号之战 Battle of Isstvan III	恢复英文词间空格	on	on 	1	counter an anti-Imperial rebellion onIsstvan III. The Death GuardLegionh
771	005.M31 伊斯塔万三号之战 Battle of Isstvan III	恢复英文词间空格	the	the 	1	at the colony had turned away from theImperial Truthand that the formergo
771	005.M31 伊斯塔万三号之战 Battle of Isstvan III	恢复英文词间空格	by	by 	1	"Children at Isstvan were commanded byLord CommanderEidolon.

因此，大约20万阿斯塔"
771	005.M31 伊斯塔万三号之战 Battle of Isstvan III	恢复英文词间空格	of	of 	1	e fought on the outer system world ofIsstvan Extremiswhere the Emperor's
771	005.M31 伊斯塔万三号之战 Battle of Isstvan III	恢复英文词间空格	the	the 	1	attack at Isstvan's capital dubbed theChoral City. The Emperor's Children
771	005.M31 伊斯塔万三号之战 Battle of Isstvan III	恢复英文词间空格	and	and 	1	ly silenced the rebelsBasiliskguns andMalcadorheavy tanks before pushing 
771	005.M31 伊斯塔万三号之战 Battle of Isstvan III	恢复英文词间空格	the	the 	1	 support alongside a compliment of theLegio Mortis.Due to incorrectly map
771	005.M31 伊斯塔万三号之战 Battle of Isstvan III	恢复英文词间空格	at	at 	1	, many of thedrop podsthat crashed atChoral Cityslammed into the city's 
771	005.M31 伊斯塔万三号之战 Battle of Isstvan III	恢复英文词间空格	The	The 	1	 pinned in inaccessible locations. TheTitanDies Iraewas also present at t
771	005.M31 伊斯塔万三号之战 Battle of Isstvan III	恢复英文词间空格	of	of 	1	he Sons of Horus under the command ofGarviel Lokenfought into a strange 
771	005.M31 伊斯塔万三号之战 Battle of Isstvan III	恢复英文词间空格	and	and 	1	tlet of Spite,Warchild,Eisenstein, andConquerorall lowered into low orbit
771	005.M31 伊斯塔万三号之战 Battle of Isstvan III	恢复英文词间空格	of	of 	1	into low orbit and launched salvos ofVirus Bombsupon Isstvan III's surfa
771	005.M31 伊斯塔万三号之战 Battle of Isstvan III	恢复英文词间空格	The	The 	1	 resisted the unfolding treachery. TheTorpedo-monitor*Ducroix*turned its 
771	005.M31 伊斯塔万三号之战 Battle of Isstvan III	恢复英文词间空格	The	The 	1	ng torn apart by retaliatory fire. TheHeavy Cruiser*Sunstone*was the site
771	005.M31 伊斯塔万三号之战 Battle of Isstvan III	恢复英文词间空格	The	The 	1	 a reactor meltdown and exploding. TheMechanicumOrdo ReductorWar GalleyXe
771	005.M31 伊斯塔万三号之战 Battle of Isstvan III	恢复英文词间空格	under	under 	1	"and fought alongside the loyalists underMagos ReductorCalleb Decima.

与此同时，"
771	005.M31 伊斯塔万三号之战 Battle of Isstvan III	恢复英文词间空格	were	were 	1	 on the surface. Chief among these wereNathaniel Garroof the Death Guard a
771	005.M31 伊斯塔万三号之战 Battle of Isstvan III	恢复英文词间空格	and	and 	1	eNathaniel Garroof the Death Guard andSaul Tarvitzof the Emperor's Childr
771	005.M31 伊斯塔万三号之战 Battle of Isstvan III	恢复英文词间空格	and	and 	1	ng Imperial Army,Mechanicumtroops, andAdministratumfunctionaries were not
771	005.M31 伊斯塔万三号之战 Battle of Isstvan III	恢复英文词间空格	the	the 	1	Garro was able to wrest control of theEisensteinwith his loyalist Death G
771	005.M31 伊斯塔万三号之战 Battle of Isstvan III	恢复英文词间空格	to	to 	1	"tvan System for a perilous journey toTerrato warn of the treachery.

但即使"
771	005.M31 伊斯塔万三号之战 Battle of Isstvan III	恢复英文词间空格	and	and 	1	eror's Children under Saul Tarvitz andLord CommanderAbdemonand combated a
771	005.M31 伊斯塔万三号之战 Battle of Isstvan III	恢复英文词间空格	by	by 	1	the Death Guard survivors were led byCrysos Morturg. The loyalists pledg
771	005.M31 伊斯塔万三号之战 Battle of Isstvan III	恢复英文词间空格	their	their 	1	er Ehrlen. Both sides succumbed to theirButcher's Nailsand the battle soon 
771	005.M31 伊斯塔万三号之战 Battle of Isstvan III	恢复英文词间空格	a	a 	1	ruiser*Minotaur*was destroyed when aStorm Eagleunleashed its payload in
771	005.M31 伊斯塔万三号之战 Battle of Isstvan III	恢复英文词间空格	The	The 	1	arvitz and his Emperor's Children. TheVenerable DreadnoughtRylanorfought 
771	005.M31 伊斯塔万三号之战 Battle of Isstvan III	恢复英文词间空格	his	his 	1	d to scurry away after the loss of hisChaplainCharmosian.Meanwhile, Loken
771	005.M31 伊斯塔万三号之战 Battle of Isstvan III	恢复英文词间空格	by	by 	1	uard MarshalDurak Raskbeing killed byCrysos Morturg. Mortarion himself i
771	005.M31 伊斯塔万三号之战 Battle of Isstvan III	恢复英文词间空格	his	his 	1	his ownPredatortanks before he and hisDeathshroudhacked it to pieces. The
771	005.M31 伊斯塔万三号之战 Battle of Isstvan III	恢复英文词间空格	in	in 	1	expected this however, and brought inVortex chargesandHades Breaching Dr
771	005.M31 伊斯塔万三号之战 Battle of Isstvan III	恢复英文词间空格	of	of 	1	e accompanied by the witch-priests ofDavin'sSerpent Lodge, who used the 
771	005.M31 伊斯塔万三号之战 Battle of Isstvan III	恢复英文词间空格	and	and 	1	 landed Titans of the Legio Mortis andLegio Audax.Formerly loyalist Capta
771	005.M31 伊斯塔万三号之战 Battle of Isstvan III	恢复英文词间空格	and	and 	1	liant final battle against Abaddon andHorus Aximand, Torgaddon was slain 
771	005.M31 伊斯塔万三号之战 Battle of Isstvan III	恢复英文词间空格	Fulgrimand	Fulgrim and	1	e had managed to turn to his cause:Fulgrimand the Emperor's Children,Angronand t
771	005.M31 伊斯塔万三号之战 Battle of Isstvan III	恢复英文词间空格	Mortarionof	Mortarion of	1	en,Angronand the World Eaters, and Mortarionof the Death Guard, planning to use t
771	005.M31 伊斯塔万三号之战 Battle of Isstvan III	恢复英文词间空格	Terrato	Terra to	1	"n System for a perilous journey to Terrato warn of the treachery.

但即使在第一枚病毒炸"
771	005.M31 伊斯塔万三号之战 Battle of Isstvan III	恢复英文句间空格	.He	. He	1	to a conspiracy by the Word Bearers.He immediately set about constructing
771	005.M31 伊斯塔万三号之战 Battle of Isstvan III	恢复英文句间空格	.So	. So	1	fulPsyker-warriors dubbedWarsingers.So it was that a massiveDrop Podassau
771	005.M31 伊斯塔万三号之战 Battle of Isstvan III	恢复英文句间空格	.Du	. Du	1	de a compliment of the Legio Mortis.Due to incorrectly mapped locations, 
771	005.M31 伊斯塔万三号之战 Battle of Isstvan III	恢复英文句间空格	.Si	. Si	1	y augmented Vardus Praal personally.Simultaneously deep within the Siren'
771	005.M31 伊斯塔万三号之战 Battle of Isstvan III	恢复英文句间空格	.Th	. Th	1	emselves against biological threats.The warshipsVengeful Spirit,Firebird,
771	005.M31 伊斯塔万三号之战 Battle of Isstvan III	恢复英文句间空格	.Th	. Th	1	rus Bombsupon Isstvan III's surface.The assembledRemembrancerOrder was pr
771	005.M31 伊斯塔万三号之战 Battle of Isstvan III	恢复英文句间空格	.Su	. Su	1	hot down onto Isstvan III's surface.Surprisingly, elements within the ves
771	005.M31 伊斯塔万三号之战 Battle of Isstvan III	恢复英文句间空格	.Bu	. Bu	1	o the last and not go down silently.But before Horus could formulate a ne
771	005.M31 伊斯塔万三号之战 Battle of Isstvan III	恢复英文句间空格	.Ne	. Ne	1	 his former brothers and torn apart.Nearby in the remains of the Choral C
771	005.M31 伊斯塔万三号之战 Battle of Isstvan III	恢复英文句间空格	.Th	. Th	1	decimated their traitorous brothers.The traitors next tried to use their 
771	005.M31 伊斯塔万三号之战 Battle of Isstvan III	恢复英文句间空格	.In	. In	1	ain and reap carnage upon the enemy.In one engagement, Eidolon was forced
771	005.M31 伊斯塔万三号之战 Battle of Isstvan III	恢复英文句间空格	.Me	. Me	1	 the loss of his ChaplainCharmosian.Meanwhile, Loken and Torgaddon contin
771	005.M31 伊斯塔万三号之战 Battle of Isstvan III	恢复英文句间空格	.By	. By	1	o further delay the traitor advance.By two months into the conflict some 
771	005.M31 伊斯塔万三号之战 Battle of Isstvan III	恢复英文句间空格	.Fo	. Fo	1	of the Legio Mortis and Legio Audax.Formerly loyalist CaptainLuciushad gr
771	005.M31 伊斯塔万三号之战 Battle of Isstvan III	恢复英文句间空格	.Me	. Me	1	ck to the Emperor's Children Legion.Meanwhile, the traitor Titans combine
771	005.M31 伊斯塔万三号之战 Battle of Isstvan III	恢复英文句间空格	.Ba	. Ba	1	ter landing viaCaestus Assault Rams.Backed by gunships and heavy armour, 
771	005.M31 伊斯塔万三号之战 Battle of Isstvan III	恢复英文句间空格	.De	. De	1	the Siren Hold fell within the hour.Despite a valiant final battle agains
771	005.M31 伊斯塔万三号之战 Battle of Isstvan III	恢复英文句间空格	.Th	. Th	1	d under rubble from a Titan's blast.The traitors unleashedPhosphexinto th
772	005-006.M31 西格纳斯战役 Signus Campaign	恢复英文词间空格	the	the 	1	nus Campaign was a major battle of theHorus Heresywhich saw theBlood Ange
772	005-006.M31 西格纳斯战役 Signus Campaign	恢复英文词间空格	the	the 	1	battle of theHorus Heresywhich saw theBlood Angelsbesieged by theDaemonic
772	005-006.M31 西格纳斯战役 Signus Campaign	恢复英文词间空格	the	the 	1	ich saw theBlood Angelsbesieged by theDaemonichordes of theBloodthirsterK
772	005-006.M31 西格纳斯战役 Signus Campaign	恢复英文词间空格	the	the 	1	"lsbesieged by theDaemonichordes of theBloodthirsterKa'Bandha.

西格纳斯战役是荷鲁斯"
772	005-006.M31 西格纳斯战役 Signus Campaign	恢复英文词间空格	Heresywhich	Heresy which	1	gn was a major battle of the Horus Heresywhich saw the Blood Angelsbesieged by th
772	005-006.M31 西格纳斯战役 Signus Campaign	恢复英文词间空格	the	the 	1	nus Cluster killed or sent back to theWarp,Unknown casualties amongstTask
772	005-006.M31 西格纳斯战役 Signus Campaign	恢复英文词间空格	the	the 	1	royed or too bogged down to assist theEmperoruntil it was too late. Howev
772	005-006.M31 西格纳斯战役 Signus Campaign	恢复英文词间空格	of	of 	1	e. However, Horus, with the advice ofErebus, decided that he could use t
772	005-006.M31 西格纳斯战役 Signus Campaign	恢复英文词间空格	the	the 	1	fErebus, decided that he could use theBlood AngelsGene-seedflaw known as 
772	005-006.M31 西格纳斯战役 Signus Campaign	恢复英文词间空格	the	the 	1	Blood AngelsGene-seedflaw known as theRed Thirstto his advantage, and hav
772	005-006.M31 西格纳斯战役 Signus Campaign	恢复英文词间空格	to	to 	1	 haveSanguiniusand his Legion fall toKhorne. In truth, however, there wa
772	005-006.M31 西格纳斯战役 Signus Campaign	恢复英文词间空格	The	The 	1	os forces on the overall strategy. TheRuinous Powers, theKeeper of Secret
772	005-006.M31 西格纳斯战役 Signus Campaign	恢复英文词间空格	the	the 	1	erall strategy. TheRuinous Powers, theKeeper of SecretsKyriss, andWord Be
772	005-006.M31 西格纳斯战役 Signus Campaign	恢复英文词间空格	and	and 	1	owers, theKeeper of SecretsKyriss, andWord BearersFirst ChaplainErebuswis
772	005-006.M31 西格纳斯战役 Signus Campaign	恢复英文词间空格	the	the 	1	uinius to their banner whileHorus, theBloodthirsterKa'Bandha, and theDark
772	005-006.M31 西格纳斯战役 Signus Campaign	恢复英文词间空格	the	the 	1	us, theBloodthirsterKa'Bandha, and theDark ApostleTanus Kreedsaw the Prim
772	005-006.M31 西格纳斯战役 Signus Campaign	恢复英文词间空格	Horushad	Horus had	1	fort to divide the loyalist forces,Horushad dispatched thoseLegionswho could n
772	005-006.M31 西格纳斯战役 Signus Campaign	恢复英文词间空格	a	a 	1	"Bandha 圣吉列斯对决卡班哈

Horus dispatched aWord Bearersdetachment under theWor"
772	005-006.M31 西格纳斯战役 Signus Campaign	恢复英文词间空格	the	the 	1	ched aWord Bearersdetachment under theWord BearersChaplainTanus Kreedto i
772	005-006.M31 西格纳斯战役 Signus Campaign	恢复英文词间空格	the	the 	1	earersChaplainTanus Kreedto inform theBlood Angelsthat they had been task
772	005-006.M31 西格纳斯战役 Signus Campaign	恢复英文词间空格	the	the 	1	Angelsthat they had been tasked by theWarmasterwith the cleansing of the 
772	005-006.M31 西格纳斯战役 Signus Campaign	恢复英文词间空格	the	the 	1	 control of xenos tyrants known as theNephilim.Sanguiniushad no reason to
772	005-006.M31 西格纳斯战役 Signus Campaign	恢复英文词间空格	the	the 	1	nd was unaware of the treachery of theIsstvan System, and so it was that 
772	005-006.M31 西格纳斯战役 Signus Campaign	恢复英文词间空格	of	of 	1	he Blood Angels were a small force ofImperial ArmyandLegio Cyberneticaas
772	005-006.M31 西格纳斯战役 Signus Campaign	恢复英文词间空格	of	of 	1	Cyberneticaas well as a contingent ofSpace Wolves. In addition, 3,420 Wo
772	005-006.M31 西格纳斯战役 Signus Campaign	恢复英文词间空格	the	the 	1	reed's command were present aboard theCruiserDark Page.Meanwhile, the Sig
772	005-006.M31 西格纳斯战役 Signus Campaign	恢复英文词间空格	the	the 	1	ystem was overrun after Horus sent theSerpent LodgePriestBrujato unleash 
772	005-006.M31 西格纳斯战役 Signus Campaign	恢复英文词间空格	the	the 	1	ichorde by serving as a vessel for theKeeper of SecretsKyriss the Pervers
772	005-006.M31 西格纳斯战役 Signus Campaign	恢复英文词间空格	the	the 	1	"SecretsKyriss the Perverseto enter theMaterium.

荷鲁斯派遣了一支由怀言者牧师塔努斯·克里德率领的"
772	005-006.M31 西格纳斯战役 Signus Campaign	恢复英文词间空格	the	the 	1	"西格纳斯的流血**

Upon arrival in Signus, theBlood Angelswitnessed strange cosmi"
772	005-006.M31 西格纳斯战役 Signus Campaign	恢复英文词间空格	On	On 	1	orosfractured into daemonic runes. OnHolst, the Blood Angels sent forces
772	005-006.M31 西格纳斯战役 Signus Campaign	恢复英文词间空格	to	to 	1	 the corrupted world was subjected toExterminatus.Sanguinius ordered add
772	005-006.M31 西格纳斯战役 Signus Campaign	恢复英文词间空格	of	of 	1	ditions to the inner Signus worlds ofScoltrumandTa-loc. On Scoltrum, the
772	005-006.M31 西格纳斯战役 Signus Campaign	恢复英文词间空格	under	under 	1	r CaptainNakirandCyberneticarobots underArchmagosDomina Shroulwere sent to 
772	005-006.M31 西格纳斯战役 Signus Campaign	恢复英文词间空格	under	under 	1	a-loc, the 11th and 94th Companies underMaulgrehnwere trapped by Daemonic f
772	005-006.M31 西格纳斯战役 Signus Campaign	恢复英文词间空格	Warmasterwith	Warmaster with	1	lsthat they had been tasked by the Warmasterwith the cleansing of the Signus Cluste
772	005-006.M31 西格纳斯战役 Signus Campaign	恢复英文句间空格	.Sa	. Sa	1	xenos tyrants known as the Nephilim.Sanguiniushad no reason to doubt his 
772	005-006.M31 西格纳斯战役 Signus Campaign	恢复英文句间空格	.Ho	. Ho	1	blindly into the snare set for them.Horus further tempted Sanguinius by s
772	005-006.M31 西格纳斯战役 Signus Campaign	恢复英文句间空格	.Me	. Me	1	present aboard the CruiserDark Page.Meanwhile, the Signus System was over
772	005-006.M31 西格纳斯战役 Signus Campaign	恢复英文句间空格	.Sa	. Sa	1	world was subjected to Exterminatus.Sanguinius ordered additional expedit
772	005-006.M31 西格纳斯战役 Signus Campaign	恢复英文词间空格	at	at 	1	"斗

The real crisis, however, began atSignus Prime, where the raw power o"
772	005-006.M31 西格纳斯战役 Signus Campaign	恢复英文词间空格	the	the 	1	66666666.M31.In the midst of this, theKeeper of SecretsKyriss the Pervers
772	005-006.M31 西格纳斯战役 Signus Campaign	恢复英文词间空格	of	of 	1	f itself directly into the chamber ofSanguinius, daring thePrimarchto at
772	005-006.M31 西格纳斯战役 Signus Campaign	恢复英文词间空格	the	the 	1	o the chamber ofSanguinius, daring thePrimarchto attack. The Lord of theB
772	005-006.M31 西格纳斯战役 Signus Campaign	恢复英文词间空格	the	the 	1	 thePrimarchto attack. The Lord of theBlood Angelsrose to the challenge. 
772	005-006.M31 西格纳斯战役 Signus Campaign	恢复英文词间空格	the	the 	1	s took heavy losses. Shortly after theImperial ArmyAdmiralAthene DuCadejo
772	005-006.M31 西格纳斯战役 Signus Campaign	恢复英文词间空格	his	his 	1	landing, and unleashed the fury of hisLegionupon Signus Prime, personally
772	005-006.M31 西格纳斯战役 Signus Campaign	恢复英文词间空格	As	As 	1	"自由号瞄准，每当它试图锁定位置时，它的传感器和瞄准阵列都会被干扰。

AsSanguiniusand his forces neared the"
772	005-006.M31 西格纳斯战役 Signus Campaign	恢复英文词间空格	of	of 	1	usand his forces neared the palace ofKyriss the Perverse, a massivedaemo
772	005-006.M31 西格纳斯战役 Signus Campaign	恢复英文词间空格	the	the 	1	e cause of Khorne, but the Lord of theBlood Angelscould not be swayed, an
772	005-006.M31 西格纳斯战役 Signus Campaign	恢复英文词间空格	the	the 	1	scould not be swayed, and attacked theBloodthirster. He dealt thedaemona 
772	005-006.M31 西格纳斯战役 Signus Campaign	恢复英文词间空格	the	the 	1	Bandha slaughtered his way through theBlood Angels, killing over 500 of t
772	005-006.M31 西格纳斯战役 Signus Campaign	恢复英文词间空格	the	the 	1	generated from the device known as theRagefire, which corrupted the plane
772	005-006.M31 西格纳斯战役 Signus Campaign	恢复英文词间空格	the	the 	1	 the butchering of their brethren, theBlood Angelswere consumed by a dark
772	005-006.M31 西格纳斯战役 Signus Campaign	恢复英文词间空格	the	the 	1	e with a berserker's fury known as theRed Thirst. In their rage, Blood An
772	005-006.M31 西格纳斯战役 Signus Campaign	恢复英文词间空格	by	by 	1	t. In their rage, Blood Angels led byNassir Amitmassacred theSpace Wolve
772	005-006.M31 西格纳斯战役 Signus Campaign	恢复英文词间空格	the	the 	1	 Angels led byNassir Amitmassacred theSpace Wolvesattached to the Blood A
772	005-006.M31 西格纳斯战役 Signus Campaign	恢复英文词间空格	by	by 	1	 as a group of formerLibrariansled byMkani Kanowere able to resist the R
772	005-006.M31 西格纳斯战役 Signus Campaign	恢复英文词间空格	the	the 	1	niusby using a method forbidden by theCouncil of Nikea. Sanguinius recove
772	005-006.M31 西格纳斯战役 Signus Campaign	恢复英文词间空格	the	the 	1	to it. Kyriss was banished back to theWarpin failure while Meros was tran
772	005-006.M31 西格纳斯战役 Signus Campaign	恢复英文词间空格	the	the 	1	"e while Meros was transformed into theRed Angel.

与此同时，西格纳斯一号被狂暴的圣血天使彻底清除"
772	005-006.M31 西格纳斯战役 Signus Campaign	恢复英文词间空格	The	The 	1	"泪号离开这个行星。西格纳斯一号在他们的记忆中永远是一个黑暗的地方。

TheBlood Angelsthen had to contend wit"
772	005-006.M31 西格纳斯战役 Signus Campaign	恢复英文词间空格	the	the 	1	ood Angelsthen had to contend with theTraitorforces ofTask Force Ygethddo
772	005-006.M31 西格纳斯战役 Signus Campaign	恢复英文词间空格	of	of 	1	d to contend with theTraitorforces ofTask Force Ygethddon, which had bee
772	005-006.M31 西格纳斯战役 Signus Campaign	恢复英文词间空格	the	the 	1	ith keeping them imprisoned within theSignus Cluster. TheLegionultimately
772	005-006.M31 西格纳斯战役 Signus Campaign	恢复英文词间空格	The	The 	1	prisoned within theSignus Cluster. TheLegionultimately escaped, however, 
772	005-006.M31 西格纳斯战役 Signus Campaign	恢复英文词间空格	at	at 	1	st time tasted true defeat. Unlike atIsstvan IIIandIsstvan Vwhere he had
772	005-006.M31 西格纳斯战役 Signus Campaign	恢复英文词间空格	at	at 	1	had emerged victorious, and unlike atCalthwhere theWord Bearersstill had
772	005-006.M31 西格纳斯战役 Signus Campaign	恢复英文词间空格	the	the 	1	ictorious, and unlike atCalthwhere theWord Bearersstill had achieved thei
772	005-006.M31 西格纳斯战役 Signus Campaign	恢复英文词间空格	Primarchto	Primarch to	1	 chamber of Sanguinius, daring the Primarchto attack. The Lord of the Blood Ange
772	005-006.M31 西格纳斯战役 Signus Campaign	恢复英文句间空格	.Sa	. Sa	1	els flagshipRed Tearinto the planet.Sanguinius steered the Red Tear into 
772	005-006.M31 西格纳斯战役 Signus Campaign	恢复英文句间空格	.Th	. Th	1	rosled the assault on the Cathedral.The Cathedral could not be targeted b
772	005-006.M31 西格纳斯战役 Signus Campaign	恢复英文句间空格	.Si	. Si	1	e the*Red Tear*and leave the planet.Signus Prime became forever a place o
773	005-006.M31 火星分裂 Schism of Mars	删除误重复字	发现他的的指挥王	发现他的指挥王	1	
773	005-006.M31 火星分裂 Schism of Mars	恢复英文词间空格	of	of 	1	The Schism ofMarsis the name given to the civil 
773	005-006.M31 火星分裂 Schism of Mars	恢复英文词间空格	on	on 	1	iven to the civil war that erupted onMarsduring the early stages of theH
773	005-006.M31 火星分裂 Schism of Mars	恢复英文词间空格	the	the 	1	d onMarsduring the early stages of theHorus Heresy. The schism involved a
773	005-006.M31 火星分裂 Schism of Mars	恢复英文词间空格	in	in 	1	nicumpersonnel, as well as drawing inSpace Marinesand units of theImperi
773	005-006.M31 火星分裂 Schism of Mars	恢复英文词间空格	the	the 	1	"rawing inSpace Marinesand units of theImperial Army.

火星分裂是指荷鲁斯叛乱早期在火星上爆发"
773	005-006.M31 火星分裂 Schism of Mars	恢复英文词间空格	Marinesand	Marines and	1	"onnel, as well as drawing in Space Marinesand units of the Imperial Army.

火星分裂是"
773	005-006.M31 火星分裂 Schism of Mars	恢复英文词间空格	the	the 	1	bitterly argued over the nature of theOmnissiah, with many believing theE
773	005-006.M31 火星分裂 Schism of Mars	恢复英文词间空格	the	the 	1	 theOmnissiah, with many believing theEmperorto be its avatar. However a 
773	005-006.M31 火星分裂 Schism of Mars	恢复英文词间空格	by	by 	1	vatar. However a large faction led byFabricator-GeneralKelbor-Halmaintai
773	005-006.M31 火星分裂 Schism of Mars	恢复英文词间空格	the	the 	1	n of Mars into an arms factory for theGreat Crusadeand his ban on certain
773	005-006.M31 火星分裂 Schism of Mars	恢复英文词间空格	to	to 	1	Regulus, Mechanicum representative toWarmasterHorus. By this point in hi
773	005-006.M31 火星分裂 Schism of Mars	恢复英文词间空格	to	to 	1	through Regulus and his connection toKelbor-Hal, theFabricator-General. 
773	005-006.M31 火星分裂 Schism of Mars	恢复英文词间空格	the	the 	1	s and his connection toKelbor-Hal, theFabricator-General. Regulus' visit 
773	005-006.M31 火星分裂 Schism of Mars	恢复英文词间空格	against	against 	1	tages to siding with the Warmaster againstImperialrule. As a result of the in
773	005-006.M31 火星分裂 Schism of Mars	恢复英文词间空格	the	the 	1	"-sequestered area of Mars known as theVaults of Moravec.

火星分裂起源于不满的气氛；各个"
773	005-006.M31 火星分裂 Schism of Mars	恢复英文词间空格	the	the 	1	idden knowledge, ordered sealed by theEmperorhimself. It soon became clea
773	005-006.M31 火星分裂 Schism of Mars	恢复英文词间空格	of	of 	1	ts were corrupted by the influence ofChaos. With the opening of the Vaul
773	005-006.M31 火星分裂 Schism of Mars	恢复英文词间空格	the	the 	1	osphere. Three of these areas were theForgesofKoriel Zeth,Ipluvien Maxima
773	005-006.M31 火星分裂 Schism of Mars	恢复英文词间空格	and	and 	1	gesofKoriel Zeth,Ipluvien Maximal, andFabricator-LocumKane, who would go 
773	005-006.M31 火星分裂 Schism of Mars	恢复英文词间空格	the	the 	1	 shots had already been fired when theKaban MachineofLukas Chromdestroyed
773	005-006.M31 火星分裂 Schism of Mars	恢复英文词间空格	by	by 	1	lbor-Hal required was given to him byKoriel Zeth, Mistress of the Magma 
773	005-006.M31 火星分裂 Schism of Mars	恢复英文词间空格	the	the 	1	y, when she declared non-belief in theMachine God(while this*was*her beli
773	005-006.M31 火星分裂 Schism of Mars	恢复英文词间空格	The	The 	1	 pledged to Terra and the Emperor. TheMagna Legionassaulted the Noachis r
773	005-006.M31 火星分裂 Schism of Mars	恢复英文词间空格	the	the 	1	e Lunae Palus and Arcadia regions, theDeath Stalkersassaulted the fortres
773	005-006.M31 火星分裂 Schism of Mars	恢复英文词间空格	the	the 	1	 besieged. At the Athabasca Valles theLegio IgnatumandBurning Starsfought
773	005-006.M31 火星分裂 Schism of Mars	恢复英文词间空格	of	of 	1	iiandCombat Servitorson the Forges ofIpluvien Maximal. Maximal was able 
773	005-006.M31 火星分裂 Schism of Mars	恢复英文词间空格	by	by 	1	thin hours he was totally besieged byOrdinatusengines. At the Herschel i
773	005-006.M31 火星分裂 Schism of Mars	恢复英文词间空格	and	and 	1	e Mare Tyrrhenum, 900,000 Skitarii andProtectorsclashed in a bloody melee
773	005-006.M31 火星分裂 Schism of Mars	恢复英文词间空格	the	the 	1	nce, with both Legio Tempestus and theKnights of Taraniscoming to Zeth's 
773	005-006.M31 火星分裂 Schism of Mars	恢复英文词间空格	the	the 	1	ttle erupted at Magma City, led by theLegio Mortisand theImperator TitanA
773	005-006.M31 火星分裂 Schism of Mars	恢复英文词间空格	the	the 	1	ma City, led by theLegio Mortisand theImperator TitanAquila Ignis. Howeve
773	005-006.M31 火星分裂 Schism of Mars	恢复英文词间空格	of	of 	1	wo Imperial assault forces made up ofImperial FistsAstartes and Imperial
773	005-006.M31 火星分裂 Schism of Mars	恢复英文词间空格	of	of 	1	he Solar levies under the commands ofCaptainsSigismundandCamba-Diazarriv
773	005-006.M31 火星分裂 Schism of Mars	恢复英文词间空格	of	of 	1	d equipment, that of Kane and that ofLukas Chrom. The expedition also in
773	005-006.M31 火星分裂 Schism of Mars	恢复英文词间空格	at	at 	1	 was to launch a landing operation atFabricator-LocumKane's Forge-City o
773	005-006.M31 火星分裂 Schism of Mars	恢复英文词间空格	the	the 	1	a-Diaz diverted to Solis Planum as theSaturnyne Ramslanded at the ruined 
773	005-006.M31 火星分裂 Schism of Mars	恢复英文词间空格	the	the 	1	 the fight on the opposite side of theNoctis Labyrinthat Mondus Gamma. La
773	005-006.M31 火星分裂 Schism of Mars	恢复英文词间空格	by	by 	1	us Gamma. Launching an assault led byBreacher Squadsto advance to the wa
773	005-006.M31 火星分裂 Schism of Mars	恢复英文词间空格	a	a 	1	red the automata command rely with aVindicatorassault these constructs 
773	005-006.M31 火星分裂 Schism of Mars	恢复英文词间空格	in	in 	1	" the Imperial Fists captain landed inJovian Grenadiers.

当西吉斯蒙德受到凯恩的欢迎进入"
773	005-006.M31 火星分裂 Schism of Mars	恢复英文词间空格	of	of 	1	this attack was foiled in the face ofAlpha Legiontroops equipped withNem
773	005-006.M31 火星分裂 Schism of Mars	恢复英文词间空格	with	with 	1	face ofAlpha Legiontroops equipped withNemesis Bolters. The full treachery
773	005-006.M31 火星分裂 Schism of Mars	恢复英文词间空格	at	at 	1	full treachery of the Alpha Legion atIsstvan Vhad not yet transpired, co
773	005-006.M31 火星分裂 Schism of Mars	恢复英文词间空格	the	the 	1	ansports that had once belonged to theSons of Horus, Camba Diaz and 50 Se
773	005-006.M31 火星分裂 Schism of Mars	恢复英文词间空格	by	by 	1	lf an hour against a counterattack byCastellaxandVoraxrobots. In the ens
773	005-006.M31 火星分裂 Schism of Mars	恢复英文词间空格	a	a 	1	attle, Diaz himself was wounded by aPlasma Mortar. But they had bought 
773	005-006.M31 火星分裂 Schism of Mars	恢复英文词间空格	with	with 	1	ght enough time to rig the highway withMelta Bombs, destroying the transit
773	005-006.M31 火星分裂 Schism of Mars	恢复英文词间空格	a	a 	1	 some 24 Imperial Fists, including aCenturion, had been forced to sacri
773	005-006.M31 火星分裂 Schism of Mars	恢复英文词间空格	and	and 	1	t in chaos as Traitor Tech-Thralls andVoraxRobots made a major push. Mass
773	005-006.M31 火星分裂 Schism of Mars	恢复英文词间空格	the	the 	1	"ive perimeter once traitorTitansof theLegio Mortisarrived.

在世界之眼，凯恩的禁卫军队"
773	005-006.M31 火星分裂 Schism of Mars	恢复英文词间空格	the	the 	1	ly revealed such to Sigismund over theVox. As the last loyalists fled Mon
773	005-006.M31 火星分裂 Schism of Mars	恢复英文词间空格	from	from 	1	er played an ancient funeral dirge fromJupiterover their own Vox. Just as 
773	005-006.M31 火星分裂 Schism of Mars	恢复英文词间空格	from	from 	1	perial evacuation, Imperial forces fromTerrablockaded the planet, leading 
773	005-006.M31 火星分裂 Schism of Mars	恢复英文词间空格	of	of 	1	chanicum tech-vaults on Mars' moon ofPhobos, ensuring that the precious 
773	005-006.M31 火星分裂 Schism of Mars	恢复英文词间空格	from	from 	1	chhead, coming under swift assault fromServitorsandAutomata. Within only a
773	005-006.M31 火星分裂 Schism of Mars	恢复英文词间空格	The	The 	1	they had been ordered to retrieve: TheSarcophagus of the First Fabricator
773	005-006.M31 火星分裂 Schism of Mars	恢复英文词间空格	the	the 	1	shot down over Icaria Planum, near theNoctis Labyrinth. Meanwhile, 600Tra
773	005-006.M31 火星分裂 Schism of Mars	恢复英文词间空格	a	a 	1	riiofConclaveSpeculor-Gamma-Mu and aBonepicker Hostunder aSkitarii Mars
773	005-006.M31 火星分裂 Schism of Mars	恢复英文词间空格	a	a 	1	Gamma-Mu and aBonepicker Hostunder aSkitarii MarshalSpeculor/4/19/Σ/Tha
773	005-006.M31 火星分裂 Schism of Mars	恢复英文词间空格	the	the 	1	tanks were able to destroy many of theCastellax Class Robots, allowing th
773	005-006.M31 火星分裂 Schism of Mars	恢复英文词间空格	a	a 	1	/Tharsis was immediately killed by aVigilatoras the surviving Imperial 
773	005-006.M31 火星分裂 Schism of Mars	恢复英文词间空格	with	with 	1	plunging into the Traitor Skitarii withAssault Squads. A group of Traitor 
773	005-006.M31 火星分裂 Schism of Mars	恢复英文词间空格	of	of 	1	s barricades, running into a heavy ofHeavy Bolterfire. The defending Imp
773	005-006.M31 火星分裂 Schism of Mars	恢复英文词间空格	of	of 	1	ilatorTalar, who alongside a force ofReconnaissance Marinesreaped a heav
773	005-006.M31 火星分裂 Schism of Mars	恢复英文词间空格	their	their 	1	 a heavy toll on the Skitarii with theirSniper Rifles. However their enhanc
773	005-006.M31 火星分裂 Schism of Mars	恢复英文词间空格	their	their 	1	h to the Imperial Fists to unleash theirVoltlock Arquebus' before engaging 
773	005-006.M31 火星分裂 Schism of Mars	恢复英文词间空格	of	of 	1	todes, 340 Skitarii/Many thousands ofTech-Thralls,Mutants, Cyborgs,Daemo
773	005-006.M31 火星分裂 Schism of Mars	恢复英文词间空格	and	and 	1	"s,Mutants, Cyborgs,Daemon Engines, andAutomata
- 力量：900暗鸦守卫，96名禁军，340名护教军"
773	005-006.M31 火星分裂 Schism of Mars	恢复英文词间空格	to	to 	1	ce report detailing this was given toMalcador the SigilliteandConstantin
773	005-006.M31 火星分裂 Schism of Mars	恢复英文词间空格	the	the 	1	"戈尔。

It was at this same time that theBattle BargeAvengerarrived in theSo"
773	005-006.M31 火星分裂 Schism of Mars	恢复英文词间空格	the	the 	1	t theBattle BargeAvengerarrived in theSol System, carryingCoraxand surviv
773	005-006.M31 火星分裂 Schism of Mars	恢复英文词间空格	the	the 	1	gCoraxand survivingRaven Guardfrom theDrop Site Massacre. After meeting w
773	005-006.M31 火星分裂 Schism of Mars	恢复英文词间空格	for	for 	1	Avenger*once more and set a course forDeliverance. However before leaving
773	005-006.M31 火星分裂 Schism of Mars	恢复英文词间空格	and	and 	1	eir own wave of over 100 Drop Pods andKharybdis Assault Clawstowards theR
773	005-006.M31 火星分裂 Schism of Mars	恢复英文词间空格	the	the 	1	 andKharybdis Assault Clawstowards theRing of Iron, the orbital construct
773	005-006.M31 火星分裂 Schism of Mars	恢复英文词间空格	and	and 	1	includedMor Deythan,Seeker Squads, andAssault Squads. These were led by a
773	005-006.M31 火星分裂 Schism of Mars	恢复英文词间空格	of	of 	1	o forces set about laying a series ofMelta Bombsand seismic charges. The
773	005-006.M31 火星分裂 Schism of Mars	恢复英文词间空格	under	under 	1	um resistance cells on the surface underSkitariiOrdinalTheta Gaobefore cont
773	005-006.M31 火星分裂 Schism of Mars	恢复英文词间空格	his	his 	1	ridges into the complex. Corax and hisAssault Squadslaunched a jump-pack 
773	005-006.M31 火星分裂 Schism of Mars	恢复英文词间空格	of	of 	1	cuted. Among the dead was the body ofGenetorKephram Unguor. Realizing th
773	005-006.M31 火星分裂 Schism of Mars	恢复英文词间空格	and	and 	1	ogical assault as twisted Automata andDaemon Enginesrose up from their hi
773	005-006.M31 火星分裂 Schism of Mars	恢复英文词间空格	were	were 	1	y host now assailing the loyalists wereBlood SlaughterersandDecimatorsalon
773	005-006.M31 火星分裂 Schism of Mars	恢复英文词间空格	by	by 	1	n their own Automata were infected byScrap Codeand turned upon their all
773	005-006.M31 火星分裂 Schism of Mars	恢复英文词间空格	of	of 	1	ir allies. It was then that a trio ofOrdinatus Aktaeussiege engines arri
773	005-006.M31 火星分裂 Schism of Mars	恢复英文词间空格	under	under 	1	natus Aktaeussiege engines arrived underLukas Chrom, delivering the bulk of
773	005-006.M31 火星分裂 Schism of Mars	恢复英文词间空格	to	to 	1	" later revealed to be forces loyal toKaedes Nex.

现在攻击忠诚者的敌人包括鲜血屠杀者和屠戮者，"
773	005-006.M31 火星分裂 Schism of Mars	恢复英文词间空格	the	the 	1	"36名黑暗天使和19名禁军后来被找到/未知

By 013.M31, theBattle of Beta-Garmonhad been won b"
773	005-006.M31 火星分裂 Schism of Mars	恢复英文词间空格	and	and 	1	Garmonhad been won by the Traitors andHoruswas preparing to assault Terra
773	005-006.M31 火星分裂 Schism of Mars	恢复英文词间空格	the	the 	1	ur within his defensive network in theSol Systemthat the traitors could e
773	005-006.M31 火星分裂 Schism of Mars	恢复英文词间空格	the	the 	1	o proposed a solution. Offering up theBlood Angels94th CompanyunderAster 
773	005-006.M31 火星分裂 Schism of Mars	恢复英文词间空格	and	and 	1	being composed entirely of Terrans andInductiisave for a singleBaalitewar
773	005-006.M31 火星分裂 Schism of Mars	恢复英文词间空格	the	the 	1	"'s command and production station, theArca Silentus.

圣吉列斯现在和他的军团在泰拉上，是提出"
773	005-006.M31 火星分裂 Schism of Mars	恢复英文词间空格	under	under 	1	alongside allied loyalist Automata underMagos DominaErane Shurolwas launche
773	005-006.M31 火星分裂 Schism of Mars	恢复英文词间空格	the	the 	1	ominaErane Shurolwas launched from theLion's Gate Spaceporttowards Mars. 
773	005-006.M31 火星分裂 Schism of Mars	恢复英文词间空格	of	of 	1	n revealed to be under the control ofLukas Chrom. The loyalist raiding p
773	005-006.M31 火星分裂 Schism of Mars	恢复英文词间空格	their	their 	1	code through the battle, effecting theirMachine Spiritseven in devices such
773	005-006.M31 火星分裂 Schism of Mars	恢复英文词间空格	as	as 	1	achine Spiritseven in devices such asBolters. Crohne realized they could
773	005-006.M31 火星分裂 Schism of Mars	恢复英文词间空格	of	of 	1	endless streams. Arcas' detachment ofHetaeron Guardimmediately turned to
773	005-006.M31 火星分裂 Schism of Mars	恢复英文词间空格	the	the 	1	es were saved by twoDestroyersfrom theDark Angels, which had been indepen
773	005-006.M31 火星分裂 Schism of Mars	恢复英文词间空格	of	of 	1	e it had caused to unleash a salvo ofTorpedoesat the heart, where the Cu
773	005-006.M31 火星分裂 Schism of Mars	恢复英文词间空格	A	A 	1	Crohne pressed towards the beacon. ABrass Scorpionnow appeared and char
773	005-006.M31 火星分裂 Schism of Mars	恢复英文词间空格	of	of 	1	and throne empty save for a cohort ofThallax. As he battled these foes, 
773	005-006.M31 火星分裂 Schism of Mars	恢复英文词间空格	the	the 	1	or the rest of the war overseen by theImperial FistsandImperialis Armada.
773	005-006.M31 火星分裂 Schism of Mars	恢复英文词间空格	the	the 	1	al raids were conducted as part of theShadow Wars. There were several vio
773	005-006.M31 火星分裂 Schism of Mars	恢复英文词间空格	the	the 	1	ial blockade would be lifted until theSolar War. With the traitorousFabri
773	005-006.M31 火星分裂 Schism of Mars	恢复英文词间空格	the	the 	1	"aimed for the Imperium until after theBattle of Terra.

最终，火星要到泰拉之战后才能被帝国"
773	005-006.M31 火星分裂 Schism of Mars	恢复英文词间空格	Emperorto	Emperor to	1	Omnissiah, with many believing the Emperorto be its avatar. However a large fac
773	005-006.M31 火星分裂 Schism of Mars	恢复英文词间空格	Crusadeand	Crusade and	1	into an arms factory for the Great Crusadeand his ban on certain types of techno
773	005-006.M31 火星分裂 Schism of Mars	恢复英文词间空格	Emperorhimself	Emperor himself	1	n knowledge, ordered sealed by the Emperorhimself. It soon became clear that the inf
773	005-006.M31 火星分裂 Schism of Mars	恢复英文词间空格	Guardfrom	Guard from	1	m, carryingCoraxand survivingRaven Guardfrom the Drop Site Massacre. After meet
773	005-006.M31 火星分裂 Schism of Mars	恢复英文词间空格	Horuswas	Horus was	1	onhad been won by the Traitors and Horuswas preparing to assault Terra directl
774	005-010.M31/010-015.M31 铁灾 Cataclysm of Iron	恢复英文词间空格	the	the 	1	ataclysm of Iron was a campaign of theHorus Heresyfought from 010 to 013.
774	005-010.M31/010-015.M31 铁灾 Cataclysm of Iron	恢复英文词间空格	of	of 	1	"ce in the ""Belt of Iron"", a region ofSegmentum TempestusandSegmentum Pac"
774	005-010.M31/010-015.M31 铁灾 Cataclysm of Iron	恢复英文词间空格	the	the 	1	 Many of these worlds declared for theDark Mechanicumupon the outbreak of
774	005-010.M31/010-015.M31 铁灾 Cataclysm of Iron	恢复英文词间空格	the	the 	1	ark Mechanicumupon the outbreak of theSchism of Mars. Sporadic fighting b
774	005-010.M31/010-015.M31 铁灾 Cataclysm of Iron	恢复英文词间空格	and	and 	1	ofIncunabula,Urdesh,Valia-Maximal, andKalibraxagainst the loyalist worlds
774	005-010.M31/010-015.M31 铁灾 Cataclysm of Iron	恢复英文词间空格	of	of 	1	alibraxagainst the loyalist worlds ofGraia,Arl'yeth, andAtar-Median. The
774	005-010.M31/010-015.M31 铁灾 Cataclysm of Iron	恢复英文词间空格	and	and 	1	 loyalist worlds ofGraia,Arl'yeth, andAtar-Median. The worlds ofArachnusa
774	005-010.M31/010-015.M31 铁灾 Cataclysm of Iron	恢复英文词间空格	of	of 	1	l'yeth, andAtar-Median. The worlds ofArachnusandJerulas Stationmeanwhile
774	005-010.M31/010-015.M31 铁灾 Cataclysm of Iron	恢复英文词间空格	with	with 	1	he Emperor whileValia-Maximalsided withHorus. The rivalry between Valia-Ma
774	005-010.M31/010-015.M31 铁灾 Cataclysm of Iron	恢复英文词间空格	the	the 	1	heir allegiance had been bought by theFabricator-GeneralofMars.Urdeshmana
774	005-010.M31/010-015.M31 铁灾 Cataclysm of Iron	恢复英文词间空格	in	in 	1	eshmanaged to supply traitor cells inSegmentum SolarwhileKalibraxreinfor
774	005-010.M31/010-015.M31 铁灾 Cataclysm of Iron	恢复英文词间空格	of	of 	1	Kalibraxreinforced the empty world ofFindari Spoil, an action which was 
774	005-010.M31/010-015.M31 铁灾 Cataclysm of Iron	恢复英文词间空格	with	with 	1	raia. In 010.M31 all communication withJerulas Stationceased whileArachnus
774	005-010.M31/010-015.M31 铁灾 Cataclysm of Iron	恢复英文词间空格	between	between 	1	 Titans were felled as the clashes betweenLegio LaniaskaraandLegio Astramanes
774	005-010.M31/010-015.M31 铁灾 Cataclysm of Iron	恢复英文词间空格	the	the 	1	 Cataclysm of Iron, the arrival of theIron Warriorsprompted Atar-Median t
774	005-010.M31/010-015.M31 铁灾 Cataclysm of Iron	恢复英文词间空格	the	the 	1	ari Spoil heavily with forces from theLegio Kulisaetaias well as new orbi
774	005-010.M31/010-015.M31 铁灾 Cataclysm of Iron	恢复英文词间空格	by	by 	1	rces of Atar-Median were commanded byPrincepsMaxima Millicent Nuvarss, w
774	005-010.M31/010-015.M31 铁灾 Cataclysm of Iron	恢复英文词间空格	of	of 	1	task forces. The first, consisting ofTaghmataforces supported byHouse Co
774	005-010.M31/010-015.M31 铁灾 Cataclysm of Iron	恢复英文词间空格	by	by 	1	sisting ofTaghmataforces supported byHouse Col'Khak, formed the vanguard
774	005-010.M31/010-015.M31 铁灾 Cataclysm of Iron	恢复英文词间空格	the	the 	1	ard of the invasion, breaking from theWarpclose to the system's outer def
774	005-010.M31/010-015.M31 铁灾 Cataclysm of Iron	恢复英文词间空格	The	The 	1	"的轨道炮台来击退忠诚派的舰队，忠诚派几乎不费吹灰之力就控制了外层。

TheLegio Ataruswere unleashed upon the"
774	005-010.M31/010-015.M31 铁灾 Cataclysm of Iron	恢复英文词间空格	from	from 	1	. It began several hundred vessels fromUrdeshandKalibraxemerged from the W
774	005-010.M31/010-015.M31 铁灾 Cataclysm of Iron	恢复英文词间空格	the	the 	1	ndKalibraxemerged from the Warp in theParadonal'ny systemand obliterated 
774	005-010.M31/010-015.M31 铁灾 Cataclysm of Iron	恢复英文词间空格	both	both 	1	rce consisted of Titans drawn from bothLegio DamiciumandLegio Kulisaetai, 
774	005-010.M31/010-015.M31 铁灾 Cataclysm of Iron	恢复英文词间空格	the	the 	1	t their weakness and redeployed to theXiloci'ny system, mustering to defe
774	005-010.M31/010-015.M31 铁灾 Cataclysm of Iron	恢复英文词间空格	the	the 	1	of 4 more systems before moving on theHive WorldofXiloci II. Here, the Tr
774	005-010.M31/010-015.M31 铁灾 Cataclysm of Iron	恢复英文词间空格	of	of 	1	"手中。

In 706010.M31 the Devastation ofYanazar IVbegan. The first sign of "
774	005-010.M31/010-015.M31 铁灾 Cataclysm of Iron	恢复英文词间空格	the	the 	1	ing fleet from Atar-Median entered theYanazar'ny systemintent upon securi
774	005-010.M31/010-015.M31 铁灾 Cataclysm of Iron	恢复英文词间空格	of	of 	1	egion. With them came two maniples ofLegio VenatorTitans dispatched from
774	005-010.M31/010-015.M31 铁灾 Cataclysm of Iron	恢复英文词间空格	from	from 	1	s ofLegio VenatorTitans dispatched fromArachnus. The first target of the L
774	005-010.M31/010-015.M31 铁灾 Cataclysm of Iron	恢复英文词间空格	the	the 	1	"new wave of landers in the form of theLegio Damicium.

706010.M31，亚纳扎尔四号的"
774	005-010.M31/010-015.M31 铁灾 Cataclysm of Iron	恢复英文词间空格	by	by 	1	 Morning Star Titans and commanded byMagos DominusXixosmoved towards the
774	005-010.M31/010-015.M31 铁灾 Cataclysm of Iron	恢复英文词间空格	the	the 	1	 byMagos DominusXixosmoved towards theUridoci'ny systemas their first tar
774	005-010.M31/010-015.M31 铁灾 Cataclysm of Iron	恢复英文词间空格	On	On 	1	ci'ny systemas their first target. OnUridoci VIa month-long conflict bet
774	005-010.M31/010-015.M31 铁灾 Cataclysm of Iron	恢复英文词间空格	by	by 	1	in a mass campaign of butchery led byHouse Gotrithwho built monuments of
774	005-010.M31/010-015.M31 铁灾 Cataclysm of Iron	恢复英文词间空格	the	the 	1	 monuments of corpses dedicated to theWarmaster. The few survivors of the
774	005-010.M31/010-015.M31 铁灾 Cataclysm of Iron	恢复英文词间空格	by	by 	1	e world were spared a similar fate byHouse Moritain, who swore to defend
774	005-010.M31/010-015.M31 铁灾 Cataclysm of Iron	恢复英文词间空格	of	of 	1	g upon maniples consisting largely ofReaversand Warlords. After 3 months
774	005-010.M31/010-015.M31 铁灾 Cataclysm of Iron	恢复英文词间空格	and	and 	1	lds such as LuxIncunabula,Gantrin, andJerulas Station. At Jerulas Station
774	005-010.M31/010-015.M31 铁灾 Cataclysm of Iron	恢复英文词间空格	the	the 	1	ationed upon the Forge World. Both theRuinstormand the Cataclysm of Iron 
774	005-010.M31/010-015.M31 铁灾 Cataclysm of Iron	恢复英文词间空格	at	at 	1	sector and the escalating conflict atBeta-Garmon. During the Great Crusa
774	005-010.M31/010-015.M31 铁灾 Cataclysm of Iron	恢复英文词间空格	the	the 	1	ost notable was the destruction of theAultarun systemand the second invas
774	005-010.M31/010-015.M31 铁灾 Cataclysm of Iron	恢复英文词间空格	by	by 	1	Loyalists. An assault was launched byHouse Vextrixthat caused much confu
774	005-010.M31/010-015.M31 铁灾 Cataclysm of Iron	恢复英文词间空格	and	and 	1	ed code infesting their algorithms andCyclonic warheadswere detonated ben
774	005-010.M31/010-015.M31 铁灾 Cataclysm of Iron	恢复英文词间空格	to	to 	1	 Legio Atarus and Legio Laniaskara toMalhanr. In the ensuing battle the 
774	005-010.M31/010-015.M31 铁灾 Cataclysm of Iron	恢复英文词间空格	named	named 	1	a single battered Firebrand Reaver namedFire of Resolve, badly damaged but 
774	005-010.M31/010-015.M31 铁灾 Cataclysm of Iron	恢复英文词间空格	from	from 	1	Urdesh was launched after messages fromTerraitself had reached Graia calli
774	005-010.M31/010-015.M31 铁灾 Cataclysm of Iron	恢复英文词间空格	of	of 	1	oreover Terra dispatching an octad ofLegio Ignatumengines under false fl
774	005-010.M31/010-015.M31 铁灾 Cataclysm of Iron	恢复英文词间空格	of	of 	1	engines under false flag by agents ofMalcador the Sigilliteto reach thei
774	005-010.M31/010-015.M31 铁灾 Cataclysm of Iron	恢复英文词间空格	the	the 	1	ful of Legio Damicium Warlords and theImperator TitanGloria Victoria. The
774	005-010.M31/010-015.M31 铁灾 Cataclysm of Iron	恢复英文词间空格	the	the 	1	d until defeat for the traitors at theSiege of Terra. All of these acts b
774	005-010.M31/010-015.M31 铁灾 Cataclysm of Iron	恢复英文词间空格	his	his 	1	y with the death of Hieroneyum and hisOrdinatus Valiaby sacrifice of theW
774	005-010.M31/010-015.M31 铁灾 Cataclysm of Iron	恢复英文词间空格	the	the 	1	 hisOrdinatus Valiaby sacrifice of theWarhound TitansForge Beast,Faithful
774	005-010.M31/010-015.M31 铁灾 Cataclysm of Iron	恢复英文词间空格	and	and 	1	d TitansForge Beast,Faithful Sire, andVenator Ultimaupon the world ofNali
774	005-010.M31/010-015.M31 铁灾 Cataclysm of Iron	恢复英文词间空格	of	of 	1	e, andVenator Ultimaupon the world ofNalindeerthat the tide of the campa
774	005-010.M31/010-015.M31 铁灾 Cataclysm of Iron	恢复英文词间空格	at	at 	1	these worlds with only one success atEristarathat saw 11 Morning Stars e
774	005-010.M31/010-015.M31 铁灾 Cataclysm of Iron	恢复英文句间空格	.Ur	. Ur	1	ght by the Fabricator-GeneralofMars.Urdeshmanaged to supply traitor cells
776	673.006.M31 帕拉马尔五号入侵 Invasion of Paramar V	恢复英文词间空格	the	the 	1	"aramar, was a battle fought during theHorus Heresy.

帕拉马尔五号入侵，也被称为第一次帕拉马尔"
776	673.006.M31 帕拉马尔五号入侵 Invasion of Paramar V	恢复英文词间空格	to	to 	1	as a strategically important world toHorus Lupercal. It laid on the nort
776	673.006.M31 帕拉马尔五号入侵 Invasion of Paramar V	恢复英文词间空格	of	of 	1	rcal. It laid on the northern edge ofSegmentum Solarand was a staging ar
776	673.006.M31 帕拉马尔五号入侵 Invasion of Paramar V	恢复英文词间空格	for	for 	1	mentum Solarand was a staging area forExpeditionary Fleets. It was positi
776	673.006.M31 帕拉马尔五号入侵 Invasion of Paramar V	恢复英文词间空格	the	the 	1	" almost direct conjunction between theIsstvan systemandTerra.

帕拉马尔五号对荷鲁斯"
776	673.006.M31 帕拉马尔五号入侵 Invasion of Paramar V	恢复英文词间空格	the	the 	1	e opening days of the Heresy after theDropsite Massacre. TheAlpha Legionl
776	673.006.M31 帕拉马尔五号入侵 Invasion of Paramar V	恢复英文词间空格	The	The 	1	Heresy after theDropsite Massacre. TheAlpha Legionled the initial assault
776	673.006.M31 帕拉马尔五号入侵 Invasion of Paramar V	恢复英文词间空格	and	and 	1	hanicumCybernetica,Knight,Thallax, andSkitariiforces. The defenders of th
776	673.006.M31 帕拉马尔五号入侵 Invasion of Paramar V	恢复英文词间空格	the	the 	1	alionofIron Warriorsstill loyal to theEmperoras well as theLegio Gryphoni
776	673.006.M31 帕拉马尔五号入侵 Invasion of Paramar V	恢复英文词间空格	the	the 	1	till loyal to theEmperoras well as theLegio Gryphonicusand Mechanicus tro
776	673.006.M31 帕拉马尔五号入侵 Invasion of Paramar V	恢复英文词间空格	the	the 	1	"团和机械教部队组成。

The initial assault of theAlpha Legionand traitor Titans seiz"
776	673.006.M31 帕拉马尔五号入侵 Invasion of Paramar V	恢复英文词间空格	the	the 	1	r Nexus, they were shocked to find theTitansof the loyalist Legio Gryphon
776	673.006.M31 帕拉马尔五号入侵 Invasion of Paramar V	恢复英文词间空格	the	the 	1	ver traitor-alliedTitanforces from theLegio Fureanstook heavier losses th
776	673.006.M31 帕拉马尔五号入侵 Invasion of Paramar V	恢复英文词间空格	The	The 	1	 over Paramar V during the Heresy. TheSecond Battle of Paramartook place 
776	673.006.M31 帕拉马尔五号入侵 Invasion of Paramar V	恢复英文词间空格	during	during 	1	us. Eight years after that however duringThe Scouring, the Imperium would fi
776	673.006.M31 帕拉马尔五号入侵 Invasion of Paramar V	恢复英文词间空格	Legionled	Legion led	1	r the Dropsite Massacre. The Alpha Legionled the initial assault, followed by t
776	673.006.M31 帕拉马尔五号入侵 Invasion of Paramar V	恢复英文词间空格	Emperoras	Emperor as	1	nofIron Warriorsstill loyal to the Emperoras well as the Legio Gryphonicusand M
776	673.006.M31 帕拉马尔五号入侵 Invasion of Paramar V	恢复英文词间空格	Legionand	Legion and	1	"

The initial assault of the Alpha Legionand traitor Titans seized most of the "
776	673.006.M31 帕拉马尔五号入侵 Invasion of Paramar V	恢复英文句间空格	.Ho	. Ho	1	 planet fell to the forces of Horus.However traitor-alliedTitanforces fro
777	006.M31/006-013.M31/013-014.M31 科索尼亚围城 Siege of Cthonia	恢复英文词间空格	the	the 	1	"thonia was a three-stage battle of theHorus Heresy. In the so-called ""Fir"
777	006.M31/006-013.M31/013-014.M31 科索尼亚围城 Siege of Cthonia	恢复英文词间空格	an	an 	1	"e"",Cthoniawas largely conquered by anImperial Fists-led force in 006.M31"
777	006.M31/006-013.M31/013-014.M31 科索尼亚围城 Siege of Cthonia	恢复英文词间空格	their	their 	1	"aunched its own invasion to retake theirHomeworldin 013.M31, starting the """
777	006.M31/006-013.M31/013-014.M31 科索尼亚围城 Siege of Cthonia	恢复英文词间空格	the	the 	1	"ege"".This conflict culminated when theDark Angelsdestroyed Cthonia in 014"
777	006.M31/006-013.M31/013-014.M31 科索尼亚围城 Siege of Cthonia	恢复英文句间空格	.Af	. Af	1	rrilla campaign over the next years.After this period of contested Imperi
777	006.M31/006-013.M31/013-014.M31 科索尼亚围城 Siege of Cthonia	恢复英文词间空格	the	the 	1	perial Fists'9thand14thBattalions, theSpace Wolves13th Great Company, thr
777	006.M31/006-013.M31/013-014.M31 科索尼亚围城 Siege of Cthonia	恢复英文词间空格	and	and 	1	y, threeAdeptus Custodessodalities,andMechanicumTaghmata.Led byLord Caste
777	006.M31/006-013.M31/013-014.M31 科索尼亚围城 Siege of Cthonia	恢复英文词间空格	by	by 	1	dalities,andMechanicumTaghmata.Led byLord CastellanEvander Garrius, this
777	006.M31/006-013.M31/013-014.M31 科索尼亚围城 Siege of Cthonia	恢复英文词间空格	the	the 	1	fending Cthonia's main settlement, theHiveLupercal's Gate, as well as the
777	006.M31/006-013.M31/013-014.M31 科索尼亚围城 Siege of Cthonia	恢复英文词间空格	to	to 	1	"ge. They were subsequently brought toTerraand publicly executed.

最终，忠诚派"
777	006.M31/006-013.M31/013-014.M31 科索尼亚围城 Siege of Cthonia	恢复英文词间空格	Terraand	Terra and	1	" They were subsequently brought to Terraand publicly executed.

最终，忠诚派意识到，叛徒的重"
777	006.M31/006-013.M31/013-014.M31 科索尼亚围城 Siege of Cthonia	恢复英文句间空格	.Le	. Le	1	essodalities,and MechanicumTaghmata.Led by Lord CastellanEvander Garrius,
777	006.M31/006-013.M31/013-014.M31 科索尼亚围城 Siege of Cthonia	恢复英文词间空格	the	the 	1	ccupation was further supported by theGraianMechanicum underArchmagosArka
777	006.M31/006-013.M31/013-014.M31 科索尼亚围城 Siege of Cthonia	恢复英文词间空格	under	under 	1	r supported by theGraianMechanicum underArchmagosArkai Nomuswho used Cthoni
777	006.M31/006-013.M31/013-014.M31 科索尼亚围城 Siege of Cthonia	恢复英文词间空格	under	under 	1	's cold core, the traitors rallied underCenturionBoros Kurn. Though they we
777	006.M31/006-013.M31/013-014.M31 科索尼亚围城 Siege of Cthonia	恢复英文词间空格	the	the 	1	"军），等待着从黑暗中恢复过来的机会。

In 007.M31, as theRuinstormwas first created, Cthonia"
777	006.M31/006-013.M31/013-014.M31 科索尼亚围城 Siege of Cthonia	恢复英文词间空格	the	the 	1	us sent loyalistFifth Fellowshipof theThousand Sonsto join the garrison. 
777	006.M31/006-013.M31/013-014.M31 科索尼亚围城 Siege of Cthonia	恢复英文词间空格	by	by 	1	 the garrison. This contingent led bySul Kontepwere survivors of theBurn
777	006.M31/006-013.M31/013-014.M31 科索尼亚围城 Siege of Cthonia	恢复英文词间空格	the	the 	1	 led bySul Kontepwere survivors of theBurning of Prosperowho had thrown t
777	006.M31/006-013.M31/013-014.M31 科索尼亚围城 Siege of Cthonia	恢复英文词间空格	of	of 	1	ough they were overseen by a cadre ofSisters of Silenceled byAmbriel Mal
777	006.M31/006-013.M31/013-014.M31 科索尼亚围城 Siege of Cthonia	恢复英文词间空格	by	by 	1	by a cadre ofSisters of Silenceled byAmbriel Malineux.Garrius trusted th
777	006.M31/006-013.M31/013-014.M31 科索尼亚围城 Siege of Cthonia	恢复英文词间空格	of	of 	1	oyalist survivors from the battles ofTallarnandBeta-Garmon, as well as v
777	006.M31/006-013.M31/013-014.M31 科索尼亚围城 Siege of Cthonia	恢复英文词间空格	an	an 	1	n 011.M31) was soon revealed to be anAlpha Legionteam in disguise. Thoug
777	006.M31/006-013.M31/013-014.M31 科索尼亚围城 Siege of Cthonia	恢复英文词间空格	the	the 	1	rbands arrived at Cthonia, fleeing thePassage of the Angels.As the confli
777	006.M31/006-013.M31/013-014.M31 科索尼亚围城 Siege of Cthonia	恢复英文句间空格	.De	. De	1	sed Cthonia to repair damagedTitans.Despite his unfavourable position, Ga
777	006.M31/006-013.M31/013-014.M31 科索尼亚围城 Siege of Cthonia	恢复英文句间空格	.Ov	. Ov	1	s, and scout the loyalist positions.Over time, the Sons of Horus guerrill
777	006.M31/006-013.M31/013-014.M31 科索尼亚围城 Siege of Cthonia	恢复英文句间空格	.Ga	. Ga	1	by Garrius' forces under great cost.Garrius subsequently requested reinfo
777	006.M31/006-013.M31/013-014.M31 科索尼亚围城 Siege of Cthonia	恢复英文句间空格	.Ga	. Ga	1	s of Silenceled by Ambriel Malineux.Garrius trusted these twice-traitors 
777	006.M31/006-013.M31/013-014.M31 科索尼亚围城 Siege of Cthonia	恢复英文句间空格	.Ho	. Ho	1	or-held space in the galactic south.However, one group of allegedSalamand
777	006.M31/006-013.M31/013-014.M31 科索尼亚围城 Siege of Cthonia	恢复英文句间空格	.As	. As	1	, fleeing the Passage of the Angels.As the conflict dragged on, the Imper
777	006.M31/006-013.M31/013-014.M31 科索尼亚围城 Siege of Cthonia	恢复英文词间空格	the	the 	1	n's faction arrived in 013.M31, as theSolar Warcame to an end and Horus b
777	006.M31/006-013.M31/013-014.M31 科索尼亚围城 Siege of Cthonia	恢复英文词间空格	the	the 	1	ion was strategically unsound, but theAlpha LegionPrimarch's words were i
777	006.M31/006-013.M31/013-014.M31 科索尼亚围城 Siege of Cthonia	恢复英文词间空格	the	the 	1	"e ""True Sons"" began to assemble in theBeta-Garmon System. At this point, "
777	006.M31/006-013.M31/013-014.M31 科索尼亚围城 Siege of Cthonia	恢复英文词间空格	the	the 	1	 as various Imperial Army units of theCthonian Headhuntersand aDark Mecha
777	006.M31/006-013.M31/013-014.M31 科索尼亚围城 Siege of Cthonia	恢复英文词间空格	a	a 	1	nits of theCthonian Headhuntersand aDark Mechanicumforce loyal to theFo
777	006.M31/006-013.M31/013-014.M31 科索尼亚围城 Siege of Cthonia	恢复英文词间空格	the	the 	1	and aDark Mechanicumforce loyal to theForge WorldVoss. The latter had lon
777	006.M31/006-013.M31/013-014.M31 科索尼亚围城 Siege of Cthonia	恢复英文词间空格	by	by 	1	h as a strongWord Bearersforce led byZedak Mordakarof theFlayed Handand 
777	006.M31/006-013.M31/013-014.M31 科索尼亚围城 Siege of Cthonia	恢复英文词间空格	the	the 	1	earersforce led byZedak Mordakarof theFlayed Handand anAlpha Legionunit. 
777	006.M31/006-013.M31/013-014.M31 科索尼亚围城 Siege of Cthonia	恢复英文词间空格	an	an 	1	"Zedak Mordakarof theFlayed Handand anAlpha Legionunit. Many ""True Sons"" "
777	006.M31/006-013.M31/013-014.M31 科索尼亚围城 Siege of Cthonia	恢复英文词间空格	on	on 	1	 Word Bearers were secretly acting onErebus' orders and planning to brin
777	006.M31/006-013.M31/013-014.M31 科索尼亚围城 Siege of Cthonia	恢复英文词间空格	the	the 	1	n fleet of Horus, heading to begin theSiege of Terra, to enter theWarpfir
777	006.M31/006-013.M31/013-014.M31 科索尼亚围城 Siege of Cthonia	恢复英文词间空格	the	the 	1	 begin theSiege of Terra, to enter theWarpfirst. Afterward, Ashurhaddon's
777	006.M31/006-013.M31/013-014.M31 科索尼亚围城 Siege of Cthonia	恢复英文词间空格	the	the 	1	 suffered and consequently entered theCthonia Systempiecemeal. The first 
777	006.M31/006-013.M31/013-014.M31 科索尼亚围城 Siege of Cthonia	恢复英文词间空格	the	the 	1	wo loyalist patrol light frigates, theBlade of MidnightandShadow-eyeof th
777	006.M31/006-013.M31/013-014.M31 科索尼亚围城 Siege of Cthonia	恢复英文词间空格	the	the 	1	na Class BattleshipBurden of Duty, theIron HandsGolgotha Class Factory Sh
777	006.M31/006-013.M31/013-014.M31 科索尼亚围城 Siege of Cthonia	恢复英文词间空格	the	the 	1	tha Class Factory ShipGrendel, and theFortuna Class Trade-BarqueWarp-spit
777	006.M31/006-013.M31/013-014.M31 科索尼亚围城 Siege of Cthonia	恢复英文词间空格	to	to 	1	ival of a new force; a fleet loyal toCyclothratheled byArchmagosDraykava
777	006.M31/006-013.M31/013-014.M31 科索尼亚围城 Siege of Cthonia	恢复英文词间空格	by	by 	1	e; a fleet loyal toCyclothratheled byArchmagosDraykavacleft the Warp and
777	006.M31/006-013.M31/013-014.M31 科索尼亚围城 Siege of Cthonia	恢复英文词间空格	in	in 	1	the veteran5th Chapterwould follow inThunderhawksto extend the traitor-h
777	006.M31/006-013.M31/013-014.M31 科索尼亚围城 Siege of Cthonia	恢复英文词间空格	was	was 	1	"d wave to arrive - and among these wasKaedes Nex, an ""infamous assain"" wh"
777	006.M31/006-013.M31/013-014.M31 科索尼亚围城 Siege of Cthonia	恢复英文词间空格	the	the 	1	ployment in the wastelands west of theVorhek mountains; shielded by his n
777	006.M31/006-013.M31/013-014.M31 科索尼亚围城 Siege of Cthonia	恢复英文词间空格	on	on 	1	 allow for the Warmaster's assault onTerrato be reinforced with thousand
777	006.M31/006-013.M31/013-014.M31 科索尼亚围城 Siege of Cthonia	恢复英文词间空格	as	as 	1	onsisting of heavier tanks as well asImperial Knightsand Titans. The fir
777	006.M31/006-013.M31/013-014.M31 科索尼亚围城 Siege of Cthonia	恢复英文词间空格	of	of 	1	ay, when the first Loyalist Titans ofLegio Astramanentered the fight. At
777	006.M31/006-013.M31/013-014.M31 科索尼亚围城 Siege of Cthonia	恢复英文词间空格	of	of 	1	h time for the newly landed Titans ofLegio Ulricon,Legio Andrastus, andL
777	006.M31/006-013.M31/013-014.M31 科索尼亚围城 Siege of Cthonia	恢复英文词间空格	and	and 	1	s ofLegio Ulricon,Legio Andrastus, andLegio Magnato fully deploy and resp
777	006.M31/006-013.M31/013-014.M31 科索尼亚围城 Siege of Cthonia	恢复英文词间空格	and	and 	1	 manned by just 500 Imperial Fists andCharonid Sentinelsunder Consul-Capt
777	006.M31/006-013.M31/013-014.M31 科索尼亚围城 Siege of Cthonia	恢复英文词间空格	between	between 	1	"国之拳。”*
> *“他们永远不会是你的。”*
> Exchange betweenEvander GarriusandVheren Ashurhaddo"
777	006.M31/006-013.M31/013-014.M31 科索尼亚围城 Siege of Cthonia	恢复英文词间空格	the	the 	1	er due to fighting together during theGreat Crusade, Kovarny considered G
777	006.M31/006-013.M31/013-014.M31 科索尼亚围城 Siege of Cthonia	恢复英文词间空格	his	his 	1	, Kovarny considered Garrius to be hisBrotherand instead secretly sought 
777	006.M31/006-013.M31/013-014.M31 科索尼亚围城 Siege of Cthonia	恢复英文词间空格	the	the 	1	Imperial Fist by converting him to theTraitor's cause. Garrius would refu
777	006.M31/006-013.M31/013-014.M31 科索尼亚围城 Siege of Cthonia	恢复英文词间空格	of	of 	1	opened a Warp Rift, causing hordes ofDaemonsto pour into the caverns of 
777	006.M31/006-013.M31/013-014.M31 科索尼亚围城 Siege of Cthonia	恢复英文词间空格	the	the 	1	 the system, just after the end of theSiege of Terra.This force was led b
777	006.M31/006-013.M31/013-014.M31 科索尼亚围城 Siege of Cthonia	恢复英文词间空格	by	by 	1	eSiege of Terra.This force was led byEskatonMarduk Sedrasand mainly cons
777	006.M31/006-013.M31/013-014.M31 科索尼亚围城 Siege of Cthonia	恢复英文词间空格	of	of 	1	nMarduk Sedrasand mainly consisted ofDreadwingelements; it had come, all
777	006.M31/006-013.M31/013-014.M31 科索尼亚围城 Siege of Cthonia	恢复英文词间空格	of	of 	1	 had come, allegedly on the orders ofLion El'Jonson, to bring destructio
777	006.M31/006-013.M31/013-014.M31 科索尼亚围城 Siege of Cthonia	恢复英文词间空格	by	by 	1	"d this is the Eskaton.""*-Broadcast byEskatonMarduk Sedrasof theDark Ange"
777	006.M31/006-013.M31/013-014.M31 科索尼亚围城 Siege of Cthonia	恢复英文词间空格	the	the 	1	"Broadcast byEskatonMarduk Sedrasof theDark AngelsDreadwing
> *“我们是最后到来的审判"
777	006.M31/006-013.M31/013-014.M31 科索尼亚围城 Siege of Cthonia	恢复英文词间空格	Terrato	Terra to	1	low for the Warmaster's assault on Terrato be reinforced with thousands of ne
777	006.M31/006-013.M31/013-014.M31 科索尼亚围城 Siege of Cthonia	恢复英文句间空格	.Th	. Th	1	to judge a warrior by their actions.Thus, the Word Bearers (counting thou
777	006.M31/006-013.M31/013-014.M31 科索尼亚围城 Siege of Cthonia	恢复英文句间空格	.La	. La	1	d planning to bring doom to Cthonia.Last of all, the Alpha Legion conting
777	006.M31/006-013.M31/013-014.M31 科索尼亚围城 Siege of Cthonia	恢复英文句间空格	.Th	. Th	1	 the more convenient orbital ladder.This caused heavy disputes in the lea
777	006.M31/006-013.M31/013-014.M31 科索尼亚围城 Siege of Cthonia	恢复英文句间空格	.Ga	. Ga	1	, and the counter-attack went ahead.Garrius believed that the fall of Cth
777	006.M31/006-013.M31/013-014.M31 科索尼亚围城 Siege of Cthonia	恢复英文句间空格	.Un	. Un	1	ntral fortress, Bastion Aleph-prime.Unbeknownst to most traitors, this lo
777	006.M31/006-013.M31/013-014.M31 科索尼亚围城 Siege of Cthonia	恢复英文句间空格	.Th	. Th	1	d forcing Adarus to order a retreat.The Wall's outer defense had been bro
777	006.M31/006-013.M31/013-014.M31 科索尼亚围城 Siege of Cthonia	恢复英文句间空格	.Be	. Be	1	ow, causing their advance to falter.Besides their Astartes warriors, the 
777	006.M31/006-013.M31/013-014.M31 科索尼亚围城 Siege of Cthonia	恢复英文句间空格	.To	. To	1	y producedInitiatesas cannon fodder.To try and break the stalemate, Ashur
777	006.M31/006-013.M31/013-014.M31 科索尼亚围城 Siege of Cthonia	恢复英文句间空格	.As	. As	1	 Chaos creatures also attacked them.As a result, almost all order broke d
777	006.M31/006-013.M31/013-014.M31 科索尼亚围城 Siege of Cthonia	恢复英文句间空格	.Th	. Th	1	after the end of the Siege of Terra.This force was led by EskatonMarduk S
777	006.M31/006-013.M31/013-014.M31 科索尼亚围城 Siege of Cthonia	恢复英文句间空格	.Th	. Th	1	selves beset by the Daemonic hordes.They furiously fought to keep the are
777	006.M31/006-013.M31/013-014.M31 科索尼亚围城 Siege of Cthonia	恢复英文词间空格	by	by 	1	"gels 黑暗天使**

- Dark Angelsforceled byMarduk Sedras
- 马尔杜克·塞德拉斯领导的黑暗天使部队<"
777	006.M31/006-013.M31/013-014.M31 科索尼亚围城 Siege of Cthonia	恢复英文句间空格	.Wh	. Wh	1	 fall on their position as a result.Whereas the Dark Angels retreated in 
778	006-008.M31 玛纳基安战争 Manachean War	恢复英文词间空格	the	the 	1	he Manachean War was a campaign of theHorus Heresywaged between 006 and 0
778	006-008.M31 玛纳基安战争 Manachean War	恢复英文词间空格	by	by 	1	en 006 and 008.M31. Led personally byWarmasterHorushimself initially, th
778	006-008.M31 玛纳基安战争 Manachean War	恢复英文词间空格	the	the 	1	"r the valuable industrialsectorsof theCoronid Deeps.

马纳基安战争是在006至008.M31"
778	006-008.M31 玛纳基安战争 Manachean War	恢复英文词间空格	the	the 	1	n the Coronid Deeps would begin at theCyclops Cluster, first taking the w
778	006-008.M31 玛纳基安战争 Manachean War	恢复英文词间空格	of	of 	1	ps Cluster, first taking the world ofGethsamainefollowed byDark Mechanic
778	006-008.M31 玛纳基安战争 Manachean War	恢复英文词间空格	by	by 	1	ng the world ofGethsamainefollowed byDark Mechanicusambassadors convinci
778	006-008.M31 玛纳基安战争 Manachean War	恢复英文词间空格	the	the 	1	k Mechanicusambassadors convincing theForge WorldofM'Pandexto join Horus'
778	006-008.M31 玛纳基安战争 Manachean War	恢复英文词间空格	of	of 	1	 cause. However on the Forge World ofMezoathe rulingTech-priestsjudged t
778	006-008.M31 玛纳基安战争 Manachean War	恢复英文词间空格	the	the 	1	t stage of his plan. He dispatched theDeath Guardled byMortarionacross th
778	006-008.M31 玛纳基安战争 Manachean War	恢复英文词间空格	by	by 	1	n. He dispatched theDeath Guardled byMortarionacross the Cyclops cluster
778	006-008.M31 玛纳基安战争 Manachean War	恢复英文词间空格	of	of 	1	er, where they captured the worlds ofLascalandDominica Minorwith the hel
778	006-008.M31 玛纳基安战争 Manachean War	恢复英文词间空格	the	the 	1	landDominica Minorwith the help of theTraitor KnightsofHouse Makabius.At 
778	006-008.M31 玛纳基安战争 Manachean War	恢复英文词间空格	to	to 	1	"ludingIron Handsremnants belonging toClan Felg.

让梅佐亚在孤立中坐以待毙，战帅开始了他的下一阶"
778	006-008.M31 玛纳基安战争 Manachean War	恢复英文词间空格	the	the 	1	rus next plan would be a strike on theManachean Commonwealth, a loyalist 
778	006-008.M31 玛纳基安战争 Manachean War	恢复英文词间空格	the	the 	1	yalist independent dominion within theCoronid Deepsto the galactic east o
778	006-008.M31 玛纳基安战争 Manachean War	恢复英文词间空格	the	the 	1	t unguarded.In the early stages of theHorus Heresy, the Commmonwealth wou
778	006-008.M31 玛纳基安战争 Manachean War	恢复英文词间空格	to	to 	1	 to the ill-fated punitive mission toIsstvan V. When word of itsdisastro
778	006-008.M31 玛纳基安战争 Manachean War	恢复英文词间空格	the	the 	1	regiments kept to the standards of theSolar Auxiliapattern, thanks to its
778	006-008.M31 玛纳基安战争 Manachean War	恢复英文词间空格	The	The 	1	calamities assaulted their fleets. TheRogue TraderRom Jhuttlander, who ha
778	006-008.M31 玛纳基安战争 Manachean War	恢复英文词间空格	the	the 	1	ary force, would launch raids from theCoronid Prohibited Zone, which Port
778	006-008.M31 玛纳基安战争 Manachean War	恢复英文词间空格	the	the 	1	still, an unexpected appearance of theOrkSpace HulkRed Polyphemusin the r
778	006-008.M31 玛纳基安战争 Manachean War	恢复英文词间空格	the	the 	1	 time. By then, word had come that theDeath Guardhad arrived to mount an 
778	006-008.M31 玛纳基安战争 Manachean War	恢复英文词间空格	the	the 	1	d of Port Maw was normally home to theWar Fleet of Port Maw Armada, which
778	006-008.M31 玛纳基安战争 Manachean War	恢复英文词间空格	the	the 	1	athean Domain, pirate-killers from theCerada Nebula, and three hugeWar Ar
778	006-008.M31 玛纳基安战争 Manachean War	恢复英文词间空格	the	the 	1	ragged survivors of the battles in theCyclops Cluster, and even a handful
778	006-008.M31 玛纳基安战争 Manachean War	恢复英文词间空格	at	at 	1	of survivors from the void battles atIstvaan V, though the Astartes vess
778	006-008.M31 玛纳基安战争 Manachean War	恢复英文词间空格	of	of 	1	system which would be the betrayal ofArchmagos-AstralLeit Mercuric, cybe
778	006-008.M31 玛纳基安战争 Manachean War	恢复英文词间空格	the	the 	1	"ted when they had served alongside theWord Bearersin the past.

巨口港的人造小行星"
778	006-008.M31 玛纳基安战争 Manachean War	恢复英文词间空格	the	the 	1	ng their crew into the void, while theMachine Spiritsof the larger vessel
778	006-008.M31 玛纳基安战争 Manachean War	恢复英文词间空格	as	as 	1	torTech Priestsas heavily armoured asTerminators, andCastellan ClassAuto
778	006-008.M31 玛纳基安战争 Manachean War	恢复英文词间空格	and	and 	1	as heavily armoured asTerminators, andCastellan ClassAutomatons. Only a s
778	006-008.M31 玛纳基安战争 Manachean War	恢复英文词间空格	the	the 	1	 a mutiny on Port Maw's flagship - theTriumph of Reason, a large command 
778	006-008.M31 玛纳基安战争 Manachean War	恢复英文词间空格	the	the 	1	mentum fleet as needed. He ordered theDictatus Class Ram-BattleshipKurgat
778	006-008.M31 玛纳基安战争 Manachean War	恢复英文词间空格	from	from 	1	ers such as a squadron of cruisers fromAgathon, stayed out of the fight, c
778	006-008.M31 玛纳基安战争 Manachean War	恢复英文词间空格	the	the 	1	of the three Cyclothrate War-Arks, theArithmetic of Violence, having thus
778	006-008.M31 玛纳基安战争 Manachean War	恢复英文词间空格	The	The 	1	"真实面貌。

Attack on Manachea对玛纳基安的袭击

TheSons of Horusbegan their assault on"
778	006-008.M31 玛纳基安战争 Manachean War	恢复英文词间空格	at	at 	1	heir assault on Manachea. Striking atHive IliumonManachea Vysidae, Horus
778	006-008.M31 玛纳基安战争 Manachean War	恢复英文词间空格	under	under 	1	monManachea Vysidae, Horus' forces underAbaddondefeated the shocked but ten
778	006-008.M31 玛纳基安战争 Manachean War	恢复英文词间空格	by	by 	1	re, leaving a smaller garrison led byTaloc Thorneto oversee the Commonwe
778	006-008.M31 玛纳基安战争 Manachean War	恢复英文词间空格	the	the 	1	wealth's subordination. Meanwhile, theIron HandsshipRed TalonofClan Morra
778	006-008.M31 玛纳基安战争 Manachean War	恢复英文词间空格	at	at 	1	rever they could be found,striking atGethsamaine Colonusin theGrail Abys
778	006-008.M31 玛纳基安战争 Manachean War	恢复英文词间空格	the	the 	1	d,striking atGethsamaine Colonusin theGrail Abyss. In a murderous fury, M
778	006-008.M31 玛纳基安战争 Manachean War	恢复英文词间空格	under	under 	1	"口。

While the ruling traitor Magos underDraykavacwas still busy mopping up "
778	006-008.M31 玛纳基安战争 Manachean War	恢复英文词间空格	under	under 	1	m the nearbyAgathean Domainarrived underLord MarshalIreton MaSade. MaSade s
778	006-008.M31 玛纳基安战争 Manachean War	恢复英文词间空格	of	of 	1	uck at the recently captured world ofNuminal, creating a vicious conflic
778	006-008.M31 玛纳基安战争 Manachean War	恢复英文词间空格	of	of 	1	local rebellions and small amounts ofImperial FistsandRaven Guardwere ab
778	006-008.M31 玛纳基安战争 Manachean War	恢复英文词间空格	At	At 	1	ries of attacks and counterattacks.AtLetheandRevorthe Keep, the loyalist
778	006-008.M31 玛纳基安战争 Manachean War	恢复英文词间空格	the	the 	1	"ath EaglesBlackshieldsclashed with theEmperor's Children.

但尽管努米纳尔解放了，该地区"
778	006-008.M31 玛纳基安战争 Manachean War	恢复英文词间空格	the	the 	1	Epsilon-Stranivar IX, known during theGreat Crusadeof Fortress Stranivar,
778	006-008.M31 玛纳基安战争 Manachean War	恢复英文词间空格	the	the 	1	, was a world found at the edge of theCoronid Deeps. By the time of the l
778	006-008.M31 玛纳基安战争 Manachean War	恢复英文词间空格	of	of 	1	rrisoned by a force of small force ofImperial Fists,Raven Guard,Iron Han
778	006-008.M31 玛纳基安战争 Manachean War	恢复英文词间空格	and	and 	1	aven Guard,Iron Hands,Salamanders, andBlood Angels. Refusing to yield, th
778	006-008.M31 玛纳基安战争 Manachean War	恢复英文词间空格	of	of 	1	"结在一个共同的事业中时，叛徒却各自为政。

Thus a force ofIron Warriorsof the114th Grand Batt"
778	006-008.M31 玛纳基安战争 Manachean War	恢复英文词间空格	a	a 	1	ttalion,Alpha Legioncompanies, and aDeath Guardhost began their poorly 
778	006-008.M31 玛纳基安战争 Manachean War	恢复英文词间空格	Guardled	Guard led	1	 his plan. He dispatched the Death Guardled by Mortarionacross the Cyclops clu
778	006-008.M31 玛纳基安战争 Manachean War	恢复英文词间空格	Guardhad	Guard had	1	then, word had come that the Death Guardhad arrived to mount an attack towards
778	006-008.M31 玛纳基安战争 Manachean War	恢复英文词间空格	Guardwere	Guard were	1	 amounts of Imperial FistsandRaven Guardwere able to win the day. Numinal had f
778	006-008.M31 玛纳基安战争 Manachean War	恢复英文词间空格	Crusadeof	Crusade of	1	ranivar IX, known during the Great Crusadeof Fortress Stranivar, was a world fo
778	006-008.M31 玛纳基安战争 Manachean War	恢复英文句间空格	.At	. At	1	the Traitor KnightsofHouse Makabius.At Lascal, the Death Guard massacred 
778	006-008.M31 玛纳基安战争 Manachean War	恢复英文句间空格	.In	. In	1	r. This area was not left unguarded.In the early stages of the Horus Here
778	006-008.M31 玛纳基安战争 Manachean War	恢复英文句间空格	.By	. By	1	bedded throughout the Coronid Deeps.By the time of the Isstvan III atroci
778	006-008.M31 玛纳基安战争 Manachean War	恢复英文句间空格	.Co	. Co	1	rs high on Port Maw's southern pole.Cogitatorswould calculate ship moveme
778	006-008.M31 玛纳基安战争 Manachean War	恢复英文句间空格	.Vo	. Vo	1	ships that had been so reliant upon.Vox-circuits burnt out, auguries were
778	006-008.M31 玛纳基安战争 Manachean War	恢复英文句间空格	.Gr	. Gr	1	 drawn between traitor and loyalist.Grand AdmiralOspheus LaBraythwarted a
778	006-008.M31 玛纳基安战争 Manachean War	恢复英文句间空格	.It	. It	1	Commonwealth folded to the traitors.It was then that Horus, the Death Gua
778	006-008.M31 玛纳基安战争 Manachean War	恢复英文句间空格	.Kn	. Kn	1	a battled traitor Mechanicum forces.Knights, used by both sides, proved t
778	006-008.M31 玛纳基安战争 Manachean War	恢复英文句间空格	.At	. At	1	eries of attacks and counterattacks.At LetheandRevorthe Keep, the loyalis
779	006-011.M31/012-013.M31 贝塔-伽蒙之战 Battle of Beta-Garmon	恢复英文词间空格	the	the 	1	"on Campaign, was a major battle of theHorus Heresy.

贝塔-伽蒙之战，也称为贝塔-伽蒙大屠杀、"
779	006-011.M31/012-013.M31 贝塔-伽蒙之战 Battle of Beta-Garmon	恢复英文词间空格	the	the 	1	r began on 634006.M31shortly after theDrop Site Massacre, whenAlpha Legio
779	006-011.M31/012-013.M31 贝塔-伽蒙之战 Battle of Beta-Garmon	恢复英文词间空格	the	the 	1	the Alpha Legion paved the way for theEmperor's Childrenwho sought to win
779	006-011.M31/012-013.M31 贝塔-伽蒙之战 Battle of Beta-Garmon	恢复英文词间空格	of	of 	1	ildrenwho sought to win the favour ofFulgrimby bringingBeta-Garmon IIto 
779	006-011.M31/012-013.M31 贝塔-伽蒙之战 Battle of Beta-Garmon	恢复英文词间空格	the	the 	1	 IIto heel. Meanwhile, elements of theLegio Mortis' Reaper Maniple swept 
779	006-011.M31/012-013.M31 贝塔-伽蒙之战 Battle of Beta-Garmon	恢复英文词间空格	for	for 	1	taken and the Cluster was declared forHorus. Many of the star cluster's p
779	006-011.M31/012-013.M31 贝塔-伽蒙之战 Battle of Beta-Garmon	恢复英文词间空格	Fulgrimby	Fulgrim by	1	renwho sought to win the favour of Fulgrimby bringingBeta-Garmon IIto heel. Mea
779	006-011.M31/012-013.M31 贝塔-伽蒙之战 Battle of Beta-Garmon	恢复英文词间空格	the	the 	1	 They were sometimes aided by both theLegiones AstartesandCollegia Titani
779	006-011.M31/012-013.M31 贝塔-伽蒙之战 Battle of Beta-Garmon	恢复英文词间空格	of	of 	1	 Great Starvation, the Soul Plague ofTheta-Garmon V, and the Rain of Pla
779	006-011.M31/012-013.M31 贝塔-伽蒙之战 Battle of Beta-Garmon	恢复英文词间空格	the	the 	1	n the Cluster due to the advent of theRuinstorm. These trapped forces len
779	006-011.M31/012-013.M31 贝塔-伽蒙之战 Battle of Beta-Garmon	恢复英文词间空格	of	of 	1	l Dornordered a sizable detachment ofImperial FistsandSalamandersto enga
779	006-011.M31/012-013.M31 贝塔-伽蒙之战 Battle of Beta-Garmon	恢复英文词间空格	On	On 	1	s cities of the rest of the world. OnBeta-Garmon III, theWarp Runnerssen
779	006-011.M31/012-013.M31 贝塔-伽蒙之战 Battle of Beta-Garmon	恢复英文词间空格	the	the 	1	t of the world. OnBeta-Garmon III, theWarp Runnerssent their Verdis Manip
779	006-011.M31/012-013.M31 贝塔-伽蒙之战 Battle of Beta-Garmon	恢复英文词间空格	the	the 	1	storm finally began to fade due to theSecond Battle of Davin. This allowe
779	006-011.M31/012-013.M31 贝塔-伽蒙之战 Battle of Beta-Garmon	恢复英文词间空格	the	the 	1	Horus himself. On Beta-Garmon III, theWarp RunnersWarlord Titan*Gloria Re
779	006-011.M31/012-013.M31 贝塔-伽蒙之战 Battle of Beta-Garmon	恢复英文词间空格	for	for 	1	he Heresy in 012.M31in preparation forHorus's advance on Terra.As a resul
779	006-011.M31/012-013.M31 贝塔-伽蒙之战 Battle of Beta-Garmon	恢复英文词间空格	the	the 	1	 Empirein the northern Galaxy.With theRuinstormabating, commander of loya
779	006-011.M31/012-013.M31 贝塔-伽蒙之战 Battle of Beta-Garmon	恢复英文词间空格	of	of 	1	nds of vessels, including hundreds ofCollegia TitanicaTitantransports, w
779	006-011.M31/012-013.M31 贝塔-伽蒙之战 Battle of Beta-Garmon	恢复英文词间空格	by	by 	1	ed by a massive traitor armada led byHorushimself.The subsequent battle 
779	006-011.M31/012-013.M31 贝塔-伽蒙之战 Battle of Beta-Garmon	恢复英文词间空格	the	the 	1	on City a massive offensive led by theLegio Mortis,Tiger Eyes, andDeath S
779	006-011.M31/012-013.M31 贝塔-伽蒙之战 Battle of Beta-Garmon	恢复英文词间空格	and	and 	1	led by theLegio Mortis,Tiger Eyes, andDeath Stalkerswhile his fleet unlea
779	006-011.M31/012-013.M31 贝塔-伽蒙之战 Battle of Beta-Garmon	恢复英文词间空格	the	the 	1	00km-deep defensive line manned by thePanCrypta Dust Clans,Solar Auxilia,
779	006-011.M31/012-013.M31 贝塔-伽蒙之战 Battle of Beta-Garmon	恢复英文词间空格	and	and 	1	anCrypta Dust Clans,Solar Auxilia, andNemesis Brigade. TheWarp Runnersled
779	006-011.M31/012-013.M31 贝塔-伽蒙之战 Battle of Beta-Garmon	恢复英文词间空格	The	The 	1	Solar Auxilia, andNemesis Brigade. TheWarp Runnersled the loyalist defens
779	006-011.M31/012-013.M31 贝塔-伽蒙之战 Battle of Beta-Garmon	恢复英文词间空格	the	the 	1	mon II fell, Beta-Garmon III under theNova Guardmanaged to stay in loyali
779	006-011.M31/012-013.M31 贝塔-伽蒙之战 Battle of Beta-Garmon	恢复英文词间空格	from	from 	1	 in loyalist hands despite a siege fromSons of HorusandIron Warriorssiege 
779	006-011.M31/012-013.M31 贝塔-伽蒙之战 Battle of Beta-Garmon	恢复英文词间空格	on	on 	1	Nova Guardmanaged to hold the line onAlpha-Garmon IXaround the last rema
779	006-011.M31/012-013.M31 贝塔-伽蒙之战 Battle of Beta-Garmon	恢复英文词间空格	the	the 	1	"aining Mechanicum citadels against theGod Breakers.

403012.M31，荷鲁斯在贝塔-伽蒙"
779	006-011.M31/012-013.M31 贝塔-伽蒙之战 Battle of Beta-Garmon	恢复英文词间空格	to	to 	1	leashing a maniple of Legio Mortis toOmega-Garmon. There they foundFireb
779	006-011.M31/012-013.M31 贝塔-伽蒙之战 Battle of Beta-Garmon	恢复英文词间空格	Horushimself	Horus himself	1	by a massive traitor armada led by Horushimself.The subsequent battle became one o
779	006-011.M31/012-013.M31 贝塔-伽蒙之战 Battle of Beta-Garmon	恢复英文句间空格	.As	. As	1	ration for Horus's advance on Terra.As a result of its crucial position, 
779	006-011.M31/012-013.M31 贝塔-伽蒙之战 Battle of Beta-Garmon	恢复英文句间空格	.Wi	. Wi	1	'sDark Empirein the northern Galaxy.With the Ruinstormabating, commander 
779	006-011.M31/012-013.M31 贝塔-伽蒙之战 Battle of Beta-Garmon	恢复英文句间空格	.Ti	. Ti	1	arrive from the rear and crush them.Titansmade up the primary strength of
779	006-011.M31/012-013.M31 贝塔-伽蒙之战 Battle of Beta-Garmon	恢复英文句间空格	.Th	. Th	1	ra could destroy the planet forever.Thus a massive armada consisting of t
779	006-011.M31/012-013.M31 贝塔-伽蒙之战 Battle of Beta-Garmon	恢复英文句间空格	.Ma	. Ma	1	lly important worlds of Beta-Garmon.ManyImperial Fistsjoined the loyalist
779	006-011.M31/012-013.M31 贝塔-伽蒙之战 Battle of Beta-Garmon	恢复英文句间空格	.Th	. Th	1	traitor armada led by Horus himself.The subsequent battle became one of t
779	006-011.M31/012-013.M31 贝塔-伽蒙之战 Battle of Beta-Garmon	恢复英文词间空格	At	At 	1	" Traitor Titan Forces 死亡守卫和叛徒泰坦部队

AtTheta-Garmon V, also known as Iridi"
779	006-011.M31/012-013.M31 贝塔-伽蒙之战 Battle of Beta-Garmon	恢复英文词间空格	the	the 	1	a-Garmon V, also known as Iridium, theLegio Solarialed an offensive by dr
779	006-011.M31/012-013.M31 贝塔-伽蒙之战 Battle of Beta-Garmon	恢复英文词间空格	the	the 	1	tal platforms, capturing them from theLegio Fureans. OnBeta-Garmon IIIthe
779	006-011.M31/012-013.M31 贝塔-伽蒙之战 Battle of Beta-Garmon	恢复英文词间空格	On	On 	1	turing them from theLegio Fureans. OnBeta-Garmon IIIthe other half of th
779	006-011.M31/012-013.M31 贝塔-伽蒙之战 Battle of Beta-Garmon	恢复英文词间空格	the	the 	1	alongsideKnightsofHouse Procon Vi, theLegio Defensor, andFasadian Heavy I
779	006-011.M31/012-013.M31 贝塔-伽蒙之战 Battle of Beta-Garmon	恢复英文词间空格	and	and 	1	ouse Procon Vi, theLegio Defensor, andFasadian Heavy InfantryImperial Arm
779	006-011.M31/012-013.M31 贝塔-伽蒙之战 Battle of Beta-Garmon	恢复英文词间空格	the	the 	1	ured loyalists forced to fight for theWarmastervia neuroslave implant tec
779	006-011.M31/012-013.M31 贝塔-伽蒙之战 Battle of Beta-Garmon	恢复英文词间空格	The	The 	1	 loyalist and traitor forces alike.TheIron Warriorslanded upon Beta-Garmo
779	006-011.M31/012-013.M31 贝塔-伽蒙之战 Battle of Beta-Garmon	恢复英文词间空格	the	the 	1	re eventually destroyed.Eventually theDark Mechanicumtriggered a solar ev
779	006-011.M31/012-013.M31 贝塔-伽蒙之战 Battle of Beta-Garmon	恢复英文词间空格	The	The 	1	loyalist Titans and their sensors. TheTiger Eyesattack the loyalists who 
779	006-011.M31/012-013.M31 贝塔-伽蒙之战 Battle of Beta-Garmon	恢复英文词间空格	with	with 	1	re slowly advancing. Due to issues withWarptravel around the Beta-Garmon c
779	006-011.M31/012-013.M31 贝塔-伽蒙之战 Battle of Beta-Garmon	恢复英文词间空格	the	the 	1	 compounded by the proud nature of theCollegia Titanica, with many of its
779	006-011.M31/012-013.M31 贝塔-伽蒙之战 Battle of Beta-Garmon	恢复英文词间空格	the	the 	1	ion for the loyalists changed when theRed Tearand a combinedBlood Angelsa
779	006-011.M31/012-013.M31 贝塔-伽蒙之战 Battle of Beta-Garmon	恢复英文词间空格	The	The 	1	es across the Beta-Garmon Cluster. TheDark Sentryentered the Beta-Garmon 
779	006-011.M31/012-013.M31 贝塔-伽蒙之战 Battle of Beta-Garmon	恢复英文词间空格	the	the 	1	i Khan also led his White Scars to theEpsilon-Garmon System, where they d
779	006-011.M31/012-013.M31 贝塔-伽蒙之战 Battle of Beta-Garmon	恢复英文词间空格	under	under 	1	estroyed an Iron Warriors garrison underXyroklesto clear a potential path f
779	006-011.M31/012-013.M31 贝塔-伽蒙之战 Battle of Beta-Garmon	恢复英文词间空格	the	the 	1	oklesto clear a potential path for theUltramarinesto Terra.ABlood Angels 
779	006-011.M31/012-013.M31 贝塔-伽蒙之战 Battle of Beta-Garmon	恢复英文词间空格	A	A 	1	l path for theUltramarinesto Terra.ABlood Angels strike forceunder Cent
779	006-011.M31/012-013.M31 贝塔-伽蒙之战 Battle of Beta-Garmon	恢复英文词间空格	of	of 	1	"的驻军，尽管损失惨重。

On the system capital ofBeta-Garmon II, Sanguinius led a fo"
779	006-011.M31/012-013.M31 贝塔-伽蒙之战 Battle of Beta-Garmon	恢复英文词间空格	of	of 	1	-Garmon II, Sanguinius led a force ofBlood Angelsand nearly 30Titan Legi
779	006-011.M31/012-013.M31 贝塔-伽蒙之战 Battle of Beta-Garmon	恢复英文词间空格	and	and 	1	trenched positions, debris fields, andVoid Shields. At Nyrcon City they w
779	006-011.M31/012-013.M31 贝塔-伽蒙之战 Battle of Beta-Garmon	恢复英文词间空格	the	the 	1	eight of the battle Sanguinius and theSanguinary Guarddropped from the sk
779	006-011.M31/012-013.M31 贝塔-伽蒙之战 Battle of Beta-Garmon	恢复英文词间空格	of	of 	1	scovered only small ravenous bands ofSons of HorusandLost and the Damned
779	006-011.M31/012-013.M31 贝塔-伽蒙之战 Battle of Beta-Garmon	恢复英文词间空格	Legionsto	Legions to	1	 of Blood Angelsand nearly 30Titan Legionsto capture the planet from Horus's fo
779	006-011.M31/012-013.M31 贝塔-伽蒙之战 Battle of Beta-Garmon	恢复英文句间空格	.Th	. Th	1	e loyalist and traitor forces alike.The Iron Warriorslanded upon Beta-Gar
779	006-011.M31/012-013.M31 贝塔-伽蒙之战 Battle of Beta-Garmon	恢复英文句间空格	.Ev	. Ev	1	ugh these were eventually destroyed.Eventually the Dark Mechanicumtrigger
779	006-011.M31/012-013.M31 贝塔-伽蒙之战 Battle of Beta-Garmon	恢复英文句间空格	.Ho	. Ho	1	the unquestioned authority of Horus.However, in 084013.M31the situation f
779	006-011.M31/012-013.M31 贝塔-伽蒙之战 Battle of Beta-Garmon	恢复英文句间空格	.Ja	. Ja	1	ture and terrain to their advantage.Jaghatai Khan also led his White Scar
779	006-011.M31/012-013.M31 贝塔-伽蒙之战 Battle of Beta-Garmon	恢复英文句间空格	.Th	. Th	1	i*and destroying it from the inside.The fighting was bitter, and five tim
779	006-011.M31/012-013.M31 贝塔-伽蒙之战 Battle of Beta-Garmon	恢复英文词间空格	the	the 	1	ghtly defended Beta-Garmon III and theAstropathicchoir which served as th
779	006-011.M31/012-013.M31 贝塔-伽蒙之战 Battle of Beta-Garmon	恢复英文词间空格	a	a 	1	elepathica. The traitors detonated aVortex Bombin the upper atmosphere,
779	006-011.M31/012-013.M31 贝塔-伽蒙之战 Battle of Beta-Garmon	恢复英文词间空格	of	of 	1	ged at the front of a massive army ofSons of Horusand 100 titans of theL
779	006-011.M31/012-013.M31 贝塔-伽蒙之战 Battle of Beta-Garmon	恢复英文词间空格	the	the 	1	y ofSons of Horusand 100 titans of theLegio Mortis, the Warmaster's favou
779	006-011.M31/012-013.M31 贝塔-伽蒙之战 Battle of Beta-Garmon	恢复英文词间空格	the	the 	1	monicallypossessedWarlord Titansof theLegio Vulpaas well as forces of the
779	006-011.M31/012-013.M31 贝塔-伽蒙之战 Battle of Beta-Garmon	恢复英文词间空格	the	the 	1	theLegio Vulpaas well as forces of theGod Breakers. The predominatelyLegi
779	006-011.M31/012-013.M31 贝塔-伽蒙之战 Battle of Beta-Garmon	恢复英文词间空格	the	the 	1	". The Warmaster was rushed back to theVengeful Spirit.

很快，很明显，对贝塔-伽蒙二号的袭"
779	006-011.M31/012-013.M31 贝塔-伽蒙之战 Battle of Beta-Garmon	恢复英文词间空格	the	the 	1	-Garmon allowed him free access to theSol System, which in turn culminate
779	006-011.M31/012-013.M31 贝塔-伽蒙之战 Battle of Beta-Garmon	恢复英文词间空格	the	the 	1	ystem, which in turn culminated in theSiege of Terra. However he only did
779	006-011.M31/012-013.M31 贝塔-伽蒙之战 Battle of Beta-Garmon	恢复英文词间空格	Horusand	Horus and	1	front of a massive army of Sons of Horusand 100 titans of the Legio Mortis, th
780	007.M31 康达克斯战役 Chondax Campaign	恢复英文词间空格	the	the 	1	mpaign was a campaign in 007.M31by theWhite ScarsSpace Marinesduring theG
780	007.M31 康达克斯战役 Chondax Campaign	恢复英文词间空格	the	the 	1	" theWhite ScarsSpace Marinesduring theGreat CrusadeandHorus Heresy.

康达克斯"
780	007.M31 康达克斯战役 Chondax Campaign	恢复英文词间空格	Marinesduring	Marines during	1	" in 007.M31by the White ScarsSpace Marinesduring the Great CrusadeandHorus Heresy.
"
780	007.M31 康达克斯战役 Chondax Campaign	恢复英文词间空格	against	against 	1	"**

The battle was initially waged againstOrksled byWarbossUrlakk Urruk, a fo"
780	007.M31 康达克斯战役 Chondax Campaign	恢复英文词间空格	by	by 	1	was initially waged againstOrksled byWarbossUrlakk Urruk, a former follo
780	007.M31 康达克斯战役 Chondax Campaign	恢复英文词间空格	of	of 	1	ossUrlakk Urruk, a former follower ofUllanorWarbossUrlakk Urg. In truth,
780	007.M31 康达克斯战役 Chondax Campaign	恢复英文词间空格	the	the 	1	keep the White Scars far away from theImperium's core while he enacted hi
780	007.M31 康达克斯战役 Chondax Campaign	恢复英文词间空格	his	his 	1	heImperium's core while he enacted hisRebellion. Horus did not wish to de
780	007.M31 康达克斯战役 Chondax Campaign	恢复英文词间空格	the	the 	1	k fleet assets in the area, losing theImperialis ArmadaLight Cruiser*Fors
780	007.M31 康达克斯战役 Chondax Campaign	恢复英文词间空格	the	the 	1	panyingImperial Armysiege units of theCharonid Sentinelswere tasked with 
780	007.M31 康达克斯战役 Chondax Campaign	恢复英文词间空格	on	on 	1	of the campaign include the battle onShaln, whereNogai Noyan-Khanled a s
780	007.M31 康达克斯战役 Chondax Campaign	恢复英文词间空格	with	with 	1	ed a successful eradication effort withReconnaissance MarinesandBurkhut's 
780	007.M31 康达克斯战役 Chondax Campaign	恢复英文词间空格	a	a 	1	 victorious, Nogai himself fell to aAlpha LegionHeadhunterambush orches
780	007.M31 康达克斯战役 Chondax Campaign	恢复英文词间空格	on	on 	1	egade and was igniting a civil war onProspero. The messages included dir
780	007.M31 康达克斯战役 Chondax Campaign	恢复英文词间空格	from	from 	1	wever, the Scars received messages fromRogal Dornthat stated Horus had tur
780	007.M31 康达克斯战役 Chondax Campaign	恢复英文词间空格	on	on 	1	rus had turned against the Emperor onIsstvan III. As the Khan was wracke
780	007.M31 康达克斯战役 Chondax Campaign	恢复英文词间空格	the	the 	1	Khantook control of his fleet from theSwordstormand skillfully executed a
780	007.M31 康达克斯战役 Chondax Campaign	恢复英文词间空格	the	the 	1	tance but were instead assailed by theSaturnyne Ramsand White Scars. The 
780	007.M31 康达克斯战役 Chondax Campaign	恢复英文词间空格	of	of 	1	revealed to be the repudiated lair ofAlphariushimself. The White Scars u
780	007.M31 康达克斯战役 Chondax Campaign	恢复英文词间空格	under	under 	1	fAlphariushimself. The White Scars underUlkanor Khanled aKeshigattack on th
780	007.M31 康达克斯战役 Chondax Campaign	恢复英文词间空格	a	a 	1	e White Scars underUlkanor Khanled aKeshigattack on the base, suspectin
780	007.M31 康达克斯战役 Chondax Campaign	恢复英文词间空格	the	the 	1	t,Tsolmon Khan's forces as well as theSisters of SilenceunderCalistis Mer
780	007.M31 康达克斯战役 Chondax Campaign	恢复英文词间空格	the	the 	1	led by the*Swordstorm*escaped into theWarp, The Khan stated his determina
780	007.M31 康达克斯战役 Chondax Campaign	恢复英文词间空格	for	for 	1	 mayhem for himself and set course forProspero, ignoring the Space Wolves
780	007.M31 康达克斯战役 Chondax Campaign	恢复英文词间空格	the	the 	1	"they were beset by enemy forces in theAlaxxes Nebula.

剑刃风暴号率领的白色疤痕舰队逃入亚空"
780	007.M31 康达克斯战役 Chondax Campaign	恢复英文词间空格	by	by 	1	e at Chondax, as the original plan byHoruswas for the Alpha Legion to re
780	007.M31 康达克斯战役 Chondax Campaign	恢复英文词间空格	from	from 	1	cars. Instead, either under orders fromAlphariusorOmegon, they took overtl
780	007.M31 康达克斯战役 Chondax Campaign	恢复英文词间空格	from	from 	1	until they could receive a message fromRogal Dornwarning them of the Heres
780	007.M31 康达克斯战役 Chondax Campaign	恢复英文词间空格	his	his 	1	ed was becauseOmegonhad dispatched hisEffrit Stealth Squadto destroy aPyl
780	007.M31 康达克斯战役 Chondax Campaign	恢复英文词间空格	a	a 	1	 hisEffrit Stealth Squadto destroy aPylonblocking White Scars communica
780	007.M31 康达克斯战役 Chondax Campaign	恢复英文词间空格	the	the 	1	"ed for the Scars to remain true to theEmperor.

后来莫塔里安评论说，康达克斯发生了一些恶劣的事情，"
780	007.M31 康达克斯战役 Chondax Campaign	恢复英文词间空格	Orksled	Orks led	1	battle was initially waged against Orksled by WarbossUrlakk Urruk, a former f
780	007.M31 康达克斯战役 Chondax Campaign	恢复英文词间空格	Horuswas	Horus was	1	t Chondax, as the original plan by Horuswas for the Alpha Legion to recruit th
780	007.M31 康达克斯战役 Chondax Campaign	恢复英文句间空格	.Af	. Af	1	on fleet arrived over Chondax Prime.After a tense standoff with the Alpha
780	007.M31 康达克斯战役 Chondax Campaign	恢复英文句间空格	.On	. On	1	ft from the Alpha Legion and escape.On Phemus IV, the Alpha Legion's hidd
781	007.M31 考斯之战 Battle of Calth	恢复英文词间空格	the	the 	1	tle of Calth was a major battle of theHorus Heresy, in which theWord Bear
781	007.M31 考斯之战 Battle of Calth	恢复英文词间空格	the	the 	1	attle of theHorus Heresy, in which theWord BearersTraitor Legionattempted
781	007.M31 考斯之战 Battle of Calth	恢复英文词间空格	the	the 	1	tor Legionattempted to exterminate theUltramarinesLegion, on the orders o
781	007.M31 考斯之战 Battle of Calth	恢复英文词间空格	of	of 	1	eUltramarinesLegion, on the orders ofWarmasterHorus, who anticipated tha
781	007.M31 考斯之战 Battle of Calth	恢复英文词间空格	the	the 	1	"uld not join his rebellion against theEmperor.

考斯之战是荷鲁斯叛乱的一场重大战斗，在这场战斗中，"
781	007.M31 考斯之战 Battle of Calth	恢复英文词间空格	the	the 	1	"教伤亡

**Early Events 早期事件**

During theGreat Crusade, approximately forty "
781	007.M31 考斯之战 Battle of Calth	恢复英文词间空格	the	the 	1	ely forty years before the Heresy, theEmperor of Mankindrebuked the Word 
781	007.M31 考斯之战 Battle of Calth	恢复英文词间空格	of	of 	1	 the Ultramarines to raze the city ofMonarchia, the Word Bearers' proude
781	007.M31 考斯之战 Battle of Calth	恢复英文词间空格	and	and 	1	ity's ashes before him, Guilliman, andMalcador the Sigillite. These event
781	007.M31 考斯之战 Battle of Calth	恢复英文词间空格	to	to 	1	ually lead him to swear allegiance toWarmasterHorus Lupercaland theGods 
781	007.M31 考斯之战 Battle of Calth	恢复英文词间空格	the	the 	1	iance toWarmasterHorus Lupercaland theGods of Chaos, and set the entire W
781	007.M31 考斯之战 Battle of Calth	恢复英文词间空格	by	by 	1	al level, he had earlier been told byFateweaverthat killing Guilliman wo
781	007.M31 考斯之战 Battle of Calth	恢复英文词间空格	at	at 	1	r the massacres of loyalist forces atIsstvan IIIandV, and having gained 
781	007.M31 考斯之战 Battle of Calth	恢复英文词间空格	at	at 	1	 gather the majority of his Legion atCalth, one of the many planets in t
781	007.M31 考斯之战 Battle of Calth	恢复英文词间空格	the	the 	1	tCalth, one of the many planets in theUltramarCoalition. The ostensible r
781	007.M31 考斯之战 Battle of Calth	恢复英文词间空格	by	by 	1	order was an anticipated incursion byOrksin theVeridian System. As if th
781	007.M31 考斯之战 Battle of Calth	恢复英文词间空格	the	the 	1	 an anticipated incursion byOrksin theVeridian System. As if the muster o
781	007.M31 考斯之战 Battle of Calth	恢复英文词间空格	the	the 	1	was not enough, Horus ordered that theWord Bearerswould go into battle al
781	007.M31 考斯之战 Battle of Calth	恢复英文词间空格	the	the 	1	ing an order to the largest of all theSpace Marine Legions, and give the 
781	007.M31 考斯之战 Battle of Calth	恢复英文词间空格	the	the 	1	tegy on manipulating the forces of theEmpyrean. Lorgar took full advantag
781	007.M31 考斯之战 Battle of Calth	恢复英文词间空格	and	and 	1	g Legionnaires, human auxiliaries, andTitans– to the surface of Calth, pr
781	007.M31 考斯之战 Battle of Calth	恢复英文词间空格	their	their 	1	istsoldiers commenced the first of theirChaosrituals, which would cause hav
781	007.M31 考斯之战 Battle of Calth	恢复英文词间空格	the	the 	1	aces after the Emperor's Decree at theCouncil of Nikaea, began experienci
781	007.M31 考斯之战 Battle of Calth	恢复英文词间空格	a	a 	1	. The source of this scrapcode was aChaosritual being conducted in secr
781	007.M31 考斯之战 Battle of Calth	恢复英文词间空格	the	the 	1	ually-produced scrapcode, known as theOcted, was finally implanted at Mar
781	007.M31 考斯之战 Battle of Calth	恢复英文词间空格	of	of 	1	leporton the Satric Plateau, north ofNuminus City, to commence a dark ri
781	007.M31 考斯之战 Battle of Calth	恢复英文词间空格	a	a 	1	ty. At the same time,Sorot Tchure, aCaptainof the Word Bearers who had 
781	007.M31 考斯之战 Battle of Calth	恢复英文词间空格	of	of 	1	ion andothershad joined the banner ofWarmasterHorus Lupercalin rebellion
781	007.M31 考斯之战 Battle of Calth	恢复英文词间空格	at	at 	1	ror,alreadymassacredLoyalistforces atIsstvan IIIandV, and, with the Ultr
781	007.M31 考斯之战 Battle of Calth	恢复英文词间空格	into	into 	1	 of the Word Bearers' force deeper intoUltramar. At Mark 4.55.00, Kor Phae
781	007.M31 考斯之战 Battle of Calth	恢复英文词间空格	Orksin	Orks in	1	er was an anticipated incursion by Orksin the Veridian System. As if the mus
781	007.M31 考斯之战 Battle of Calth	恢复英文词间空格	of	of 	1	rd Bearers, linked up with a group ofSkitariiwho had been guarding Numin
781	007.M31 考斯之战 Battle of Calth	恢复英文词间空格	at	at 	1	nce. They coordinated a rendezvous atLeptius Numinus, a formerGovernor's
781	007.M31 考斯之战 Battle of Calth	恢复英文词间空格	the	the 	1	"inus, a formerGovernor's palace on thePlains of Dera.

第四连队的雷穆斯·文塔努斯连长以微弱"
781	007.M31 考斯之战 Battle of Calth	恢复英文词间空格	by	by 	1	verrunning the ship, but was saved bySergeantAeonid Thiel, leading an ad
781	007.M31 考斯之战 Battle of Calth	恢复英文词间空格	the	the 	1	"he orbital platform's weapons onto theVeridian sunitself.

在地表，浩劫以恶魔萨姆斯的形"
781	007.M31 考斯之战 Battle of Calth	恢复英文词间空格	the	the 	1	n Guilliman with powers granted by theWarp. While Guilliman was temporari
781	007.M31 考斯之战 Battle of Calth	恢复英文词间空格	to	to 	1	h the idea of converting Guilliman toChaos, just as Erebus hadconverted 
781	007.M31 考斯之战 Battle of Calth	恢复英文词间空格	by	by 	1	er-attack on the Word Bearers, led byHol BelothandFoedral Fell. Grossly 
781	007.M31 考斯之战 Battle of Calth	恢复英文词间空格	the	the 	1	rce led by TetrarchEikos Lamiadand theDreadnought,Telemechrus. Under norm
781	007.M31 考斯之战 Battle of Calth	恢复英文词间空格	the	the 	1	" caverns, began the phase known as theUnderground War.

法伦和他的小队的幸存者被传送到了怀"
781	007.M31 考斯之战 Battle of Calth	恢复英文词间空格	by	by 	1	, however, followed in short order byOll Persson, a retired soldier of t
781	007.M31 考斯之战 Battle of Calth	恢复英文词间空格	the	the 	1	yOll Persson, a retired soldier of theImperial Armywho had, guided byJohn
781	007.M31 考斯之战 Battle of Calth	恢复英文词间空格	by	by 	1	of theImperial Armywho had, guided byJohn Grammaticus, led a small force
781	007.M31 考斯之战 Battle of Calth	恢复英文词间空格	from	from 	1	Guard, arrived on a secret mission fromMalcador the Sigillite, to recruitT
781	007.M31 考斯之战 Battle of Calth	恢复英文词间空格	the	the 	1	king him an outcast for disobeying theDecree of Nikaea. He and Garro left
781	007.M31 考斯之战 Battle of Calth	恢复英文词间空格	the	the 	1	"igned to the Veridian undertaking, theLegio Praesagius(the ""True Messenge"
781	007.M31 考斯之战 Battle of Calth	恢复英文词间空格	the	the 	1	"esagius(the ""True Messengers"") and theFire Masters. As the Titans were bo"
781	007.M31 考斯之战 Battle of Calth	恢复英文词间空格	of	of 	1	ult on the Ultramarines' homeworld ofMacraggehad been prepared. A massiv
781	007.M31 考斯之战 Battle of Calth	恢复英文词间空格	the	the 	1	red. A massive battleship known as theFurious Abysshad been secretly cons
781	007.M31 考斯之战 Battle of Calth	恢复英文词间空格	a	a 	1	sshad been secretly constructed on aJovianmoon calledThule, under the a
781	007.M31 考斯之战 Battle of Calth	恢复英文词间空格	called	called 	1	ecretly constructed on aJovianmoon calledThule, under the auspices ofKelbor-
781	007.M31 考斯之战 Battle of Calth	恢复英文词间空格	of	of 	1	on calledThule, under the auspices ofKelbor-Hal. It was equipped withcyc
781	007.M31 考斯之战 Battle of Calth	恢复英文词间空格	to	to 	1	 in embarking his remaining forces toTerra, to intervene inHorus's plann
781	007.M31 考斯之战 Battle of Calth	恢复英文词间空格	in	in 	1	ining forces toTerra, to intervene inHorus's planned overthrow of the Em
781	007.M31 考斯之战 Battle of Calth	恢复英文词间空格	the	the 	1	o prove decisive to the outcome of theHorus Heresy; although the Ultramar
781	007.M31 考斯之战 Battle of Calth	恢复英文词间空格	the	the 	1	fuldaemonswhich would take part in theTraitor Legions' assault on theImpe
781	007.M31 考斯之战 Battle of Calth	恢复英文词间空格	the	the 	1	 in theTraitor Legions' assault on theImperial Palace, and more important
781	007.M31 考斯之战 Battle of Calth	恢复英文词间空格	the	the 	1	ning the massiveWarp Stormknown as theRuinstormthat would effectively spl
781	007.M31 考斯之战 Battle of Calth	恢复英文词间空格	the	the 	1	"了广阔的洞穴城市，除了一些屏蔽严密的星港和地表城市。

During theGreat Scouring, the Ultramarines, l"
781	007.M31 考斯之战 Battle of Calth	恢复英文词间空格	the	the 	1	 Kartho, would revisit Ultramar as theDaemon PrinceM'kar, though he was u
781	007.M31 考斯之战 Battle of Calth	恢复英文词间空格	the	the 	1	Battle of Calth has not yet ended; theMark of Calthcontinued running afte
781	007.M31 考斯之战 Battle of Calth	恢复英文词间空格	to	to 	1	un's radiation; however, according toGarro: Oath of Moment, the 21st Com
782	考斯之战后 钢铁远征 Crusade of Iron	恢复英文词间空格	the	the 	1	geance launched by the remnants of theLegio Praesagiusand other loyalistT
782	考斯之战后 钢铁远征 Crusade of Iron	恢复英文词间空格	the	the 	1	ther loyalistTitan Legions, during theHorus Heresy, following the afterma
782	考斯之战后 钢铁远征 Crusade of Iron	恢复英文词间空格	the	the 	1	"Heresy, following the aftermath of theBattle for Calth.

钢铁远征是一场复仇战役，由厄兆军"
782	考斯之战后 钢铁远征 Crusade of Iron	恢复英文词间空格	the	the 	1	of Iron was waged in parallel with theShadow Crusadeof theWord Bearersand
782	考斯之战后 钢铁远征 Crusade of Iron	恢复英文词间空格	the	the 	1	 parallel with theShadow Crusadeof theWord BearersandWorld Eaters, with t
782	考斯之战后 钢铁远征 Crusade of Iron	恢复英文词间空格	the	the 	1	eWord BearersandWorld Eaters, with theTraitor Titan Legionsof theDark Mec
782	考斯之战后 钢铁远征 Crusade of Iron	恢复英文词间空格	the	the 	1	s, with theTraitor Titan Legionsof theDark Mechanicumassailing loyalistMe
782	考斯之战后 钢铁远征 Crusade of Iron	恢复英文词间空格	the	the 	1	s soon flocked to their banner and theLegioand their allies repeatedly cl
782	考斯之战后 钢铁远征 Crusade of Iron	恢复英文词间空格	with	with 	1	nd their allies repeatedly clashed withHorus' forces. The Crusade would le
782	考斯之战后 钢铁远征 Crusade of Iron	恢复英文词间空格	the	the 	1	ng weapons were unleashed, such as thePsi-Titansof theOrdo Sinister. Whil
782	考斯之战后 钢铁远征 Crusade of Iron	恢复英文词间空格	the	the 	1	unleashed, such as thePsi-Titansof theOrdo Sinister. While it raged, theL
782	考斯之战后 钢铁远征 Crusade of Iron	恢复英文词间空格	the	the 	1	 theOrdo Sinister. While it raged, theLoyalistsfought to preserve theUltr
782	考斯之战后 钢铁远征 Crusade of Iron	恢复英文词间空格	the	the 	1	ed, theLoyalistsfought to preserve theUltramarianway of life, while theTr
782	考斯之战后 钢铁远征 Crusade of Iron	恢复英文词间空格	the	the 	1	e theUltramarianway of life, while theTraitorsdesired only to leave ruin 
782	考斯之战后 钢铁远征 Crusade of Iron	恢复英文词间空格	the	the 	1	f Iron raged, attempting to avenge theBetrayal at Ithracaand defend Ultra
782	考斯之战后 钢铁远征 Crusade of Iron	恢复英文词间空格	the	the 	1	scores of Titans met their end and theLegio Infernusfelt the wrath of its
782	考斯之战后 钢铁远征 Crusade of Iron	恢复英文词间空格	at	at 	1	th of its enemies for the betrayal atCalth. The final battle of the conf
782	考斯之战后 钢铁远征 Crusade of Iron	恢复英文词间空格	the	the 	1	e final battle of the conflict was theBattle of Drooth II, where the camp
782	考斯之战后 钢铁远征 Crusade of Iron	恢复英文词间空格	to	to 	1	Drooth the loyalists withdrew back toGantzwhile the traitors scattered a
782	考斯之战后 钢铁远征 Crusade of Iron	恢复英文词间空格	of	of 	1	"her fell under the dark influences ofHorus.

将近两年，钢铁远征扩散，试图为伊萨卡的背叛复仇，并保护"
782	考斯之战后 钢铁远征 Crusade of Iron	恢复英文词间空格	Crusadeof	Crusade of	1	 waged in parallel with the Shadow Crusadeof the Word BearersandWorld Eaters, w
782	考斯之战后 钢铁远征 Crusade of Iron	恢复英文词间空格	Legionsof	Legions of	1	rld Eaters, with the Traitor Titan Legionsof the Dark Mechanicumassailing loyal
783	007.M31 阿拉克西斯星云之战 Battle of the Alaxxes Nebula	恢复英文词间空格	the	the 	1	"Alaxxes Nebula was a battle during theHorus Heresy.

阿拉克西斯星云之战是荷鲁斯叛乱时期的一场"
783	007.M31 阿拉克西斯星云之战 Battle of the Alaxxes Nebula	恢复英文词间空格	the	the 	1	"ads his Legion into battle against theAlpha Legion 黎曼·鲁斯带领他的军团与阿尔法军团作战

-"
783	007.M31 阿拉克西斯星云之战 Battle of the Alaxxes Nebula	恢复英文词间空格	of	of 	1	"egion, Dark Angels contingent/Bulk ofAlpha Legion
- 力量：太空野狼军团的大部分、黑暗天使分遣"
783	007.M31 阿拉克西斯星云之战 Battle of the Alaxxes Nebula	恢复英文词间空格	the	the 	1	"未知，可能很重/未知

**Overview 概述**

While theSpace Wolveswere still licking thei"
783	007.M31 阿拉克西斯星云之战 Battle of the Alaxxes Nebula	恢复英文词间空格	the	the 	1	owing unexpectedly heavy losses in theBurning of Prospero, the loyalistLe
783	007.M31 阿拉克西斯星云之战 Battle of the Alaxxes Nebula	恢复英文词间空格	the	the 	1	d an immediate retreat, fleeing to theAlaxxes Nebula. The Alpha Legion wa
783	007.M31 阿拉克西斯星云之战 Battle of the Alaxxes Nebula	恢复英文词间空格	the	the 	1	by brother PrimarchJaghatai Khanof theWhite Scars, still mostly unaware o
783	007.M31 阿拉克西斯星云之战 Battle of the Alaxxes Nebula	恢复英文词间空格	from	from 	1	 Heresy. After receiving a message fromHorusthat Russ was in fact the trai
783	007.M31 阿拉克西斯星云之战 Battle of the Alaxxes Nebula	恢复英文词间空格	of	of 	1	e hears of the Space Wolves razing ofProspero. Jaghatai Khan decided to 
783	007.M31 阿拉克西斯星云之战 Battle of the Alaxxes Nebula	恢复英文词间空格	the	the 	1	elf in his private chambers aboard theHrafnkel. During a conversation wit
783	007.M31 阿拉克西斯星云之战 Battle of the Alaxxes Nebula	恢复英文词间空格	with	with 	1	theHrafnkel. During a conversation withBjornRuss came to terms with his pa
783	007.M31 阿拉克西斯星云之战 Battle of the Alaxxes Nebula	恢复英文词间空格	the	the 	1	"uss came to terms with his past as theEmperor's ""Executioner"", realizing "
783	007.M31 阿拉克西斯星云之战 Battle of the Alaxxes Nebula	恢复英文词间空格	of	of 	1	at the command, moved by the words ofBjornand pledging to forge his own 
783	007.M31 阿拉克西斯星云之战 Battle of the Alaxxes Nebula	恢复英文词间空格	A	A 	1	es came from an unexpected source. ADark AngelsStar Fort*Chimaera*osten
783	007.M31 阿拉克西斯星云之战 Battle of the Alaxxes Nebula	恢复英文词间空格	to	to 	1	tar Fort*Chimaera*ostensibly loyal toLutherarrived, having heard Russ' d
783	007.M31 阿拉克西斯星云之战 Battle of the Alaxxes Nebula	恢复英文词间空格	on	on 	1	 the Heresy or the crisis erupting onCaliban. Russ informed Ormand and t
783	007.M31 阿拉克西斯星云之战 Battle of the Alaxxes Nebula	恢复英文词间空格	of	of 	1	"n while Russ decided to set course ofTerra.

一场激烈的最后一战爆发了，黎曼·鲁斯似乎与伪装成标准阿"
783	007.M31 阿拉克西斯星云之战 Battle of the Alaxxes Nebula	恢复英文词间空格	Horusthat	Horus that	1	sy. After receiving a message from Horusthat Russ was in fact the traitor, the 
783	007.M31 阿拉克西斯星云之战 Battle of the Alaxxes Nebula	恢复英文句间空格	.Le	. Le	1	s were sent reeling from the attack.Leman Russorganised an immediate retr
783	007.M31 阿拉克西斯星云之战 Battle of the Alaxxes Nebula	恢复英文句间空格	.Fi	. Fi	1	 brought ruin upon the Space Wolves.First CaptainGunnar Gunnhiltwas force
784	007-008.M31 暗影远征 Shadow Crusade	恢复英文词间空格	the	the 	1	e Shadow Crusade was a campaign of theHorus Heresy. Making up the second 
784	007-008.M31 暗影远征 Shadow Crusade	恢复英文词间空格	the	the 	1	y. Making up the second theater of theEastern Fringecampaign of the Heres
784	007-008.M31 暗影远征 Shadow Crusade	恢复英文词间空格	the	the 	1	gecampaign of the Heresy alongside theCalth Front, it was a campaign by t
784	007-008.M31 暗影远征 Shadow Crusade	恢复英文词间空格	the	the 	1	eCalth Front, it was a campaign by theWord BearersandWorld Eatersagainst 
784	007-008.M31 暗影远征 Shadow Crusade	恢复英文词间空格	of	of 	1	"World Eatersagainst the 500 worlds ofUltramar.

暗影远征是荷鲁斯叛乱的一场战役。这是叛乱的东部边"
784	007-008.M31 暗影远征 Shadow Crusade	恢复英文词间空格	the	the 	1	"约100个世界被毁

**Overview 概述**

During theWord Bearersoffensive against theUl"
784	007-008.M31 暗影远征 Shadow Crusade	恢复英文词间空格	the	the 	1	g theWord Bearersoffensive against theUltramarinesin theBattle of Calth,L
784	007-008.M31 暗影远征 Shadow Crusade	恢复英文词间空格	the	the 	1	ffensive against theUltramarinesin theBattle of Calth,Lorgarled another c
784	007-008.M31 暗影远征 Shadow Crusade	恢复英文词间空格	with	with 	1	ent of Word Bearers in conjunction withAngronand hisWorld Eaterstargeting 
784	007-008.M31 暗影远征 Shadow Crusade	恢复英文词间空格	his	his 	1	arers in conjunction withAngronand hisWorld Eaterstargeting the rest ofUl
784	007-008.M31 暗影远征 Shadow Crusade	恢复英文词间空格	of	of 	1	 hisWorld Eaterstargeting the rest ofUltramar. The ultimate goal of Lorg
784	007-008.M31 暗影远征 Shadow Crusade	恢复英文词间空格	the	the 	1	create a massiveWarpstorm known as theRuinstorm, which would create an im
784	007-008.M31 暗影远征 Shadow Crusade	恢复英文词间空格	the	the 	1	Galaxy, cutting off the largest of theEmperor'sLegionsfromTerra. The Ruin
784	007-008.M31 暗影远征 Shadow Crusade	恢复英文词间空格	by	by 	1	 Ruinstorm had first been summoned byErebusduring theBattle of Calth, bu
784	007-008.M31 暗影远征 Shadow Crusade	恢复英文词间空格	the	the 	1	first been summoned byErebusduring theBattle of Calth, but to mature it f
784	007-008.M31 暗影远征 Shadow Crusade	恢复英文词间空格	by	by 	1	" was only interrupted by an attack byDark Eldar.

怀言者和吞世者在穿越银河系东部的途中发动了一"
784	007-008.M31 暗影远征 Shadow Crusade	恢复英文词间空格	the	the 	1	e most pitched of the campaign was theBattle of Armatura, where the trait
784	007-008.M31 暗影远征 Shadow Crusade	恢复英文词间空格	the	the 	1	Angron's fury was consuming him as theButcher's Nailscould not handle aPr
784	007-008.M31 暗影远征 Shadow Crusade	恢复英文词间空格	a	a 	1	theButcher's Nailscould not handle aPrimarch's brain. Lorgar, wishing A
784	007-008.M31 暗影远征 Shadow Crusade	恢复英文词间空格	the	the 	1	ishing Angron be elevated to serve theDark Gods, decided to journey to hi
784	007-008.M31 暗影远征 Shadow Crusade	恢复英文词间空格	of	of 	1	ecided to journey to his homeworld ofNuceriato find the secrets of the B
784	007-008.M31 暗影远征 Shadow Crusade	恢复英文词间空格	by	by 	1	suing battle, the Ultramarines led byGuillimanarrived, determined to exa
784	007-008.M31 暗影远征 Shadow Crusade	恢复英文词间空格	and	and 	1	tleships (Conqueror,Fidelitas Lex, andTrisagion) faced a rag-tag Ultramar
784	007-008.M31 暗影远征 Shadow Crusade	恢复英文词间空格	and	and 	1	und, loyalist and traitor astartes andTitansbegan to engage each other in
784	007-008.M31 暗影远征 Shadow Crusade	恢复英文词间空格	at	at 	1	lood Angels, were forced to muster atMacraggewhere Guilliman eventually 
784	007-008.M31 暗影远征 Shadow Crusade	恢复英文词间空格	for	for 	1	rces from Ultramar during the hunt forKonrad Curze, most notably during t
784	007-008.M31 暗影远征 Shadow Crusade	恢复英文词间空格	the	the 	1	"rKonrad Curze, most notably during theBattle of Zepath.

由于大规模的屠杀和痛苦的释放，怀"
784	007-008.M31 暗影远征 Shadow Crusade	恢复英文词间空格	the	the 	1	the Shadow Crusade. These included theButcher Fleetsof theWorld Eatersand
784	007-008.M31 暗影远征 Shadow Crusade	恢复英文词间空格	the	the 	1	These included theButcher Fleetsof theWorld Eatersand theArgolian Massacr
784	007-008.M31 暗影远征 Shadow Crusade	恢复英文词间空格	the	the 	1	utcher Fleetsof theWorld Eatersand theArgolian Massacresof theWord Bearer
784	007-008.M31 暗影远征 Shadow Crusade	恢复英文词间空格	the	the 	1	" Eatersand theArgolian Massacresof theWord Bearers.

即使在泰拉成为战争的焦点，原体离开去其他"
784	007-008.M31 暗影远征 Shadow Crusade	恢复英文词间空格	Segmentumand	Segmentum and	1	storm, creating havoc acrossUltima Segmentumand effectively dividing the Imperium 
784	007-008.M31 暗影远征 Shadow Crusade	恢复英文句间空格	.Ta	. Ta	1	ery Ultramar world they encountered.TalassarandPerceptonare other worlds 
784	007-008.M31 暗影远征 Shadow Crusade	恢复英文句间空格	.Th	. Th	1	ively dividing the Imperium in half.Those loyalist legions now isolated f
784	007-008.M31 暗影远征 Shadow Crusade	恢复英文句间空格	.Th	. Th	1	 eventually formedImperium Secundus.The Dark Angels continued to purge tr
785	007-009.M31 萨拉玛斯远征 Thramas Crusade	恢复英文词间空格	the	the 	1	 Thramas Crusade was a campaign of theHorus Heresy. Waged for 3 years far
785	007-009.M31 萨拉玛斯远征 Thramas Crusade	恢复英文词间空格	from	from 	1	orus Heresy. Waged for 3 years far fromTerrainUltima Segmentum, theNight L
785	007-009.M31 萨拉玛斯远征 Thramas Crusade	恢复英文词间空格	the	the 	1	s far fromTerrainUltima Segmentum, theNight Lordswent on a rampage of ter
785	007-009.M31 萨拉玛斯远征 Thramas Crusade	恢复英文词间空格	the	the 	1	"and mayhem against worlds loyal to theImperium.

萨拉玛斯远征是荷鲁斯叛乱的一场战役。在远离泰拉的"
785	007-009.M31 萨拉玛斯远征 Thramas Crusade	恢复英文词间空格	the	the 	1	was in fact a campaign for most of theEastern Fringeand eventually expand
785	007-009.M31 萨拉玛斯远征 Thramas Crusade	恢复英文词间空格	the	the 	1	"eventually expanded far outside of theThramas Sector.

虽然通常被简单地称为萨拉玛斯远征，但"
785	007-009.M31 萨拉玛斯远征 Thramas Crusade	恢复英文词间空格	the	the 	1	"iplex 三重征服**

In a bid to distract theDark Angelsfrom his push onTerra,Wa"
785	007-009.M31 萨拉玛斯远征 Thramas Crusade	恢复英文词间空格	on	on 	1	stract theDark Angelsfrom his push onTerra,WarmasterHorusdispatchedKonra
785	007-009.M31 萨拉玛斯远征 Thramas Crusade	恢复英文词间空格	the	the 	1	sterHorusdispatchedKonrad Curzeand theNight Lordsto theEastern Fringesof 
785	007-009.M31 萨拉玛斯远征 Thramas Crusade	恢复英文词间空格	the	the 	1	edKonrad Curzeand theNight Lordsto theEastern Fringesof theImperium, wher
785	007-009.M31 萨拉玛斯远征 Thramas Crusade	恢复英文词间空格	the	the 	1	Night Lordsto theEastern Fringesof theImperium, where they undertook a ca
785	007-009.M31 萨拉玛斯远征 Thramas Crusade	恢复英文词间空格	of	of 	1	rces in the region led by the trio ofForge WorldsatTriplexwere ill-place
785	007-009.M31 萨拉玛斯远征 Thramas Crusade	恢复英文词间空格	to	to 	1	e Triplex, which supplied weaponry toRogal Dorn's forces. They also inte
785	007-009.M31 萨拉玛斯远征 Thramas Crusade	恢复英文词间空格	of	of 	1	after destroying their former hold ofNostramo. After mustering their fle
785	007-009.M31 萨拉玛斯远征 Thramas Crusade	恢复英文词间空格	the	the 	1	ad, a chain of planets that linked theNostramo Sectorto Thramas. This reg
785	007-009.M31 萨拉玛斯远征 Thramas Crusade	恢复英文词间空格	was	was 	1	n for many years. Their first stop wasTsagualsa, where the Night Lords de
785	007-009.M31 萨拉玛斯远征 Thramas Crusade	恢复英文词间空格	for	for 	1	s set about erecting a new citadel forKonrad Curze. The Night Lords soon 
785	007-009.M31 萨拉玛斯远征 Thramas Crusade	恢复英文词间空格	and	and 	1	 of refugees in the Thramas Sector andGulgorahd Protectoratespread tales 
785	007-009.M31 萨拉玛斯远征 Thramas Crusade	恢复英文词间空格	as	as 	1	Lords under brutal commanders such asNakrid Tholeeasily became the maste
785	007-009.M31 萨拉玛斯远征 Thramas Crusade	恢复英文词间空格	as	as 	1	o still remembered their duty such asSevatarcontinued the drive on theTr
785	007-009.M31 萨拉玛斯远征 Thramas Crusade	恢复英文词间空格	the	the 	1	ch asSevatarcontinued the drive on theTriplex Sector. Emerging over theTr
785	007-009.M31 萨拉玛斯远征 Thramas Crusade	恢复英文词间空格	the	the 	1	n theTriplex Sector. Emerging over theTriplex Systemwith a flotilla holdi
785	007-009.M31 萨拉玛斯远征 Thramas Crusade	恢复英文词间空格	of	of 	1	the small and already-ruined world ofThule. Many of theMagiof Triplex si
785	007-009.M31 萨拉玛斯远征 Thramas Crusade	恢复英文词间空格	the	the 	1	eady-ruined world ofThule. Many of theMagiof Triplex sided with theWarmas
785	007-009.M31 萨拉玛斯远征 Thramas Crusade	恢复英文词间空格	the	the 	1	ny of theMagiof Triplex sided with theWarmaster, leaving only a few manip
785	007-009.M31 萨拉玛斯远征 Thramas Crusade	恢复英文词间空格	the	the 	1	er, leaving only a few maniples of theLegio Victorumand loyalistTaghmatat
785	007-009.M31 萨拉玛斯远征 Thramas Crusade	恢复英文词间空格	of	of 	1	istTaghmatato resist. On the world ofNehrenSevatar and theAtramentarstru
785	007-009.M31 萨拉玛斯远征 Thramas Crusade	恢复英文词间空格	the	the 	1	. On the world ofNehrenSevatar and theAtramentarstruck, teleporting into 
785	007-009.M31 萨拉玛斯远征 Thramas Crusade	恢复英文词间空格	the	the 	1	nons disabled, traitor elements of theLegio Victorumlanded and annihilate
785	007-009.M31 萨拉玛斯远征 Thramas Crusade	恢复英文词间空格	the	the 	1	while, Sevatar was able to capture theArchmagosof Thule. After the victor
785	007-009.M31 萨拉玛斯远征 Thramas Crusade	恢复英文词间空格	the	the 	1	s of Thule and tortured him aboard theNightfallafter finding his petty pr
785	007-009.M31 萨拉玛斯远征 Thramas Crusade	恢复英文词间空格	on	on 	1	mself at Triplex. Most notable was onSheol III, where two newer Chapters
785	007-009.M31 萨拉玛斯远征 Thramas Crusade	恢复英文词间空格	of	of 	1	nes of the region: the Forge World ofGulgorahdand theHive WorldofThramas
785	007-009.M31 萨拉玛斯远征 Thramas Crusade	恢复英文词间空格	the	the 	1	on: the Forge World ofGulgorahdand theHive WorldofThramas. Thole moved on
785	007-009.M31 萨拉玛斯远征 Thramas Crusade	恢复英文词间空格	the	the 	1	s, fortifiedHivecities defended by theThramassi NightwatchImperial Army, 
785	007-009.M31 萨拉玛斯远征 Thramas Crusade	恢复英文词间空格	of	of 	1	leetsin dry-dock under the command ofRegentMayvin Khelen. Khelen refused
785	007-009.M31 萨拉玛斯远征 Thramas Crusade	恢复英文词间空格	the	the 	1	docked warships. However some like theVisigoth Class BattlecruiserCrimson
785	007-009.M31 萨拉玛斯远征 Thramas Crusade	恢复英文词间空格	At	At 	1	y the number of foes against them. AtQetesh PrimeandCruciblethe Night Lo
785	007-009.M31 萨拉玛斯远征 Thramas Crusade	恢复英文词间空格	the	the 	1	n as well as the traitor Titans of theLegio VictorumandLegio Phasma. Sheo
785	007-009.M31 萨拉玛斯远征 Thramas Crusade	恢复英文词间空格	On	On 	1	m at the hands of the Night Lords. OnYaelisthe Night Haunter himself des
785	007-009.M31 萨拉玛斯远征 Thramas Crusade	恢复英文词间空格	and	and 	1	rahd'sLegio Adamantus,Legio Atrox, andLegio Saevusat Bastions 011 and 009
785	007-009.M31 萨拉玛斯远征 Thramas Crusade	恢复英文词间空格	On	On 	1	 of whatever survivors may remain. OnKenracthe localImperialis Militiach
785	007-009.M31 萨拉玛斯远征 Thramas Crusade	恢复英文词间空格	On	On 	1	r at the hands of the Night Lords. OnCruciblethe Nightwatch commander Mo
785	007-009.M31 萨拉玛斯远征 Thramas Crusade	恢复英文词间空格	his	his 	1	 Nightwatch commander Mordhe found hisSolar Auxiliavastly under-strength 
785	007-009.M31 萨拉玛斯远征 Thramas Crusade	恢复英文词间空格	of	of 	1	or six months until only a handful ofKnightsremained to resist the trait
785	007-009.M31 萨拉玛斯远征 Thramas Crusade	恢复英文词间空格	the	the 	1	ty was now churning out Titans for theWarmaster. At TriplexGalatiahowever
785	007-009.M31 萨拉玛斯远征 Thramas Crusade	恢复英文词间空格	the	the 	1	 of Justicebefore boarding it with theDreadwingandLion El'Jonsonhimself. 
785	007-009.M31 萨拉玛斯远征 Thramas Crusade	恢复英文词间空格	the	the 	1	d and dragged him to the depths of theInvincible Reasonto experience his 
785	007-009.M31 萨拉玛斯远征 Thramas Crusade	恢复英文词间空格	the	the 	1	own tortures. The interrogators of theFirewingwere able to extract inform
785	007-009.M31 萨拉玛斯远征 Thramas Crusade	恢复英文词间空格	the	the 	1	dying Willbefore disappearing into theWarp. The Magi of Galatia hoped to 
785	007-009.M31 萨拉玛斯远征 Thramas Crusade	恢复英文词间空格	the	the 	1	, but these hopes were dashed when theDeathwinglaunched a mass assault up
785	007-009.M31 萨拉玛斯远征 Thramas Crusade	恢复英文词间空格	of	of 	1	atia against the attacking cohorts ofThallax, sacrificing their lives to
785	007-009.M31 萨拉玛斯远征 Thramas Crusade	恢复英文词间空格	the	the 	1	nd wave consisted of Dreadwing and theOrder of the Shattered Spectreunder
785	007-009.M31 萨拉玛斯远征 Thramas Crusade	恢复英文词间空格	Against	Against 	1	em to commit themselves to battle. AgainstAutomataof unknown and corrupted de
785	007-009.M31 萨拉玛斯远征 Thramas Crusade	恢复英文词间空格	the	the 	1	resistance. Lion El'Jonson enacted theIkaros Contingency, allowing for th
785	007-009.M31 萨拉玛斯远征 Thramas Crusade	恢复英文词间空格	at	at 	1	he loyalists. The Lion next struck atPhall, the largest and most heavily
785	007-009.M31 萨拉玛斯远征 Thramas Crusade	恢复英文词间空格	the	the 	1	 of reinforcements to move through theAegis Sector, only to find themselv
785	007-009.M31 萨拉玛斯远征 Thramas Crusade	恢复英文词间空格	at	at 	1	themselves bogged down by traitors atMemlockand the vast expanse of theH
785	007-009.M31 萨拉玛斯远征 Thramas Crusade	恢复英文词间空格	the	the 	1	s atMemlockand the vast expanse of theHeraclid Nebula. The fighting now s
785	007-009.M31 萨拉玛斯远征 Thramas Crusade	恢复英文词间空格	and	and 	1	ht Haunter fell into mania Sevatar andAnrek Barbatossought to mitigate hi
785	007-009.M31 萨拉玛斯远征 Thramas Crusade	恢复英文词间空格	of	of 	1	Warriors of Tohruk, Predator-Forge ofUlan Huda, the traitorWhite ScarsBr
785	007-009.M31 萨拉玛斯远征 Thramas Crusade	恢复英文词间空格	of	of 	1	Shattered Shield, cannibal legions ofGlabro, battle-PsykersofThex, and d
785	007-009.M31 萨拉玛斯远征 Thramas Crusade	恢复英文句间空格	.Th	. Th	1	 to oppose the Night Lords' rampage.The Night Lords objective was not one
785	007-009.M31 萨拉玛斯远征 Thramas Crusade	恢复英文词间空格	At	At 	1	 drain the supplies of their foes. AtYrrdekthe Night Lords cleared Dark 
785	007-009.M31 萨拉玛斯远征 Thramas Crusade	恢复英文词间空格	On	On 	1	lds with their conscript militias. OnChenro IXthe Night Lords overseers 
785	007-009.M31 萨拉玛斯远征 Thramas Crusade	恢复英文词间空格	on	on 	1	ed enemy gun emplacements. However onSedrricethe White ScarsBrotherhood 
785	007-009.M31 萨拉玛斯远征 Thramas Crusade	恢复英文词间空格	of	of 	1	" the arrival of the predator-world ofUlan Huda.

面对这些增援，午夜领主肆意残忍地袭击了熔炉星和"
785	007-009.M31 萨拉玛斯远征 Thramas Crusade	恢复英文词间空格	on	on 	1	 Three Night Lords chapters landed onChenro, using data from previous at
785	007-009.M31 萨拉玛斯远征 Thramas Crusade	恢复英文词间空格	his	his 	1	the main body, forcing Sevatar and hisAtramentarto follow him and foiling
785	007-009.M31 萨拉玛斯远征 Thramas Crusade	恢复英文词间空格	the	the 	1	ad as planned. Under the swords of theDeathwingthe loyalists were able to
785	007-009.M31 萨拉玛斯远征 Thramas Crusade	恢复英文词间空格	his	his 	1	n El'Jonson appeared and unleashed hisExcindioonce more, this time upon C
785	007-009.M31 萨拉玛斯远征 Thramas Crusade	恢复英文词间空格	and	and 	1	d him at bay and allowing The Lion andDeathwing Companionsto fall upon th
785	007-009.M31 萨拉玛斯远征 Thramas Crusade	恢复英文词间空格	from	from 	1	 Lords to retreat. Loyalist allies fromTigrusopened a new front, attacking
785	007-009.M31 萨拉玛斯远征 Thramas Crusade	恢复英文词间空格	of	of 	1	d a new front, attacking the world ofVerstunwhile the main force of Dark
785	007-009.M31 萨拉玛斯远征 Thramas Crusade	恢复英文词间空格	and	and 	1	a morose fugue. Meanwhile the Lion andCorswaingathered 1,000 Deathwing ve
785	007-009.M31 萨拉玛斯远征 Thramas Crusade	恢复英文词间空格	at	at 	1	e surviving White Scars and struck atThramas. After a difficult Warp jou
785	007-009.M31 萨拉玛斯远征 Thramas Crusade	恢复英文词间空格	by	by 	1	"hramas to find it nearly destroyed byUlan Huda.

从熔炉星撤退让午夜领主付出了沉重的代价，那里的"
785	007-009.M31 萨拉玛斯远征 Thramas Crusade	恢复英文词间空格	his	his 	1	ction The Lion found that not even hisDreadnoughtscould bring down the Wi
785	007-009.M31 萨拉玛斯远征 Thramas Crusade	恢复英文词间空格	the	the 	1	" grievously wounded moon fled into theWarp.

无敌理性号立即投入战斗，在叛徒防线上撕开一个洞，冲向乌兰"
785	007-009.M31 萨拉玛斯远征 Thramas Crusade	恢复英文词间空格	their	their 	1	s they met along the way. Bringing theirHonour Guards(CorswainandAlajosof t
785	007-009.M31 萨拉玛斯远征 Thramas Crusade	恢复英文词间空格	and	and 	1	orswainandAlajosof the Dark Angels andSevatarandShengof the Night Lords) 
785	007-009.M31 萨拉玛斯远征 Thramas Crusade	恢复英文词间空格	the	the 	1	Curze hinting that he had foreseen theDestruction of Calibanand theFallen
785	007-009.M31 萨拉玛斯远征 Thramas Crusade	恢复英文词间空格	the	the 	1	eseen theDestruction of Calibanand theFallen. The situation was peaceful 
785	007-009.M31 萨拉玛斯远征 Thramas Crusade	恢复英文词间空格	At	At 	1	d Nightwatch regiments on Thramas. AtMemlocka disciplined force of Night
785	007-009.M31 萨拉玛斯远征 Thramas Crusade	恢复英文词间空格	his	his 	1	 died in battle against Sedras and hisDreadwing. Shortly after The Lion r
785	007-009.M31 萨拉玛斯远征 Thramas Crusade	恢复英文词间空格	from	from 	1	"urned to Thramas, having just come fromPerditus.

萨拉玛斯的情况就是这样，托勒再次率领1万名部下发"
785	007-009.M31 萨拉玛斯远征 Thramas Crusade	恢复英文词间空格	At	At 	1	"促攻击，在效忠派队伍中造成了突然的缺口，莱昂知道午夜领主无法抗拒。

AtSheol IX, the decisive battle of th"
785	007-009.M31 萨拉玛斯远征 Thramas Crusade	恢复英文词间空格	the	the 	1	hips mustered were able to utilize theTuchulchato suddenly appear amidst 
785	007-009.M31 萨拉玛斯远征 Thramas Crusade	恢复英文词间空格	the	the 	1	"flagship of the Night Lords fleet, theNightfall.

在冥府九号，战争的决定性战斗打响了。午夜领主舰"
785	007-009.M31 萨拉玛斯远征 Thramas Crusade	恢复英文词间空格	the	the 	1	" escape through this gap and enter theWarp.

随后的战斗基本上是混乱的，两支舰队开始交织在一起。康拉德"
785	007-009.M31 萨拉玛斯远征 Thramas Crusade	恢复英文词间空格	to	to 	1	matose from his wounds and it fell toSevatarto take command of his break
785	007-009.M31 萨拉玛斯远征 Thramas Crusade	恢复英文词间空格	the	the 	1	at included boarding operations by theAtramentaragainst Dark Angels fleet
785	007-009.M31 萨拉玛斯远征 Thramas Crusade	恢复英文词间空格	with	with 	1	"though at least some would join up withHorusin his drive onTerra.

在这场冲突之后"
785	007-009.M31 萨拉玛斯远征 Thramas Crusade	恢复英文词间空格	on	on 	1	"ould join up withHorusin his drive onTerra.

在这场冲突之后，午夜领主军团分散为各个突袭队。这些团体"
785	007-009.M31 萨拉玛斯远征 Thramas Crusade	恢复英文词间空格	for	for 	1	e the Imperium, The Lion next made forUltramar, where there were rumours 
785	007-009.M31 萨拉玛斯远征 Thramas Crusade	恢复英文词间空格	of	of 	1	Ultramar, where there were rumours ofWorld EatersandWord Bearersbesettin
785	007-009.M31 萨拉玛斯远征 Thramas Crusade	恢复英文词间空格	of	of 	1	andWord Bearersbesetting the realm ofRoboute Guilliman. This eventually 
785	007-009.M31 萨拉玛斯远征 Thramas Crusade	恢复英文词间空格	in	in 	1	"lly led to The Lion's entanglement inImperium Secundus.

萨拉玛斯星区及其邻近地区在战争"
785	007-009.M31 萨拉玛斯远征 Thramas Crusade	恢复英文词间空格	Horusin	Horus in	1	"h at least some would join up with Horusin his drive on Terra.

在这场冲突之后，午夜领主军"
785	007-009.M31 萨拉玛斯远征 Thramas Crusade	恢复英文句间空格	.Th	. Th	1	le they were too weak to fight back.Thunderhawksthen extracted the Dark A
786	~007.M31 第一次海德拉之心围城 First Siege of Hydra Cordatus	恢复英文词间空格	the	the 	1	"Hydra Cordatus was a battle during theHorus Heresy.

第一次海德拉之心围城是荷鲁斯叛乱时期的一"
786	~007.M31 第一次海德拉之心围城 First Siege of Hydra Cordatus	恢复英文词间空格	of	of 	1	"iew 概述**

The assault on the world ofHydra Cordatuswas undertaken by the"
786	~007.M31 第一次海德拉之心围城 First Siege of Hydra Cordatus	恢复英文词间空格	the	the 	1	 ofHydra Cordatuswas undertaken by theIron Warriorsled personally byPertu
786	~007.M31 第一次海德拉之心围城 First Siege of Hydra Cordatus	恢复英文词间空格	by	by 	1	 by theIron Warriorsled personally byPerturabo, who was targeting the wo
786	~007.M31 第一次海德拉之心围城 First Siege of Hydra Cordatus	恢复英文词间空格	both	both 	1	 rivalry and mutual hatred between bothLegions, tensions ran high. The pri
786	~007.M31 第一次海德拉之心围城 First Siege of Hydra Cordatus	恢复英文词间空格	The	The 	1	 was limited to only a few meters. TheMechanicumperformed extensive resea
786	~007.M31 第一次海德拉之心围城 First Siege of Hydra Cordatus	恢复英文词间空格	the	the 	1	ought the world tocomplianceduring theGreat Crusade, andRogal Dornmade th
786	~007.M31 第一次海德拉之心围城 First Siege of Hydra Cordatus	恢复英文词间空格	and	and 	1	complianceduring theGreat Crusade, andRogal Dornmade the place a capital 
786	~007.M31 第一次海德拉之心围城 First Siege of Hydra Cordatus	恢复英文词间空格	the	the 	1	emembrancerswere spread to promote theImperial Truth.CaptainFelix Cassand
786	~007.M31 第一次海德拉之心围城 First Siege of Hydra Cordatus	恢复英文词间空格	to	to 	1	dered all Imperial Fists to return toTerra, but the death of Cassander's
786	~007.M31 第一次海德拉之心围城 First Siege of Hydra Cordatus	恢复英文词间空格	and	and 	1	ry from afar), and Voyeur (Triarch andFirst CaptainForrix, who watched fr
786	~007.M31 第一次海德拉之心围城 First Siege of Hydra Cordatus	恢复英文词间空格	the	the 	1	ked the Cadmean Citadel, alongside theTyranthikos. Despite the efforts of
786	~007.M31 第一次海德拉之心围城 First Siege of Hydra Cordatus	恢复英文词间空格	the	the 	1	yranthikos. Despite the efforts of theImperial Fists' 42nd Company,Mechan
786	~007.M31 第一次海德拉之心围城 First Siege of Hydra Cordatus	恢复英文词间空格	the	the 	1	 Fists' 42nd Company,Mechanicumand theChalchidean GrenadiersSolar Auxilia
786	~007.M31 第一次海德拉之心围城 First Siege of Hydra Cordatus	恢复英文词间空格	of	of 	1	 Lord, who commanded five maniples ofCastellax Robots. Their firepower t
786	~007.M31 第一次海德拉之心围城 First Siege of Hydra Cordatus	恢复英文词间空格	the	the 	1	failure and, on Perturabo's order, theDomitar Robotsof theIron Circleturn
786	~007.M31 第一次海德拉之心围城 First Siege of Hydra Cordatus	恢复英文词间空格	the	the 	1	urabo's order, theDomitar Robotsof theIron Circleturned the Siege Captain
786	~007.M31 第一次海德拉之心围城 First Siege of Hydra Cordatus	恢复英文句间空格	.Be	. Be	1	ld open gaps and entomb an attacker.Beneath the wall were gravity generat
786	~007.M31 第一次海德拉之心围城 First Siege of Hydra Cordatus	恢复英文句间空格	.Ca	. Ca	1	pread to promote the Imperial Truth.CaptainFelix Cassanderof the42nd Comp
786	~007.M31 第一次海德拉之心围城 First Siege of Hydra Cordatus	恢复英文词间空格	the	the 	1	astrous results that took place at theBattle of Phall. They moved on to d
786	~007.M31 第一次海德拉之心围城 First Siege of Hydra Cordatus	恢复英文词间空格	with	with 	1	 the northern side of the fortress withLocrisandKastor, noting that the pa
786	~007.M31 第一次海德拉之心围城 First Siege of Hydra Cordatus	恢复英文词间空格	and	and 	1	. Cassander then hadSymeon,Esdras, andPhyrosredeploy to the north to defe
786	~007.M31 第一次海德拉之心围城 First Siege of Hydra Cordatus	恢复英文词间空格	the	the 	1	"gine wash as Perturabo landed with theIron Circle.

令帝国之拳惊讶的是，克罗格设法击中了卡桑德"
786	~007.M31 第一次海德拉之心围城 First Siege of Hydra Cordatus	恢复英文词间空格	and	and 	1	th others, including Forrix, Falk, andToraminoof theStor-BezashkThey appr
786	~007.M31 第一次海德拉之心围城 First Siege of Hydra Cordatus	恢复英文词间空格	the	the 	1	luding Forrix, Falk, andToraminoof theStor-BezashkThey approached the pri
786	~007.M31 第一次海德拉之心围城 First Siege of Hydra Cordatus	恢复英文词间空格	at	at 	1	placements,Erasmus Golghaving died atPhall, and both Falk and Toramino s
786	~007.M31 第一次海德拉之心围城 First Siege of Hydra Cordatus	恢复英文句间空格	.Ir	. Ir	1	against the remaining assault force.Iron Warriors LieutenantKroegerpushed
786	~007.M31 第一次海德拉之心围城 First Siege of Hydra Cordatus	恢复英文句间空格	.Se	. Se	1	p weapon emplacements or took cover.Servitorweapon emplacements blasted t
786	~007.M31 第一次海德拉之心围城 First Siege of Hydra Cordatus	恢复英文句间空格	.Kh	. Kh	1	e to avoid hitting their own troops.Khamer,Ulgolan,Purdox,Straba,Vannukan
787	~007.M31 第二次普罗斯佩罗之战 Second Battle of Prospero	恢复英文词间空格	the	the 	1	" Prospero was an engagement during theHorus Heresy.

第二次普罗斯佩罗之战是荷鲁斯叛乱时期的一"
787	~007.M31 第二次普罗斯佩罗之战 Second Battle of Prospero	恢复英文词间空格	by	by 	1	ttle was the culmination of a plot byWarmasterHorusto integrate theWhite
787	~007.M31 第二次普罗斯佩罗之战 Second Battle of Prospero	恢复英文词间空格	the	the 	1	 plot byWarmasterHorusto integrate theWhite Scarsinto his own forces. The
787	~007.M31 第二次普罗斯佩罗之战 Second Battle of Prospero	恢复英文词间空格	by	by 	1	Warrior Lodgeswithin the Scars led byHasik Noyan-Khantake control of the
787	~007.M31 第二次普罗斯佩罗之战 Second Battle of Prospero	恢复英文词间空格	the	the 	1	 byHasik Noyan-Khantake control of theLegion's fleet and join with theDea
787	~007.M31 第二次普罗斯佩罗之战 Second Battle of Prospero	恢复英文词间空格	the	the 	1	of theLegion's fleet and join with theDeath GuardwhileJaghatai Khanwas in
787	~007.M31 第二次普罗斯佩罗之战 Second Battle of Prospero	恢复英文词间空格	on	on 	1	hanwas investigating the situation onProspero. Traitor forces aboard the
787	~007.M31 第二次普罗斯佩罗之战 Second Battle of Prospero	恢复英文词间空格	the	the 	1	 onProspero. Traitor forces aboard theSwordstorm, led by Hasik andTorghun
787	~007.M31 第二次普罗斯佩罗之战 Second Battle of Prospero	恢复英文词间空格	and	and 	1	aboard theSwordstorm, led by Hasik andTorghun Khan, took control of the b
787	~007.M31 第二次普罗斯佩罗之战 Second Battle of Prospero	恢复英文词间空格	his	his 	1	"，整个舰队陷入混乱。

LoyalistShiban Khanand hisBrotherhood of the Stormmanaged to "
787	~007.M31 第二次普罗斯佩罗之战 Second Battle of Prospero	恢复英文词间空格	of	of 	1	tsu pattern voidbikeswith the help ofDepartmento MunitorumgeneralIlya Ra
787	~007.M31 第二次普罗斯佩罗之战 Second Battle of Prospero	恢复英文词间空格	by	by 	1	t of fourDeath Guardbattleshipsled byMortarionhimself aboard theEnduranc
787	~007.M31 第二次普罗斯佩罗之战 Second Battle of Prospero	恢复英文词间空格	the	the 	1	shipsled byMortarionhimself aboard theEndurancearrived in theProspero Sys
787	~007.M31 第二次普罗斯佩罗之战 Second Battle of Prospero	恢复英文词间空格	the	the 	1	self aboard theEndurancearrived in theProspero System. As the Death Guard
787	~007.M31 第二次普罗斯佩罗之战 Second Battle of Prospero	恢复英文词间空格	as	as 	1	 control of the White Scars fleet, asTargutai Yesugeiarrived and had his
787	~007.M31 第二次普罗斯佩罗之战 Second Battle of Prospero	恢复英文词间空格	by	by 	1	t of captured traitor ships manned bySalamandersandIron Handsengage the 
787	~007.M31 第二次普罗斯佩罗之战 Second Battle of Prospero	恢复英文词间空格	Mortarionhimself	Mortarion himself	1	f fourDeath Guardbattleshipsled by Mortarionhimself aboard the Endurancearrived in the
788	008.M31 破坏完美堡垒 Breaking of the Perfect Fortress	恢复英文词间空格	the	the 	1	"e Perfect Fortress was a battle of theHorus Heresy.

破坏完美堡垒是荷鲁斯叛乱的一场战斗。

"
788	008.M31 破坏完美堡垒 Breaking of the Perfect Fortress	恢复英文词间空格	the	the 	1	"兵被杀/全部被杀

**Background 背景**

After theDrop Site Massacre,Fulgrim,Primarch"
788	008.M31 破坏完美堡垒 Breaking of the Perfect Fortress	恢复英文词间空格	the	the 	1	p Site Massacre,Fulgrim,Primarchof theEmperor's Children, constructed the
788	008.M31 破坏完美堡垒 Breaking of the Perfect Fortress	恢复英文词间空格	the	the 	1	theEmperor's Children, constructed thePerfect Fortresson the world ofNars
788	008.M31 破坏完美堡垒 Breaking of the Perfect Fortress	恢复英文词间空格	of	of 	1	ed thePerfect Fortresson the world ofNarsis. The Fortress would be used 
788	008.M31 破坏完美堡垒 Breaking of the Perfect Fortress	恢复英文词间空格	the	the 	1	of severalForge Worldsand threaten theImperialstrongholds ofAgrapha,Chopi
788	008.M31 破坏完美堡垒 Breaking of the Perfect Fortress	恢复英文词间空格	of	of 	1	nd threaten theImperialstrongholds ofAgrapha,ChopixandSpartus. It would 
788	008.M31 破坏完美堡垒 Breaking of the Perfect Fortress	恢复英文词间空格	the	the 	1	 of the Imperium’s defences, until theHorus Heresybegan and theEmperor's 
788	008.M31 破坏完美堡垒 Breaking of the Perfect Fortress	恢复英文词间空格	the	the 	1	es, until theHorus Heresybegan and theEmperor's Childrenseized Narsis for
788	008.M31 破坏完美堡垒 Breaking of the Perfect Fortress	恢复英文词间空格	for	for 	1	theEmperor's Childrenseized Narsis forWarmasterHorus. Once it fell intoTr
788	008.M31 破坏完美堡垒 Breaking of the Perfect Fortress	恢复英文词间空格	into	into 	1	is forWarmasterHorus. Once it fell intoTraitorhands, the Perfect Fortress 
788	008.M31 破坏完美堡垒 Breaking of the Perfect Fortress	恢复英文词间空格	the	the 	1	uld remain so until sometime after theDropsite Massacre, when the vengefu
788	008.M31 破坏完美堡垒 Breaking of the Perfect Fortress	恢复英文词间空格	his	his 	1	when the vengeful PrimarchCoraxled hisRaven Guardand theirTherion Cohorta
788	008.M31 破坏完美堡垒 Breaking of the Perfect Fortress	恢复英文词间空格	their	their 	1	PrimarchCoraxled hisRaven Guardand theirTherion Cohortallies in attacking t
788	008.M31 破坏完美堡垒 Breaking of the Perfect Fortress	恢复英文词间空格	the	the 	1	s heavily fortified, Corax ordered theCohortinto theFortress, to make the
788	008.M31 破坏完美堡垒 Breaking of the Perfect Fortress	恢复英文词间空格	the	the 	1	ified, Corax ordered theCohortinto theFortress, to make theEmperor's Chil
788	008.M31 破坏完美堡垒 Breaking of the Perfect Fortress	恢复英文词间空格	the	the 	1	theCohortinto theFortress, to make theEmperor's Childrenoverconfident and
788	008.M31 破坏完美堡垒 Breaking of the Perfect Fortress	恢复英文词间空格	the	the 	1	confident and to draw them out, so theRaven Guardcould strike them down. 
788	008.M31 破坏完美堡垒 Breaking of the Perfect Fortress	恢复英文词间空格	the	the 	1	gan to suffer horrific casualties, thePrimarchprepared his forces, except
788	008.M31 破坏完美堡垒 Breaking of the Perfect Fortress	恢复英文词间空格	the	the 	1	st as they were prepared to do so, theScout CruiserFane of Shadowdiscover
788	008.M31 破坏完美堡垒 Breaking of the Perfect Fortress	恢复英文词间空格	of	of 	1	rFane of Shadowdiscovered an array ofFlak Batteries, scattered across th
788	008.M31 破坏完美堡垒 Breaking of the Perfect Fortress	恢复英文词间空格	the	the 	1	"殿号上没有人能警告他这个新的威胁。

Acting quickly, theCenturionBeyar Kedron, who was aboa"
788	008.M31 破坏完美堡垒 Breaking of the Perfect Fortress	恢复英文词间空格	of	of 	1	er, decided to lead his detachment ofDeliverersin invading Hab-block Del
788	008.M31 破坏完美堡垒 Breaking of the Perfect Fortress	恢复英文词间空格	the	the 	1	Kedron would succeed in destroying theFlak Batteries' control room, at a 
788	008.M31 破坏完美堡垒 Breaking of the Perfect Fortress	恢复英文词间空格	the	the 	1	ucceeded in launching an ambush on theEmperor's Childrenfrom within the F
788	008.M31 破坏完美堡垒 Breaking of the Perfect Fortress	恢复英文词间空格	the	the 	1	way, Narsis once again belonged to theImperium. Kedron's slain Deliverers
788	008.M31 破坏完美堡垒 Breaking of the Perfect Fortress	恢复英文词间空格	of	of 	1	"rdered to seize the isolated world ofGalaspar.

不管怎样，纳西斯再次属于帝国。凯德伦的被杀的拯救"
788	008.M31 破坏完美堡垒 Breaking of the Perfect Fortress	恢复英文词间空格	Primarchof	Primarch of	1	ter the Drop Site Massacre,Fulgrim,Primarchof the Emperor's Children, constructe
788	008.M31 破坏完美堡垒 Breaking of the Perfect Fortress	恢复英文词间空格	Worldsand	Worlds and	1	 secure the riches of severalForge Worldsand threaten the Imperialstrongholds o
788	008.M31 破坏完美堡垒 Breaking of the Perfect Fortress	恢复英文词间空格	Guardand	Guard and	1	engeful PrimarchCoraxled his Raven Guardand their Therion Cohortallies in atta
788	008.M31 破坏完美堡垒 Breaking of the Perfect Fortress	恢复英文句间空格	.Th	. Th	1	drenfrom within the Fortress itself.The moment for this attack arrived on
789	008.M31 梅佐安战役 Mezoan Campaign	恢复英文词间空格	the	the 	1	"he Mezoan Campaign was a battle of theHorus Heresy.

梅佐安战役是荷鲁斯叛乱的一场战斗。

"
789	008.M31 梅佐安战役 Mezoan Campaign	恢复英文词间空格	the	the 	1	"3000幸存者

**Background 背景**

During theScourging of the Cyclops Clusterin "
789	008.M31 梅佐安战役 Mezoan Campaign	恢复英文词间空格	of	of 	1	"ew 概述**

Shortly after his capture ofPort Mawin theBattle of the Coronid"
789	008.M31 梅佐安战役 Mezoan Campaign	恢复英文词间空格	the	the 	1	tly after his capture ofPort Mawin theBattle of the Coronid Deeps,Warmast
789	008.M31 梅佐安战役 Mezoan Campaign	恢复英文词间空格	to	to 	1	ecure his rear as part of the push toTerra. Ultimately, it fell to theIr
789	008.M31 梅佐安战役 Mezoan Campaign	恢复英文词间空格	the	the 	1	sh toTerra. Ultimately, it fell to theIron Warriors114th Grand Battalion 
789	008.M31 梅佐安战役 Mezoan Campaign	恢复英文词间空格	the	the 	1	Nârik Dreygurand the 78thChapterof theAlpha LegionunderAutilon Skorrto un
789	008.M31 梅佐安战役 Mezoan Campaign	恢复英文词间空格	the	the 	1	riors due to their behavior during theSiege of Epsilon-Stranivar IXhinder
789	008.M31 梅佐安战役 Mezoan Campaign	恢复英文词间空格	the	the 	1	 before the traitor assault began, theSalamandersCruiserEbon Drakearrived
789	008.M31 梅佐安战役 Mezoan Campaign	恢复英文词间空格	the	the 	1	arrived at Mezoa. The ship carried theDisciples of the Flames, a mixed lo
789	008.M31 梅佐安战役 Mezoan Campaign	恢复英文词间空格	by	by 	1	, a mixed loyalist force commanded byCassian Dracos. The first phase of 
789	008.M31 梅佐安战役 Mezoan Campaign	恢复英文词间空格	their	their 	1	ron Warriors were then informed by theirAlpha Legionallies that they would 
789	008.M31 梅佐安战役 Mezoan Campaign	恢复英文词间空格	the	the 	1	 fought with a ferocity resembling theWorld Eaters. Nârik Dreygur himself
789	008.M31 梅佐安战役 Mezoan Campaign	恢复英文词间空格	the	the 	1	Eaters. Nârik Dreygur himself slew theImperial FistsChampionValtus Moran,
789	008.M31 梅佐安战役 Mezoan Campaign	恢复英文词间空格	of	of 	1	ewhere, they used suicidal charges ofTech-Thrallsto draw the enemy into 
789	008.M31 梅佐安战役 Mezoan Campaign	恢复英文词间空格	the	the 	1	ambitious commander wanted to join theSiege of Terrato join in the glory.
789	008.M31 梅佐安战役 Mezoan Campaign	恢复英文词间空格	and	and 	1	r robots went haywire and Skitarii andThallaxcohorts found themselves lea
789	008.M31 梅佐安战役 Mezoan Campaign	恢复英文词间空格	to	to 	1	 badly wounded, having lost an arm toXiaphas Jurr. Meanwhile, Dreygur an
789	008.M31 梅佐安战役 Mezoan Campaign	恢复英文词间空格	Terrato	Terra to	1	mander wanted to join the Siege of Terrato join in the glory. As a result, he
789	008.M31 梅佐安战役 Mezoan Campaign	恢复英文句间空格	.Wh	. Wh	1	gulus demanded their fealty to Mars.While M'Pandex accepted Regulus, Mezo
789	008.M31 梅佐安战役 Mezoan Campaign	恢复英文句间空格	.Be	. Be	1	unloaded heavy equipment onto Mezoa.Besides Iron Warriors and Alpha Legio
789	008.M31 梅佐安战役 Mezoan Campaign	恢复英文句间空格	.Th	. Th	1	gin, including traitorousIron Hands.The Traitors then used their advantag
790	008.M31 德维尔之战 Battle of Dwell	恢复英文词间空格	the	the 	1	"attle of Dwell was a battle during theHorus Heresy.

德维尔之战是荷鲁斯叛乱时期的一场战斗。
"
790	008.M31 德维尔之战 Battle of Dwell	恢复英文词间空格	the	the 	1	"Overview 概述**

In the aftermath of theDrop Site Massacre,Iron Handscomman"
790	008.M31 德维尔之战 Battle of Dwell	恢复英文词间空格	the	the 	1	a series of reprisal raids against theSons of Horusin revenge for the tre
790	008.M31 德维尔之战 Battle of Dwell	恢复英文词间空格	of	of 	1	 Horusin revenge for the treachery ofHorus. Eventually, Shadrak was even
790	008.M31 德维尔之战 Battle of Dwell	恢复英文词间空格	on	on 	1	cant contingent of loyalist troops onDwellwhich included 58Imperial Army
790	008.M31 德维尔之战 Battle of Dwell	恢复英文词间空格	and	and 	1	llSalamandersandWhite Scarsassets, andMechanicumforces. When Horus was ab
790	008.M31 德维尔之战 Battle of Dwell	恢复英文词间空格	with	with 	1	"要顽强得多。

After the battle Horus met withFulgrimandMortarion, and remaining "
790	008.M31 德维尔之战 Battle of Dwell	恢复英文词间空格	the	the 	1	er Shadrak had nearly assassinated theWarmasterwithFire Raptorsbefore esc
790	008.M31 德维尔之战 Battle of Dwell	恢复英文词间空格	Horusin	Horus in	1	reprisal raids against the Sons of Horusin revenge for the treachery of Horus
791	008-009.M31 瓦纳海姆之战 Battle of Vanaheim	恢复英文词间空格	the	the 	1	 Fall of Vanaheim, was a battle of theHorus Heresyfought from 008-009.M31
791	008-009.M31 瓦纳海姆之战 Battle of Vanaheim	恢复英文词间空格	a	a 	1	"重大/重大

**Prelude 序曲**

Vanaheimwas aForge WorldandIce Worldwhich showca"
791	008-009.M31 瓦纳海姆之战 Battle of Vanaheim	恢复英文词间空格	to	to 	1	dwhich showcased some similarities toNeptuneandUranusregarding its hosti
791	008-009.M31 瓦纳海姆之战 Battle of Vanaheim	恢复英文词间空格	the	the 	1	ttempted to stay neutral. However, theIron Warriors'72nd Grand Battalionu
791	008-009.M31 瓦纳海姆之战 Battle of Vanaheim	恢复英文词间空格	the	the 	1	rawlen had been ordered to support theDark ComplianceofParamar V, the kno
791	008-009.M31 瓦纳海姆之战 Battle of Vanaheim	恢复英文词间空格	as	as 	1	nvinced him that his force as well asPerturabohimself would be far bette
791	008-009.M31 瓦纳海姆之战 Battle of Vanaheim	恢复英文词间空格	a	a 	1	st response arrived in the form of aShattered Legionswarband, led byCap
791	008-009.M31 瓦纳海姆之战 Battle of Vanaheim	恢复英文词间空格	by	by 	1	 of aShattered Legionswarband, led byCaptainCazin Ru'darakof theSalamand
791	008-009.M31 瓦纳海姆之战 Battle of Vanaheim	恢复英文词间空格	the	the 	1	and, led byCaptainCazin Ru'darakof theSalamanders'53rd Company. Ru'darak'
791	008-009.M31 瓦纳海姆之战 Battle of Vanaheim	恢复英文词间空格	and	and 	1	ar Auxilia,Imperial Armyregiments, andDivisio Aeronauticacontingents. Thi
791	008-009.M31 瓦纳海姆之战 Battle of Vanaheim	恢复英文词间空格	of	of 	1	arband, consisting of a collection ofSpace Wolvesraiding parties previou
791	008-009.M31 瓦纳海姆之战 Battle of Vanaheim	恢复英文词间空格	the	the 	1	es previously involved in battling theNight LordsatDaverant. This force w
791	008-009.M31 瓦纳海姆之战 Battle of Vanaheim	恢复英文词间空格	his	his 	1	 Captain was seemingly killed when hisFire Raptor Gunshipwas shot down. T
791	008-009.M31 瓦纳海姆之战 Battle of Vanaheim	恢复英文词间空格	under	under 	1	point the Space Wolves' main fleet underPrimarchLeman Russhimself arrived i
791	008-009.M31 瓦纳海姆之战 Battle of Vanaheim	恢复英文词间空格	the	the 	1	d already suffered heavy losses in theBurning of Prospero, theBattle of t
791	008-009.M31 瓦纳海姆之战 Battle of Vanaheim	恢复英文词间空格	the	the 	1	 losses in theBurning of Prospero, theBattle of the Alaxxes Nebula, and a
791	008-009.M31 瓦纳海姆之战 Battle of Vanaheim	恢复英文词间空格	the	the 	1	entually retaken by the Imperiumin theGreat Scouring, a small loyalist fo
791	008-009.M31 瓦纳海姆之战 Battle of Vanaheim	恢复英文词间空格	Worldwhich	World which	1	"*

Vanaheimwas a Forge WorldandIce Worldwhich showcased some similarities to Nep"
791	008-009.M31 瓦纳海姆之战 Battle of Vanaheim	恢复英文词间空格	Imperiumin	Imperium in	1	aheim waseventually retaken by the Imperiumin the Great Scouring, a small loyali
791	008-009.M31 瓦纳海姆之战 Battle of Vanaheim	恢复英文句间空格	.Cu	. Cu	1	ecame a prize for thetraitor legion.Cut off due to the defeat of their fl
792	008-013.M31 巴尔围城 Siege of Baal	恢复英文词间空格	the	the 	1	ege of Baal began in 008.M31during theHorus Heresy, asWarmasterHorus' for
792	008-013.M31 巴尔围城 Siege of Baal	恢复英文词间空格	as	as 	1	 in 008.M31during theHorus Heresy, asWarmasterHorus' forces attempted to
792	008-013.M31 巴尔围城 Siege of Baal	恢复英文词间空格	the	the 	1	Horus' forces attempted to capture theBlood AngelsLegion'sHomeworld,Baal.
792	008-013.M31 巴尔围城 Siege of Baal	恢复英文词间空格	the	the 	1	cut off and besieged, first due to theSignus Campaignand then as a result
792	008-013.M31 巴尔围城 Siege of Baal	恢复英文词间空格	the	the 	1	us Campaignand then as a result of theRuinstorm. Those Blood Angels detac
792	008-013.M31 巴尔围城 Siege of Baal	恢复英文词间空格	their	their 	1	ments which had not operated under theirPrimarchSanguiniuswere left isolate
792	008-013.M31 巴尔围城 Siege of Baal	恢复英文词间空格	the	the 	1	bolstered by scattered elements of theImperial Fists,Shattered Legionsurv
792	008-013.M31 巴尔围城 Siege of Baal	恢复英文词间空格	the	the 	1	ered Legionsurvivors, who had fled theDropsite Massacreand loyalists from
792	008-013.M31 巴尔围城 Siege of Baal	恢复英文词间空格	into	into 	1	ts from the traitor legions turned intoBlackshields.These scattered reinfo
792	008-013.M31 巴尔围城 Siege of Baal	恢复英文词间空格	the	the 	1	 there; most notably, he denounced theSalamanderscrew of theCruiserEbon D
792	008-013.M31 巴尔围城 Siege of Baal	恢复英文词间空格	the	the 	1	he denounced theSalamanderscrew of theCruiserEbon Drakeas traitors after 
792	008-013.M31 巴尔围城 Siege of Baal	恢复英文词间空格	the	the 	1	"地的破碎军团成员来搜寻原体沃坎。

The gathering of theLegiones Astartesbecame so great th"
792	008-013.M31 巴尔围城 Siege of Baal	恢复英文词间空格	on	on 	1	 the rear of the Traitor's advance onTerra, and so Baal and its moons we
792	008-013.M31 巴尔围城 Siege of Baal	恢复英文词间空格	by	by 	1	nd space installations were seized byTraitorforces. Arrayed against theL
792	008-013.M31 巴尔围城 Siege of Baal	恢复英文词间空格	the	the 	1	d byTraitorforces. Arrayed against theLoyalists, were theTraitorforces of
792	008-013.M31 巴尔围城 Siege of Baal	恢复英文词间空格	the	the 	1	Arrayed against theLoyalists, were theTraitorforces of theSons of Horus, 
792	008-013.M31 巴尔围城 Siege of Baal	恢复英文词间空格	the	the 	1	oyalists, were theTraitorforces of theSons of Horus, theEmperor's Childre
792	008-013.M31 巴尔围城 Siege of Baal	恢复英文词间空格	the	the 	1	Traitorforces of theSons of Horus, theEmperor's Childrenand theForge Worl
792	008-013.M31 巴尔围城 Siege of Baal	恢复英文词间空格	the	the 	1	of Horus, theEmperor's Childrenand theForge WorldCyclothrathe'sTaghmata. 
792	008-013.M31 巴尔围城 Siege of Baal	恢复英文词间空格	the	the 	1	hmata. Despite being isolated from theImperium, Baal's defenders resisted
792	008-013.M31 巴尔围城 Siege of Baal	恢复英文词间空格	Worldand	World and	1	hold, serving as*de facto*Fortress Worldand main base for the Imperium in a re
792	008-013.M31 巴尔围城 Siege of Baal	恢复英文句间空格	.Th	. Th	1	d often believed themselves orphans.The Blood Angels garrison at Baal was
792	008-013.M31 巴尔围城 Siege of Baal	恢复英文句间空格	.Th	. Th	1	or legions turned into Blackshields.These scattered reinforcements were q
792	008-013.M31 巴尔围城 Siege of Baal	恢复英文句间空格	.Wh	. Wh	1	y dry by inflicting a thousand cuts.While Baal's Siege began in 008.M31, 
793	009.M31 摩洛之战 Battle of Molech	恢复英文词间空格	the	the 	1	h was a major confrontation during theHorus Heresy. Waged on the seemingl
793	009.M31 摩洛之战 Battle of Molech	恢复英文词间空格	of	of 	1	 the seemingly insignificant world ofMolech, it sawWarmasterHorusattempt
793	009.M31 摩洛之战 Battle of Molech	恢复英文词间空格	the	the 	1	"
Molechwas one of the planets that theWarmasterHorusassaulted during his "
793	009.M31 摩洛之战 Battle of Molech	恢复英文词间空格	the	the 	1	hen he regained a memory erased by theEmperor, that of Molech having a ga
793	009.M31 摩洛之战 Battle of Molech	恢复英文词间空格	the	the 	1	that of Molech having a gateway to theWarpthat his Father had used to obt
793	009.M31 摩洛之战 Battle of Molech	恢复英文词间空格	The	The 	1	self, Horus set a course to Molech.TheKnight Worldwas a major seat ofImpe
793	009.M31 摩洛之战 Battle of Molech	恢复英文词间空格	of	of 	1	ch.TheKnight Worldwas a major seat ofImperialpower as the Emperor had le
793	009.M31 摩洛之战 Battle of Molech	恢复英文词间空格	of	of 	1	ts unknown Warp Gate. A detachment ofBlood AngelsandUltramarines, ThreeT
793	009.M31 摩洛之战 Battle of Molech	恢复英文词间空格	an	an 	1	r a hundredImperial Armyregiments, anImperial ArmadaBattlefleetof sixty 
793	009.M31 摩洛之战 Battle of Molech	恢复英文词间空格	and	and 	1	l ArmadaBattlefleetof sixty ships, andKnight Housesstood ready to face th
793	009.M31 摩洛之战 Battle of Molech	恢复英文词间空格	the	the 	1	master's onslaught, which included theSons of HorusandDeath GuardLegions.
793	009.M31 摩洛之战 Battle of Molech	恢复英文词间空格	by	by 	1	 badly wounded by a Knight piloted byRaeven Devine, saved only thanks to
793	009.M31 摩洛之战 Battle of Molech	恢复英文词间空格	the	the 	1	only thanks to the intervention of theRuinous Powers. Refugees swarmed fr
793	009.M31 摩洛之战 Battle of Molech	恢复英文词间空格	The	The 	1	aitors also fieldedDaemonicallies. TheDaemonicallyresurrectedIgnatius Gru
793	009.M31 摩洛之战 Battle of Molech	恢复英文词间空格	with	with 	1	rs of previously impassable forest withLife Eater Virusfused within him. B
793	009.M31 摩洛之战 Battle of Molech	恢复英文词间空格	by	by 	1	tlefleet Molech. The loyalists led byHouse IndraandHouse Kaushikmanaged 
793	009.M31 摩洛之战 Battle of Molech	恢复英文词间空格	the	the 	1	erwhelmed by Traitor Titans led by theLegio Crucius,Legio Vulpa, andLegio
793	009.M31 摩洛之战 Battle of Molech	恢复英文词间空格	and	and 	1	d by theLegio Crucius,Legio Vulpa, andLegio Vulcanum. Meanwhile, the Deat
793	009.M31 摩洛之战 Battle of Molech	恢复英文词间空格	the	the 	1	s overwhelmed by an assault led by theRed Angel, who unleashed theRed Thi
793	009.M31 摩洛之战 Battle of Molech	恢复英文词间空格	the	the 	1	led by theRed Angel, who unleashed theRed Thirstin manyBattle-Brothers. S
793	009.M31 摩洛之战 Battle of Molech	恢复英文词间空格	the	the 	1	 was only thanks to the efforts of theImperator Titan*Paragon of Terra*th
793	009.M31 摩洛之战 Battle of Molech	恢复英文词间空格	of	of 	1	ing months, the insidious whispers ofSlaaneshspread through the fatigued
793	009.M31 摩洛之战 Battle of Molech	恢复英文词间空格	of	of 	1	trengthened by the Daemonic powers ofFulgrim, who had been assigned corr
793	009.M31 摩洛之战 Battle of Molech	恢复英文词间空格	of	of 	1	t of the Loyalist camp.The Knights ofHouse Devinebetrayed the Loyalists 
793	009.M31 摩洛之战 Battle of Molech	恢复英文词间空格	the	the 	1	the impenetrable fortress-keeps of theLegio Crucius.Meanwhile, the traito
793	009.M31 摩洛之战 Battle of Molech	恢复英文词间空格	and	and 	1	Molech was left to the Death Guard andEmperor's Childrenin the aftermath 
793	009.M31 摩洛之战 Battle of Molech	恢复英文词间空格	the	the 	1	 the battle aboard of his flagship theVengeful Spirit, a battle between t
793	009.M31 摩洛之战 Battle of Molech	恢复英文词间空格	the	the 	1	us and several escaped captives of theKnights-Errantbroke out. Horus conf
793	009.M31 摩洛之战 Battle of Molech	恢复英文词间空格	Worldwas	World was	1	 set a course to Molech.The Knight Worldwas a major seat of Imperialpower as t
793	009.M31 摩洛之战 Battle of Molech	恢复英文句间空格	.Th	. Th	1	mself, Horus set a course to Molech.The Knight World was a major seat of 
793	009.M31 摩洛之战 Battle of Molech	恢复英文句间空格	.It	. It	1	t a total Imperial rout was avoided.It was at this point that the Death G
793	009.M31 摩洛之战 Battle of Molech	恢复英文句间空格	.Th	. Th	1	thin the heart of the Loyalist camp.The Knights of House Devinebetrayed t
793	009.M31 摩洛之战 Battle of Molech	恢复英文句间空格	.Me	. Me	1	fortress-keeps of the Legio Crucius.Meanwhile, the traitors of Devine des
793	009.M31 摩洛之战 Battle of Molech	恢复英文句间空格	.Af	. Af	1	drenin the aftermath of his victory.After the battle aboard of his flagsh
794	009.M31 安维鲁斯破碎 Breaking of Anvillus	恢复英文词间空格	the	the 	1	"eaking of Anvillus was a battle of theHorus Heresyin 009.M31.

安维鲁斯破碎是009"
794	009.M31 安维鲁斯破碎 Breaking of Anvillus	恢复英文词间空格	the	the 	1	"009.M31荷鲁斯叛乱的一场战斗。

The battle saw theForge WorldofAnvilluserupt into civ"
794	009.M31 安维鲁斯破碎 Breaking of Anvillus	恢复英文词间空格	the	the 	1	dofAnvilluserupt into civil war as theMagilords of the planet reject both
794	009.M31 安维鲁斯破碎 Breaking of Anvillus	恢复英文词间空格	Heresyin	Heresy in	1	"Anvillus was a battle of the Horus Heresyin 009.M31.

安维鲁斯破碎是009.M31荷鲁斯叛乱的一场战斗"
795	009-013.M31 因维特围城 Siege of Inwit	恢复英文词间空格	a	a 	1	ge of Inwit (009.M31- 013.M31) was aHorus Heresycampaign, thatWarmaster
795	009-013.M31 因维特围城 Siege of Inwit	恢复英文词间空格	the	the 	1	"rHorus'Traitorforces waged against theImperium'sInwit Cluster.

因维特围城（009"
795	009-013.M31 因维特围城 Siege of Inwit	恢复英文词间空格	the	the 	1	s conducting spoiling raids across theImperial Fists' domain. Unwilling t
795	009-013.M31 因维特围城 Siege of Inwit	恢复英文词间空格	the	the 	1	ithdraw forces from the defence of theSol Systemto reinforce the cluster 
795	009-013.M31 因维特围城 Siege of Inwit	恢复英文词间空格	of	of 	1	s stationed at the fleet anchorage ofPilgrim’s Restwithin theTallarn sys
795	009-013.M31 因维特围城 Siege of Inwit	恢复英文词间空格	the	the 	1	t anchorage ofPilgrim’s Restwithin theTallarn systemto the Protectorate’s
795	009-013.M31 因维特围城 Siege of Inwit	恢复英文词间空格	of	of 	1	"ing the system with only a handful ofWarp-capable void craft.

到009.M31，"
795	009-013.M31 因维特围城 Siege of Inwit	恢复英文词间空格	of	of 	1	The siege was undertaken by dozens ofTraitorfleets, who each sought to c
795	009-013.M31 因维特围城 Siege of Inwit	恢复英文词间空格	the	the 	1	"nally reinforced by contingents of theImperial ArmyandMechanicum.

这场围攻是由"
795	009-013.M31 因维特围城 Siege of Inwit	恢复英文词间空格	the	the 	1	raitor force including elements of theEmperor's Children,Death Guard,Worl
795	009-013.M31 因维特围城 Siege of Inwit	恢复英文词间空格	and	and 	1	 Guard,World Eaters,Iron Warriors, andThousand Sonsfought their way to In
795	009-013.M31 因维特围城 Siege of Inwit	恢复英文词间空格	the	the 	1	ateAstral Majestywas able to reach theDark Angelsforces, they soon found 
795	009-013.M31 因维特围城 Siege of Inwit	恢复英文词间空格	for	for 	1	oon found themselves requisitioned forLion El'Jonson'sCrusade of vengeanc
795	009-013.M31 因维特围城 Siege of Inwit	恢复英文词间空格	the	the 	1	t Traitor fleet led by elements of theEmperor's Childrenwrought terrible 
795	009-013.M31 因维特围城 Siege of Inwit	恢复英文词间空格	by	by 	1	 years,Maraudertransports escorted byXiphon Interceptorsand ground-to-ai
795	009-013.M31 因维特围城 Siege of Inwit	恢复英文词间空格	on	on 	1	our-baron of Inwit's Salvage Guild onTerros IV, waged a stalwart resista
795	009-013.M31 因维特围城 Siege of Inwit	恢复英文词间空格	of	of 	1	tor blockade and teleported a host ofSaturnine Terminatorsinto battle wi
795	009-013.M31 因维特围城 Siege of Inwit	恢复英文词间空格	the	the 	1	tracted siege, and forces loyal to theWarmasterestablished footholds upon
795	009-013.M31 因维特围城 Siege of Inwit	恢复英文词间空格	by	by 	1	and reinforcements, air dropped in byDivisio Aeronauticapilots who flew 
795	009-013.M31 因维特围城 Siege of Inwit	恢复英文词间空格	were	were 	1	ted into the thick of the fighting wereSalamanderssquads, specially equipp
795	009-013.M31 因维特围城 Siege of Inwit	恢复英文词间空格	of	of 	1	ched within the defences, the sons ofVulkanconducted guerilla raids on T
795	009-013.M31 因维特围城 Siege of Inwit	恢复英文词间空格	a	a 	1	hound Titansand critically damaged aReaver Class Titanas it was undergo
795	009-013.M31 因维特围城 Siege of Inwit	恢复英文词间空格	the	the 	1	Horus' gained the advantage during theSolar War, a directassaultonTerradr
795	009-013.M31 因维特围城 Siege of Inwit	恢复英文词间空格	of	of 	1	luster.This allowed a relief force ofSalamanders, Imperial Army, and Mec
795	009-013.M31 因维特围城 Siege of Inwit	恢复英文词间空格	the	the 	1	" the local loyalists intervened in theMalagant Conflict.

然而，在战帅荷鲁斯在太阳战争中"
795	009-013.M31 因维特围城 Siege of Inwit	恢复英文句间空格	.Du	. Du	1	o an ever-tightening defensive line.During the battle, a vast Traitor fle
795	009-013.M31 因维特围城 Siege of Inwit	恢复英文句间空格	.Th	. Th	1	raitors away from the Inwit Cluster.This allowed a relief force of Salama
795	009-013.M31 因维特围城 Siege of Inwit	恢复英文句间空格	.In	. In	1	 to reach Inwit and break the siege.In the wake of the traitors' retreat,
796	~009.M31 索萨之战 Battle of Sotha	恢复英文词间空格	the	the 	1	tle of Sotha was a minor battle of theHorus Heresy, in which the forces o
796	~009.M31 索萨之战 Battle of Sotha	恢复英文词间空格	the	the 	1	rus Heresy, in which the forces of theNight LordsTraitor Legionattempted 
796	~009.M31 索萨之战 Battle of Sotha	恢复英文词间空格	the	the 	1	gionattempted to assume control of thePharosbeacon on the planetSotha. As
796	~009.M31 索萨之战 Battle of Sotha	恢复英文词间空格	of	of 	1	rument in maintaining the cohesion ofImperium Secundus, the battle on th
796	~009.M31 索萨之战 Battle of Sotha	恢复英文词间空格	of	of 	1	undus, the battle on the periphery ofUltima Segmentumturned into a strat
796	~009.M31 索萨之战 Battle of Sotha	恢复英文词间空格	of	of 	1	" important struggle for the future ofImperium Secundus.

索萨之战是荷鲁斯叛乱的一场小规"
796	~009.M31 索萨之战 Battle of Sotha	恢复英文词间空格	from	from 	1	s discovered by exploration fleets fromUltramarduring theGreat Crusade. Af
796	~009.M31 索萨之战 Battle of Sotha	恢复英文词间空格	the	the 	1	loration fleets fromUltramarduring theGreat Crusade. After its discovery,
796	~009.M31 索萨之战 Battle of Sotha	恢复英文词间空格	the	the 	1	and xenoculturists. One company of theUltramarinesLegion, the199th, was a
796	~009.M31 索萨之战 Battle of Sotha	恢复英文词间空格	of	of 	1	"队，被永久分配到索萨作为保护部队。

After the start ofHorus Heresy,PrimarchRoboute Guilli"
796	~009.M31 索萨之战 Battle of Sotha	恢复英文词间空格	the	the 	1	loyalistWarsmithBarabas Dantiochof theIron Warriorsto direct and oversee 
796	~009.M31 索萨之战 Battle of Sotha	恢复英文词间空格	the	the 	1	undus. Later,CaptainAlexis Poluxof theImperial Fistsvolunteered to help D
796	~009.M31 索萨之战 Battle of Sotha	恢复英文词间空格	for	for 	1	ntwas designated as the rendezvous forNight Lordsfleet elements during th
796	~009.M31 索萨之战 Battle of Sotha	恢复英文词间空格	the	the 	1	orNight Lordsfleet elements during theThramas Crusade. After their fleet 
796	~009.M31 索萨之战 Battle of Sotha	恢复英文词间空格	the	the 	1	cattered following their defeat by theDark Angels, several vessels (inclu
796	~009.M31 索萨之战 Battle of Sotha	恢复英文词间空格	the	the 	1	Angels, several vessels (including theUmber Prince,Dominus NoctemandShado
796	~009.M31 索萨之战 Battle of Sotha	恢复英文词间空格	the	the 	1	rukeshof103rd Company, a member of theKyroptera. Witnessing the activatio
796	~009.M31 索萨之战 Battle of Sotha	恢复英文词间空格	with	with 	1	ctonwas sent on a collision course withSotha.The drifting wreck was interc
796	~009.M31 索萨之战 Battle of Sotha	恢复英文词间空格	the	the 	1	 drifting wreck was intercepted by theVenom-class destroyerProbitycommand
796	~009.M31 索萨之战 Battle of Sotha	恢复英文词间空格	by	by 	1	om-class destroyerProbitycommanded bySergeantLethicusand, after a short 
796	~009.M31 索萨之战 Battle of Sotha	恢复英文词间空格	called	called 	1	e forces aboard an orbital station calledAegidaPlatform.*Probity*approached 
796	~009.M31 索萨之战 Battle of Sotha	恢复英文词间空格	a	a 	1	cout Cohort managed to escapeusing aThunderhawkgunship, landing on Soth
796	~009.M31 索萨之战 Battle of Sotha	恢复英文词间空格	of	of 	1	. Their second target was the city ofSothopolis, where the Night Lords m
796	~009.M31 索萨之战 Battle of Sotha	恢复英文词间空格	of	of 	1	nts were evacuated into the safety ofMount Pharosby soldiers of theSotha
796	~009.M31 索萨之战 Battle of Sotha	恢复英文词间空格	the	the 	1	"afety ofMount Pharosby soldiers of theSothan First Auxilia.

当战斗在艾吉达平台上激烈"
796	~009.M31 索萨之战 Battle of Sotha	恢复英文词间空格	of	of 	1	e.However, adaemon, using the body ofLibrarianBerenonof the Night Lords'
796	~009.M31 索萨之战 Battle of Sotha	恢复英文词间空格	the	the 	1	lis. The initial attack was led by theClaw MasterZaar Siakaar, whose forc
796	~009.M31 索萨之战 Battle of Sotha	恢复英文词间空格	the	the 	1	 Siakaar, whose forces overwhelmed theAegida Company.CenturionVieron Ekar
796	~009.M31 索萨之战 Battle of Sotha	恢复英文词间空格	the	the 	1	disciplined shieldwall, along with theDeredeo DreadnoughtsMenarrioandArga
796	~009.M31 索萨之战 Battle of Sotha	恢复英文词间空格	his	his 	1	 claim an easy victory. He ordered hisSpartanto crash through the Ultrama
796	~009.M31 索萨之战 Battle of Sotha	恢复英文词间空格	the	the 	1	Ultramarines, where it killed both theLoyalistsand his own forces, who Si
796	~009.M31 索萨之战 Battle of Sotha	恢复英文词间空格	his	his 	1	d the Ultramarine from behind with hisLightning Claws. The attack destroy
796	~009.M31 索萨之战 Battle of Sotha	恢复英文词间空格	his	his 	1	entar to behead the Centurion with hisNostraman Chainglaive. The now lead
796	~009.M31 索萨之战 Battle of Sotha	恢复英文词间空格	of	of 	1	t CaptainLucretius Corvo, the hero ofAstagarand commander of90th 'Nova' 
796	~009.M31 索萨之战 Battle of Sotha	恢复英文词间空格	the	the 	1	 'Nova' Company, who was nearby in theBeremin systemwith two and a half U
796	~009.M31 索萨之战 Battle of Sotha	恢复英文词间空格	a	a 	1	 a half Ultramarines companies and aDark Angelsdemi-company, to move wi
796	~009.M31 索萨之战 Battle of Sotha	恢复英文词间空格	the	the 	1	s beam to guide his course through theRuinstorm. When Pharos was captured
796	~009.M31 索萨之战 Battle of Sotha	恢复英文词间空格	the	the 	1	 opportunity for Corvo's flagship, theGlorius Nova, and for the Dark Ange
796	~009.M31 索萨之战 Battle of Sotha	恢复英文词间空格	the	the 	1	va, and for the Dark Angels vessel theWatcher. While*Watcher*engaged the 
796	~009.M31 索萨之战 Battle of Sotha	恢复英文词间空格	the	the 	1	rom rescuing him, Dantioch located theGloriana-class battleshipNightfall,
796	~009.M31 索萨之战 Battle of Sotha	恢复英文词间空格	of	of 	1	promoting their leader to the rank ofReconnaissance SquadSergeant. Under
796	~009.M31 索萨之战 Battle of Sotha	恢复英文词间空格	the	the 	1	ntually form their basis to become theScythes of the Emperorchapter after
796	~009.M31 索萨之战 Battle of Sotha	恢复英文词间空格	the	the 	1	"hapter after the implementation of theCodex Astartes.

灯塔的信标的最后一盏灯使基里曼的救援"
796	~009.M31 索萨之战 Battle of Sotha	恢复英文词间空格	the	the 	1	 overloading of the Pharos alerted theTyranids, then drifting in the inte
796	~009.M31 索萨之战 Battle of Sotha	恢复英文词间空格	of	of 	1	uld later be invaded by a splinter ofHive Fleet Kraken, resulting in the
796	~009.M31 索萨之战 Battle of Sotha	恢复英文词间空格	the	the 	1	world and the near-annihilation of theScythes of the EmperorSpace Marine 
796	~009.M31 索萨之战 Battle of Sotha	恢复英文词间空格	Guillimanhimself	Guilliman himself	1	rt of Horus Heresy,PrimarchRoboute Guillimanhimself assigned the loyalistWarsmithBarab
796	~009.M31 索萨之战 Battle of Sotha	恢复英文句间空格	.Th	. Th	1	nt on a collision course with Sotha.The drifting wreck was intercepted by
796	~009.M31 索萨之战 Battle of Sotha	恢复英文句间空格	.On	. On	1	 captured half of the 199th Company.Only the 55thNeophyteScout Squadof 19
796	~009.M31 索萨之战 Battle of Sotha	恢复英文句间空格	.Th	. Th	1	th siege tanks and support vehicles.This force quickly overran the 199th 
796	~009.M31 索萨之战 Battle of Sotha	恢复英文句间空格	.Ho	. Ho	1	 the Pharos facility was impossible.However, adaemon, using the body of L
796	~009.M31 索萨之战 Battle of Sotha	恢复英文句间空格	.Ce	. Ce	1	rces overwhelmed the Aegida Company.CenturionVieron Ekarrthen found himse
796	~009.M31 索萨之战 Battle of Sotha	恢复英文句间空格	.Co	. Co	1	lliman's personal command to arrive.Corvo and his squadron left the Berem
796	~009.M31 索萨之战 Battle of Sotha	恢复英文句间空格	.Te	. Te	1	he intergalactic void, to thegalaxy.Ten thousand years later, Sotha would
797	010-011.M31 塔兰之战 Battle of Tallarn	恢复英文词间空格	the	the 	1	of Tallarn was a major conflict of theHorus Heresy, which saw the desolat
797	010-011.M31 塔兰之战 Battle of Tallarn	恢复英文词间空格	of	of 	1	e desolation of the Imperial world ofTallarn, and the birth of the famed
797	010-011.M31 塔兰之战 Battle of Tallarn	恢复英文词间空格	the	the 	1	dTallarn Desert Raidersregimentsof theImperial Guard. It was one of sever
797	010-011.M31 塔兰之战 Battle of Tallarn	恢复英文词间空格	the	the 	1	 planets that came under attack by theIron Warriorsafter they had joinedH
797	010-011.M31 塔兰之战 Battle of Tallarn	恢复英文词间空格	the	the 	1	"oinedHorusin his rebellion against theEmperor.

塔兰之战是荷鲁斯叛乱的一场重大冲突，它见证了帝国世"
797	010-011.M31 塔兰之战 Battle of Tallarn	恢复英文词间空格	their	their 	1	"的几个行星之一。

After being abandoned by theirEmperor's Childrenallies within the"
797	010-011.M31 塔兰之战 Battle of Tallarn	恢复英文词间空格	the	the 	1	eirEmperor's Childrenallies within theEye of Terror, the Iron Warriors ma
797	010-011.M31 塔兰之战 Battle of Tallarn	恢复英文词间空格	the	the 	1	llarn, Perturabo was made aware of theBlack Oculushidden beneath the plan
797	010-011.M31 塔兰之战 Battle of Tallarn	恢复英文词间空格	the	the 	1	to capture, with the secret aid of theAlpha Legionagents, the shelter ben
797	010-011.M31 塔兰之战 Battle of Tallarn	恢复英文词间空格	the	the 	1	ugh the actions of the emissary of theWarmasterArgonis, the Alpha Legion 
797	010-011.M31 塔兰之战 Battle of Tallarn	恢复英文词间空格	and	and 	1	rArgonis, the Alpha Legion agents, andImperial Infocyte agentIaeo, the Ir
797	010-011.M31 塔兰之战 Battle of Tallarn	恢复英文词间空格	the	the 	1	 their ships. Once in orbit aboard theIron Blood, he watched the end of t
797	010-011.M31 塔兰之战 Battle of Tallarn	恢复英文词间空格	the	the 	1	"sheer luck or fate would emerge in theTallarn System.

佩图拉博看着毁灭，接受了一个新的事实"
797	010-011.M31 塔兰之战 Battle of Tallarn	恢复英文词间空格	the	the 	1	e world had once been a key hub of theGreat Crusade. Though it now was la
797	010-011.M31 塔兰之战 Battle of Tallarn	恢复英文词间空格	the	the 	1	housand spaceships screamed out of theWarpwell past theMandeville Pointan
797	010-011.M31 塔兰之战 Battle of Tallarn	恢复英文词间空格	the	the 	1	s screamed out of theWarpwell past theMandeville Pointand dangerously clo
797	010-011.M31 塔兰之战 Battle of Tallarn	恢复英文词间空格	the	the 	1	estored when Perturabo’s flagship, theIron Bloodappeared, though itself q
797	010-011.M31 塔兰之战 Battle of Tallarn	恢复英文句间空格	.Fo	. Fo	1	nd all the others would betray them.Forrixrequested orders from his prima
797	010-011.M31 塔兰之战 Battle of Tallarn	恢复英文词间空格	An	An 	1	hips before they were obliterated. AnImperial Fiststrike vesselLight of 
797	010-011.M31 塔兰之战 Battle of Tallarn	恢复英文词间空格	of	of 	1	leet over Tallarn loosed thousands ofVirus Bombs. Within seconds of the 
797	010-011.M31 塔兰之战 Battle of Tallarn	恢复英文词间空格	the	the 	1	on Tallarn began to be consumed by theLife-Eater Virus. Most of Tallarn’s
797	010-011.M31 塔兰之战 Battle of Tallarn	恢复英文词间空格	on	on 	1	g. Unlike the virus bomb unleashed onIsstvan III, the miasma was not fla
797	010-011.M31 塔兰之战 Battle of Tallarn	恢复英文词间空格	as	as 	1	of Imperial Army Regiments as well asGovernor-MilitantDellasarius, who m
797	010-011.M31 塔兰之战 Battle of Tallarn	恢复英文词间空格	the	the 	1	d supplies originally intended for theGreat Crusade, and set about traini
797	010-011.M31 塔兰之战 Battle of Tallarn	恢复英文词间空格	the	the 	1	so set about occupying the rest of theTallarn System.Larankonwas used as 
797	010-011.M31 塔兰之战 Battle of Tallarn	恢复英文词间空格	at	at 	1	 labor mining operation. The docks atMaradwere annihilated and its infra
797	010-011.M31 塔兰之战 Battle of Tallarn	恢复英文词间空格	the	the 	1	d and its infrastructure seized by theSelucid Thorakite. Lastly,Pilgrim’s
797	010-011.M31 塔兰之战 Battle of Tallarn	恢复英文词间空格	the	the 	1	"诚派发出求助请求。

**Defence 防御**

Seeking theBlack Oculusburied on the planet, P"
797	010-011.M31 塔兰之战 Battle of Tallarn	恢复英文词间空格	on	on 	1	recover and repair from the events onIydriswhile specific hosts probed T
797	010-011.M31 塔兰之战 Battle of Tallarn	恢复英文句间空格	.La	. La	1	ying the rest of the Tallarn System.Larankonwas used as an anchorage for 
797	010-011.M31 塔兰之战 Battle of Tallarn	恢复英文句间空格	.Ki	. Ki	1	chorage for the Iron Warriors fleet.Kizurrawas the site of a massive slav
797	010-011.M31 塔兰之战 Battle of Tallarn	恢复英文词间空格	the	the 	1	hose complex housed two regiments, theJurnian 701stand theChalcisorian 10
797	010-011.M31 塔兰之战 Battle of Tallarn	恢复英文词间空格	the	the 	1	two regiments, theJurnian 701stand theChalcisorian 1002nd Mechanised, and
797	010-011.M31 塔兰之战 Battle of Tallarn	恢复英文词间空格	with	with 	1	Legion operativeJalenregularly met withAkil Sulan, commander over much of 
797	010-011.M31 塔兰之战 Battle of Tallarn	恢复英文词间空格	of	of 	1	own 32nd Armour Echelon consisting ofPredatorandKratostanks move in towa
797	010-011.M31 塔兰之战 Battle of Tallarn	恢复英文词间空格	of	of 	1	asily sweeping past sparse amounts ofImperial ArmyAuroxAPC’s andAethonwa
797	010-011.M31 塔兰之战 Battle of Tallarn	恢复英文词间空格	and	and 	1	 amounts ofImperial ArmyAuroxAPC’s andAethonwalkers. However, it was then
797	010-011.M31 塔兰之战 Battle of Tallarn	恢复英文词间空格	and	and 	1	an Russ Vanquishers,Executionerss, andAnnihilators. Of the 6 Iron Warrior
797	010-011.M31 塔兰之战 Battle of Tallarn	恢复英文词间空格	of	of 	1	ted, they fell into another ambush ofTarantulabatteries that had been er
797	010-011.M31 塔兰之战 Battle of Tallarn	恢复英文词间空格	by	by 	1	icle was destroyed by in an attack byValdors,Malcadors, and theStormblad
797	010-011.M31 塔兰之战 Battle of Tallarn	恢复英文词间空格	the	the 	1	an attack byValdors,Malcadors, and theStormblade‘’Ignifera’’ under 71st S
797	010-011.M31 塔兰之战 Battle of Tallarn	恢复英文词间空格	named	named 	1	vors from the underground shelters namedKulokandGattencountered theAstropat
797	010-011.M31 塔兰之战 Battle of Tallarn	恢复英文词间空格	the	the 	1	lters namedKulokandGattencountered theAstropathHalakime. Believed to be t
797	010-011.M31 塔兰之战 Battle of Tallarn	恢复英文词间空格	the	the 	1	ely dispatched a force to retrieve thePsyker. Solar Auxilia alongside the
797	010-011.M31 塔兰之战 Battle of Tallarn	恢复英文词间空格	the	the 	1	 The first reinforcement came from theLesson of Ages, which the Iron Warr
797	010-011.M31 塔兰之战 Battle of Tallarn	恢复英文词间空格	the	the 	1	he Iron Warrior fleet. Soon after, theLament of Caliban,Beastslayer, and 
797	010-011.M31 塔兰之战 Battle of Tallarn	恢复英文词间空格	the	the 	1	er whileLegio Gryphonicuslanded on theKhedive Plains. Eventually, thousan
797	010-011.M31 塔兰之战 Battle of Tallarn	恢复英文词间空格	the	the 	1	helters, including the one beneath theSapphire City, which even housed th
797	010-011.M31 塔兰之战 Battle of Tallarn	恢复英文词间空格	the	the 	1	"ven housed thousands of members of theWhite Scars.

虽然帝国增援部队的人数足以阻止钢铁勇士迅速"
797	010-011.M31 塔兰之战 Battle of Tallarn	恢复英文词间空格	of	of 	1	nforcements on Tallarn in the form ofDark MechanicumLegio Cyberneticaand
797	010-011.M31 塔兰之战 Battle of Tallarn	恢复英文词间空格	of	of 	1	re sophisticated tanks in the form ofLand RaidersandSpartansto disgorge 
797	010-011.M31 塔兰之战 Battle of Tallarn	恢复英文词间空格	their	their 	1	"dezvous with 6Freeblade Knightsand theirArmigervassals. Dubbed the ""Empyrea"
797	010-011.M31 塔兰之战 Battle of Tallarn	恢复英文词间空格	under	under 	1	icus landed at the Khedive Plateau underPrincepsYasue Koenenarrived alongsi
797	010-011.M31 塔兰之战 Battle of Tallarn	恢复英文词间空格	the	the 	1	s to withdraw. Several maniples of theLegio Astorum, led by PrincepsKowle
797	010-011.M31 塔兰之战 Battle of Tallarn	恢复英文句间空格	.Ad	. Ad	1	, hampering the loyalist war effort.AdmiralPhorocseized control over the 
797	010-011.M31 塔兰之战 Battle of Tallarn	恢复英文词间空格	the	the 	1	he Sapphire City includingTitansof theLegio Krytos. UnderWarsmithCyrus St
797	010-011.M31 塔兰之战 Battle of Tallarn	恢复英文词间空格	Under	Under 	1	includingTitansof theLegio Krytos. UnderWarsmithCyrus Strux, nearly 21,000 
797	010-011.M31 塔兰之战 Battle of Tallarn	恢复英文词间空格	the	the 	1	wake came Traitor Solar Auxilia of theGalibed Oathsworn, which traded blo
797	010-011.M31 塔兰之战 Battle of Tallarn	恢复英文词间空格	and	and 	1	 upon by Iron WarriorsSicarantanks andDreadnoughts. The Sapphire Ghosts s
797	010-011.M31 塔兰之战 Battle of Tallarn	恢复英文词间空格	the	the 	1	nd Dark Mechanicum Taghmata led by theWarmaster Titan*Typhoeus*continued 
797	010-011.M31 塔兰之战 Battle of Tallarn	恢复英文词间空格	and	and 	1	h. The Iron Warriors used Spartans andMastodonsto ferry troops across Tal
797	010-011.M31 塔兰之战 Battle of Tallarn	恢复英文词间空格	the	the 	1	 southern city was in the hands of theLegio Krytoswhile in the northloyal
797	010-011.M31 塔兰之战 Battle of Tallarn	恢复英文词间空格	of	of 	1	beginning to regroup thanks to aid ofWhite Scarsarmour. Outside of these
797	010-011.M31 塔兰之战 Battle of Tallarn	恢复英文词间空格	the	the 	1	 White ScarsPredatorsandSabres. As theTraitorSelucid Thorakitespursued, t
797	010-011.M31 塔兰之战 Battle of Tallarn	恢复英文词间空格	by	by 	1	d Thorakitespursued, they were met byImperial FistsandLegio GryphonicusT
797	010-011.M31 塔兰之战 Battle of Tallarn	恢复英文词间空格	by	by 	1	o repulse a Traitor pursuit attack byHouse Caesarean. Meanwhile, a massi
797	010-011.M31 塔兰之战 Battle of Tallarn	恢复英文词间空格	an	an 	1	icant city of Rogsburg resulted in anImperialdefeat, with theLegio Astor
797	010-011.M31 塔兰之战 Battle of Tallarn	恢复英文词间空格	the	the 	1	resulted in anImperialdefeat, with theLegio AstorumandSpace Wolvesdefendi
797	010-011.M31 塔兰之战 Battle of Tallarn	恢复英文词间空格	the	the 	1	into the battle, 3 recon squads of theImperial Fists(Command Squad Gamus,
797	010-011.M31 塔兰之战 Battle of Tallarn	恢复英文词间空格	his	his 	1	rs managed to survive the blast in hisRhinobut had to find new shelter du
797	010-011.M31 塔兰之战 Battle of Tallarn	恢复英文词间空格	the	the 	1	out, he managed to work his way to theWarlord TitanOstentio Contritio, en
797	010-011.M31 塔兰之战 Battle of Tallarn	恢复英文词间空格	by	by 	1	s emissary,Argonis, was dispatched byMaloghurston behalf of Horus, and h
797	010-011.M31 塔兰之战 Battle of Tallarn	恢复英文词间空格	by	by 	1	leSickle Blade. He was accompanied byProphesiustheastropathandSota-Nulof
797	010-011.M31 塔兰之战 Battle of Tallarn	恢复英文词间空格	the	the 	1	rophesiustheastropathandSota-Nulof theDark Mechanicum, and he sought audi
797	010-011.M31 塔兰之战 Battle of Tallarn	恢复英文词间空格	the	the 	1	 the primarch's word and contacted theAlpha Legionto investigate. After 1
797	010-011.M31 塔兰之战 Battle of Tallarn	恢复英文词间空格	of	of 	1	time, Imperial Infocyte agentIaeo, ofClade Vanus, follows Argonis and th
797	010-011.M31 塔兰之战 Battle of Tallarn	恢复英文词间空格	and	and 	1	egio Krytoswas able to land Titans andKnightsfromHouse Caesareanonto the 
797	010-011.M31 塔兰之战 Battle of Tallarn	恢复英文词间空格	the	the 	1	d into a protracted conflict, both theTraitorsand theImperiumpoured war m
797	010-011.M31 塔兰之战 Battle of Tallarn	恢复英文词间空格	the	the 	1	cted conflict, both theTraitorsand theImperiumpoured war material to thei
797	010-011.M31 塔兰之战 Battle of Tallarn	恢复英文词间空格	on	on 	1	aterial to their respective allies onTallarn, neither willing to admit d
797	010-011.M31 塔兰之战 Battle of Tallarn	恢复英文词间空格	The	The 	1	, neither willing to admit defeat. TheImperial FistsandIron Handsdispatch
797	010-011.M31 塔兰之战 Battle of Tallarn	恢复英文词间空格	their	their 	1	spatched forces to the planet, and theirPredatorsproved instrumental in com
797	010-011.M31 塔兰之战 Battle of Tallarn	恢复英文词间空格	the	the 	1	 quickly that they could not match theTraitor Marinesin open combat, so t
797	010-011.M31 塔兰之战 Battle of Tallarn	恢复英文词间空格	the	the 	1	maneuvers, eventually wearing down theIron Warriorsand routing them from 
797	010-011.M31 塔兰之战 Battle of Tallarn	恢复英文词间空格	the	the 	1	ly after several attacks and after theLegio Mortisand a contingent of tra
797	010-011.M31 塔兰之战 Battle of Tallarn	恢复英文词间空格	by	by 	1	the*Eagle Claw*. The fleet was led byRogue TraderSangreaand once travell
797	010-011.M31 塔兰之战 Battle of Tallarn	恢复英文词间空格	the	the 	1	fter it left the planet to explore theMorai Veil. Once entering the syste
797	010-011.M31 塔兰之战 Battle of Tallarn	恢复英文词间空格	the	the 	1	"黄金舰队离开了，使行星免受轨道干扰。

Perturabo sent theContemptor DreadnoughtHrendwith the"
797	010-011.M31 塔兰之战 Battle of Tallarn	恢复英文词间空格	Marineand	Marine and	1	Scars then launched a largeAssault Marineand gunship attack as tens of thousand
797	010-011.M31 塔兰之战 Battle of Tallarn	恢复英文词间空格	Legionto	Legion to	1	rch's word and contacted the Alpha Legionto investigate. After 12 days, the Al
797	010-011.M31 塔兰之战 Battle of Tallarn	恢复英文词间空格	Marinesin	Marines in	1	t they could not match the Traitor Marinesin open combat, so they became profic
797	010-011.M31 塔兰之战 Battle of Tallarn	恢复英文句间空格	.Wa	. Wa	1	uccessfully escaped the city proper.WarsmithStruxhad taken the Sapphire C
797	010-011.M31 塔兰之战 Battle of Tallarn	恢复英文句间空格	.Wa	. Wa	1	o allow daylight to begin returning.WarsmithKoparnosof the Iron Warriors 
797	010-011.M31 塔兰之战 Battle of Tallarn	恢复英文词间空格	by	by 	1	the last Titan. He was accompanied byKalikgolof theWhite Scarsand Genera
797	010-011.M31 塔兰之战 Battle of Tallarn	恢复英文词间空格	the	the 	1	n. He was accompanied byKalikgolof theWhite Scarsand General Gorn. When t
797	010-011.M31 塔兰之战 Battle of Tallarn	恢复英文词间空格	The	The 	1	have remained hardy and pragmatic. TheImperial Guard Regimentsrecruited f
797	010-011.M31 塔兰之战 Battle of Tallarn	恢复英文词间空格	the	the 	1	ecruited from Tallarn are known as theDesert Raiders, and are masters of 
797	010-011.M31 塔兰之战 Battle of Tallarn	恢复英文词间空格	the	the 	1	perial history until 876.M41, when theImperial Guardconfronted the traito
799	~010.M31 冥王星之战 Battle of Pluto	恢复英文词间空格	the	the 	1	attle of Pluto was a battle during theHorus Heresy. It was the earliest m
799	~010.M31 冥王星之战 Battle of Pluto	恢复英文词间空格	the	the 	1	"s the earliest major engagement of theSolar War.

冥王星之战是荷鲁斯叛乱时期的一场战斗。这是太阳"
799	~010.M31 冥王星之战 Battle of Pluto	恢复英文词间空格	of	of 	1	"/未知但可能重大

**Overview 概述**

As part ofHorus's drive towardsTerra, the tra"
799	~010.M31 冥王星之战 Battle of Pluto	恢复英文词间空格	the	the 	1	aitorousAlpha Legionwas charged by theWarmasterwith plunging theSol Syste
799	~010.M31 冥王星之战 Battle of Pluto	恢复英文词间空格	the	the 	1	arged by theWarmasterwith plunging theSol Systeminto chaos in preparation
799	~010.M31 冥王星之战 Battle of Pluto	恢复英文词间空格	the	the 	1	The system was heavily defended by theImperial FistsLegionled byRogal Dor
799	~010.M31 冥王星之战 Battle of Pluto	恢复英文词间空格	by	by 	1	nded by theImperial FistsLegionled byRogal Dornhimself, and was on high 
799	~010.M31 冥王星之战 Battle of Pluto	恢复英文词间空格	of	of 	1	ert due to the continuing blockade ofMarsin the aftermath of theMechanic
799	~010.M31 冥王星之战 Battle of Pluto	恢复英文词间空格	the	the 	1	blockade ofMarsin the aftermath of theMechanicum Civil War. Nonetheless t
799	~010.M31 冥王星之战 Battle of Pluto	恢复英文词间空格	the	the 	1	eMechanicum Civil War. Nonetheless thePrimarchof theAlpha Legion,Alphariu
799	~010.M31 冥王星之战 Battle of Pluto	恢复英文词间空格	the	the 	1	vil War. Nonetheless thePrimarchof theAlpha Legion,Alpharius, set his fle
799	~010.M31 冥王星之战 Battle of Pluto	恢复英文词间空格	the	the 	1	on,Alpharius, set his fleet led by theBattle BargeAlphaon a course for So
799	~010.M31 冥王星之战 Battle of Pluto	恢复英文词间空格	on	on 	1	y. A rebellion was also instigated onTriton. Human Operatives led by the
799	~010.M31 冥王星之战 Battle of Pluto	恢复英文词间空格	the	the 	1	 onTriton. Human Operatives led by theHeadhunterKel Siloniusinfiltrated T
799	~010.M31 冥王星之战 Battle of Pluto	恢复英文词间空格	his	his 	1	 into conflict with Rogal Dorn and hisHuscarls. However all of these acts
799	~010.M31 冥王星之战 Battle of Pluto	恢复英文词间空格	by	by 	1	ver Sol. As the Imperial Fists led byArchamusattempted to hunt down Alph
799	~010.M31 冥王星之战 Battle of Pluto	恢复英文词间空格	by	by 	1	" anti-Imperial scavenger clans led bySork.

与此同时，阿尔法军团行动小组在整个太阳系中被激活。这些休"
799	~010.M31 冥王星之战 Battle of Pluto	恢复英文词间空格	the	the 	1	n's fleet of over 200 ships led by theAlphaitself struck at Pluto and its
799	~010.M31 冥王星之战 Battle of Pluto	恢复英文词间空格	by	by 	1	eadhunter team was revealed to led byAlphariushimself, he had seemingly 
799	~010.M31 冥王星之战 Battle of Pluto	恢复英文词间空格	a	a 	1	was Pluto's moon of Hydra, home to aAstropathicmonitoring station. If t
799	~010.M31 冥王星之战 Battle of Pluto	恢复英文词间空格	their	their 	1	try and disable the Astropaths and theirBlack Sentinelsguards. ThePrimarchw
799	~010.M31 冥王星之战 Battle of Pluto	恢复英文词间空格	The	The 	1	hs and theirBlack Sentinelsguards. ThePrimarchwould also personally kill 
799	~010.M31 冥王星之战 Battle of Pluto	恢复英文词间空格	from	from 	1	ress-moon of Kerberos was captured fromImperial Armytroops by Alpha Legion
799	~010.M31 冥王星之战 Battle of Pluto	恢复英文词间空格	Legionwas	Legion was	1	 towardsTerra, the traitorousAlpha Legionwas charged by the Warmasterwith plung
799	~010.M31 冥王星之战 Battle of Pluto	恢复英文词间空格	Warmasterwith	Warmaster with	1	rousAlpha Legionwas charged by the Warmasterwith plunging the Sol Systeminto chaos 
799	~010.M31 冥王星之战 Battle of Pluto	恢复英文词间空格	Primarchof	Primarch of	1	hanicum Civil War. Nonetheless the Primarchof the Alpha Legion,Alpharius, set hi
799	~010.M31 冥王星之战 Battle of Pluto	恢复英文句间空格	.Ar	. Ar	1	eams, erupted across the Sol System.Arieland space platforms aboveJupiter
799	~010.M31 冥王星之战 Battle of Pluto	恢复英文词间空格	by	by 	1	perial Fists had just 30 ships led bySigismundto defend Pluto. Faced wit
799	~010.M31 冥王星之战 Battle of Pluto	恢复英文词间空格	the	the 	1	"e 胡斯卡尔减缓了阿尔法军团的前进速度

At that time, theImperial FistsCruiserSpear of Verri"
799	~010.M31 冥王星之战 Battle of Pluto	恢复英文词间空格	Its	Its 	1	void patrol when the Battle began. ItsCaptain,Vendraal, sought to defend 
799	~010.M31 冥王星之战 Battle of Pluto	恢复英文词间空格	of	of 	1	y reached Hydra, under the command ofCenturionGregorius Skekkir, even as
799	~010.M31 冥王星之战 Battle of Pluto	恢复英文词间空格	The	The 	1	to reinforce Hydra's vital points. TheCenturionmeanwhile would lead a for
799	~010.M31 冥王星之战 Battle of Pluto	恢复英文词间空格	the	the 	1	actor, which was being targeted by theAlpha LegionHarrowmasterIndar Volli
799	~010.M31 冥王星之战 Battle of Pluto	恢复英文词间空格	a	a 	1	"松杀死了百夫长和剩下的帝国之拳。

Archamusalso led aHuscarlcontingent on Hydra after co"
799	~010.M31 冥王星之战 Battle of Pluto	恢复英文词间空格	the	the 	1	aitors. It was at this moment that thePhalanxitself arrived over Pluto, l
799	~010.M31 冥王星之战 Battle of Pluto	恢复英文词间空格	and	and 	1	 a massive fleet of Imperial Fists andImperial Armadareinforcements. The 
799	~010.M31 冥王星之战 Battle of Pluto	恢复英文词间空格	as	as 	1	 was able to pacify Kerberos' guns asRogal Dornhimself led a landing on 
800	011.M41 卡图卢斯之战 Battle of Catallus	恢复英文词间空格	the	the 	1	" was a battle that occurred during theHorus Heresy.

卡图卢斯之战是荷鲁斯叛乱时期发生的一场战"
800	011.M41 卡图卢斯之战 Battle of Catallus	恢复英文词间空格	of	of 	1	"KIA)，提督拉瓦什·卡里奥(KIA)
- Strength:84% ofWhite ScarsLegion/Sizable portion o"
800	011.M41 卡图卢斯之战 Battle of Catallus	恢复英文词间空格	the	the 	1	 a continuation of the attempts by theWhite Scarsto find a passage toTerr
800	011.M41 卡图卢斯之战 Battle of Catallus	恢复英文词间空格	to	to 	1	by theWhite Scarsto find a passage toTerra. After theBattle of the Kaliu
800	011.M41 卡图卢斯之战 Battle of Catallus	恢复英文词间空格	the	the 	1	rsto find a passage toTerra. After theBattle of the Kalium Gate, the Scar
800	011.M41 卡图卢斯之战 Battle of Catallus	恢复英文词间空格	the	the 	1	"med in their entirety and moved on theCatallus Rift.

这场战役是白色伤疤试图找到通往泰拉的通"
800	011.M41 卡图卢斯之战 Battle of Catallus	恢复英文词间空格	the	the 	1	"叛徒舰队战斗至死，随后白色伤疤彻底改革，向卡图卢斯裂隙前进。

At theWarp Riftover Catallus, they discov"
800	011.M41 卡图卢斯之战 Battle of Catallus	恢复英文词间空格	of	of 	1	rk Glass, a combined traitor fleet ofDeath GuardandEmperor's Childrenled
800	011.M41 卡图卢斯之战 Battle of Catallus	恢复英文词间空格	by	by 	1	eath GuardandEmperor's Childrenled byMortarionandEidolonarrived. The Sca
800	011.M41 卡图卢斯之战 Battle of Catallus	恢复英文词间空格	the	the 	1	itors with suicidal detachments of theSagyar Mazanand a fleet led by theK
800	011.M41 卡图卢斯之战 Battle of Catallus	恢复英文词间空格	the	the 	1	 theSagyar Mazanand a fleet led by theKaljianunderShiban Khan. A vicious 
800	011.M41 卡图卢斯之战 Battle of Catallus	恢复英文词间空格	of	of 	1	e death.During the battle, a horde ofSlaaneshiDaemonsled by theKeeper of
800	011.M41 卡图卢斯之战 Battle of Catallus	恢复英文词间空格	the	the 	1	, a horde ofSlaaneshiDaemonsled by theKeeper of SecretsManushya-Rakshsasi
800	011.M41 卡图卢斯之战 Battle of Catallus	恢复英文词间空格	on	on 	1	core with Mortarion that had begun onProspero, Jaghatai became determine
800	011.M41 卡图卢斯之战 Battle of Catallus	恢复英文词间空格	the	the 	1	determined to charge his flagship, theSwordstorm, into Mortarion'sEnduran
800	011.M41 卡图卢斯之战 Battle of Catallus	恢复英文词间空格	the	the 	1	ad failed to prevent an attempt by theNavis NobiliteagentVeilto destroy t
800	011.M41 卡图卢斯之战 Battle of Catallus	恢复英文词间空格	the	the 	1	iced himself to open a portal into theWebwaytoTerra. Jaghatai, determined
800	011.M41 卡图卢斯之战 Battle of Catallus	恢复英文词间空格	The	The 	1	ad chose escape over a last stand. TheSwordstormwas abandoned, the only w
800	011.M41 卡图卢斯之战 Battle of Catallus	恢复英文词间空格	the	the 	1	"warriors left aboard consisting of theSagyar Mazanled byTorghun Khan.

为了"
800	011.M41 卡图卢斯之战 Battle of Catallus	恢复英文词间空格	by	by 	1	"d consisting of theSagyar Mazanled byTorghun Khan.

为了解决在普罗斯佩罗开始的与莫塔里安的争"
800	011.M41 卡图卢斯之战 Battle of Catallus	恢复英文词间空格	the	the 	1	-destruct as the Khan evacuated to theLance of Heavenand led the remainin
800	011.M41 卡图卢斯之战 Battle of Catallus	恢复英文词间空格	his	his 	1	l opened by Yesugei. Mortarion and hisDeathshroudmanaged to massacre Torg
800	011.M41 卡图卢斯之战 Battle of Catallus	恢复英文词间空格	as	as 	1	r mortal crew held off the Daemons asRevuel Arvidaguided the fleet to Te
800	011.M41 卡图卢斯之战 Battle of Catallus	恢复英文词间空格	during	during 	1	"re they would later prove decisive duringHorus' siege of the palace.

当莫塔里安和"
800	011.M41 卡图卢斯之战 Battle of Catallus	恢复英文句间空格	.Du	. Du	1	 the two fleets dueled to the death.During the battle, a horde of Slaanes
801	~011.M31 第二次戴文之战 Second Battle of Davin	恢复英文词间空格	the	the 	1	"attle of Davin was a battle during theHorus Heresy.

第二次戴文之战是荷鲁斯叛乱时期的一场战斗"
801	~011.M31 第二次戴文之战 Second Battle of Davin	恢复英文词间空格	of	of 	1	"ew 概述**

Following the dissolution ofImperium Secundusthe threePrimarch'"
801	~011.M31 第二次戴文之战 Second Battle of Davin	恢复英文词间空格	and	and 	1	amar,Roboute Guilliman,Sanguinius, andLion El'Jonson, attempted to journe
801	~011.M31 第二次戴文之战 Second Battle of Davin	恢复英文词间空格	to	to 	1	on El'Jonson, attempted to journey toTerraand aid theEmperoragainstHorus
801	~011.M31 第二次戴文之战 Second Battle of Davin	恢复英文词间空格	the	the 	1	ttempted to journey toTerraand aid theEmperoragainstHorus. However to do 
801	~011.M31 第二次戴文之战 Second Battle of Davin	恢复英文词间空格	the	the 	1	 have to move their fleets through theRuinstorm, a feat considered near-i
801	~011.M31 第二次戴文之战 Second Battle of Davin	恢复英文词间空格	the	the 	1	-impossible. Nonetheless 2/3rds of theUltramarines,Blood Angels, andDark 
801	~011.M31 第二次戴文之战 Second Battle of Davin	恢复英文词间空格	and	and 	1	s of theUltramarines,Blood Angels, andDark Angelsdeparted Ultramar and se
801	~011.M31 第二次戴文之战 Second Battle of Davin	恢复英文词间空格	the	the 	1	eralChaos-corruptedNavigatorsafter theBattle of Anuari. Unlike their loya
801	~011.M31 第二次戴文之战 Second Battle of Davin	恢复英文词间空格	the	the 	1	"ion known as the ""Pilgrim"". During theBattle of Pyrrhan, Sanguinius recei"
801	~011.M31 第二次戴文之战 Second Battle of Davin	恢复英文词间空格	the	the 	1	inius shocked The Lion by boarding theInvincible Reasonand taking the cap
801	~011.M31 第二次戴文之战 Second Battle of Davin	恢复英文词间空格	to	to 	1	ly ordered that Davin be subjected toExterminatusregardless of Sanguiniu
801	~011.M31 第二次戴文之战 Second Battle of Davin	恢复英文词间空格	by	by 	1	s had been subjected to the ritual byErebusand theSerpent Lodgethat had 
801	~011.M31 第二次戴文之战 Second Battle of Davin	恢复英文词间空格	the	the 	1	ubjected to the ritual byErebusand theSerpent Lodgethat had corrupted him
801	~011.M31 第二次戴文之战 Second Battle of Davin	恢复英文词间空格	of	of 	1	list fleet was assailed by a fleet ofDaemonshipsthat appeared from nowhe
801	~011.M31 第二次戴文之战 Second Battle of Davin	恢复英文词间空格	were	were 	1	ared from nowhere. All the vessels wereImperialships previously thought lo
801	~011.M31 第二次戴文之战 Second Battle of Davin	恢复英文词间空格	of	of 	1	since become twisted by the powers ofChaos. At the fleet's head was theV
801	~011.M31 第二次戴文之战 Second Battle of Davin	恢复英文词间空格	the	the 	1	s ofChaos. At the fleet's head was theVeritas Ferrum, which had grown far
801	~011.M31 第二次戴文之战 Second Battle of Davin	恢复英文词间空格	the	the 	1	"ts arrival by instantly destroying theIron HandsCruiserSthenelus.

在戴文，进行"
801	~011.M31 第二次戴文之战 Second Battle of Davin	恢复英文词间空格	on	on 	1	rtal on Davin, Sanguinius was back onTerrain a beautiful garden at theIm
801	~011.M31 第二次戴文之战 Second Battle of Davin	恢复英文词间空格	the	the 	1	ck onTerrain a beautiful garden at theImperial Palace. He for the first t
801	~011.M31 第二次戴文之战 Second Battle of Davin	恢复英文词间空格	the	the 	1	sion that was not his death aboard theVengeful Spirit. He sawLorgardead b
801	~011.M31 第二次戴文之战 Second Battle of Davin	恢复英文词间空格	The	The 	1	ch's brought before him in chains. TheEmperorcongratulated Sanguinius on 
801	~011.M31 第二次戴文之战 Second Battle of Davin	恢复英文词间空格	the	the 	1	"the Emperor who was revealed to be theDaemonMadailin disguise.

在戴文的门户内，圣"
801	~011.M31 第二次戴文之战 Second Battle of Davin	恢复英文词间空格	the	the 	1	assive jaws. Guilliman's flagship, theSamothrace, was destroyed when it d
801	~011.M31 第二次戴文之战 Second Battle of Davin	恢复英文词间空格	of	of 	1	 Daemonic troops, and the Preacher ofChaos Undividedannounced that Sangu
801	~011.M31 第二次戴文之战 Second Battle of Davin	恢复英文词间空格	as	as 	1	percal down and take up the mantle asWarmasterof Chaos. If he did so, Ma
801	~011.M31 第二次戴文之战 Second Battle of Davin	恢复英文词间空格	the	the 	1	lared, his sons would be spared of theBlack Rage. However despite the tem
801	~011.M31 第二次戴文之战 Second Battle of Davin	恢复英文词间空格	the	the 	1	ime the Daemon was impaled by both theBlade EncarmineandSpear of Telesto.
801	~011.M31 第二次戴文之战 Second Battle of Davin	恢复英文词间空格	the	the 	1	uation from Davin, and once aboard theRed Tearknew that Davin was linked 
801	~011.M31 第二次戴文之战 Second Battle of Davin	恢复英文词间空格	the	the 	1	tice, though in truth he would put theNight LordsPrimarch into a stasis c
801	~011.M31 第二次戴文之战 Second Battle of Davin	恢复英文词间空格	the	the 	1	oved to have a weakening effect on theRuinstorm, which began to dissipate
801	~011.M31 第二次戴文之战 Second Battle of Davin	恢复英文词间空格	Terraand	Terra and	1	El'Jonson, attempted to journey to Terraand aid the EmperoragainstHorus. Howev
801	~011.M31 第二次戴文之战 Second Battle of Davin	恢复英文词间空格	Terrain	Terra in	1	l on Davin, Sanguinius was back on Terrain a beautiful garden at the Imperial
801	~011.M31 第二次戴文之战 Second Battle of Davin	恢复英文词间空格	Warmasterof	Warmaster of	1	cal down and take up the mantle as Warmasterof Chaos. If he did so, Madail declar
802	012.M31 特里索兰之战 Battle of Trisolian	恢复英文词间空格	the	the 	1	"isolian was a battle fought during theHorus Heresy.

特里索兰之战是荷鲁斯叛乱时期的一场战斗。"
802	012.M31 特里索兰之战 Battle of Trisolian	恢复英文词间空格	the	the 	1	gan as a minorTraitoroccupation of theTrisolian System,Mechanicumterritor
802	012.M31 特里索兰之战 Battle of Trisolian	恢复英文词间空格	the	the 	1	rritory previously affiliated with theEmperor. A small armada ofHorus' ma
802	012.M31 特里索兰之战 Battle of Trisolian	恢复英文词间空格	of	of 	1	ed with theEmperor. A small armada ofHorus' main fleet, led by theVengef
802	012.M31 特里索兰之战 Battle of Trisolian	恢复英文词间空格	the	the 	1	armada ofHorus' main fleet, led by theVengeful Spirititself, dispatched a
802	012.M31 特里索兰之战 Battle of Trisolian	恢复英文词间空格	of	of 	1	l Spirititself, dispatched a force ofNight Lordsto overrun much ofTrisol
802	012.M31 特里索兰之战 Battle of Trisolian	恢复英文词间空格	of	of 	1	force ofNight Lordsto overrun much ofTrisolian A-4.Belisarius Cawlwas as
802	012.M31 特里索兰之战 Battle of Trisolian	恢复英文词间空格	a	a 	1	sarius Cawlwas assigned to support aThallaxiicohort battling traitors a
802	012.M31 特里索兰之战 Battle of Trisolian	恢复英文词间空格	the	the 	1	agri-fields.Cawl would be saved by theMyrmidon DestructorTheodulus Pallis
802	012.M31 特里索兰之战 Battle of Trisolian	恢复英文词间空格	the	the 	1	ors. The myrmidons saved Cawl from theNight Lordsand Cawl did his duty to
802	012.M31 特里索兰之战 Battle of Trisolian	恢复英文词间空格	the	the 	1	armaster Horus himself, arrived in theHeptaligon's main hangar bay to rec
802	012.M31 特里索兰之战 Battle of Trisolian	恢复英文词间空格	the	the 	1	oneworld. Thanks to the efforts of theKnights-Errantduring theBattle of M
802	012.M31 特里索兰之战 Battle of Trisolian	恢复英文词间空格	the	the 	1	efforts of theKnights-Errantduring theBattle of Molech, theSpace Wolvesco
802	012.M31 特里索兰之战 Battle of Trisolian	恢复英文词间空格	the	the 	1	-Errantduring theBattle of Molech, theSpace Wolvescould track the locatio
802	012.M31 特里索兰之战 Battle of Trisolian	恢复英文词间空格	at	at 	1	d the traitor vessel. After a stop atFenristo conduct an archaic ritual 
802	012.M31 特里索兰之战 Battle of Trisolian	恢复英文词间空格	the	the 	1	e Russ learned the truth regarding theSpear of Russand the very nature of
802	012.M31 特里索兰之战 Battle of Trisolian	恢复英文词间空格	his	his 	1	t the mission be voluntarily among hisWolf Lords. None of the Space Wolve
802	012.M31 特里索兰之战 Battle of Trisolian	恢复英文词间空格	the	the 	1	pirit*at point blank range. Before theVoid Shieldsof the*Vengeful Spirit*
802	012.M31 特里索兰之战 Battle of Trisolian	恢复英文词间空格	of	of 	1	hed from the*Hrafnkel*, consisting ofBoarding Torpedoes, gunships, andAs
802	012.M31 特里索兰之战 Battle of Trisolian	恢复英文词间空格	and	and 	1	ng ofBoarding Torpedoes, gunships, andAssault Boats. The*Vengeful Spirits
802	012.M31 特里索兰之战 Battle of Trisolian	恢复英文词间空格	and	and 	1	oarding parties led by Russ,Bjorn, andBror Tyrfingrswarmed the now-corrup
802	012.M31 特里索兰之战 Battle of Trisolian	恢复英文词间空格	and	and 	1	oHumansoldiers, corruptedSkitarii, andPossessed, the Space Wolves managed
802	012.M31 特里索兰之战 Battle of Trisolian	恢复英文词间空格	of	of 	1	. Meanwhile, thanks to the efforts ofBelisarius Cawl, the treacherous Ma
802	012.M31 特里索兰之战 Battle of Trisolian	恢复英文词间空格	his	his 	1	"d Russ 荷鲁斯和鲁斯**

At last, Russ and hisWolf Guardwere confronted by Horus "
802	012.M31 特里索兰之战 Battle of Trisolian	恢复英文词间空格	his	his 	1	 Guardwere confronted by Horus and hisJustaerin. TheWarmasteroozed daemon
802	012.M31 特里索兰之战 Battle of Trisolian	恢复英文词间空格	The	The 	1	fronted by Horus and hisJustaerin. TheWarmasteroozed daemonic corruption 
802	012.M31 特里索兰之战 Battle of Trisolian	恢复英文词间空格	of	of 	1	emonic corruption since the events ofMolech, and Russ was disgusted by w
802	012.M31 特里索兰之战 Battle of Trisolian	恢复英文词间空格	the	the 	1	and help in his quest to overthrow theEmperorand expose his lies. Surpris
802	012.M31 特里索兰之战 Battle of Trisolian	恢复英文词间空格	his	his 	1	uss' speed. Horus caught Russ upon hisTalon, but Russ broke free of his a
802	012.M31 特里索兰之战 Battle of Trisolian	恢复英文词间空格	of	of 	1	"upercal before him, not a creature ofChaos.

最后，鲁斯和他的野狼守卫遇到了荷鲁斯和他的加斯塔林。自"
802	012.M31 特里索兰之战 Battle of Trisolian	恢复英文词间空格	with	with 	1	as about to deliver the final blow withWorldbreaker, a single Space Wolf r
802	012.M31 特里索兰之战 Battle of Trisolian	恢复英文词间空格	by	by 	1	"ror Tyrfingr's squad was wiped out byAbaddonand his Justaerin retinue.

"
802	012.M31 特里索兰之战 Battle of Trisolian	恢复英文词间空格	Guardwere	Guard were	1	"斯和鲁斯**

At last, Russ and his Wolf Guardwere confronted by Horus and his Justae"
802	012.M31 特里索兰之战 Battle of Trisolian	恢复英文词间空格	Emperorand	Emperor and	1	help in his quest to overthrow the Emperorand expose his lies. Surprising none, 
802	012.M31 特里索兰之战 Battle of Trisolian	恢复英文句间空格	.Ca	. Ca	1	olian A-4's underground agri-fields.Cawl would be saved by the Myrmidon D
802	012.M31 特里索兰之战 Battle of Trisolian	恢复英文句间空格	.Th	. Th	1	between traitor and loyalist forces.The Vylka Fenryka ships arrived at Tr
802	012.M31 特里索兰之战 Battle of Trisolian	恢复英文词间空格	to	to 	1	"d remnants would choose to retreat toYarant.

随着鲁斯濒临死亡，格里姆尼尔·黑血接管了指挥权并下令"
802	012.M31 特里索兰之战 Battle of Trisolian	恢复英文词间空格	to	to 	1	. He nonetheless ordered his fleet toBeta-Garmon, while dispatching Abad
802	012.M31 特里索兰之战 Battle of Trisolian	恢复英文词间空格	the	the 	1	e wound Russ gave him reopened and theChaos Godsfought over his doubt-pla
802	012.M31 特里索兰之战 Battle of Trisolian	恢复英文词间空格	of	of 	1	 In the end, it took the sacrifice ofMaloghurstto restore the Warmaster.
802	012.M31 特里索兰之战 Battle of Trisolian	恢复英文句间空格	.Mo	. Mo	1	addon topursue the remaining Wolves.Months after Trisolian, Horus fell in
803	012.M31 雅兰特之战 Battle of Yarant	恢复英文词间空格	the	the 	1	" as The Wolf Cull, was a battle of theHorus Heresy.

雅兰特之战，也被称为狼屠，是荷鲁斯叛乱的"
803	012.M31 雅兰特之战 Battle of Yarant	恢复英文词间空格	the	the 	1	r narrowly avoiding destruction in theBattle of the Alaxxes NebulaLeman R
803	012.M31 雅兰特之战 Battle of Yarant	恢复英文词间空格	his	his 	1	of the Alaxxes NebulaLeman Russand hisSpace Wolvesarrived atTerra. After 
803	012.M31 雅兰特之战 Battle of Yarant	恢复英文词间空格	at	at 	1	man Russand hisSpace Wolvesarrived atTerra. After meeting withMalcador t
803	012.M31 雅兰特之战 Battle of Yarant	恢复英文词间空格	with	with 	1	lvesarrived atTerra. After meeting withMalcador the SigilliteandRogal Dorn
803	012.M31 雅兰特之战 Battle of Yarant	恢复英文词间空格	to	to 	1	"pressed his desire to take the war toHorus.

在阿拉克西斯星云之战中险些被摧毁后，黎曼·鲁斯和他的太"
803	012.M31 雅兰特之战 Battle of Yarant	恢复英文词间空格	by	by 	1	with disaster after he was wounded byHorusat theBattle of Trisolian.With
803	012.M31 雅兰特之战 Battle of Yarant	恢复英文词间空格	the	the 	1	ter after he was wounded byHorusat theBattle of Trisolian.With the Great 
803	012.M31 雅兰特之战 Battle of Yarant	恢复英文词间空格	on	on 	1	 state, Russ'Legionbecame besieged onYarant IIIby a combined traitor for
803	012.M31 雅兰特之战 Battle of Yarant	恢复英文词间空格	of	of 	1	ant IIIby a combined traitor force ofSons of Horus,Alpha Legion,World Ea
803	012.M31 雅兰特之战 Battle of Yarant	恢复英文词间空格	and	and 	1	f Horus,Alpha Legion,World Eaters, andThousand Sonsled byFirst CaptainAba
803	012.M31 雅兰特之战 Battle of Yarant	恢复英文词间空格	by	by 	1	,World Eaters, andThousand Sonsled byFirst CaptainAbaddon. Abaddon's for
803	012.M31 雅兰特之战 Battle of Yarant	恢复英文词间空格	his	his 	1	 Coraxhad assembled the remains of hisRaven Guardat theRosario Systemand 
803	012.M31 雅兰特之战 Battle of Yarant	恢复英文词间空格	the	the 	1	ed the remains of hisRaven Guardat theRosario Systemand was debating over
803	012.M31 雅兰特之战 Battle of Yarant	恢复英文词间空格	to	to 	1	ome within his Legion wished to go toTerra, while Corax himself wished t
803	012.M31 雅兰特之战 Battle of Yarant	恢复英文词间空格	the	the 	1	 his legion, still devastated from theDrop Site Massacre, could serve a b
803	012.M31 雅兰特之战 Battle of Yarant	恢复英文词间空格	to	to 	1	idered outsiders either dispatched toTerraor toBeta-Garmon, until only h
803	012.M31 雅兰特之战 Battle of Yarant	恢复英文词间空格	to	to 	1	siders either dispatched toTerraor toBeta-Garmon, until only his Raven G
803	012.M31 雅兰特之战 Battle of Yarant	恢复英文词间空格	the	the 	1	"to die while doing so, and to take theRaptorswith him into death.

与此同时，科"
803	012.M31 雅兰特之战 Battle of Yarant	恢复英文词间空格	by	by 	1	ants of the Space Wolves fleet led byBjorn. Using surprise andMor Deytha
803	012.M31 雅兰特之战 Battle of Yarant	恢复英文词间空格	and	and 	1	 fleet led byBjorn. Using surprise andMor DeythanandDark Furysquads to el
803	012.M31 雅兰特之战 Battle of Yarant	恢复英文词间空格	the	the 	1	tose state to greet Corax and give theSpear of Russto Bjorn. TheSpace Wol
803	012.M31 雅兰特之战 Battle of Yarant	恢复英文词间空格	The	The 	1	and give theSpear of Russto Bjorn. TheSpace Wolvesrefused to retreat, bec
803	012.M31 雅兰特之战 Battle of Yarant	恢复英文词间空格	the	the 	1	 in, Corax ordered his legion save theRaptorsescape Yarant while he and B
803	012.M31 雅兰特之战 Battle of Yarant	恢复英文词间空格	the	the 	1	rax of the vanity and arrogance of theWarmaster. Horus still lived and st
803	012.M31 雅兰特之战 Battle of Yarant	恢复英文词间空格	the	the 	1	e would die as he was a servant of theEmperor, that was the sort of arrog
803	012.M31 雅兰特之战 Battle of Yarant	恢复英文词间空格	Horusat	Horus at	1	h disaster after he was wounded by Horusat the Battle of Trisolian.With the G
803	012.M31 雅兰特之战 Battle of Yarant	恢复英文词间空格	Coraxhad	Corax had	1	"残余势力逃到了雅兰特星系的外围。

Meanwhile,Corvus Coraxhad assembled the remains of his Raven"
803	012.M31 雅兰特之战 Battle of Yarant	恢复英文词间空格	Guardat	Guard at	1	assembled the remains of his Raven Guardat the Rosario Systemand was debating
803	012.M31 雅兰特之战 Battle of Yarant	恢复英文词间空格	Terraor	Terra or	1	red outsiders either dispatched to Terraor to Beta-Garmon, until only his Rav
803	012.M31 雅兰特之战 Battle of Yarant	恢复英文句间空格	.Wi	. Wi	1	by Horus at the Battle of Trisolian.With the Great Wolf now in a comatose
803	012.M31 雅兰特之战 Battle of Yarant	恢复英文句间空格	.Ma	. Ma	1	serve a better purpose in this role.Marcus Valeriushad yet another vision
804	012.M31-013.M31 天使前进 Passage of the Angels	恢复英文词间空格	the	the 	1	 Heresycampaign, that was waged by theDark Angels'PrimarchLion El'Jonson.
804	012.M31-013.M31 天使前进 Passage of the Angels	恢复英文词间空格	the	the 	1	k part indestroyingDavinand ending theRuinstorm, theDark Angels' were fre
804	012.M31-013.M31 天使前进 Passage of the Angels	恢复英文词间空格	the	the 	1	oyingDavinand ending theRuinstorm, theDark Angels' were freed from the is
804	012.M31-013.M31 天使前进 Passage of the Angels	恢复英文词间空格	the	the 	1	A wrathfulLion El'Jonson, then led theDark Angelsin wreaking havoc across
804	012.M31-013.M31 天使前进 Passage of the Angels	恢复英文词间空格	of	of 	1	 both punish the traitorous forces ofWarmasterHorusand destroy their mil
804	012.M31-013.M31 天使前进 Passage of the Angels	恢复英文词间空格	against	against 	1	" creating a ""second front"" unified againstTerra. The Primarch ordered the usa"
804	012.M31-013.M31 天使前进 Passage of the Angels	恢复英文词间空格	the	the 	1	rk Angels during the campaign were theTraitor LegionHomeworldsof theEmper
804	012.M31-013.M31 天使前进 Passage of the Angels	恢复英文词间空格	the	the 	1	were theTraitor LegionHomeworldsof theEmperor's Children, theDeath Guarda
804	012.M31-013.M31 天使前进 Passage of the Angels	恢复英文词间空格	the	the 	1	omeworldsof theEmperor's Children, theDeath GuardandNuceria, the adoptive
804	012.M31-013.M31 天使前进 Passage of the Angels	恢复英文词间空格	the	the 	1	egeofTerra. This ultimately forced theWarmasterto hasten his planned inva
804	012.M31-013.M31 天使前进 Passage of the Angels	恢复英文词间空格	the	the 	1	rto hasten his planned invasion of theSol System.However the effect their
804	012.M31-013.M31 天使前进 Passage of the Angels	恢复英文词间空格	the	the 	1	erImperialforces also took part in theDark Angels' campaign as well. Some
804	012.M31-013.M31 天使前进 Passage of the Angels	恢复英文词间空格	the	the 	1	what he perceived as disloyalty to theEmperorand the Imperium. The Primar
804	012.M31-013.M31 天使前进 Passage of the Angels	恢复英文词间空格	the	the 	1	n to their next target, also aided theNight Lordsin creating numerousCarr
804	012.M31-013.M31 天使前进 Passage of the Angels	恢复英文词间空格	the	the 	1	"Realmsacross the southern realm of theGalaxy.

其他帝国部队也参加了黑暗天使的战役。然而，一些帝国人"
804	012.M31-013.M31 天使前进 Passage of the Angels	恢复英文词间空格	for	for 	1	"了许多腐尸领域。

The Lion eventually made forDeliverance, linking up with theRav"
804	012.M31-013.M31 天使前进 Passage of the Angels	恢复英文词间空格	the	the 	1	de forDeliverance, linking up with theRaven GuardandSpace Wolvesas well a
804	012.M31-013.M31 天使前进 Passage of the Angels	恢复英文词间空格	on	on 	1	th newMark VI Power Armourproduced onKiavahr. Corax however was cautious
804	012.M31-013.M31 天使前进 Passage of the Angels	恢复英文词间空格	Warmasterto	Warmaster to	1	fTerra. This ultimately forced the Warmasterto hasten his planned invasion of the
804	012.M31-013.M31 天使前进 Passage of the Angels	恢复英文词间空格	Emperorand	Emperor and	1	 he perceived as disloyalty to the Emperorand the Imperium. The Primarch was so 
804	012.M31-013.M31 天使前进 Passage of the Angels	恢复英文句间空格	.Ho	. Ho	1	 planned invasion of the Sol System.However the effect their campaign had
805	014.M31 泰拉围城 Siege of Terra	恢复英文句间空格	.Af	. Af	1	aptain Ezekyle Abaddon as his proxy.After 12 days the bombardments contin
805	014.M31 泰拉围城 Siege of Terra	恢复英文句间空格	.Me	. Me	1	d of pressing on into certain death.Meanwhile, the surviving Death Guard 
806	叛乱后 军团战争 Legion War	恢复英文词间空格	the	the 	1	was waged shortly after the end of theHorus Heresyin theEye of Terror. Th
806	叛乱后 军团战争 Legion War	恢复英文词间空格	the	the 	1	after the end of theHorus Heresyin theEye of Terror. The conflicts lasted
806	叛乱后 军团战争 Legion War	恢复英文词间空格	the	the 	1	"for centuries and greatly weakened theTraitor Legions.

军团战争，也被称为恐惧之眼奴隶战争"
806	叛乱后 军团战争 Legion War	恢复英文词间空格	Heresyin	Heresy in	1	shortly after the end of the Horus Heresyin the Eye of Terror. The conflicts l
806	叛乱后 军团战争 Legion War	恢复英文词间空格	The	The 	1	rlds within the newly settled Eye. TheDaemon Primarchsbecame increasingly
806	叛乱后 军团战争 Legion War	恢复英文词间空格	the	the 	1	concerned only with the affairs of theWarpandGreat Game, making the Trait
806	叛乱后 军团战争 Legion War	恢复英文词间空格	The	The 	1	legions lost any sense of cohesion.TheSons of Horus, having experienced a
806	叛乱后 军团战争 Legion War	恢复英文词间空格	the	the 	1	"
Much of the fighting was waged by theEmperor's Children, as the traitorL"
806	叛乱后 军团战争 Legion War	恢复英文词间空格	from	from 	1	 supply of slaves (mostly acquired fromTerraand otherImperialworlds as the
806	叛乱后 军团战争 Legion War	恢复英文词间空格	in	in 	1	gion possessed a capable commander inFabius Bile.Under his guidance, the
806	叛乱后 军团战争 Legion War	恢复英文词间空格	on	on 	1	 the fortress of the Sons of Horus onMaeleum, leading to Fabius successf
806	叛乱后 军团战争 Legion War	恢复英文词间空格	the	the 	1	struction of Maeleum,Abaddonformed theBlack Legionfrom the shattered remn
806	叛乱后 军团战争 Legion War	恢复英文词间空格	the	the 	1	ye of Terror during these wars was theBattle of Skalathraxthat saw theWor
806	叛乱后 军团战争 Legion War	恢复英文词间空格	the	the 	1	as theBattle of Skalathraxthat saw theWorld Eatersshattered as a unified 
806	叛乱后 军团战争 Legion War	恢复英文词间空格	of	of 	1	arbands. It is said by the enemies ofSlaaneshthat during the conflict, F
806	叛乱后 军团战争 Legion War	恢复英文词间空格	the	the 	1	eir primary rival,Thagus Daravekof theDeath Guard.In the closing days of 
806	叛乱后 军团战争 Legion War	恢复英文词间空格	Terraand	Terra and	1	ly of slaves (mostly acquired from Terraand otherImperialworlds as they fled i
806	叛乱后 军团战争 Legion War	恢复英文词间空格	Legionfrom	Legion from	1	of Maeleum,Abaddonformed the Black Legionfrom the shattered remnants of the Sons
806	叛乱后 军团战争 Legion War	恢复英文句间空格	.Th	. Th	1	 legions lost any sense of cohesion.The Sons of Horus, having experienced
806	叛乱后 军团战争 Legion War	恢复英文句间空格	.Bl	. Bl	1	ticularily weakened by the fighting.Blamed for defeat in the Heresy as th
806	叛乱后 军团战争 Legion War	恢复英文句间空格	.Th	. Th	1	fled into the Eye) became exhausted.Though they initially launched raids 
806	叛乱后 军团战争 Legion War	恢复英文句间空格	.At	. At	1	 for use in their perverse excesses.At first, the Emperor's Children prov
806	叛乱后 军团战争 Legion War	恢复英文句间空格	.Un	. Un	1	 a capable commander in Fabius Bile.Under his guidance, the Emperor's Chi
806	叛乱后 军团战争 Legion War	恢复英文句间空格	.Ab	. Ab	1	ildrenand killed the clone of Horus.Abaddon went on to become the newWarm
806	叛乱后 军团战争 Legion War	恢复英文句间空格	.Af	. Af	1	 went on to become the newWarmaster.Afterwards, the other legions took re
806	叛乱后 军团战争 Legion War	恢复英文句间空格	.In	. In	1	Eatersshattered as a unified legion.In the end, the dwindling Emperor's C
806	叛乱后 军团战争 Legion War	恢复英文句间空格	.In	. In	1	al,Thagus Daravekof the Death Guard.In the closing days of the conflict, 
810	121.M31 塞萨拉之战 Battle of Thessala	恢复英文词间空格	the	the 	1	e of Thessala was a battle between theImperiumand theEmperor's Childrenfo
810	121.M31 塞萨拉之战 Battle of Thessala	恢复英文词间空格	the	the 	1	as a battle between theImperiumand theEmperor's Childrenfought in 121.M31
810	121.M31 塞萨拉之战 Battle of Thessala	恢复英文词间空格	the	the 	1	" Childrenfought in 121.M31, during theGreat Scouring.

塞萨拉之战是帝国和帝皇之子在121."
810	121.M31 塞萨拉之战 Battle of Thessala	恢复英文词间空格	the	the 	1	t some point, prior to the battle, theCaptain Generalof theCustodespresen
810	121.M31 塞萨拉之战 Battle of Thessala	恢复英文词间空格	the	the 	1	o the battle, theCaptain Generalof theCustodespresented Guilliman with th
810	121.M31 塞萨拉之战 Battle of Thessala	恢复英文词间空格	the	the 	1	heCustodespresented Guilliman with theEmperor's Sword.Prepared to finally
810	121.M31 塞萨拉之战 Battle of Thessala	恢复英文词间空格	his	his 	1	iman assembled a fleet composed of hisUltramarinesChapter, as well as six
810	121.M31 塞萨拉之战 Battle of Thessala	恢复英文词间空格	its	its 	1	amarinesChapter, as well as six of itsSuccessor Chaptersand began hunting
810	121.M31 塞萨拉之战 Battle of Thessala	恢复英文词间空格	to	to 	1	Guilliman relentlessly pursued him toThessalaand prepared himself to end
810	121.M31 塞萨拉之战 Battle of Thessala	恢复英文词间空格	the	the 	1	 that followed, Fulgrim's flagship thePride of the Emperorheeled over Gui
810	121.M31 塞萨拉之战 Battle of Thessala	恢复英文词间空格	the	the 	1	orheeled over Guilliman's flagship theGauntlet of Powerand the Ultramarin
810	121.M31 塞萨拉之战 Battle of Thessala	恢复英文词间空格	his	his 	1	s Brother with a force composed of hisSuzerain Invictarus, along with fif
810	121.M31 塞萨拉之战 Battle of Thessala	恢复英文词间空格	the	the 	1	along with fifty Ultramarines from theFirst Company, led byCaptainAndros,
810	121.M31 塞萨拉之战 Battle of Thessala	恢复英文词间空格	by	by 	1	marines from theFirst Company, led byCaptainAndros, and fifty from theSe
810	121.M31 塞萨拉之战 Battle of Thessala	恢复英文词间空格	the	the 	1	ed byCaptainAndros, and fifty from theSecond Company, led by CaptainThiel
810	121.M31 塞萨拉之战 Battle of Thessala	恢复英文词间空格	the	the 	1	eventually reached the entrance to theHeliopolis, where the Primarch knew
810	121.M31 塞萨拉之战 Battle of Thessala	恢复英文词间空格	the	the 	1	waiting for him. During this time, theChapter MastersLudonandCorvovoxed G
810	121.M31 塞萨拉之战 Battle of Thessala	恢复英文词间空格	the	the 	1	uilliman to embrace the worship of theChaos Godslike he had. Guilliman re
810	121.M31 塞萨拉之战 Battle of Thessala	恢复英文词间空格	the	the 	1	ad inflicted upon Guilliman during theBattle of Calth. Guilliman then col
810	121.M31 塞萨拉之战 Battle of Thessala	恢复英文词间空格	a	a 	1	essala,Slaaneshgifted Fulgrim with aDaemon World, calledCallax; the Pri
810	121.M31 塞萨拉之战 Battle of Thessala	恢复英文词间空格	called	called 	1	gifted Fulgrim with aDaemon World, calledCallax; the Primarch subsequently a
810	121.M31 塞萨拉之战 Battle of Thessala	恢复英文词间空格	and	and 	1	's Children leaders,Fabius,Lucius, andEidolonsquabbled, starting a proces
810	121.M31 塞萨拉之战 Battle of Thessala	恢复英文词间空格	of	of 	1	"urces 来源冲突**

- In the 1st edition ofDark Imperium (Novel), Roboute wiel"
810	121.M31 塞萨拉之战 Battle of Thessala	恢复英文词间空格	the	the 	1	 Imperium (Novel), Roboute wielded theGladius Incandoragainst Fulgrim abo
810	121.M31 塞萨拉之战 Battle of Thessala	恢复英文词间空格	the	the 	1	on of*Dark Imperium*, he was given theEmperor's Swordto wield against Ful
810	121.M31 塞萨拉之战 Battle of Thessala	恢复英文词间空格	the	the 	1	s Swordto wield against Fulgrim by theCaptain-Generalduring The Scouring.
810	121.M31 塞萨拉之战 Battle of Thessala	恢复英文词间空格	Imperiumand	Imperium and	1	 Thessala was a battle between the Imperiumand the Emperor's Childrenfought in 12
810	121.M31 塞萨拉之战 Battle of Thessala	恢复英文词间空格	Chaptersand	Chapters and	1	r, as well as six of its Successor Chaptersand began hunting down the corrupted P
810	121.M31 塞萨拉之战 Battle of Thessala	恢复英文句间空格	.Pr	. Pr	1	 Guilliman with the Emperor's Sword.Prepared to finally kill his traitoro
811	544-546.M32 野兽战争 War of the Beast	删除误重复字	配地位的的图尔和	配地位的图尔和	1	
815	M36 叛教时代 Age of Apostasy	恢复英文句间空格	.Ch	. Ch	1	nplace of all but the most faithful.Chaos raiders poured from the Eye of 
816	叛教时代 火焰战争 War of Flames	恢复英文词间空格	the	the 	1	The War of Flames began during theAge of Apostasy, whenArch-CardinalP
816	叛教时代 火焰战争 War of Flames	恢复英文词间空格	of	of 	1	ch-CardinalPerigno, the right hand ofGoge Vandire, declared theSalamande
816	叛教时代 火焰战争 War of Flames	恢复英文词间空格	the	the 	1	ight hand ofGoge Vandire, declared theSalamandersChapter'sPromethean Cult
816	叛教时代 火焰战争 War of Flames	恢复英文词间空格	the	the 	1	"sPromethean Cultto be heretical to theImperial Creed.

火焰战争始于叛教时代，当时高戈·范迪"
816	叛教时代 火焰战争 War of Flames	恢复英文词间空格	the	the 	1	manders'Companiesbeing attacked on theHive WorldNew Follyby threeOrdersof
816	叛教时代 火焰战争 War of Flames	恢复英文词间空格	the	the 	1	ive WorldNew Follyby threeOrdersof theSisters of Battle, alongside a mass
816	叛教时代 火焰战争 War of Flames	恢复英文词间空格	the	the 	1	of Perigno's death at the hands of theInquisitionarrived; the Ecclesiarch
816	叛教时代 火焰战争 War of Flames	恢复英文句间空格	.Th	. Th	1	, alongside a massive army of faith.Though at first the Salamanders only 
818	857.M38 赫利俄斯围城 Siege of Helios	恢复英文词间空格	of	of 	1	terdelivered the manufactory world ofHeliosfrom a massiveOrkinvasionofWa
818	857.M38 赫利俄斯围城 Siege of Helios	恢复英文词间空格	the	the 	1	 the Red Scorpions first developed theLand Raider Heliosby putting theWhi
818	857.M38 赫利俄斯围城 Siege of Helios	恢复英文词间空格	the	the 	1	ed theLand Raider Heliosby putting theWhirlwind's rocket launcher on thei
818	857.M38 赫利俄斯围城 Siege of Helios	恢复英文词间空格	of	of 	1	 cunning sent force an infestation ofBomb Squigsand destroyed every vehi
818	857.M38 赫利俄斯围城 Siege of Helios	恢复英文词间空格	the	the 	1	hrough city's streets. Then one of theArchmagosof Hive Manufactory 33Delt
818	857.M38 赫利俄斯围城 Siege of Helios	恢复英文词间空格	the	the 	1	med that he received a vision from theMachine Godhimself. In this vision 
818	857.M38 赫利俄斯围城 Siege of Helios	恢复英文词间空格	the	the 	1	ng the planet and its resources to theAdeptus Mechanicus, the Helios patt
818	857.M38 赫利俄斯围城 Siege of Helios	恢复英文句间空格	.Fo	. Fo	1	was open and the Grimgut was doomed.For returning the planet and its reso
818	857.M38 赫利俄斯围城 Siege of Helios	恢复英文句间空格	.Th	. Th	1	pions would answer its call for aid.The Red Scorpions themselves dissemin
821	444.M41 第一次阿玛吉多顿战争 First War for Armageddon	恢复英文词间空格	of	of 	1	ddon Wars, and involved the forces ofChaosand theImperium. It was the cu
821	444.M41 第一次阿玛吉多顿战争 First War for Armageddon	恢复英文词间空格	the	the 	1	and involved the forces ofChaosand theImperium. It was the culmination of
821	444.M41 第一次阿玛吉多顿战争 First War for Armageddon	恢复英文词间空格	the	the 	1	ination of years of preparation by theDaemon PrimarchAngron, favoured ofK
821	444.M41 第一次阿玛吉多顿战争 First War for Armageddon	恢复英文词间空格	of	of 	1	theDaemon PrimarchAngron, favoured ofKhorne, to re-unify theWorld Eaters
821	444.M41 第一次阿玛吉多顿战争 First War for Armageddon	恢复英文词间空格	the	the 	1	on, favoured ofKhorne, to re-unify theWorld Eatersafter their shattering 
821	444.M41 第一次阿玛吉多顿战争 First War for Armageddon	恢复英文词间空格	the	the 	1	"he hands ofKhârn the Betrayerafter theBattle of Skalathrax.

第一次阿玛吉多顿战争是三"
821	444.M41 第一次阿玛吉多顿战争 First War for Armageddon	恢复英文词间空格	the	the 	1	n within the hated region known as theEye of Terror. The forces within, b
821	444.M41 第一次阿玛吉多顿战争 First War for Armageddon	恢复英文词间空格	the	the 	1	 an assault on their common enemy, theImperium. In this case, the unity o
821	444.M41 第一次阿玛吉多顿战争 First War for Armageddon	恢复英文词间空格	of	of 	1	this case, the unity of the powers ofChaoswas triggered by the arrival o
821	444.M41 第一次阿玛吉多顿战争 First War for Armageddon	恢复英文词间空格	the	the 	1	aoswas triggered by the arrival of theSpace HulkDevourer of Starsaround a
821	444.M41 第一次阿玛吉多顿战争 First War for Armageddon	恢复英文词间空格	a	a 	1	eSpace HulkDevourer of Starsaround aDaemon World. The Hulk was large en
821	444.M41 第一次阿玛吉多顿战争 First War for Armageddon	恢复英文词间空格	the	the 	1	used an enormous Chaos army led by theDaemon PrimarchAngron. Chaos Marine
821	444.M41 第一次阿玛吉多顿战争 First War for Armageddon	恢复英文词间空格	the	the 	1	PrimarchAngron. Chaos Marines from theWorld EatersLegion,cultists,daemonh
821	444.M41 第一次阿玛吉多顿战争 First War for Armageddon	恢复英文词间空格	the	the 	1	s were quickly felt as nearly half thePlanetary Defence Forcewent over to
821	444.M41 第一次阿玛吉多顿战争 First War for Armageddon	恢复英文词间空格	his	his 	1	e forces of Chaos,Logan Grimnarand hisGreat CompanyofSpace Marinesfrom th
821	444.M41 第一次阿玛吉多顿战争 First War for Armageddon	恢复英文词间空格	the	the 	1	isGreat CompanyofSpace Marinesfrom theSpace Wolveschapter had been assign
821	444.M41 第一次阿玛吉多顿战争 First War for Armageddon	恢复英文词间空格	the	the 	1	 spearheaded by Angron himself and theCruor Praetoria.The Primarch and hi
821	444.M41 第一次阿玛吉多顿战争 First War for Armageddon	恢复英文词间空格	the	the 	1	"h time for the Imperium to unleash theGrey Knights.

然而，在西部，安格隆本人和残酷者卫队率领"
821	444.M41 第一次阿玛吉多顿战争 First War for Armageddon	恢复英文词间空格	the	the 	1	 foe, he called for the support of theGrey Knights, as only the Chapter M
821	444.M41 第一次阿玛吉多顿战争 First War for Armageddon	恢复英文词间空格	the	the 	1	s, as only the Chapter Militant of theInquisition'sdaemonhuntershad the a
821	444.M41 第一次阿玛吉多顿战争 First War for Armageddon	恢复英文词间空格	the	the 	1	tacked Angron directly, along with theCruor Praetoria, his bodyguard of a
821	444.M41 第一次阿玛吉多顿战争 First War for Armageddon	恢复英文词间空格	his	his 	1	erminators with a single stroke of hisBlack Blade. However thanks to the 
821	444.M41 第一次阿玛吉多顿战争 First War for Armageddon	恢复英文词间空格	the	the 	1	r for Armageddon was suppressed by theInquisition, to the point that even
821	444.M41 第一次阿玛吉多顿战争 First War for Armageddon	恢复英文词间空格	and	and 	1	echanicusships orbiting the planet andGrey Knights Strike Cruisersdestroy
821	444.M41 第一次阿玛吉多顿战争 First War for Armageddon	恢复英文词间空格	of	of 	1	hen they had heard of the exploits ofStormtroopersthat were at the battl
821	444.M41 第一次阿玛吉多顿战争 First War for Armageddon	恢复英文词间空格	to	to 	1	by the Space Wolves where also put toExterminatus, resulting the destruc
821	444.M41 第一次阿玛吉多顿战争 First War for Armageddon	恢复英文词间空格	the	the 	1	atus, resulting the destruction of theAdeptus Astra TelepathicastationRal
821	444.M41 第一次阿玛吉多顿战争 First War for Armageddon	恢复英文词间空格	of	of 	1	astationRalas Meridian, the worlds ofJendara QuintusandTybuilt, and theA
821	444.M41 第一次阿玛吉多顿战争 First War for Armageddon	恢复英文词间空格	the	the 	1	s ofJendara QuintusandTybuilt, and theAdeptus Mechanicusoutpost ofPriam N
821	444.M41 第一次阿玛吉多顿战争 First War for Armageddon	恢复英文词间空格	of	of 	1	", and theAdeptus Mechanicusoutpost ofPriam Novus.

虽然他们赢了，但阿玛吉多顿的胜利士兵注定要"
821	444.M41 第一次阿玛吉多顿战争 First War for Armageddon	恢复英文词间空格	with	with 	1	"团

**Notes 注释**

In a conversation withChapter MasterGabriel Sethof theFle"
821	444.M41 第一次阿玛吉多顿战争 First War for Armageddon	恢复英文词间空格	the	the 	1	n withChapter MasterGabriel Sethof theFlesh Tearers,InquisitorNerosarevea
821	444.M41 第一次阿玛吉多顿战争 First War for Armageddon	恢复英文词间空格	a	a 	1	sareveals the possible presence of aTraitor Titan LegionImperator Titan
821	444.M41 第一次阿玛吉多顿战争 First War for Armageddon	恢复英文词间空格	the	the 	1	nder the surface as the reason for theOrkscontinued assault of the planet
821	444.M41 第一次阿玛吉多顿战争 First War for Armageddon	恢复英文词间空格	the	the 	1	t of the planet. She believed that theKhornatecorruption of such a powerf
821	444.M41 第一次阿玛吉多顿战争 First War for Armageddon	恢复英文词间空格	the	the 	1	curred. Nerosa believed that while theMechanicuswere reworking the geogra
821	444.M41 第一次阿玛吉多顿战争 First War for Armageddon	恢复英文词间空格	the	the 	1	or in question turned out to be of theLegio Annihilator, both Seth and Ne
821	444.M41 第一次阿玛吉多顿战争 First War for Armageddon	恢复英文词间空格	Chaosand	Chaos and	1	n Wars, and involved the forces of Chaosand the Imperium. It was the culminati
821	444.M41 第一次阿玛吉多顿战争 First War for Armageddon	恢复英文词间空格	Chaoswas	Chaos was	1	s case, the unity of the powers of Chaoswas triggered by the arrival of the Sp
821	444.M41 第一次阿玛吉多顿战争 First War for Armageddon	恢复英文词间空格	Marinesfrom	Marines from	1	rimnarand his Great CompanyofSpace Marinesfrom the Space Wolveschapter had been a
821	444.M41 第一次阿玛吉多顿战争 First War for Armageddon	恢复英文词间空格	Marineswho	Marines who	1	hundred and nineTerminator Assault Marineswho attacked Angron directly, along wi
821	444.M41 第一次阿玛吉多顿战争 First War for Armageddon	恢复英文词间空格	Mechanicuswere	Mechanicus were	1	ed. Nerosa believed that while the Mechanicuswere reworking the geography of the wor
821	444.M41 第一次阿玛吉多顿战争 First War for Armageddon	恢复英文句间空格	.Th	. Th	1	chering millions in the first weeks.The few remaining loyal defenders wer
821	444.M41 第一次阿玛吉多顿战争 First War for Armageddon	恢复英文句间空格	.Wh	. Wh	1	us time to organise a counterattack.When his army emerged from the jungle
821	444.M41 第一次阿玛吉多顿战争 First War for Armageddon	恢复英文句间空格	.Th	. Th	1	ron himself and the Cruor Praetoria.The Primarch and his Bloodthirsters s
821	444.M41 第一次阿玛吉多顿战争 First War for Armageddon	恢复英文句间空格	.Th	. Th	1	t of the Chaos forces on Armageddon.The other Daemons vanished without An
821	444.M41 第一次阿玛吉多顿战争 First War for Armageddon	恢复英文句间空格	.Th	. Th	1	roop transports that were departing.Three entire nearby worlds were put t
821	444.M41 第一次阿玛吉多顿战争 First War for Armageddon	恢复英文句间空格	.Lo	. Lo	1	urges claimed several billion souls.Logan Grimnar battled long and hard t
822	444.M41 耻辱之月 Months of Shame	恢复英文词间空格	the	the 	1	efer to the immediate aftermath of theFirst War for Armageddon. Beginning
822	444.M41 耻辱之月 Months of Shame	恢复英文词间空格	the	the 	1	rmageddon. Beginning as a purge by theOrdo Malleusof survivors of the con
822	444.M41 耻辱之月 Months of Shame	恢复英文词间空格	of	of 	1	ct for fear of the lingering taint ofChaos, it escalated into skirmishes
822	444.M41 耻辱之月 Months of Shame	恢复英文词间空格	the	the 	1	shes and eventual full battle with theSpace Wolves. The term itself is no
822	444.M41 耻辱之月 Months of Shame	恢复英文词间空格	the	the 	1	an official one, and indeed few in theImperiumare aware of the incident's
822	444.M41 耻辱之月 Months of Shame	恢复英文词间空格	the	the 	1	the name was coined by some within theGrey Knights, who saw the deaths of
822	444.M41 耻辱之月 Months of Shame	恢复英文词间空格	the	the 	1	nquisitorial Stormtroopers,Most of theGrey Knights,Entirety of theRed Hun
822	444.M41 耻辱之月 Months of Shame	恢复英文词间空格	the	the 	1	ost of theGrey Knights,Entirety of theRed Hunters, Imperial NavyBattlefle
822	444.M41 耻辱之月 Months of Shame	恢复英文词间空格	the	the 	1	perial NavyBattlefleet/Entirety of theSpace Wolves,Pockets of fleeingImpe
822	444.M41 耻辱之月 Months of Shame	恢复英文词间空格	of	of 	1	"**

In the aftermath of the defeat ofAngrononArmageddon, theInquisitionf"
822	444.M41 耻辱之月 Months of Shame	恢复英文词间空格	the	the 	1	f the defeat ofAngrononArmageddon, theInquisitionfelt that the survivingI
822	444.M41 耻辱之月 Months of Shame	恢复英文词间空格	of	of 	1	rger Imperium, fearing the secrets ofChaosand the betrayal of thePrimarc
822	444.M41 耻辱之月 Months of Shame	恢复英文词间空格	the	the 	1	secrets ofChaosand the betrayal of thePrimarchswould become known. Moreov
822	444.M41 耻辱之月 Months of Shame	恢复英文词间空格	the	the 	1	archswould become known. Moreover, theOrdo Malleuswas fearful that the ta
822	444.M41 耻辱之月 Months of Shame	恢复英文词间空格	by	by 	1	ult, a general purge was organised byLord InquisitorGhesmei Kysnaros. Th
822	444.M41 耻辱之月 Months of Shame	恢复英文词间空格	the	the 	1	 labor camps and sterilized, while theArmageddon Steel Legionsurvivors wo
822	444.M41 耻辱之月 Months of Shame	恢复英文词间空格	with	with 	1	purges began on Armageddon itself, withInquisitorial Stormtrooperstelling 
822	444.M41 耻辱之月 Months of Shame	恢复英文词间空格	to	to 	1	act with the survivors was subject toExterminatusby Grey Knights ships, 
822	444.M41 耻辱之月 Months of Shame	恢复英文词间空格	the	the 	1	hips, resulting the destruction of theAdeptus Astra TelepathicastationRal
822	444.M41 耻辱之月 Months of Shame	恢复英文词间空格	of	of 	1	astationRalas Meridian, the worlds ofJendara QuintusandTybuilt, and theA
822	444.M41 耻辱之月 Months of Shame	恢复英文词间空格	the	the 	1	s ofJendara QuintusandTybuilt, and theAdeptus Mechanicusoutpost ofPriam N
822	444.M41 耻辱之月 Months of Shame	恢复英文词间空格	of	of 	1	, and theAdeptus Mechanicusoutpost ofPriam Novus. The Inquisition meanwh
822	444.M41 耻辱之月 Months of Shame	恢复英文词间空格	in	in 	1	sports themselves, destroying them inWarptransit. It seemed that the Spa
822	444.M41 耻辱之月 Months of Shame	恢复英文词间空格	of	of 	1	f entered the ship with his escort ofTerminators, he scolded the Inquisi
822	444.M41 耻辱之月 Months of Shame	恢复英文词间空格	his	his 	1	 struck down the Grand Master with hisPower Axebefore beginning to telepo
822	444.M41 耻辱之月 Months of Shame	恢复英文词间空格	their	their 	1	ling the Grey KnightsJusticarswith theirStorm Bolters, throwing the Knights
822	444.M41 耻辱之月 Months of Shame	恢复英文词间空格	the	the 	1	os gathered an entireBattlefleetof theImperial Navyas well as the entiret
822	444.M41 耻辱之月 Months of Shame	恢复英文词间空格	the	the 	1	ial Navyas well as the entirety of theRed HuntersChapterwith the intent t
822	444.M41 耻辱之月 Months of Shame	恢复英文词间空格	on	on 	1	ersChapterwith the intent to march onFenris. Kysnaros asked the famed Gr
822	444.M41 耻辱之月 Months of Shame	恢复英文词间空格	the	the 	1	"breaker"" for his role in defeating theDaemon PrimarchAngronon Armageddon)"
822	444.M41 耻辱之月 Months of Shame	恢复英文词间空格	of	of 	1	they found the formidable defenses ofThe Fangintact but the world defend
822	444.M41 耻辱之月 Months of Shame	恢复英文词间空格	with	with 	1	 a brief negotiation on the ground withBjorn, who had been awakened to dea
822	444.M41 耻辱之月 Months of Shame	恢复英文词间空格	by	by 	1	mmed one another, boarding actions byAssault Boatswere committed by both
822	444.M41 耻辱之月 Months of Shame	恢复英文词间空格	the	the 	1	r damage than it even sustained in theThousand Sons invasionmillennia ear
822	444.M41 耻辱之月 Months of Shame	恢复英文词间空格	its	its 	1	forces. When the*Corel's Hope*lost itsVoid Shields, Grimnar and twenty Te
822	444.M41 耻辱之月 Months of Shame	恢复英文词间空格	of	of 	1	iewed with great animosity by much ofSegmentum Solar'sAdministratumand t
822	444.M41 耻辱之月 Months of Shame	恢复英文词间空格	Imperiumare	Imperium are	1	fficial one, and indeed few in the Imperiumare aware of the incident's existence.
822	444.M41 耻辱之月 Months of Shame	恢复英文词间空格	Guardand	Guard and	1	ionfelt that the survivingImperial Guardand civilian population could not be a
822	444.M41 耻辱之月 Months of Shame	恢复英文词间空格	Chaosand	Chaos and	1	r Imperium, fearing the secrets of Chaosand the betrayal of the Primarchswould
822	444.M41 耻辱之月 Months of Shame	恢复英文词间空格	Navyas	Navy as	1	n entireBattlefleetof the Imperial Navyas well as the entirety of the Red Hu
822	444.M41 耻辱之月 Months of Shame	恢复英文句间空格	.Sp	. Sp	1	ports as they left for new missions.Space WolvesGreat WolfLogan Grimnar, 
825	886.M41 愚者入侵 Incursion of Fools	恢复英文词间空格	The	The 	1	TheIncursion of Fools, also known as t
825	886.M41 愚者入侵 Incursion of Fools	恢复英文词间空格	the	the 	1	eIncursion of Fools, also known as theFenris Incident,began in 886.M41, w
825	886.M41 愚者入侵 Incursion of Fools	恢复英文词间空格	the	the 	1	"traLeon ­Chirastessought to invade theSpace Wolves'Homeworld,Fenris.

愚者入"
825	886.M41 愚者入侵 Incursion of Fools	恢复英文词间空格	the	the 	1	 theshamanicpractices conducted by theSpace Wolves. As this went against 
825	886.M41 愚者入侵 Incursion of Fools	恢复英文词间空格	the	the 	1	Space Wolves. As this went against theImperial Cult, he sought to learn m
825	886.M41 愚者入侵 Incursion of Fools	恢复英文词间空格	the	the 	1	ught to learn more of the heresies theChapterpracticed. It was the labor 
825	886.M41 愚者入侵 Incursion of Fools	恢复英文词间空格	the	the 	1	clesiarchy warshipsand others from theAdepta Sororitas' Orders of theWoun
825	886.M41 愚者入侵 Incursion of Fools	恢复英文词间空格	the	the 	1	rom theAdepta Sororitas' Orders of theWounded Heart,White Roseand theFier
825	886.M41 愚者入侵 Incursion of Fools	恢复英文词间空格	the	the 	1	" of theWounded Heart,White Roseand theFiery Tear.

当奇拉斯特斯得知太空野狼进行的萨满教习俗时，"
825	886.M41 愚者入侵 Incursion of Fools	恢复英文词间空格	the	the 	1	"修会中的其他战舰组成。

With his own warship, theRighteous Flail, serving as its fla"
825	886.M41 愚者入侵 Incursion of Fools	恢复英文词间空格	the	the 	1	nd armies, they could not overcome theSpace Wolves' defenses. As their fo
825	886.M41 愚者入侵 Incursion of Fools	恢复英文词间空格	a	a 	1	reat and instead Chirastes ordered aSensor-vesselto scan the Space Wolv
825	886.M41 愚者入侵 Incursion of Fools	恢复英文词间空格	the	the 	1	eturn to deliver judgement against theHereticalChapter. His fleet then re
825	886.M41 愚者入侵 Incursion of Fools	恢复英文词间空格	the	the 	1	 was celebrated by the Chapter. To theEcclesiarchy, the Incursion became 
826	901-912.M41 巴达布战争 Badab War	恢复英文词间空格	the	the 	1	ralsectorsofImperialspace known as theMaelstrom Zone. The war saw four en
826	901-912.M41 巴达布战争 Badab War	恢复英文词间空格	the	the 	1	rouble Imperial space once more as theChaos-aligned warlord known asHuron
826	901-912.M41 巴达布战争 Badab War	恢复英文词间空格	as	as 	1	 as theChaos-aligned warlord known asHuron Blackheart, while the conflic
826	901-912.M41 巴达布战争 Badab War	恢复英文词间空格	an	an 	1	ds of the Badab War are subject to anEdict of Obliterationand are theref
826	901-912.M41 巴达布战争 Badab War	恢复英文词间空格	the	the 	1	"ssemblage held 'off the record' by theOrdo Hereticus.

巴达布战争的帝国记录受灭迹法令的约束"
826	901-912.M41 巴达布战争 Badab War	恢复英文词间空格	an	an 	1	orld in its own right, it was also anAdeptus Astartesrecruiting world of
826	901-912.M41 巴达布战争 Badab War	恢复英文词间空格	the	the 	1	"ting world of Huron's own chapter, theAstral Claws.

巴达布自封的行星总督是鲁夫特·休伦，他自"
826	901-912.M41 巴达布战争 Badab War	恢复英文词间空格	the	the 	1	an event was not without precedent—theUltramarinesoverlordship of theUltr
826	901-912.M41 巴达布战争 Badab War	恢复英文词间空格	the	the 	1	ent—theUltramarinesoverlordship of theUltramarsector being the most famou
826	901-912.M41 巴达布战争 Badab War	恢复英文词间空格	the	the 	1	part of an organisation created by theHigh Lords of Terrathemselves: theM
826	901-912.M41 巴达布战争 Badab War	恢复英文词间空格	the	the 	1	 theHigh Lords of Terrathemselves: theMaelstrom Warders, a group of Space
826	901-912.M41 巴达布战争 Badab War	恢复英文词间空格	the	the 	1	ithholding of thegene-seedtithe to theAdeptus Mechanicusas the slow fuse 
826	901-912.M41 巴达布战争 Badab War	恢复英文词间空格	a	a 	1	e Maelstrom Zone be the subject of aCrusadeplanned, and presumably led,
826	901-912.M41 巴达布战争 Badab War	恢复英文词间空格	the	the 	1	"tratum through the ""middle-men"" of theKarthago Sector, no-one in particul"
826	901-912.M41 巴达布战争 Badab War	恢复英文词间空格	the	the 	1	e are certain: death and taxes. In theImperium of Man, these certainties 
826	901-912.M41 巴达布战争 Badab War	恢复英文词间空格	the	the 	1	nd at the laggardly speed at which theAdeptus Terraseemed to be moving to
826	901-912.M41 巴达布战争 Badab War	恢复英文词间空格	the	the 	1	They sent two punitive fleets into theMaelstrom Zoneover the next two yea
826	901-912.M41 巴达布战争 Badab War	恢复英文词间空格	the	the 	1	 with the other Maelstrom Warders, theLamentersandMantis WarriorsAdeptus 
826	901-912.M41 巴达布战争 Badab War	恢复英文词间空格	the	the 	1	f such sectors, he proclaimed that theEmperor-given rights of the Space M
826	901-912.M41 巴达布战争 Badab War	恢复英文词间空格	by	by 	1	would listen. After being rebuffed byRyzaNaval Command and the Segmentum
826	901-912.M41 巴达布战争 Badab War	恢复英文词间空格	the	the 	1	, they eventually found the ear of theFire HawksSpace Marine chapter, the
826	901-912.M41 巴达布战争 Badab War	恢复英文词间空格	the	the 	1	 punitive fleets earlier sent into theMaelstrom Zone. Shortly afterwards,
826	901-912.M41 巴达布战争 Badab War	恢复英文词间空格	the	the 	1	essel, the*Red Harbinger*, entered theEndymion Cluster, an area of the Zo
826	901-912.M41 巴达布战争 Badab War	恢复英文词间空格	Mechanicusas	Mechanicus as	1	f thegene-seedtithe to the Adeptus Mechanicusas the slow fuse that began the confl
826	901-912.M41 巴达布战争 Badab War	恢复英文词间空格	of	of 	1	the Mantis Warrior-protected world ofIblis III, the Fire Hawks were refu
826	901-912.M41 巴达布战争 Badab War	恢复英文词间空格	of	of 	1	 instead to seize the border-world ofSagan III, securing resources and w
826	901-912.M41 巴达布战争 Badab War	恢复英文词间空格	the	the 	1	"tlecruiserofBattlefleet Maelstrom, theSacred Tetrarch, in reply.

在就归还从红色"
826	901-912.M41 巴达布战争 Badab War	恢复英文词间空格	the	the 	1	"rival of another Astartes chapter, theMarines Errant.

火鹰被迫采取守势，压倒性人数的大漩涡"
826	901-912.M41 巴达布战争 Badab War	恢复英文词间空格	the	the 	1	ce, but a piece ofastropathicnews; theExecutionerschapter, blood-sworn to
826	901-912.M41 巴达布战争 Badab War	恢复英文词间空格	of	of 	1	e Mantis Warriors upon the surface ofBellerophon's Fall, where the Manti
826	901-912.M41 巴达布战争 Badab War	恢复英文词间空格	the	the 	1	e task-force of Naval vessels from theSegmentum Solarreserve, Administrat
826	901-912.M41 巴达布战争 Badab War	恢复英文词间空格	the	the 	1	 and last but not least, envoys of theInquisition. Determined to root out
826	901-912.M41 巴达布战争 Badab War	恢复英文词间空格	the	the 	1	threat. Calling in the Astartes of theRed Scorpions,Raptors,Salamandersan
826	901-912.M41 巴达布战争 Badab War	恢复英文词间空格	of	of 	1	ed out the vindictive fire-bombing ofSacristan, a Mantis Warrior world i
826	901-912.M41 巴达布战争 Badab War	恢复英文词间空格	the	the 	1	"cristan, a Mantis Warrior world in theEndymion Cluster.

泰拉使节在一年中的大部分时间里都"
826	901-912.M41 巴达布战争 Badab War	恢复英文词间空格	the	the 	1	"he Battlefleet Maelstrom flagship, theOberon classGauntlet of Wrath.

到目前"
826	901-912.M41 巴达布战争 Badab War	恢复英文词间空格	of	of 	1	inesto assault the important world ofVyaniah. The loyalist forces were u
826	901-912.M41 巴达布战争 Badab War	恢复英文词间空格	The	The 	1	in the war for the Maelstrom Zone. TheMinotaursalso fought atVyaniah, mak
826	901-912.M41 巴达布战争 Badab War	恢复英文词间空格	at	at 	1	trom Zone. TheMinotaursalso fought atVyaniah, making use of adrop podass
826	901-912.M41 巴达布战争 Badab War	恢复英文词间空格	the	the 	1	ion in orbit of the planetShadimin theGriefsystem. This event is known to
826	901-912.M41 巴达布战争 Badab War	恢复英文词间空格	the	the 	1	ther reinforcements in the form of theHowling GriffonsandSons of Medusach
826	901-912.M41 巴达布战争 Badab War	恢复英文词间空格	for	for 	1	"的补给线仍然安全。

**907.M41**

The battle forGangreatha III, begun the previous "
826	901-912.M41 巴达布战争 Badab War	恢复英文词间空格	of	of 	1	lieved the besieged loyalist world ofSurngraad. The Raptors, in particul
826	901-912.M41 巴达布战争 Badab War	恢复英文词间空格	Crusadeof	Crusade of	1	r as recently as the bitterCorinth Crusadeof 698.M41 and were reluctant to figh
826	901-912.M41 巴达布战争 Badab War	恢复英文词间空格	Legionforces	Legion forces	1	 rebuffed by the defendingTyrant's Legionforces, although the kill ratio was estim
826	901-912.M41 巴达布战争 Badab War	恢复英文词间空格	the	the 	1	ter, come to reinforce the crew of theNight Hag. The Executioners fell in
826	901-912.M41 巴达布战争 Badab War	恢复英文词间空格	an	an 	1	invade their own territory to oust anOrkinvasion and the Astral Claws ha
826	901-912.M41 巴达布战争 Badab War	恢复英文词间空格	the	the 	1	rival of another Loyalist chapter, theMinotaurs. Charging directly into b
826	901-912.M41 巴达布战争 Badab War	恢复英文词间空格	on	on 	1	ire Tyrant's Legion unit stationed onKyro. While allying themselves with
826	901-912.M41 巴达布战争 Badab War	恢复英文词间空格	the	the 	1	Loyalist camp until the arrival of theCarcharodonssome years later. One i
826	901-912.M41 巴达布战争 Badab War	恢复英文词间空格	the	the 	1	ed that he was in fact a member of theTiger Claws, aCursed Foundingchapte
826	901-912.M41 巴达布战争 Badab War	恢复英文词间空格	a	a 	1	n fact a member of theTiger Claws, aCursed Foundingchapter long thought
826	901-912.M41 巴达布战争 Badab War	恢复英文词间空格	Orkinvasion	Ork invasion	1	ade their own territory to oust an Orkinvasion and the Astral Claws had to deal w
826	901-912.M41 巴达布战争 Badab War	恢复英文词间空格	of	of 	1	 buried weapons store on the world ofCygnax. The loyalists moved to inte
826	901-912.M41 巴达布战争 Badab War	恢复英文词间空格	the	the 	1	, as holding Sagan effectively cut theEndymion Clusteroff from Badab, mor
826	901-912.M41 巴达布战争 Badab War	恢复英文词间空格	the	the 	1	hapters present can be seen in how theMinotaursdealt with theLamentersin 
826	901-912.M41 巴达布战争 Badab War	恢复英文词间空格	the	the 	1	seen in how theMinotaursdealt with theLamentersin this year. Tracking dow
826	901-912.M41 巴达布战争 Badab War	恢复英文词间空格	their	their 	1	mentersin this year. Tracking down theirChapter Barque,Mater Lachrymarum, t
826	901-912.M41 巴达布战争 Badab War	恢复英文词间空格	the	the 	1	ers, in what would become known as theAngstromIncident, ambushed the hand
826	901-912.M41 巴达布战争 Badab War	恢复英文词间空格	of	of 	1	nce moreinvadedthe contested world ofGalen VI, but this time met with su
826	901-912.M41 巴达布战争 Badab War	恢复英文词间空格	the	the 	1	es of the Loyalists in the form of theCarcharodonsAstartes Chapter. Takin
826	901-912.M41 巴达布战争 Badab War	恢复英文词间空格	the	the 	1	"投降了。

It was during this time that theFire Angels, in part due to the hea"
826	901-912.M41 巴达布战争 Badab War	恢复英文词间空格	of	of 	1	Pellas Mir'San, attacked the world ofShaprias, where their enemies were 
826	901-912.M41 巴达布战争 Badab War	恢复英文词间空格	the	the 	1	e Astral Claws stronghold known as thePalace of Thornslocated on the worl
826	901-912.M41 巴达布战争 Badab War	恢复英文词间空格	of	of 	1	lace of Thornslocated on the world ofBadabitself. The assault was carrie
826	901-912.M41 巴达布战争 Badab War	恢复英文词间空格	the	the 	1	sault was carried out primarily by theStar PhantomsChapter. Almost impreg
826	901-912.M41 巴达布战争 Badab War	恢复英文词间空格	of	of 	1	 were finally silenced and legions ofOrdo HereticusStormtroopersjoined t
826	901-912.M41 巴达布战争 Badab War	恢复英文词间空格	the	the 	1	 escaped the Palace of Thorns into theMaelstrom, the badly wounded Huron 
826	901-912.M41 巴达布战争 Badab War	恢复英文词间空格	The	The 	1	ent to those that had surrendered. TheMantis Warriors,Executioners, andLa
826	901-912.M41 巴达布战争 Badab War	恢复英文词间空格	and	and 	1	. TheMantis Warriors,Executioners, andLamenterswere shown mercy on the co
826	901-912.M41 巴达布战争 Badab War	恢复英文词间空格	the	the 	1	r Huron were instead given over to theAdministratum,Adeptus Mechanicus, a
826	901-912.M41 巴达布战争 Badab War	恢复英文词间空格	the	the 	1	om his wounds, renamed the chapter theRed Corsairs. Gradually delving int
826	901-912.M41 巴达布战争 Badab War	恢复英文词间空格	into	into 	1	theRed Corsairs. Gradually delving intoChaos, the Red Corsairs have been j
826	901-912.M41 巴达布战争 Badab War	恢复英文句间空格	.As	. As	1	d even pushing them back for a time.Assaultsquads on both sides shed thei
828	999.M41- 奥克塔琉斯战争 Octarius War	Field 对应的错别字	静滞立场	静滞力场	1	
829	999.M41 第十三次黑色远征 13th Black Crusade	恢复英文句间空格	.Ly	. Ly	1	"战斗

- Defence of the Basilica of St.Lysias — Dark Angels fought with the "
831	-999.M41 泰拉远征 Terran Crusade	Field 对应的错别字	盖勒立场	盖勒力场	1	
831	-999.M41 泰拉远征 Terran Crusade	错别字	开起盖勒	开启盖勒	1	
832	M42 黑暗帝国时代 Age of the Dark Imperium	恢复英文词间空格	of	of 	1	a Indomitus, is the current period ofImperialhistory, beginning after th
832	M42 黑暗帝国时代 Age of the Dark Imperium	恢复英文词间空格	of	of 	1	y, beginning after the destruction ofCadiain theThirteenth Black Crusade
832	M42 黑暗帝国时代 Age of the Dark Imperium	恢复英文词间空格	the	the 	1	ng after the destruction ofCadiain theThirteenth Black Crusadeand the for
832	M42 黑暗帝国时代 Age of the Dark Imperium	恢复英文词间空格	the	the 	1	" Black Crusadeand the formation of theGreat Rift.

黑暗帝国时代，也被称为不屈时代，是帝国历史的"
832	M42 黑暗帝国时代 Age of the Dark Imperium	恢复英文词间空格	Crusadeand	Crusade and	1	"on of Cadiain the Thirteenth Black Crusadeand the formation of the Great Rift.

"
833	001-025.M42 野兽战争(警戒星)上 War of Beasts	恢复英文句间空格	.Th	. Th	1	eaded*Planet Killer*to Sangua Terra.Though Hyperia was still contested, t
834	001-025.M42 野兽战争(警戒星)下 War of Beasts	Field 对应的错别字	盖勒立场	盖勒力场	1	
838	-012.M42 瘟疫战争 Plague Wars	恢复英文句间空格	.Th	. Th	1	orlds to the Plague Father's Garden.These diseases devastated many worlds
842	M42早期 噩兆方舟战役(上) Arks of Omen Campaign	Field 对应的错别字	盖勒立场	盖勒力场	1	
842	M42早期 噩兆方舟战役(上) Arks of Omen Campaign	Field 对应的错别字	静滞立场	静滞力场	1	
845	未知 沃尔盖特拯救 Deliverance of Vulgate	恢复英文词间空格	the	the 	1	 of Vulgate was a battle fought by theGrey Knights. It began when aShrine
845	未知 沃尔盖特拯救 Deliverance of Vulgate	恢复英文词间空格	a	a 	1	 by theGrey Knights. It began when aShrine WorldVulgaterun by theEccles
845	未知 沃尔盖特拯救 Deliverance of Vulgate	恢复英文词间空格	the	the 	1	an when aShrine WorldVulgaterun by theEcclesiarchywas overrun byDaemonsof
845	未知 沃尔盖特拯救 Deliverance of Vulgate	恢复英文词间空格	by	by 	1	erun by theEcclesiarchywas overrun byDaemonsofNurglefollowing the necrop
845	未知 沃尔盖特拯救 Deliverance of Vulgate	恢复英文词间空格	the	the 	1	rotection by their Razorbacks, and thePsycannonsmounted upon each gunned 
845	未知 沃尔盖特拯救 Deliverance of Vulgate	恢复英文词间空格	of	of 	1	unted upon each gunned down hordes ofPlaguebearers. Upon the successful 
853	毁灭风暴 Ruinstorm	恢复英文词间空格	the	the 	1	at appeared from 007-011.M31during theHorus Heresy, engineered byLorgarto
853	毁灭风暴 Ruinstorm	恢复英文词间空格	by	by 	1	during theHorus Heresy, engineered byLorgarto isolateloyalistforces. It 
853	毁灭风暴 Ruinstorm	恢复英文词间空格	by	by 	1	teloyalistforces. It was unleashed byErebusduring theBattle of Calth. Th
853	毁灭风暴 Ruinstorm	恢复英文词间空格	the	the 	1	s. It was unleashed byErebusduring theBattle of Calth. The Ruinstorm was 
853	毁灭风暴 Ruinstorm	恢复英文词间空格	the	the 	1	"sery and bloodshed he unleashed in theShadow Crusade.

毁灭风暴是007-011.M31荷鲁"
853	毁灭风暴 Ruinstorm	恢复英文词间空格	the	the 	1	"到了进一步的发展和完善。

While it was active, theWarpwas unnavigable to loyalist for"
853	毁灭风暴 Ruinstorm	恢复英文词间空格	of	of 	1	et passages known to Lorgar.Hordes ofDaemons of the Ruinstormwere also s
853	毁灭风暴 Ruinstorm	恢复英文词间空格	the	the 	1	"following the nefarious actions of theTraitor Legions.

当它处于活动状态时，亚空间对忠诚派"
853	毁灭风暴 Ruinstorm	恢复英文词间空格	the	the 	1	ces isolated by the Ruinstorm were theBlood AngelsLegion, the majority of
853	毁灭风暴 Ruinstorm	恢复英文词间空格	the	the 	1	 majority of which was marooned in theSignus Clusterand cut off from comm
853	毁灭风暴 Ruinstorm	恢复英文词间空格	with	with 	1	sterand cut off from communication withBaal.The storm became so severe tha
853	毁灭风暴 Ruinstorm	恢复英文词间空格	the	the 	1	ecundus, as a safety measure. Only thePharosallowed the loyalists to sail
853	毁灭风暴 Ruinstorm	恢复英文词间空格	at	at 	1	"sail through the storm and regroup atMacragge.

被毁灭风暴隔离的忠诚派部队中有圣血天使军团，其中"
853	毁灭风暴 Ruinstorm	恢复英文词间空格	the	the 	1	"允许忠诚派在风暴中航行，并在马库拉格重新集结。

Following theSecond Battle of Davin, the Ruinsto"
853	毁灭风暴 Ruinstorm	恢复英文句间空格	.Ho	. Ho	1	ing secret passages known to Lorgar.Hordes of Daemons of the Ruinstormwer
853	毁灭风暴 Ruinstorm	恢复英文句间空格	.Th	. Th	1	ut off from communication with Baal.The storm became so severe that Prima
855	银河系 Milky Way Galaxy	恢复英文句间空格	.Ty	. Ty	1	, most notably Hive Fleet Leviathan.Tyranid forces also include deadly Ge
858	帝国暗面 Imperium Nihilus	恢复英文句间空格	.Ch	. Ch	1	arison to those of Imperium Nihilus.Chaos fleets and warbands in particul
864	铸造世界 Forge World	恢复英文句间空格	.He	. He	1	"ed by the Tau Empire's Fal'shia Sep.HeliosHellgraceHephaesto
- 哈尔弗斯（前）- 被"
866	枢机世界 Cardinal World	恢复英文句间空格	.Gu	. Gu	1	" - Imperium
- 恶棍之陨 - 太平星域 - 帝国
- St.Guise - Imperium
- 圣吉斯 - 帝国
- Valedor"
868	文明世界 Civilised World	恢复英文句间空格	.No	. No	1	"erly Imperium/Former Refinery World.Now — Dead World
- 卡特吉努斯（前）/未知（就在太阳星域"
871	封建世界 Feudal World	删除混入字符	x星际战士新兵	星际战士新兵	1	
873	工业世界 Industrial World	恢复英文词间空格	the	the 	1	 Industrial World may have ties to theAdeptus Mechanicus, they do not own
873	工业世界 Industrial World	恢复英文词间空格	with	with 	1	" not own these worlds like they do withForge Worlds.

工业世界（也称为制造世界）是整个行星都致"
873	工业世界 Industrial World	恢复英文句间空格	.De	. De	1	 logistical and development efforts.Despite the fact that an Industrial W
874	骑士世界 Knight World	恢复英文词间空格	as	as 	1	"atic elite of noble families known asKnight Houses.

骑士世界是技术先进的封建世界，由被称为"
874	骑士世界 Knight World	恢复英文词间空格	the	the 	1	uring the ascendency of mankind in theDark Age of Technology, when humani
874	骑士世界 Knight World	恢复英文词间空格	from	from 	1	humanity first began to spread out fromTerraand theSol System. The initial
874	骑士世界 Knight World	恢复英文词间空格	the	the 	1	t began to spread out fromTerraand theSol System. The initial impetus to 
874	骑士世界 Knight World	恢复英文词间空格	The	The 	1	"的种族对原材料的需求，无论是肥沃的农业世界还是富含矿产的矿业世界。

TheLong Marchfleets despatched from Te"
874	骑士世界 Knight World	恢复英文词间空格	the	the 	1	"员拥有足够的权力，可以被视为他们世界事实上的统治者。

During theAge of Strife, these worlds were cu"
874	骑士世界 Knight World	恢复英文词间空格	the	the 	1	ght worlds were welcomed back into theImperiumduring theGreat Crusade, af
874	骑士世界 Knight World	恢复英文词间空格	the	the 	1	lcomed back into theImperiumduring theGreat Crusade, afterRogue Trader Mi
874	骑士世界 Knight World	恢复英文词间空格	the	the 	1	n JeffersrediscoveredChrysiswithin theSegmentum Solar. Since then, both t
874	骑士世界 Knight World	恢复英文词间空格	the	the 	1	eSegmentum Solar. Since then, both theHigh Lords of Terraand theAdeptus M
874	骑士世界 Knight World	恢复英文词间空格	the	the 	1	en, both theHigh Lords of Terraand theAdeptus Mechanicushave come to cour
874	骑士世界 Knight World	恢复英文词间空格	and	and 	1	"orlds has been split between Terra andMars.

在大远征期间，战斗派行商浪人巴斯蒂安·杰弗斯在太阳星域内"
874	骑士世界 Knight World	恢复英文词间空格	to	to 	1	ht Worlds, such as those belonging toHouse Taranis, will submit a tribut
874	骑士世界 Knight World	恢复英文词间空格	to	to 	1	" Segmentum Obscurus -Formerly home toHouse Orhlacc.
- 暗港（前）- 朦胧星域 - 前奥拉克"
874	骑士世界 Knight World	恢复英文词间空格	Terraand	Terra and	1	ity first began to spread out from Terraand the Sol System. The initial impetu
874	骑士世界 Knight World	恢复英文词间空格	Imperiumduring	Imperium during	1	worlds were welcomed back into the Imperiumduring the Great Crusade, afterRogue Trad
874	骑士世界 Knight World	恢复英文词间空格	Terraand	Terra and	1	Since then, both the High Lords of Terraand the Adeptus Mechanicushave come to
874	骑士世界 Knight World	恢复英文词间空格	Mechanicushave	Mechanicus have	1	High Lords of Terraand the Adeptus Mechanicushave come to court the power and techno
875	矿业世界 Mining World	恢复英文词间空格	the	the 	1	e or any other mineral demanded by theImperium. Many of these worlds are 
877	刑罚世界 Penal World	恢复英文词间空格	the	the 	1	 Worlds is aclassificationgiven by theImperium, to worlds that are used t
877	刑罚世界 Penal World	恢复英文词间空格	its	its 	1	"hief authority of a Penal World is itsGovernor-Warden.

刑罚世界是帝国对用来关押违反其法律"
877	刑罚世界 Penal World	恢复英文句间空格	.Th	. Th	1	anconvicts who have broken its laws.The chief authority of a Penal World 
877	刑罚世界 Penal World	恢复英文句间空格	.Ot	. Ot	1	ears of hard labour in a penal camp.Other times an innocentGuardsmanis se
879	战争世界 War World	恢复英文词间空格	the	the 	1	orlds are classed as war zones, in theImperiumthere are a great many worl
879	战争世界 War World	恢复英文词间空格	The	The 	1	 feral packs stealing and killing. TheAdministratumsends colonists fromov
879	战争世界 War World	恢复英文词间空格	an	an 	1	"eron IV - Imperiumfought here with anOrksofWaaagh!Uggrot
- 黄泉四号 - 帝国在这里与"
879	战争世界 War World	恢复英文词间空格	an	an 	1	"inoris - Imperiumfought there with anOrks
- 阿塔利亚次星 - 帝国在那里与欧克作战
- Avalan"
879	战争世界 War World	恢复英文词间空格	the	the 	1	 Avalan - Imperiumfight there with theChaos Cultuprising. Also —Hive Worl
879	战争世界 War World	恢复英文词间空格	by	by 	1	"an System -Currently being invaded byHive Fleet Kraken
- 巴别塔船坞 - 极限星域 - "
879	战争世界 War World	恢复英文词间空格	between	between 	1	"mentum Pacificus -Site of a battle betweenOrksand the forces of theImperium
-"
879	战争世界 War World	恢复英文词间空格	the	the 	1	"attle betweenOrksand the forces of theImperium
- 巴勒一号 - 太平星域 - 欧克与帝国部队交战的"
879	战争世界 War World	恢复英文词间空格	between	between 	1	"的地点
- Bleakfrost -Site of a battle betweenOrksand the forces of theImperium
-"
879	战争世界 War World	恢复英文词间空格	the	the 	1	"attle betweenOrksand the forces of theImperium
- 寒霜星 - 欧克与帝国部队交战的地点
- Boo"
879	战争世界 War World	恢复英文词间空格	the	the 	1	or - ExcoriatorsChapterfought with theBlack Legionthere; alsoCemetery Wor
879	战争世界 War World	恢复英文词间空格	by	by 	1	"在那里与黑色军团作战；墓地世界
- Coronis -Invaded byHive Fleet Scarabus
- 科洛尼斯 - 被虫巢舰队斯"
879	战争世界 War World	恢复英文词间空格	by	by 	1	"re Cabulis System are under attack byWaaagh! Gragnatz
- 南十字星 - 太平星域 - 卡布"
879	战争世界 War World	恢复英文词间空格	between	between 	1	Ultima Segmentum -Site of a battle betweenOrksand the forces of theImperium. 
879	战争世界 War World	恢复英文词间空格	the	the 	1	attle betweenOrksand the forces of theImperium. Also —Ice World, formerAg
879	战争世界 War World	恢复英文词间空格	the	the 	1	 has been invaded by the forces of theDark Eldar,OrksandChaos. Also —Ice 
879	战争世界 War World	恢复英文词间空格	between	between 	1	"
- Demogorgon IV -Site of a battle betweenOrksand theBlood AngelsChapter. Als"
879	战争世界 War World	恢复英文词间空格	the	the 	1	V -Site of a battle betweenOrksand theBlood AngelsChapter. Also —Death Wo
879	战争世界 War World	恢复英文词间空格	by	by 	1	re Cabulis System are under attack byWaaagh! Gragnatz. Also —Maiden Worl
879	战争世界 War World	恢复英文词间空格	a	a 	1	 currently fighting an uprising by aChaos Cult, with the aid ofDaemons.
879	战争世界 War World	恢复英文词间空格	of	of 	1	ising by aChaos Cult, with the aid ofDaemons.Grey Knightcame to save the
879	战争世界 War World	恢复英文词间空格	with	with 	1	"um Tempestus - Imperiumis fighting withTyranidshere
- 格拉尼查四号 - 暴风星域 - 帝国正在"
879	战争世界 War World	恢复英文词间空格	a	a 	1	em -Imperium is currently fighting aChaosinvasion here. Also —Shrine Wo
879	战争世界 War World	恢复英文词间空格	the	the 	1	"- Hranx -Imperium is fighting with theAlpha Legionhere. Also —Hive World
"
879	战争世界 War World	恢复英文词间空格	a	a 	1	do - Imperiumis currently fighting aChaosinvasion here. Also —Hive Worl
879	战争世界 War World	恢复英文词间空格	with	with 	1	"世界
- Kastion IV - Imperiumfighting withTraitorforces here
- 卡斯提昂四号 - 帝国在这里"
879	战争世界 War World	恢复英文词间空格	the	the 	1	" - Black Templarsare fighting with theKhorne Berserkershere
- 克罗诺斯二号 - 黑色"
879	战争世界 War World	恢复英文词间空格	the	the 	1	"gmentum - Imperiumis fighting with theTauhere
- 克罗那塔一号 - 极限星域 - 帝国正在这里与钛作"
879	战争世界 War World	恢复英文词间空格	the	the 	1	"s -The planet is the front line of theWrack War
- 恶意星 - 朦胧星域 - 卡利西斯星区 - 哈"
879	战争世界 War World	恢复英文词间空格	an	an 	1	ma Segmentum - Moran System -It is anImperiumworld, currently being inva
879	战争世界 War World	恢复英文词间空格	by	by 	1	"riumworld, currently being invaded byHive FleetKraken
- 马克西玛·莫兰 - 极限星域 -"
879	战争世界 War World	恢复英文词间空格	a	a 	1	tima Segmentum -Currently fighting aTyranidinvasion. Also —Mining World
879	战争世界 War World	恢复英文词间空格	the	the 	1	"is IV - Catachansare fighting with theNecronshere. Also —Jungle World
- 穆"
879	战争世界 War World	恢复英文词间空格	with	with 	1	Optima Prima - Imperiumis fighting withNurgleforces here. Also —Mining Wor
879	战争世界 War World	恢复英文词间空格	with	with 	1	tum Obscurus - Imperiumis fighting withAbaddon's forces here. Also —Indust
879	战争世界 War World	恢复英文词间空格	by	by 	1	atine III -Currently being invaded byOrks. Also —Forge WorldandOrk World
879	战争世界 War World	恢复英文词间空格	by	by 	1	h Station. Currently being invaded byDaemons.Grey Knightsbravely fought 
879	战争世界 War World	恢复英文词间空格	the	the 	1	"tly has declared independence from theImperiumandCalixis Sector
- 普罗塔西亚 -"
879	战争世界 War World	恢复英文词间空格	the	the 	1	 Rashad Prime -Has been invaded by theOracles of Change. Also —Industrial
879	战争世界 War World	恢复英文词间空格	with	with 	1	"m(includingImperial Knights) fight withOrks
- 鲁伊纳提亚 - 帝国（包括帝国骑士）与欧克作战
- Se"
879	战争世界 War World	恢复英文词间空格	with	with 	1	"战
- Sephlagm - Imperiumis fighting withChaoshere. Also —hive World
- 塞弗拉格 "
879	战争世界 War World	恢复英文词间空格	a	a 	1	ph Prime -Is currently the site of aXenoinspired rebellion amongst its 
879	战争世界 War World	恢复英文词间空格	with	with 	1	"业世界
- Tarnis - Imperiumis fighting withChaosandOrkshere. Also —Industrial "
879	战争世界 War World	恢复英文词间空格	by	by 	1	"re Cabulis System are under attack byWaaagh! Gragnatz. Also —Hive World
"
879	战争世界 War World	恢复英文词间空格	the	the 	1	"。也是巢都世界
- Torhaven - Deathwatchand theUltramarinestrying to eliminate the"
879	战争世界 War World	恢复英文词间空格	the	the 	1	"theUltramarinestrying to eliminate theGenestealer Culthere
- 托尔港 - 死亡守望和极"
879	战争世界 War World	恢复英文词间空格	with	with 	1	"界
- Verdicon - Imperiumis fighting withTyranidsandEldarhere. Also —Jungle "
879	战争世界 War World	恢复英文词间空格	from	from 	1	egmentum - Ultramar -Under assault fromChaosforces维尔米迪尔 - 极限星域 - 奥特拉玛 - 在混
879	战争世界 War World	恢复英文词间空格	the	the 	1	 site of an ongoing battle between theUltramarinesandNecrons
879	战争世界 War World	恢复英文词间空格	Orksand	Orks and	1	"acificus -Site of a battle between Orksand the forces of the Imperium
- 巴勒一号 "
879	战争世界 War World	恢复英文词间空格	Orksand	Orks and	1	"eakfrost -Site of a battle between Orksand the forces of the Imperium
- 寒霜星 -"
879	战争世界 War World	恢复英文词间空格	Orksand	Orks and	1	egmentum -Site of a battle between Orksand the forces of the Imperium. Also —
879	战争世界 War World	恢复英文词间空格	Orksand	Orks and	1	orgon IV -Site of a battle between Orksand the Blood AngelsChapter. Also —Dea
879	战争世界 War World	恢复英文词间空格	Imperiumis	Imperium is	1	"Granica IV - Segmentum Tempestus - Imperiumis fighting with Tyranidshere
- 格拉尼查四"
879	战争世界 War World	恢复英文词间空格	Chaosinvasion	Chaos invasion	1	" -Imperium is currently fighting a Chaosinvasion here. Also —Shrine World
- 冈多拉 - 特"
879	战争世界 War World	恢复英文词间空格	Imperiumis	Imperium is	1	"斯 - 帝国正在这里与阿尔法军团作战。也是巢都世界
- Kado - Imperiumis currently fighting a Chaosinvasion"
879	战争世界 War World	恢复英文词间空格	Chaosinvasion	Chaos invasion	1	" - Imperiumis currently fighting a Chaosinvasion here. Also —Hive World
- 卡多 - 帝国目前"
879	战争世界 War World	恢复英文词间空格	Imperiumis	Imperium is	1	"昂四号 - 帝国在这里与叛徒部队作战
- Khadenghast - Imperiumis fighting with renegade militia her"
879	战争世界 War World	恢复英文词间空格	Imperiumis	Imperium is	1	"onratha Prime - Ultima Segmentum - Imperiumis fighting with the Tauhere
- 克罗那塔一号"
879	战争世界 War World	恢复英文词间空格	Imperiumworld	Imperium world	1	Segmentum - Moran System -It is an Imperiumworld, currently being invaded by Hive F
879	战争世界 War World	恢复英文词间空格	Tyranidinvasion	Tyranid invasion	1	"ma Segmentum -Currently fighting a Tyranidinvasion. Also —Mining World
- 摩洛三号 - 极限星域 "
879	战争世界 War World	恢复英文词间空格	Imperiumis	Imperium is	1	"人正在这里与死灵战斗。也是丛林世界
- Optima Prima - Imperiumis fighting with Nurgleforces here. A"
879	战争世界 War World	恢复英文词间空格	Imperiumis	Imperium is	1	"巢都世界
- Orax - Segmentum Obscurus - Imperiumis fighting with Abaddon's forces her"
879	战争世界 War World	恢复英文词间空格	Imperiumis	Imperium is	1	"纳提亚 - 帝国（包括帝国骑士）与欧克作战
- Sephlagm - Imperiumis fighting with Chaoshere. Also —hiv"
879	战争世界 War World	恢复英文词间空格	Imperiumis	Imperium is	1	"是其人口中受异型启发的叛乱的地点。也是工业世界
- Tarnis - Imperiumis fighting with ChaosandOrkshere. Al"
879	战争世界 War World	恢复英文词间空格	Imperiumforces	Imperium forces	1	ixis Sector - Adrantis Subsector - Imperiumforces are fighting with the brutal mutan
879	战争世界 War World	恢复英文词间空格	Imperiumis	Imperium is	1	"在这里与残酷的变种人叛乱作战。也是巢都世界
- Verdicon - Imperiumis fighting with TyranidsandEldarhere"
879	战争世界 War World	恢复英文句间空格	.Gr	. Gr	1	"Chaos Cult, with the aid of Daemons.Grey Knightcame to save the planet
- "
879	战争世界 War World	恢复英文句间空格	.Gr	. Gr	1	 Currently being invaded by Daemons.Grey Knightsbravely fought with their
880	哨兵世界 Sentinel World	恢复英文词间空格	of	of 	1	ion World, is a new classification ofImperiumworlds that were introduced
880	哨兵世界 Sentinel World	恢复英文词间空格	by	by 	1	mperiumworlds that were introduced byLord CommanderGuillimanin the after
880	哨兵世界 Sentinel World	恢复英文词间空格	the	the 	1	manderGuillimanin the aftermath of theGreat Rift's creation. They are des
880	哨兵世界 Sentinel World	恢复英文词间空格	the	the 	1	arks against the horrors besetting theImperium Nihilusbeyond their aegis.
880	哨兵世界 Sentinel World	恢复英文词间空格	Imperiumworlds	Imperium worlds	1	 World, is a new classification of Imperiumworlds that were introduced by Lord Comma
880	哨兵世界 Sentinel World	恢复英文词间空格	Nihilusbeyond	Nihilus beyond	1	"the horrors besetting the Imperium Nihilusbeyond their aegis.

哨兵世界，也称为堡垒世界，是一种新的帝国"
881	矿场世界 Quarry World	恢复英文词间空格	of	of 	1	arry World is a new classification ofImperiumworlds that were introduced
881	矿场世界 Quarry World	恢复英文词间空格	the	the 	1	ere introduced in the aftermath of theGreat Rift's creation. They are ric
881	矿场世界 Quarry World	恢复英文词间空格	is	is 	1	resources, the most vital of which isBlackstone. Because of this, these 
881	矿场世界 Quarry World	恢复英文词间空格	the	the 	1	eavily targeted for excavations by theAdeptus Mechanicus,Necronand theDar
881	矿场世界 Quarry World	恢复英文词间空格	the	the 	1	"by theAdeptus Mechanicus,Necronand theDark Eldar.

矿场世界是大裂隙形成后引入的新帝国世界分类。"
881	矿场世界 Quarry World	恢复英文词间空格	the	the 	1	"tep II -Currently being invaded by theNecron.
- 阿蒙泰普二号 - 目前正被死灵入侵。
- Auro"
881	矿场世界 Quarry World	恢复英文词间空格	the	the 	1	"mentum -Currently being invaded by theNecron.
- 奥罗斯四号 - 极限星域 - 目前正被死灵入侵。
"
881	矿场世界 Quarry World	恢复英文词间空格	the	the 	1	"mentum -Currently being invaded by theNecron.
- 贝鲁斯一号 - 极限星域 - 目前正被死灵入侵。
"
881	矿场世界 Quarry World	恢复英文词间空格	the	the 	1	"mentum -Currently being invaded by theNecron.
- 龙之终 - 极限星域 -目前正被死灵入侵。
- M"
881	矿场世界 Quarry World	恢复英文词间空格	the	the 	1	"mentum -Currently being invaded by theNecron.
- 梅塔利卡 - 极限星域 -目前正被死灵入侵。
- "
881	矿场世界 Quarry World	恢复英文词间空格	the	the 	1	"mentum -Currently being invaded by theNecron.
- 安弗尔特九号 - 极限星域 - 目前正被死灵入侵。"
881	矿场世界 Quarry World	恢复英文词间空格	the	the 	1	"ificus -Currently being invaded by theNecron.
- 乌尔德什 - 太平星域 - 目前正被死灵入侵。
-"
881	矿场世界 Quarry World	恢复英文词间空格	the	the 	1	"mentum -Currently being invaded by theNecron.
- 沃林斯 - 极限星域 - 目前正被死灵入侵。
- "
881	矿场世界 Quarry World	恢复英文词间空格	the	the 	1	" Solar -Currently being invaded by theNecron.
- 沃斯一号 - 太阳星域 -目前正被死灵入侵。"
881	矿场世界 Quarry World	恢复英文词间空格	Imperiumworlds	Imperium worlds	1	y World is a new classification of Imperiumworlds that were introduced in the afterm
881	矿场世界 Quarry World	恢复英文词间空格	Necronand	Necron and	1	"avations by the Adeptus Mechanicus,Necronand the Dark Eldar.

矿场世界是大裂隙形成后引入的新帝国"
882	仓库世界 Repository World	恢复英文词间空格	the	the 	1	mento Munitorumruled worlds across theGalaxyand they are essential to the
882	仓库世界 Repository World	恢复英文词间空格	the	the 	1	theGalaxyand they are essential to theImperium's survival, as their resou
882	仓库世界 Repository World	恢复英文词间空格	their	their 	1	 that have been pledged to deliver theirTithesto specific Repository Worlds
882	仓库世界 Repository World	恢复英文词间空格	the	the 	1	sto specific Repository Worlds, by theLex Imperialis. The delivery of the
884	商人世界 Merchant World	恢复英文词间空格	an	an 	1	erchant World is the term given to anImperialplanet whose population, ne
885	电池世界 Battery World	恢复英文词间空格	an	an 	1	Battery World is the term given to anImperialplanet, that uses its resou
886	伐木世界 Lumber World	恢复英文词间空格	are	are 	1	Lumber Worlds areForest Worlds, that serve as a sour
886	伐木世界 Lumber World	恢复英文词间空格	the	the 	1	"at serve as a source of lumber for theImperium.

伐木世界是森林世界，是帝国的木材来源。"
888	科罗尼德深渊 Coronid Deeps	恢复英文词间空格	the	the 	1	eeps, was a northeastern region of theImperiumbordering bothSegmentum Obs
888	科罗尼德深渊 Coronid Deeps	恢复英文词间空格	both	both 	1	ern region of theImperiumbordering bothSegmentum ObscurusandUltima Segment
888	科罗尼德深渊 Coronid Deeps	恢复英文词间空格	the	the 	1	" ObscurusandUltima Segmentumduring theGreat Crusade.

科罗尼德深渊是帝国东北部的一个地区，在"
888	科罗尼德深渊 Coronid Deeps	恢复英文词间空格	Segmentumduring	Segmentum during	1	"g both Segmentum ObscurusandUltima Segmentumduring the Great Crusade.

科罗尼德深渊是帝国东北部的一"
888	科罗尼德深渊 Coronid Deeps	恢复英文词间空格	the	the 	1	"nd as such sawheavy fightingduring theHorus Heresy.

这是一个高度工业化和具有战略价值的太空地"
888	科罗尼德深渊 Coronid Deeps	恢复英文词间空格	the	the 	1	"ds Deeps had been reorganised into theGothic Sector.

到第12次黑色远征时，科罗尼德深渊的空"
889	铁带 Belt of Iron	恢复英文词间空格	of	of 	1	ion of space, comprising thousands ofSystemsacross the borders ofSegment
889	铁带 Belt of Iron	恢复英文词间空格	of	of 	1	usands ofSystemsacross the borders ofSegmentum TempestusandSegmentum Pac
889	铁带 Belt of Iron	恢复英文词间空格	the	the 	1	"hich warred upon each other during theHorus Heresy.

铁带是一个广阔的空间区域，由跨越暴风星域"
889	铁带 Belt of Iron	恢复英文词间空格	the	the 	1	e Belt of Iron were settled before theAge of Strifeand managed to weather
889	铁带 Belt of Iron	恢复英文词间空格	the	the 	1	stablished their own empires. When theGreat Crusadepushed into the region
889	铁带 Belt of Iron	恢复英文词间空格	and	and 	1	expansion recruitedGraia,Kalibrax, andUrdeshand their respectiveTitan Leg
889	铁带 Belt of Iron	恢复英文词间空格	the	the 	1	. During this time, forces such as theLegio AstramanandLegio Kulisaetaifo
889	铁带 Belt of Iron	恢复英文词间空格	from	from 	1	e Crusade the Belt of Iron spanned fromAtar-Medianto Graia andValia-Maxima
889	铁带 Belt of Iron	恢复英文词间空格	and	and 	1	on spanned fromAtar-Medianto Graia andValia-Maximal. During the subsequen
889	铁带 Belt of Iron	恢复英文词间空格	of	of 	1	ed a fertile ground for the agents ofFabricator-GeneralKelbor-Haland man
889	铁带 Belt of Iron	恢复英文词间空格	the	the 	1	Haland many worlds rose up against theEmperor. In the ensuingCataclysm of
890	47-16 Forty-seven sixteen	恢复英文词间空格	the	the 	1	Forty-seven sixteen was theImperialdesignation given to aHuman
890	47-16 Forty-seven sixteen	恢复英文词间空格	a	a 	1	as theImperialdesignation given to aHumanWorld destroyed by theWord Bea
890	47-16 Forty-seven sixteen	恢复英文词间空格	the	the 	1	 given to aHumanWorld destroyed by theWord Bearersduring theGreat Crusade
890	47-16 Forty-seven sixteen	恢复英文词间空格	the	the 	1	destroyed by theWord Bearersduring theGreat Crusade. Its name before enco
890	47-16 Forty-seven sixteen	恢复英文词间空格	the	the 	1	es, the people of 47-16 worshipped theEmperoras a god due to a copy of th
890	47-16 Forty-seven sixteen	恢复英文词间空格	the	the 	1	heEmperoras a god due to a copy of theLectitio Divinitatusthey had receiv
890	47-16 Forty-seven sixteen	恢复英文词间空格	of	of 	1	ivilization, and had come to think ofTerraas a myth. As a result, they w
890	47-16 Forty-seven sixteen	恢复英文词间空格	as	as 	1	r commanders at the briefing (such asSor Talgron) believed that the popu
890	47-16 Forty-seven sixteen	恢复英文词间空格	with	with 	1	rminated. The First Captain, along withErebus, communicated the news to th
890	47-16 Forty-seven sixteen	恢复英文词间空格	the	the 	1	lt on the city in cooperation with theLegio Cyberneticaand a small contin
890	47-16 Forty-seven sixteen	恢复英文词间空格	of	of 	1	 Cyberneticaand a small contingent ofCustodesled byAquillon. Despite fie
890	47-16 Forty-seven sixteen	恢复英文词间空格	by	by 	1	d a small contingent ofCustodesled byAquillon. Despite fierce resistance
890	47-16 Forty-seven sixteen	恢复英文词间空格	the	the 	1	orgar maintained that ignorance of theImperial Truthwas no excuse for her
890	47-16 Forty-seven sixteen	恢复英文词间空格	Emperoras	Emperor as	1	the people of 47-16 worshipped the Emperoras a god due to a copy of the Lectiti
890	47-16 Forty-seven sixteen	恢复英文词间空格	Terraas	Terra as	1	lization, and had come to think of Terraas a myth. As a result, they were ove
897	科尔沃西 Korvosi	恢复英文词间空格	the	the 	1	olossi, was a formerKnight Worldof theImperium.It is now adaemon worldand
897	科尔沃西 Korvosi	恢复英文词间空格	the	the 	1	 worldand current seat of power of theDaemon PrinceBe'lakor, along with b
897	科尔沃西 Korvosi	恢复英文词间空格	the	the 	1	"r, along with being thehomeworldof theChaos KnightsofHouse Korvax.

科尔沃西，"
897	科尔沃西 Korvosi	恢复英文词间空格	the	the 	1	"Overview 概述**

Kolossi was home to theKnightsofHouse Raven, amongst the m"
897	科尔沃西 Korvosi	恢复英文词间空格	the	the 	1	st powerful, famed and numerous of theQuestor MechanicusKnight Houses. Wh
897	科尔沃西 Korvosi	恢复英文词间空格	the	the 	1	se cities was the fortress-city of theKeep Inviolate. Onlythe FangonFenri
897	科尔沃西 Korvosi	恢复英文词间空格	the	the 	1	Inviolate. Onlythe FangonFenrisand theEmperor's PalaceonTerrastand as mig
897	科尔沃西 Korvosi	恢复英文词间空格	the	the 	1	nd here amongst its foundation lay theVault Transcendent, containing Hous
897	科尔沃西 Korvosi	恢复英文词间空格	the	the 	1	"家族的大量骑士机甲和遗物。

**Fall 堕落**

During theCharadon CampaignKolossi met its en"
897	科尔沃西 Korvosi	恢复英文词间空格	the	the 	1	olossi met its end at the hands of theDaemon PrinceBe'lakor, who unleashe
897	科尔沃西 Korvosi	恢复英文词间空格	Worldof	World of	1	own as Kolossi, was a formerKnight Worldof the Imperium.It is now adaemon wor
897	科尔沃西 Korvosi	恢复英文句间空格	.It	. It	1	 formerKnight World of the Imperium.It is now adaemon worldand current se
897	科尔沃西 Korvosi	恢复英文词间空格	for	for 	1	ghts codex, during the description forBaronDaklorn, the planet's name is 
897	科尔沃西 Korvosi	恢复英文句间空格	.Th	. Th	1	 planet's name is given as Kollossi.This is presumably a spelling error, 
898	泰瑞昂 Terion	恢复英文词间空格	a	a 	1	"aradise World
- 类别：天堂世界

Terion is aParadise Worldof theImperium.

泰瑞昂是"
898	泰瑞昂 Terion	恢复英文词间空格	the	the 	1	"：天堂世界

Terion is aParadise Worldof theImperium.

泰瑞昂是帝国的天堂世界。

In the daw"
898	泰瑞昂 Terion	恢复英文词间空格	the	the 	1	n was the site of a battle between theBlood Angels, led byCommanderDante,
898	泰瑞昂 Terion	恢复英文词间空格	by	by 	1	attle between theBlood Angels, led byCommanderDante, and an unholy allia
898	泰瑞昂 Terion	恢复英文词间空格	the	the 	1	erDante, and an unholy alliance of theNight Lordsand theBrotherhood of Da
898	泰瑞昂 Terion	恢复英文词间空格	the	the 	1	holy alliance of theNight Lordsand theBrotherhood of Darkness. The battle
898	泰瑞昂 Terion	恢复英文词间空格	Worldof	World of	1	"ld
- 类别：天堂世界

Terion is a Paradise Worldof the Imperium.

泰瑞昂是帝国的天堂世界。

In th"
899	朦胧星 Obscurus	删除误重复字	法里斯的的混沌部	法里斯的混沌部	1	
899	朦胧星 Obscurus	恢复英文词间空格	an	an 	1	"Penal World
- 类别：刑罚世界

Obscurus is anImperiumPenal World.

朦胧星是一个帝国的刑罚世界"
899	朦胧星 Obscurus	恢复英文词间空格	the	the 	1	e invaded at the same time by both theOrkforces ofWarbossManstompa Megaki
899	朦胧星 Obscurus	恢复英文词间空格	of	of 	1	the same time by both theOrkforces ofWarbossManstompa Megakillaand theCh
899	朦胧星 Obscurus	恢复英文词间空格	the	the 	1	es ofWarbossManstompa Megakillaand theChaosforces of theSorcererAnupharis
899	朦胧星 Obscurus	恢复英文词间空格	the	the 	1	mpa Megakillaand theChaosforces of theSorcererAnupharis the Cruel. Its de
899	朦胧星 Obscurus	恢复英文词间空格	the	the 	1	s deliverance came at the hands of theBlood RavensCaptainApollo Diomedes,
899	朦胧星 Obscurus	恢复英文词间空格	Orkforces	Ork forces	1	vaded at the same time by both the Orkforces of WarbossManstompa Megakillaand t
899	朦胧星 Obscurus	恢复英文词间空格	Chaosforces	Chaos forces	1	 WarbossManstompa Megakillaand the Chaosforces of the SorcererAnupharis the Cruel
900	阿刻戎 Acheron	恢复英文词间空格	the	the 	1	"d accursed world that emerges from theWarpevery 5,000 years

阿刻戎是一个神秘而被诅咒"
900	阿刻戎 Acheron	恢复英文词间空格	the	the 	1	lds a catastrophic weapon known as theSpear of Khaine. Now the forces of 
900	阿刻戎 Acheron	恢复英文词间空格	the	the 	1	Spear of Khaine. Now the forces of theBlood RavensChapter MasterGabriel A
900	阿刻戎 Acheron	恢复英文词间空格	the	the 	1	vensChapter MasterGabriel Angelos, theEldarBiel-TanFarseerMachaand theOrk
900	阿刻戎 Acheron	恢复英文词间空格	the	the 	1	s, theEldarBiel-TanFarseerMachaand theOrkWarlordGorgutz 'Ead 'Unter, are 
900	阿刻戎 Acheron	恢复英文词间空格	by	by 	1	d, it revealed to have been a ruse byChaosforces to unleash aDaemonichor
900	阿刻戎 Acheron	恢复英文词间空格	a	a 	1	en a ruse byChaosforces to unleash aDaemonichorde. Desperate, Gabriel A
900	阿刻戎 Acheron	恢复英文词间空格	a	a 	1	briel Angelos deliberately crashed aBattle Bargeinto one of Acheron's f
900	阿刻戎 Acheron	恢复英文词间空格	Chaosforces	Chaos forces	1	it revealed to have been a ruse by Chaosforces to unleash a Daemonichorde. Desper
901	寒霜星 Bleakfrost	恢复英文词间空格	between	between 	1	"Bleakfrost is the site of a battle betweenOrksand the forces of theImperium.
"
901	寒霜星 Bleakfrost	恢复英文词间空格	the	the 	1	"attle betweenOrksand the forces of theImperium.

寒霜星是欧克和帝国部队之间战斗的地点。

Bas"
901	寒霜星 Bleakfrost	恢复英文词间空格	the	the 	1	ore they could press their attack, theNovamarinesChapterdeployed a force 
901	寒霜星 Bleakfrost	恢复英文词间空格	of	of 	1	NovamarinesChapterdeployed a force ofDevastatorsandSternguardin front of
901	寒霜星 Bleakfrost	恢复英文词间空格	of	of 	1	or six hours until a reinforcement ofTitansarrived and threw the Orks ba
901	寒霜星 Bleakfrost	恢复英文词间空格	Orksand	Orks and	1	"st is the site of a battle between Orksand the forces of the Imperium.

寒霜星是欧"
902	塔尔尼斯 Tarnis	恢复英文词间空格	a	a 	1	"Tarnis is aWar Worldof theImperium

塔尔尼斯是帝国的战争"
902	塔尔尼斯 Tarnis	恢复英文词间空格	the	the 	1	"Tarnis is aWar Worldof theImperium

塔尔尼斯是帝国的战争世界

Basic Data "
902	塔尔尼斯 Tarnis	恢复英文词间空格	the	the 	1	"
Tarnis was once the home world of theImperial KnightsofHouse Drakkus, be"
902	塔尔尼斯 Tarnis	恢复英文词间空格	the	the 	1	 an invadingKhorneWarband, lead by theFallenZufiel. The Warband was just 
902	塔尔尼斯 Tarnis	恢复英文词间空格	the	the 	1	of the forces to invade Tarnis, as theWaaagh!ofWarbossNekkrunchamade plan
902	塔尔尼斯 Tarnis	恢复英文词间空格	of	of 	1	ces to invade Tarnis, as theWaaagh!ofWarbossNekkrunchamade planetfall as
902	塔尔尼斯 Tarnis	恢复英文词间空格	a	a 	1	hope looked lost for Tarnis, until aDark Angelsstrike force led byMaste
902	塔尔尼斯 Tarnis	恢复英文词间空格	by	by 	1	until aDark Angelsstrike force led byMasterTigrainesoon arrived to save 
902	塔尔尼斯 Tarnis	恢复英文词间空格	a	a 	1	ion where they planned to complete aChaosritual; that allowing them to 
902	塔尔尼斯 Tarnis	恢复英文词间空格	the	the 	1	e mightyBloodthirsterFelfurionfrom theWarp.The last surviving Knight of H
902	塔尔尼斯 Tarnis	恢复英文词间空格	the	the 	1	forces. They were further aided by theIron Warden of Tarnis:Altorus. The 
902	塔尔尼斯 Tarnis	恢复英文词间空格	Worldof	World of	1	"Tarnis is a War Worldof the Imperium

塔尔尼斯是帝国的战争世界

Basic "
902	塔尔尼斯 Tarnis	恢复英文句间空格	.Th	. Th	1	BloodthirsterFelfurionfrom the Warp.The last surviving Knight of House Dr
903	维迪康 Verdicon	恢复英文词间空格	a	a 	1	" World
- 类别：战争世界，丛林世界

Verdicon is aJungle World, that has beeninvadedb"
903	维迪康 Verdicon	恢复英文词间空格	the	the 	1	"，已经被虫巢舰队克拉肯入侵。

SeveralRegimentsof theCatachanImperial Guardand a task fo"
903	维迪康 Verdicon	恢复英文词间空格	the	the 	1	mperial Guardand a task force from theDark AngelsChapterare fighting to s
903	维迪康 Verdicon	恢复英文词间空格	the	the 	1	are fighting to save Verdicon, but theEldarofCraftworldAlaitocare intent 
903	维迪康 Verdicon	恢复英文词间空格	Guardand	Guard and	1	alRegimentsof the CatachanImperial Guardand a task force from the Dark AngelsC
904	拉沙德一号 Rashad Prime	恢复英文词间空格	an	an 	1	"类别：战争世界，工业世界，农业世界

Rashad Prime is anImperiumworld that has been invaded"
904	拉沙德一号 Rashad Prime	恢复英文词间空格	the	the 	1	"riumworld that has been invaded by theOracles of ChangeWarband.

拉沙德一号是一个"
904	拉沙德一号 Rashad Prime	恢复英文词间空格	its	its 	1	"ustenance Rashad Prime provides to itsSector's military forces.

变化神谕的入侵也"
904	拉沙德一号 Rashad Prime	恢复英文词间空格	Imperiumworld	Imperium world	1	"战争世界，工业世界，农业世界

Rashad Prime is an Imperiumworld that has been invaded by the Oracl"
905	奥罗斯四号 Auros IV	恢复英文词间空格	a	a 	1	" World
- 类别：战争世界，矿场世界

Auros IV is aQuarry Worldthat is currently being"
905	奥罗斯四号 Auros IV	恢复英文词间空格	the	the 	1	"that is currently being invaded by theNecrons.

奥罗斯四号是一个矿场世界，目前正被死灵入侵。"
905	奥罗斯四号 Auros IV	恢复英文词间空格	Worldthat	World that	1	"类别：战争世界，矿场世界

Auros IV is a Quarry Worldthat is currently being invaded by the "
906	伊格纳修斯枢机 Ignatius Cardinal	恢复英文词间空格	the	the 	1	" simply as Ignatius) is a world of theImperium.

伊格纳修斯枢机（也简称伊格纳修斯）是一个帝国世界"
906	伊格纳修斯枢机 Ignatius Cardinal	恢复英文词间空格	a	a 	1	"
**Overview 概述**

The planet hosts aSchola Progeniumfacility, known as "
906	伊格纳修斯枢机 Ignatius Cardinal	恢复英文词间空格	of	of 	1	as located within visible distance ofIgnatius(the world's capital city) 
907	罗瑟恩一号 Rothern I	恢复英文词间空格	an	an 	1	"ion:Imperium
- 隶属：帝国

Rothern I is anImperialworld.

罗瑟恩一号是一个帝国世界。

**Hi"
907	罗瑟恩一号 Rothern I	恢复英文词间空格	The	The 	1	"d.

罗瑟恩一号是一个帝国世界。

**History 历史**

TheVindicatorwas developed in 356-372."
907	罗瑟恩一号 Rothern I	恢复英文词间空格	the	the 	1	reets of Stahlenberg,Techmarinesof theUltramarinesLegionmounted modifiedm
907	罗瑟恩一号 Rothern I	恢复英文词间空格	by	by 	1	r firepower than could be mustered byHereticforces within the confines o
909	皮希纳四号 Piscina IV	恢复英文词间空格	an	an 	1	"ing World
- 类别：矿业世界

Piscina IV is anImperialmining planet that was the "
909	皮希纳四号 Piscina IV	恢复英文词间空格	a	a 	1	"mining planet that was the site of aDark Angelsstronghold.

皮希纳四号是一颗帝国矿"
909	皮希纳四号 Piscina IV	恢复英文词间空格	the	the 	1	"verview 概述**

Though controlled by theImperium, Piscina IV is in a state "
909	皮希纳四号 Piscina IV	恢复英文词间空格	with	with 	1	V is in a state of constant battle withOrks. Each time the Orks seem to be
909	皮希纳四号 Piscina IV	恢复英文词间空格	the	the 	1	time the Orks seem to be defeated, theImperial Guard Regimentsstationed o
909	皮希纳四号 Piscina IV	恢复英文词间空格	the	the 	1	cleanse the area. In recent years, theDark Angels' stronghold on Piscina 
909	皮希纳四号 Piscina IV	恢复英文词间空格	the	the 	1	ited more and more infrequently by theTower of Angels, only coming once a
909	皮希纳四号 Piscina IV	恢复英文词间空格	of	of 	1	tsgathered from the barbaric world ofPiscina Vfor further testing and mo
909	皮希纳四号 Piscina IV	恢复英文词间空格	the	the 	1	"so the site of agreat battleduring theThird War for Armageddon.

皮希纳四号也是第"
909	皮希纳四号 Piscina IV	恢复英文词间空格	the	the 	1	n keep due to an intricate plot by theFallen Angelsled byCypherdesigned t
909	皮希纳四号 Piscina IV	恢复英文词间空格	by	by 	1	ricate plot by theFallen Angelsled byCypherdesigned to steal the gene-se
909	皮希纳四号 Piscina IV	恢复英文词间空格	the	the 	1	"ned to steal the gene-seed kept in theApothecariumvault.

由于塞弗领导的堕天使策划了一场"
909	皮希纳四号 Piscina IV	恢复英文词间空格	the	the 	1	haestus'plasma pistol. The rest of theSpace Marinesdecided that ending th
909	皮希纳四号 Piscina IV	恢复英文词间空格	their	their 	1	"inst their chest as they prayed to theirPrimarch,Lion El'Jonson.

要塞的病毒武器故障"
909	皮希纳四号 Piscina IV	恢复英文词间空格	the	the 	1	"祷时引爆了紧贴胸前的热熔炸弹。

In the aftermath, theRavenwing, led byGrand MasterSammae"
909	皮希纳四号 Piscina IV	恢复英文词间空格	by	by 	1	n the aftermath, theRavenwing, led byGrand MasterSammael, arrived at the
909	皮希纳四号 Piscina IV	恢复英文词间空格	an	an 	1	"。

Piscina IV was later invaded by anOrkhorde inM42and theDark Angelscam"
909	皮希纳四号 Piscina IV	恢复英文词间空格	the	the 	1	ter invaded by anOrkhorde inM42and theDark Angelscame to its defense once
910	艾米琳之希望 Emiline's Hope	恢复英文词间空格	a	a 	1	"World
- 类别：圣地世界

Emiline's Hope is aShrine Worldof theAdeptus Ministoru"
910	艾米琳之希望 Emiline's Hope	恢复英文词间空格	the	the 	1	"
Emiline's Hope is aShrine Worldof theAdeptus Ministorum. It is famous fo"
910	艾米琳之希望 Emiline's Hope	恢复英文词间空格	of	of 	1	"It is famous for holding the bones ofSaint Emiline.

艾米琳之希望是一个国教教会的圣地世界。"
910	艾米琳之希望 Emiline's Hope	恢复英文词间空格	an	an 	1	1, the world cameunder assaultfrom anOrk Waaagh!under theArch Maniac of 
910	艾米琳之希望 Emiline's Hope	恢复英文词间空格	the	the 	1	der assaultfrom anOrk Waaagh!under theArch Maniac of Calvera, but was eve
910	艾米琳之希望 Emiline's Hope	恢复英文词间空格	the	the 	1	ra, but was eventually defeated by theOrder of the Bleeding Heart, theAde
910	艾米琳之希望 Emiline's Hope	恢复英文词间空格	the	the 	1	by theOrder of the Bleeding Heart, theAdepta SororitasOrderthat is charge
910	艾米琳之希望 Emiline's Hope	恢复英文词间空格	Worldof	World of	1	"别：圣地世界

Emiline's Hope is a Shrine Worldof the Adeptus Ministorum. It is famo"
911	摩洛三号 Moloch III	恢复英文词间空格	a	a 	1	Moloch III is aWar Worldof theImperium, currently 
911	摩洛三号 Moloch III	恢复英文词间空格	the	the 	1	Moloch III is aWar Worldof theImperium, currently fighting aTyran
911	摩洛三号 Moloch III	恢复英文词间空格	a	a 	1	"of theImperium, currently fighting aTyranidinvasion.

摩洛三号是一个帝国战争世界，目前正"
911	摩洛三号 Moloch III	恢复英文词间空格	with	with 	1	Tyranid invasion Moloch III, along withMoloch IandMoloch II, was aMining W
911	摩洛三号 Moloch III	恢复英文词间空格	a	a 	1	long withMoloch IandMoloch II, was aMining Worldthat held substantial m
911	摩洛三号 Moloch III	恢复英文词间空格	its	its 	1	erium world left in the system and itsPlanetary Governorordered feverish 
911	摩洛三号 Moloch III	恢复英文词间空格	of	of 	1	harr, a small but determined force ofImperial Guardsmen, composed of the
911	摩洛三号 Moloch III	恢复英文词间空格	the	the 	1	s during this desperate time, that theFarseerEldrad Ulthranarrived, with 
911	摩洛三号 Moloch III	恢复英文词间空格	his	his 	1	d Ulthranarrived, with forces from hisCraftworldUlthwéoffering their aid.
911	摩洛三号 Moloch III	恢复英文词间空格	the	the 	1	ent, was apprehensive at first, as theEldarhad launched many raids on Mol
911	摩洛三号 Moloch III	恢复英文词间空格	a	a 	1	 battle Eldrad, was struck down by aPsychicattack from aHive Tyrantand 
911	摩洛三号 Moloch III	恢复英文词间空格	a	a 	1	struck down by aPsychicattack from aHive Tyrantand even more devastatin
911	摩洛三号 Moloch III	恢复英文词间空格	with	with 	1	smen had unknowingly been infected withBarbed Stranglerseeds. Several time
911	摩洛三号 Moloch III	恢复英文词间空格	Worldof	World of	1	Moloch III is a War Worldof the Imperium, currently fighting a
911	摩洛三号 Moloch III	恢复英文词间空格	Tyranidinvasion	Tyranid invasion	1	"the Imperium, currently fighting a Tyranidinvasion.

摩洛三号是一个帝国战争世界，目前正在与泰伦入侵作战。

Basi"
911	摩洛三号 Moloch III	恢复英文词间空格	Worldthat	World that	1	Moloch IandMoloch II, was a Mining Worldthat held substantial mineral wealth an
911	摩洛三号 Moloch III	恢复英文词间空格	Eldarhad	Eldar had	1	 was apprehensive at first, as the Eldarhad launched many raids on Moloch III 
912	萨夫拉 Savlar	恢复英文词间空格	an	an 	1	 also known as Savlar Penitens, is anImperialPenal World. It is a toxic 
912	萨夫拉 Savlar	恢复英文词间空格	its	its 	1	t is a toxic hellhole infamous for itsImperial Guard Regiments, known as 
912	萨夫拉 Savlar	恢复英文词间空格	the	the 	1	"Imperial Guard Regiments, known as theSavlar Chem Dogs.

萨夫拉，也被称为萨夫拉忏悔，是一"
912	萨夫拉 Savlar	恢复英文词间空格	a	a 	1	"。

**History 历史**

Savlar was once aMining Worldnotable only for the ri"
912	萨夫拉 Savlar	恢复英文词间空格	and	and 	1	y populated by traitors, criminals andAdeptus Arbitestroops guarding them
912	萨夫拉 Savlar	恢复英文词间空格	the	the 	1	consisted of those captured during theBokur rebellion, but over the years
912	萨夫拉 Savlar	恢复英文词间空格	the	the 	1	"ts have come to Savlar from across theArmageddon Sector.

不幸的是，这个行星未能满足帝国"
912	萨夫拉 Savlar	恢复英文词间空格	the	the 	1	 to put the rebellion down. During theThird War for Armageddon, the Chem-
912	萨夫拉 Savlar	恢复英文词间空格	to	to 	1	n, the Chem-Dogs would be deployed toArmageddonto meet the Imperium's de
912	萨夫拉 Savlar	恢复英文词间空格	the	the 	1	t some point, Savlar was raided by theNight Lords, who overranHive Apraxi
912	萨夫拉 Savlar	恢复英文词间空格	the	the 	1	"拉遭到了午夜领主的突袭，他们占领了阿普拉克西斯巢都。

During theArks of Omen Campaign, Savlar was a"
912	萨夫拉 Savlar	恢复英文词间空格	a	a 	1	n Campaign, Savlar was attacked by aChaosBalefleet. Despite the efforts
912	萨夫拉 Savlar	恢复英文词间空格	between	between 	1	place Savlar in the border regions betweenSegmentum PacificusandSegmentum Sol
912	萨夫拉 Savlar	恢复英文词间空格	Worldsand	Worlds and	1	ly raw material for threeCivilised Worldsand twoForge Worldsin the nearbysubsec
912	萨夫拉 Savlar	恢复英文词间空格	Worldsin	Worlds in	1	 threeCivilised Worldsand twoForge Worldsin the nearbysubsectors. The initial 
913	康达克斯星系 Chondax System	恢复英文词间空格	the	the 	1	"庞大的帝国空域星系。

**History 历史**

During theHorus Heresy, the region was heavil"
913	康达克斯星系 Chondax System	恢复英文词间空格	by	by 	1	y, the region was heavily infested byOrksand was chosen by the treachero
913	康达克斯星系 Chondax System	恢复英文词间空格	his	his 	1	cation to dispatchJaghatai Khanand hisWhite Scars. Due to its layout, it 
913	康达克斯星系 Chondax System	恢复英文词间空格	the	the 	1	"while initiate hisrebellionagainst theEmperor.

在荷鲁斯叛乱时期，该地区被欧克严重侵扰，并被背叛的"
913	康达克斯星系 Chondax System	恢复英文词间空格	the	the 	1	the System after receiving word of theBurning of Prospero. To escape, the
913	康达克斯星系 Chondax System	恢复英文词间空格	a	a 	1	"e White Scars had to break through aAlpha Legionblockade.

在漫长的康达克斯战役之后"
913	康达克斯星系 Chondax System	恢复英文词间空格	Orksand	Orks and	1	the region was heavily infested by Orksand was chosen by the treacherousWarma
914	康达克斯 Chondax	恢复英文词间空格	to	to 	1	 grows; it bears many similarities toChogoris. Chondax is mostly covered
914	康达克斯 Chondax	恢复英文词间空格	The	The 	1	led Chondax Prime or just Chondax. TheWhite Scarscalled it The White Worl
914	康达克斯 Chondax	恢复英文词间空格	the	the 	1	"康达克斯主星或简称康达克斯。白色疤痕称之为白色世界。

During theGreat Crusade, theWhite Scars, alon"
914	康达克斯 Chondax	恢复英文词间空格	the	the 	1	"称之为白色世界。

During theGreat Crusade, theWhite Scars, along with the 915th E"
914	康达克斯 Chondax	恢复英文词间空格	the	the 	1	"当数量的欧克作战。

In what became known as theChondax Campaign,Jaghatai Khanemerg"
914	康达克斯 Chondax	恢复英文词间空格	the	the 	1	t soon found himself confronted by theAlpha Legionas theHorus Heresybroke
914	康达克斯 Chondax	恢复英文词间空格	the	the 	1	lf confronted by theAlpha Legionas theHorus Heresybroke out. The White Sc
914	康达克斯 Chondax	恢复英文词间空格	for	for 	1	" running the Alpha Legion blockade forProspero.

在后来被称为康达克斯战役中，察合台可汗取得了胜利"
914	康达克斯 Chondax	恢复英文词间空格	Legionas	Legion as	1	nd himself confronted by the Alpha Legionas the Horus Heresybroke out. The Whi
915	加拉斯帕星群 Galaspar Cluster	恢复英文词间空格	the	the 	1	" The main system of the cluster is theGalaspar System.

加拉斯帕星群是由11个主恒星系组成"
915	加拉斯帕星群 Galaspar Cluster	恢复英文词间空格	the	the 	1	t was brought intocomplianceduring theGreat Crusadeby theDeath Guardwhen 
915	加拉斯帕星群 Galaspar Cluster	恢复英文词间空格	the	the 	1	omplianceduring theGreat Crusadeby theDeath Guardwhen they crushedThe Ord
915	加拉斯帕星群 Galaspar Cluster	恢复英文词间空格	Crusadeby	Crusade by	1	ght intocomplianceduring the Great Crusadeby the Death Guardwhen they crushedTh
915	加拉斯帕星群 Galaspar Cluster	恢复英文词间空格	Guardwhen	Guard when	1	ring the Great Crusadeby the Death Guardwhen they crushedThe Order, the former 
916	加拉斯帕 Galaspar	恢复英文词间空格	a	a 	1	":Hive World
- 类别：巢都世界

Galaspar is aHive Worldof theImperium.

加拉斯帕是帝国的"
916	加拉斯帕 Galaspar	恢复英文词间空格	the	the 	1	"类别：巢都世界

Galaspar is aHive Worldof theImperium.

加拉斯帕是帝国的巢都世界。

**History"
916	加拉斯帕 Galaspar	恢复英文词间空格	the	the 	1	"界。

**History 历史**

Settled during theDark Age of Technology, the ancient"
916	加拉斯帕 Galaspar	恢复英文词间空格	the	the 	1	"了行星的环境，使加拉斯帕成为一片干旱、受辐射的荒地。

During theAge of Strife, Galaspar fell under "
916	加拉斯帕 Galaspar	恢复英文词间空格	the	the 	1	hen they refused assimilation into theImperiumduring theGreat Crusadeand 
916	加拉斯帕 Galaspar	恢复英文词间空格	the	the 	1	ssimilation into theImperiumduring theGreat Crusadeand fired on ImperialE
916	加拉斯帕 Galaspar	恢复英文词间空格	the	the 	1	n the ensuingConquest of Galaspar, theDeath Guard, led personally byMorta
916	加拉斯帕 Galaspar	恢复英文词间空格	by	by 	1	ar, theDeath Guard, led personally byMortarion, obliterated The Order an
916	加拉斯帕 Galaspar	恢复英文词间空格	the	the 	1	ated world's population has obeyed theAdeptus Terra, replacing one tyrann
916	加拉斯帕 Galaspar	恢复英文词间空格	the	the 	1	"界的人口就服从了中央政务部，用另一个暴政政府取代了。

During theHorus Heresy, though, Galaspar was "
916	加拉斯帕 Galaspar	恢复英文词间空格	of	of 	1	 Galaspar was seized by the forces ofWarmasterHorus. TheRaven Guard'sPri
916	加拉斯帕 Galaspar	恢复英文词间空格	The	The 	1	ed by the forces ofWarmasterHorus. TheRaven Guard'sPrimarch,Corax, later 
916	加拉斯帕 Galaspar	恢复英文词间空格	his	his 	1	Corax, later sent a battlegroup of hisLegion'sDeliverersand theirTherion 
916	加拉斯帕 Galaspar	恢复英文词间空格	their	their 	1	egroup of hisLegion'sDeliverersand theirTherion CohortImperial Armyallies t
916	加拉斯帕 Galaspar	恢复英文词间空格	the	the 	1	Armyallies to seize the world from theTraitors. This group was composed o
916	加拉斯帕 Galaspar	恢复英文词间空格	the	the 	1	roup was composed of forces led by theCenturionBeyar Kedronand the Cohort
916	加拉斯帕 Galaspar	恢复英文词间空格	the	the 	1	"or the losses they suffered during theBreaking of the Perfect Fortress.

"
916	加拉斯帕 Galaspar	恢复英文词间空格	Worldof	World of	1	"orld
- 类别：巢都世界

Galaspar is a Hive Worldof the Imperium.

加拉斯帕是帝国的巢都世界。

**Hi"
916	加拉斯帕 Galaspar	恢复英文词间空格	Imperiumduring	Imperium during	1	they refused assimilation into the Imperiumduring the Great Crusadeand fired on Impe
916	加拉斯帕 Galaspar	恢复英文词间空格	Crusadeand	Crusade and	1	 into the Imperiumduring the Great Crusadeand fired on ImperialExploratorvessels
917	黑暗9-50 Tenebrae 9-50	恢复英文词间空格	the	the 	1	 a Class-C planetesimal located in theOctiss System. It housed the Tenebr
917	黑暗9-50 Tenebrae 9-50	恢复英文词间空格	an	an 	1	tion, an asteroid facility used as anAlpha Legionbase during theHorus He
917	黑暗9-50 Tenebrae 9-50	恢复英文词间空格	the	the 	1	" used as anAlpha Legionbase during theHorus Heresy.

黑暗9-50是位于奥克提斯星系中的C类微"
917	黑暗9-50 Tenebrae 9-50	恢复英文词间空格	the	the 	1	"个在荷鲁斯叛乱期间用作阿尔法军团基地的小行星设施。

Used by theDemiurgfor mining operations, it al"
917	黑暗9-50 Tenebrae 9-50	恢复英文词间空格	a	a 	1	lpha Legion garrison that utilized aPylonto manipulate theWarpin surrou
917	黑暗9-50 Tenebrae 9-50	恢复英文词间空格	the	the 	1	 that utilized aPylonto manipulate theWarpin surroundingSystemsin order t
917	黑暗9-50 Tenebrae 9-50	恢复英文词间空格	the	the 	1	in order to jam communications for theWhite Scars, keeping them ignorant 
917	黑暗9-50 Tenebrae 9-50	恢复英文词间空格	of	of 	1	White Scars, keeping them ignorant ofHorus' rebellion, and strand loyali
917	黑暗9-50 Tenebrae 9-50	恢复英文词间空格	as	as 	1	on included 50 legionaries as well asGeno Seven-Sixty SpartocidImperial 
917	黑暗9-50 Tenebrae 9-50	恢复英文词间空格	by	by 	1	Heresy,Omegondispatched a team led bySheed Rankoon a suicide mission to 
918	乌兰诺一号 Ullanor Prime	恢复英文词间空格	the	the 	1	nor Prime was the central world of theUllanor Systemthat has played a key
918	乌兰诺一号 Ullanor Prime	恢复英文词间空格	the	the 	1	layed a key part in the history of theGalaxy. It has since become known a
918	乌兰诺一号 Ullanor Prime	恢复英文词间空格	of	of 	1	"as since become known as the world ofArmageddon.

乌兰诺一号是乌兰诺星系的中心世界，在银河系的"
918	乌兰诺一号 Ullanor Prime	恢复英文词间空格	a	a 	1	t least 560'000 BCArtifact XE3-36, aNecronconstruct, was entombed on th
918	乌兰诺一号 Ullanor Prime	恢复英文词间空格	the	the 	1	he center of a vastOrkempire under theWarbossUrlakk Urg. During the famou
918	乌兰诺一号 Ullanor Prime	恢复英文词间空格	under	under 	1	usUllanor Crusade, Imperial forces underHorus Lupercalbroke the Greenskins 
918	乌兰诺一号 Ullanor Prime	恢复英文词间空格	the	the 	1	rcalbroke the Greenskins power and thePrimarchearned the titleWarmaster.U
918	乌兰诺一号 Ullanor Prime	恢复英文词间空格	the	the 	1	titleWarmaster.Under the orders of theEmperorhimself the planet was heavi
918	乌兰诺一号 Ullanor Prime	恢复英文词间空格	the	the 	1	the planet was heavily modified by theAdeptus Mechanicusand became the si
918	乌兰诺一号 Ullanor Prime	恢复英文词间空格	the	the 	1	"
**Horus Heresy 荷鲁斯叛乱**

Following theBattle of Beta-GarmonHorus instruct"
918	乌兰诺一号 Ullanor Prime	恢复英文词间空格	and	and 	1	Perturabo,Angron,Magnus,Alpharius, andLorgararrived with their forces as 
918	乌兰诺一号 Ullanor Prime	恢复英文词间空格	the	the 	1	" for safe and easy passage through theWarpon their way toTerra.

贝塔-伽蒙之战后"
918	乌兰诺一号 Ullanor Prime	恢复英文词间空格	to	to 	1	"assage through theWarpon their way toTerra.

贝塔-伽蒙之战后，荷鲁斯下达了一项总命令，要求他的所有"
918	乌兰诺一号 Ullanor Prime	恢复英文词间空格	as	as 	1	of unparalleled power known simply asThe Beastappeared on Ullanor, makin
918	乌兰诺一号 Ullanor Prime	恢复英文词间空格	the	the 	1	ple-Gargantat the exact spot where theEmperorandPrimarchsgathered during 
918	乌兰诺一号 Ullanor Prime	恢复英文词间空格	the	the 	1	EmperorandPrimarchsgathered during theUllanor Triumphcenturies earlier. T
918	乌兰诺一号 Ullanor Prime	恢复英文词间空格	his	his 	1	d Ullanor as a template to perfect hisAttack Moonconcept, converting the 
918	乌兰诺一号 Ullanor Prime	恢复英文词间空格	an	an 	1	Vulkan eventually was able to lead anAstartesstrikeforce into Gorkogrod'
918	乌兰诺一号 Ullanor Prime	恢复英文词间空格	the	the 	1	ids to devastate the planet. Using theSisters of Silencein conjunction wi
918	乌兰诺一号 Ullanor Prime	恢复英文词间空格	the	the 	1	, now Lord Commander, ordered that theAdeptus MechanicusenactExterminatus
918	乌兰诺一号 Ullanor Prime	恢复英文词间空格	in	in 	1	eport Ullanor to a secret location inSegmentum Solar, which later became
918	乌兰诺一号 Ullanor Prime	恢复英文词间空格	Primarchearned	Primarch earned	1	broke the Greenskins power and the Primarchearned the titleWarmaster.Under the order
918	乌兰诺一号 Ullanor Prime	恢复英文词间空格	Emperorhimself	Emperor himself	1	eWarmaster.Under the orders of the Emperorhimself the planet was heavily modified by
918	乌兰诺一号 Ullanor Prime	恢复英文词间空格	Mechanicusand	Mechanicus and	1	as heavily modified by the Adeptus Mechanicusand became the site of the most famous
918	乌兰诺一号 Ullanor Prime	恢复英文句间空格	.Un	. Un	1	 Primarch earned the titleWarmaster.Under the orders of the Emperor himse
918	乌兰诺一号 Ullanor Prime	恢复英文句间空格	.Af	. Af	1	ured OrkPsyker, The Beast was slain.After the war Thane, now Lord Command
926	沃斯托尼亚 Vostroya	恢复英文词间空格	the	the 	1	"Image 行星图像

Vostroya is a world of theImperium, located inSegmentum Obscu"
926	沃斯托尼亚 Vostroya	恢复英文词间空格	in	in 	1	is a world of theImperium, located inSegmentum Obscurusbeyond theEye of 
926	沃斯托尼亚 Vostroya	恢复英文词间空格	the	the 	1	located inSegmentum Obscurusbeyond theEye of Terror, famous for itsVostro
926	沃斯托尼亚 Vostroya	恢复英文词间空格	its	its 	1	eyond theEye of Terror, famous for itsVostroyan Firstbornregimentsof theI
926	沃斯托尼亚 Vostroya	恢复英文词间空格	the	the 	1	" itsVostroyan Firstbornregimentsof theImperial Guard.

沃斯托尼亚是帝国的一个世界，位于朦胧"
926	沃斯托尼亚 Vostroya	恢复英文词间空格	the	the 	1	"兵团的帝国卫队而闻名。

**History 历史**

Since theGreat Crusade, Vostroya has acted a"
926	沃斯托尼亚 Vostroya	恢复英文词间空格	the	the 	1	"生产线上生活和死亡，并遵守无休止的制造和装配时间表。

During theHorus Heresy, Vostroya refused to p"
926	沃斯托尼亚 Vostroya	恢复英文词间空格	the	the 	1	ya refused to provide regiments to theEmperor, preferring instead to rese
926	沃斯托尼亚 Vostroya	恢复英文词间空格	the	the 	1	y every first born son to serve in theImperial Guardregiments, to atone f
926	沃斯托尼亚 Vostroya	恢复英文词间空格	an	an 	1	lls somewhere in between (labelled anIndustrial World). The birth and de
926	沃斯托尼亚 Vostroya	恢复英文词间空格	of	of 	1	"for the founding and reinforcement ofImperial Guardregiments).

从技术上讲，沃斯"
926	沃斯托尼亚 Vostroya	恢复英文词间空格	the	the 	1	"overnment 政府

Vostroya is ruled by theTechtriarchs, a council of Adeptus "
926	沃斯托尼亚 Vostroya	恢复英文词间空格	Obscurusbeyond	Obscurus beyond	1	the Imperium, located in Segmentum Obscurusbeyond the Eye of Terror, famous for its 
926	沃斯托尼亚 Vostroya	恢复英文句间空格	.Re	. Re	1	old winds and tainted, polluted air.Rebreathersand masks are often used t
927	法尔星系 Phall System	恢复英文词间空格	a	a 	1	The Phall System is aSystemof theImperiuminSegmentum Obs
927	法尔星系 Phall System	恢复英文词间空格	the	the 	1	"The Phall System is aSystemof theImperiuminSegmentum Obscurus.

法尔星系"
927	法尔星系 Phall System	恢复英文词间空格	the	the 	1	"历史**

Phall became infamous during theHorus Heresyfor being the site of a"
927	法尔星系 Phall System	恢复英文词间空格	the	the 	1	g the site of amajor battlebetween theImperial Fistsand theIron Warriors.
927	法尔星系 Phall System	恢复英文词间空格	the	the 	1	"battlebetween theImperial Fistsand theIron Warriors.

法尔在荷鲁斯叛乱期间臭名昭著，因为它是"
927	法尔星系 Phall System	恢复英文词间空格	into	into 	1	perial Fists, after their division intoChaptersas per theCodex Astartes, t
927	法尔星系 Phall System	恢复英文词间空格	the	the 	1	 their division intoChaptersas per theCodex Astartes, the system was the 
927	法尔星系 Phall System	恢复英文词间空格	a	a 	1	 discuss reunifying once more into aLegionwith or without the approval 
927	法尔星系 Phall System	恢复英文词间空格	the	the 	1	ionwith or without the approval of theSenatorum Imperialis. The protocol 
927	法尔星系 Phall System	恢复英文词间空格	the	the 	1	"s. The protocol was enacted during theWar of the Beast.

由于法尔星系对帝国之拳具有特殊意"
927	法尔星系 Phall System	恢复英文词间空格	Heresyfor	Heresy for	1	l became infamous during the Horus Heresyfor being the site of amajor battlebet
927	法尔星系 Phall System	恢复英文词间空格	Chaptersas	Chapters as	1	l Fists, after their division into Chaptersas per the Codex Astartes, the system
927	法尔星系 Phall System	恢复英文词间空格	Legionwith	Legion with	1	iscuss reunifying once more into a Legionwith or without the approval of the Sen
928	阿拉里克一号 Alaric Prime	恢复英文词间空格	a	a 	1	"netary Image 行星图像

Alaric Prime is aKnight Worldof theImperium.

阿拉里克一号"
928	阿拉里克一号 Alaric Prime	恢复英文词间空格	the	the 	1	"像

Alaric Prime is aKnight Worldof theImperium.

阿拉里克一号是帝国的骑士世界。

The pla"
928	阿拉里克一号 Alaric Prime	恢复英文词间空格	between	between 	1	he planet was the site of a battle betweenOrksof theRed Waaagh!and theWolf Lo
928	阿拉里克一号 Alaric Prime	恢复英文词间空格	the	the 	1	the site of a battle betweenOrksof theRed Waaagh!and theWolf LordRagnar B
928	阿拉里克一号 Alaric Prime	恢复英文词间空格	the	the 	1	le betweenOrksof theRed Waaagh!and theWolf LordRagnar Blackmane'sGreat Co
928	阿拉里克一号 Alaric Prime	恢复英文词间空格	his	his 	1	at Company. AlsoKrom Dragongazeand hisWolf Guardsuffered the painful defe
928	阿拉里克一号 Alaric Prime	恢复英文词间空格	the	the 	1	(6th Edition)shows Alaric Prime in theUltima Segmentum; other sources sho
928	阿拉里克一号 Alaric Prime	恢复英文词间空格	Worldof	World of	1	"age 行星图像

Alaric Prime is a Knight Worldof the Imperium.

阿拉里克一号是帝国的骑士世界。

Th"
928	阿拉里克一号 Alaric Prime	恢复英文词间空格	Orksof	Orks of	1	t was the site of a battle between Orksof the Red Waaagh!and the Wolf LordRa
932	警戒星 Vigilus	恢复英文词间空格	an	an 	1	"

Planetary Image 行星图像

Vigilus is anImperialworld that is a key route t"
932	警戒星 Vigilus	恢复英文词间空格	the	the 	1	lworld that is a key route through theGreat Riftand, as a result, has bec
932	警戒星 Vigilus	恢复英文词间空格	as	as 	1	ious factions. Currently,xenossuch asOrks,Genestealers, andEldaras well 
932	警戒星 Vigilus	恢复英文词间空格	and	and 	1	tly,xenossuch asOrks,Genestealers, andEldaras well as the forces ofChaosh
932	警戒星 Vigilus	恢复英文词间空格	of	of 	1	ers, andEldaras well as the forces ofChaoshave embedded themselves on th
932	警戒星 Vigilus	恢复英文词间空格	the	the 	1	In the years before the opening of theCicatrix Maledictum, Vigilus was a 
932	警戒星 Vigilus	恢复英文词间空格	the	the 	1	ource of manpower and material for theImperium’s endless wars. The planet
932	警戒星 Vigilus	恢复英文词间空格	by	by 	1	. In this time the world was ruled byGovernorLucienne Agamemnus IX, part
932	警戒星 Vigilus	恢复英文词间空格	the	the 	1	nstantly subverted by the power of theEcclesiarchy, which managed to gain
932	警戒星 Vigilus	恢复英文词间空格	the	the 	1	uence over the world'sPDF(known as theVigilant GuardandVigilant Creedsmen
932	警戒星 Vigilus	恢复英文词间空格	in	in 	1	dgarrisons. The Ministorum brought inAdepta Sororitasenforcers to make s
932	警戒星 Vigilus	恢复英文词间空格	the	the 	1	"机构，这场战争得以避免。

After the opening of theGreat Rift, Vigilus was within theI"
932	警戒星 Vigilus	恢复英文词间空格	the	the 	1	 theGreat Rift, Vigilus was within theImperium Nihilusand has become one 
932	警戒星 Vigilus	恢复英文词间空格	its	its 	1	ctuary for refugees crammed within itsHive-sprawls who wish to traverse t
932	警戒星 Vigilus	恢复英文词间空格	the	the 	1	sHive-sprawls who wish to traverse theNachmund Gauntlet. Each such sprawl
932	警戒星 Vigilus	恢复英文词间空格	the	the 	1	e a popularMechanicumstronghold of theForge WorldStygies VIIIdue to the p
932	警戒星 Vigilus	恢复英文词间空格	the	the 	1	"tygies VIIIdue to the proximity to theStygius Front.

大裂隙打开后，警戒星位于帝国暗面内，并"
932	警戒星 Vigilus	恢复英文词间空格	and	and 	1	"r Cults,Dark Eldar,Saim-HannEldar, andChaos.

由于其战略位置，警戒星成为了大量入侵的受害者，其中包括"
932	警戒星 Vigilus	恢复英文词间空格	The	The 	1	ed icebergs known as aqua glacius. TheMechanicumpopulation on Vigilus dri
932	警戒星 Vigilus	恢复英文词间空格	the	the 	1	ssed from orbiting asteroids while theEcclesiarchydrink aqua sanctus, whi
932	警戒星 Vigilus	恢复英文词间空格	Eldaras	Eldar as	1	enossuch as Orks,Genestealers, and Eldaras well as the forces of Chaoshave em
932	警戒星 Vigilus	恢复英文词间空格	Chaoshave	Chaos have	1	 and Eldaras well as the forces of Chaoshave embedded themselves on the planet 
932	警戒星 Vigilus	恢复英文词间空格	Nihilusand	Nihilus and	1	t, Vigilus was within the Imperium Nihilusand has become one of the only stable 
932	警戒星 Vigilus	恢复英文句间空格	.Fo	. Fo	1	et’s scarce supply of potable water.For its economy, Vigilus was known fo
932	警戒星 Vigilus	恢复英文句间空格	.As	. As	1	ther, making it strategically vital.As a result, Vigilus has become a san
932	警戒星 Vigilus	恢复英文词间空格	called	called 	1	"ellites卫星**

Vigilus' sole moon is calledNeo-vellum. It is home to anAdminis"
932	警戒星 Vigilus	恢复英文词间空格	an	an 	1	is calledNeo-vellum. It is home to anAdministratumFortress.Population: 1
932	警戒星 Vigilus	恢复英文句间空格	.Po	. Po	1	"is home to an AdministratumFortress.Population: 17.2 billion.

警戒星唯一的卫星被称"
933	恐惧之眼 Eye of Terror	恢复英文句间空格	.Th	. Th	1	ark Mechanicum in the Eye of Terror.There are billions upon billions of m
940	马卡比乌斯五号 Maccabeus Quintus	恢复英文词间空格	a	a 	1	"ld
- 类别：圣地世界

Maccabeus Quintus is aShrine Worldin theCalixis Sector. I"
940	马卡比乌斯五号 Maccabeus Quintus	恢复英文词间空格	the	the 	1	ccabeus Quintus is aShrine Worldin theCalixis Sector. It is home to theBl
940	马卡比乌斯五号 Maccabeus Quintus	恢复英文词间空格	the	the 	1	n theCalixis Sector. It is home to theBlack Orderand theMaccabian Janissa
940	马卡比乌斯五号 Maccabeus Quintus	恢复英文词间空格	the	the 	1	r. It is home to theBlack Orderand theMaccabian JanissariesImperial Guard
940	马卡比乌斯五号 Maccabeus Quintus	恢复英文词间空格	the	the 	1	"raised up as asaintby the glory of theEmperor.

一个广阔、干燥、盐碱地、尘土飞扬的风和严寒刺骨的太"
940	马卡比乌斯五号 Maccabeus Quintus	恢复英文词间空格	the	the 	1	"
**History 历史**

The chronicles of theAngevin Crusadetell thatGeneralDrus"
940	马卡比乌斯五号 Maccabeus Quintus	恢复英文词间空格	the	the 	1	of the Crusade, had pushed towards theHalo Stars, when a sudden and vicio
940	马卡比乌斯五号 Maccabeus Quintus	恢复英文词间空格	a	a 	1	"g the Crusade, Drusus was declared aSaint.

安茹远征的编年史告诉我们，指挥径向突出部远征的德鲁苏斯"
940	马卡比乌斯五号 Maccabeus Quintus	恢复英文词间空格	the	the 	1	us is a site for pilgrimage across theCalixis Sectorand is the heart of t
940	马卡比乌斯五号 Maccabeus Quintus	恢复英文词间空格	the	the 	1	e heart of the Drusian Cult within theEcclesiarchy. The world's harsh and
940	马卡比乌斯五号 Maccabeus Quintus	恢复英文词间空格	the	the 	1	 supply of potential candidates to theMaccabian Militias, the finest of w
940	马卡比乌斯五号 Maccabeus Quintus	恢复英文词间空格	the	the 	1	"finest of which are chosen to join theMaccabian Janissaries.

时至今日，马卡比乌斯五"
940	马卡比乌斯五号 Maccabeus Quintus	恢复英文词间空格	Worldin	World in	1	"地世界

Maccabeus Quintus is a Shrine Worldin the Calixis Sector. It is home to "
941	瑞斯 Reth	恢复英文词间空格	the	the 	1	nt of mental disorders operated by theOrders Hospitallerof theAdepta Soro
941	瑞斯 Reth	恢复英文词间空格	the	the 	1	perated by theOrders Hospitallerof theAdepta Sororitas. This facility, th
941	瑞斯 Reth	恢复英文词间空格	the	the 	1	heAdepta Sororitas. This facility, theAsylum of Saint Vero, based on Reth
941	瑞斯 Reth	恢复英文词间空格	The	The 	1	to the planet for reasons unknown. TheInquisitionhas, on occasion, sent i
941	瑞斯 Reth	恢复英文词间空格	the	the 	1	mbers to a secret bunker, known as theChapel of Blessed Peace, sited belo
941	瑞斯 Reth	恢复英文词间空格	by	by 	1	ted below the asylum and protected byHexagrammic Wards, silver seals of 
941	瑞斯 Reth	恢复英文词间空格	is	is 	1	"andSiculi. The nearest major world isBaraspine.

瑞斯是特菲纳星系的一部分，与邻近的特菲纳、特菲"
942	菲尔 Phyrr	恢复英文词间空格	a	a 	1	"

Planetary Image 行星图像

Phyrr is aDeath Worldand aPenal Worldin theCa"
942	菲尔 Phyrr	恢复英文词间空格	a	a 	1	"age 行星图像

Phyrr is aDeath Worldand aPenal Worldin theCalixis Sector.

菲"
942	菲尔 Phyrr	恢复英文词间空格	the	the 	1	" is aDeath Worldand aPenal Worldin theCalixis Sector.

菲尔是卡利西斯星区的死亡世界和刑罚世"
942	菲尔 Phyrr	恢复英文词间空格	the	the 	1	MilitantAngevinfinished conquering theCalixis Sector, part of a massive e
942	菲尔 Phyrr	恢复英文词间空格	by	by 	1	s Sector, part of a massive effort bySector GovernorDrususto survey and 
942	菲尔 Phyrr	恢复英文词间空格	the	the 	1	ernorDrususto survey and catalogue theImperium’s newest domain. From spac
942	菲尔 Phyrr	恢复英文词间空格	the	the 	1	s of unsuccessful experimentation, theMagos Biologisdeclared there was no
942	菲尔 Phyrr	恢复英文词间空格	the	the 	1	dustries of the Biologus branch of theMechanicusso that theAdministratumh
942	菲尔 Phyrr	恢复英文词间空格	the	the 	1	gus branch of theMechanicusso that theAdministratumhas bequeathed Phyrr t
942	菲尔 Phyrr	恢复英文词间空格	the	the 	1	onvicts become violent or riotous, theTech Priestsare willing to switch o
942	菲尔 Phyrr	恢复英文词间空格	the	the 	1	insgenerally avoid the planet, for theTech-priestsof Phyrr are disinteres
942	菲尔 Phyrr	恢复英文词间空格	Worldand	World and	1	"etary Image 行星图像

Phyrr is a Death Worldand a Penal Worldin the Calixis Sector"
942	菲尔 Phyrr	恢复英文词间空格	Worldin	World in	1	"
Phyrr is a Death Worldand a Penal Worldin the Calixis Sector.

菲尔是卡利西斯星区的死亡世"
942	菲尔 Phyrr	恢复英文句间空格	.Ch	. Ch	1	bour for the planet–side facilities.Chartist Captainsgenerally avoid the 
946	卡厄罗斯 Chaeros	恢复英文词间空格	an	an 	1	"

Planetary Image 行星图像

Chaeros is anIndustrial Worldof theImperium.It i"
946	卡厄罗斯 Chaeros	恢复英文词间空格	the	the 	1	"像

Chaeros is anIndustrial Worldof theImperium.It is the seventh planet o"
946	卡厄罗斯 Chaeros	恢复英文词间空格	the	the 	1	"perium.It is the seventh planet of theAgripinaa System.

卡厄罗斯是帝国的工业世界。它是阿"
946	卡厄罗斯 Chaeros	恢复英文词间空格	by	by 	1	"*History 历史**

Chaeros was invaded byAbaddon the Despoiler's forces duri"
946	卡厄罗斯 Chaeros	恢复英文词间空格	the	the 	1	 destruction would later arrive in theAgripinaa System, however, and they
946	卡厄罗斯 Chaeros	恢复英文词间空格	the	the 	1	ought the invaders. Among them was theCadianGeneralIsaia Bendiktand, afte
946	卡厄罗斯 Chaeros	恢复英文词间空格	the	the 	1	dianGeneralIsaia Bendiktand, after theSystemwas cleansed, he declared Cha
946	卡厄罗斯 Chaeros	恢复英文词间空格	Worldof	World of	1	"age 行星图像

Chaeros is an Industrial Worldof the Imperium.It is the seventh pla"
946	卡厄罗斯 Chaeros	恢复英文句间空格	.It	. It	1	an Industrial World of the Imperium.It is the seventh planet of the Agrip
946	卡厄罗斯 Chaeros	恢复英文句间空格	.Im	. Im	1	forces during the13th Black Crusade.Imperial forces escapingCadia's destr
949	卡迪亚一号 Cadia Prime	Field 对应的错别字	盖勒立场	盖勒力场	1	
950	圣约斯曼之希望 St. Josmane's Hope	恢复英文词间空格	the	the 	1	ane's Hope was the ninth planet of theCadian System. It served as an Impe
950	圣约斯曼之希望 St. Josmane's Hope	恢复英文词间空格	to	to 	1	 CrusadetheImperiumlost the planet toChaosdue to massive prison riots an
950	圣约斯曼之希望 St. Josmane's Hope	恢复英文词间空格	the	the 	1	ose across the sectors surrounding theEye of Terrorwith the aim of destab
950	圣约斯曼之希望 St. Josmane's Hope	恢复英文词间空格	the	the 	1	e's Hope subversive groups such as theCorrective Rehabilitation Movementa
950	圣约斯曼之希望 St. Josmane's Hope	恢复英文词间空格	the	the 	1	ly greeted as liberators. However, theChaos Space Marinesof theViolators,
950	圣约斯曼之希望 St. Josmane's Hope	恢复英文词间空格	the	the 	1	 However, theChaos Space Marinesof theViolators, who spearheaded the assa
950	圣约斯曼之希望 St. Josmane's Hope	恢复英文词间空格	as	as 	1	n of the planet. With options such asExterminatusandnova cannonbombardme
950	圣约斯曼之希望 St. Josmane's Hope	恢复英文词间空格	Marinesof	Marines of	1	berators. However, the Chaos Space Marinesof the Violators, who spearheaded the
950	圣约斯曼之希望 St. Josmane's Hope	恢复英文句间空格	.Is	. Is	1	e other worlds of the Cadian system.Isolated and unable to turn the tide 
959	洛基 Loki	恢复英文词间空格	an	an 	1	" Class:Industrial
- 类别：帝国

Loki is anIndustrial Worldin theSegmentum Pac"
959	洛基 Loki	恢复英文词间空格	the	the 	1	"别：帝国

Loki is anIndustrial Worldin theSegmentum Pacificus.

洛基是太平星域的工业世界。"
959	洛基 Loki	恢复英文词间空格	the	the 	1	"ory 历史**

During the last years of theMacharian Crusade,Richter, a former"
959	洛基 Loki	恢复英文词间空格	of	of 	1	 Crusade,Richter, a former protégé ofLord Commander SolarMacharius, turn
959	洛基 Loki	恢复英文词间空格	the	the 	1	rcements or supplies from reaching theImperialinvasion force. This added 
959	洛基 Loki	恢复英文词间空格	to	to 	1	pparently making a full conversion toChaos, capitalized on the Imperial 
959	洛基 Loki	恢复英文词间空格	of	of 	1	erial force's handicaps with packs ofNurglitecultists and germ warfare s
959	洛基 Loki	恢复英文词间空格	the	the 	1	"follow Macharius in advancing into theHalo Zone.

简而言之，在这场冲突中，马卡里乌斯传奇的战术才"
959	洛基 Loki	恢复英文词间空格	Worldin	World in	1	"ial
- 类别：帝国

Loki is an Industrial Worldin the Segmentum Pacificus.

洛基是太平星域的"
960	摩纳齐亚 Monarchia	恢复英文词间空格	the	the 	1	 It was brought into compliance by theWord BearersLegion103 years prior t
960	摩纳齐亚 Monarchia	恢复英文词间空格	of	of 	1	"egion103 years prior to the events ofIsstvan V.

摩纳齐亚，也被称为完美之城，是库尔行星的首都。"
960	摩纳齐亚 Monarchia	恢复英文词间空格	the	the 	1	"团征服的。

It was utterly destroyed by theUltramarines Legionsix decades afte"
960	摩纳齐亚 Monarchia	恢复英文词间空格	both	both 	1	 into compliance, as an example to bothLorgarand the Word Bearers demonstr
960	摩纳齐亚 Monarchia	恢复英文词间空格	the	the 	1	emonstrating that their worship of theEmperorand the spread of suchdoctri
960	摩纳齐亚 Monarchia	恢复英文词间空格	Emperorand	Emperor and	1	strating that their worship of the Emperorand the spread of suchdoctrinecould no
964	福蒂斯双星 Fortis Binary	恢复英文词间空格	a	a 	1	" World
- 类别：铸造世界

Fortis Binary is aForge Worldin theSabbat Worldsclust"
964	福蒂斯双星 Fortis Binary	恢复英文词间空格	the	the 	1	"界

Fortis Binary is aForge Worldin theSabbat Worldscluster that fell toCh"
964	福蒂斯双星 Fortis Binary	恢复英文词间空格	to	to 	1	 theSabbat Worldscluster that fell toChaosbut was liberated by theImperi
964	福蒂斯双星 Fortis Binary	恢复英文词间空格	the	the 	1	t fell toChaosbut was liberated by theImperiumduring theSabbat Worlds Cru
964	福蒂斯双星 Fortis Binary	恢复英文词间空格	the	the 	1	"was liberated by theImperiumduring theSabbat Worlds Crusade.

福蒂斯双星是安息日世界"
964	福蒂斯双星 Fortis Binary	恢复英文词间空格	the	the 	1	"远征期间被帝国解放。

**History 历史**

During theSabbat Worlds Crusade, theTanith Fi"
964	福蒂斯双星 Fortis Binary	恢复英文词间空格	the	the 	1	"

During theSabbat Worlds Crusade, theTanith First and Onlyregimentwas or"
964	福蒂斯双星 Fortis Binary	恢复英文词间空格	from	from 	1	 enemy trench line. The order came fromLord Militant GeneralHechtor Draver
964	福蒂斯双星 Fortis Binary	恢复英文词间空格	of	of 	1	eatre commander, at the suggestion ofColonelDraker Flenseof theJantine P
964	福蒂斯双星 Fortis Binary	恢复英文词间空格	the	the 	1	uggestion ofColonelDraker Flenseof theJantine Patricians, who harboured a
964	福蒂斯双星 Fortis Binary	恢复英文词间空格	a	a 	1	er, the Ghosts managed to sabotage aChaosritual to turn the attacking g
964	福蒂斯双星 Fortis Binary	恢复英文词间空格	into	into 	1	"al to turn the attacking guardsmen intoDaemonhosts.

帝国卫队与混沌部队在四百公里的战场上作战，"
964	福蒂斯双星 Fortis Binary	恢复英文词间空格	under	under 	1	"imentsthat joined the second front underLord GeneralVan Voytz.

在福蒂斯双星解放几年后"
964	福蒂斯双星 Fortis Binary	恢复英文词间空格	the	the 	1	 north, the brilliant gold icon of theAdeptus Mechanicusdisplayed on its 
964	福蒂斯双星 Fortis Binary	恢复英文词间空格	the	the 	1	haps even surpassed, the Temple of theEcclesiarchy, dedicated to theGod-E
964	福蒂斯双星 Fortis Binary	恢复英文词间空格	the	the 	1	"e of theEcclesiarchy, dedicated to theGod-Emperor.

德拉维尔将军的总部设在一座公爵宫殿里，经过"
964	福蒂斯双星 Fortis Binary	恢复英文词间空格	the	the 	1	dustrial manufactories just behind theShrivenlines, sooty shells of melte
964	福蒂斯双星 Fortis Binary	恢复英文词间空格	Worldin	World in	1	" 类别：铸造世界

Fortis Binary is a Forge Worldin the Sabbat Worldscluster that fell"
964	福蒂斯双星 Fortis Binary	恢复英文词间空格	Chaosbut	Chaos but	1	 Sabbat Worldscluster that fell to Chaosbut was liberated by the Imperiumdurin
964	福蒂斯双星 Fortis Binary	恢复英文词间空格	Imperiumduring	Imperium during	1	"l to Chaosbut was liberated by the Imperiumduring the Sabbat Worlds Crusade.

福蒂斯双星是"
964	福蒂斯双星 Fortis Binary	恢复英文句间空格	.Ho	. Ho	1	ratered mud and shattered factories.However, the Ghosts managed to sabota
966	贝塔利斯三号 Betalis III	恢复英文词间空格	an	an 	1	"anetary Image 行星图像

Betalis III is anIce WorldandMining Worldof theImper"
966	贝塔利斯三号 Betalis III	恢复英文词间空格	the	the 	1	II is anIce WorldandMining Worldof theImperiummost famous for its invasio
966	贝塔利斯三号 Betalis III	恢复英文词间空格	by	by 	1	"periummost famous for its invasion byEldarforces in 894.M41.

贝塔利斯三号是帝国的"
966	贝塔利斯三号 Betalis III	恢复英文词间空格	the	the 	1	"ory 历史**

Originally discovered in theOmniel Crusade, anAdeptus Mechanicu"
966	贝塔利斯三号 Betalis III	恢复英文词间空格	an	an 	1	y discovered in theOmniel Crusade, anAdeptus MechanicusExploratorcraft c
966	贝塔利斯三号 Betalis III	恢复英文词间空格	an	an 	1	 across the world while recovering anEldarcraft that had landed on the p
966	贝塔利斯三号 Betalis III	恢复英文词间空格	the	the 	1	d landed on the planet. Scoured by theOrdo Xenosand Adeptus Mechanicus af
966	贝塔利斯三号 Betalis III	恢复英文词间空格	the	the 	1	ore and mineral mining outpost for theImperium. Its extreme climate made 
966	贝塔利斯三号 Betalis III	恢复英文词间空格	from	from 	1	"、幽闭恐惧症和恐旷症。

In 894.M41Eldarforces fromCraftworldAlaitoc, CraftworldMymear"
966	贝塔利斯三号 Betalis III	恢复英文词间空格	and	and 	1	ftworldAlaitoc, CraftworldMymeara, andCorsairsfrom theVoid Dragons,Sky Ra
966	贝塔利斯三号 Betalis III	恢复英文词间空格	the	the 	1	CraftworldMymeara, andCorsairsfrom theVoid Dragons,Sky Raiders, andSunbli
966	贝塔利斯三号 Betalis III	恢复英文词间空格	and	and 	1	sfrom theVoid Dragons,Sky Raiders, andSunblitz Brotherhooddescended upon 
966	贝塔利斯三号 Betalis III	恢复英文词间空格	of	of 	1	escended upon Betalis IIIin search ofIrillyth, the lostPhoenix Lordof th
966	贝塔利斯三号 Betalis III	恢复英文词间空格	the	the 	1	ofIrillyth, the lostPhoenix Lordof theShadow SpectresAspect Warriors. Bet
966	贝塔利斯三号 Betalis III	恢复英文词间空格	by	by 	1	rriors. Betalis III was reinforced byCadianandElysianImperial Guardas we
966	贝塔利斯三号 Betalis III	恢复英文词间空格	as	as 	1	ianandElysianImperial Guardas well asTitansfrom theLegio GryphonicusandS
966	贝塔利斯三号 Betalis III	恢复英文词间空格	the	the 	1	Imperial Guardas well asTitansfrom theLegio GryphonicusandSpace WolvesSpa
966	贝塔利斯三号 Betalis III	恢复英文词间空格	Worldof	World of	1	talis III is an Ice WorldandMining Worldof the Imperiummost famous for its in
966	贝塔利斯三号 Betalis III	恢复英文词间空格	Imperiummost	Imperium most	1	 an Ice WorldandMining Worldof the Imperiummost famous for its invasion by Eldarfo
966	贝塔利斯三号 Betalis III	恢复英文词间空格	Eldarforces	Eldar forces	1	"iummost famous for its invasion by Eldarforces in 894.M41.

贝塔利斯三号是帝国的冰雪世界和矿业世界，最"
966	贝塔利斯三号 Betalis III	恢复英文词间空格	Guardas	Guard as	1	forced by CadianandElysianImperial Guardas well as Titansfrom the Legio Gryph
966	贝塔利斯三号 Betalis III	恢复英文句间空格	.Af	. Af	1	honicusandSpace WolvesSpace Marines.After fighting the Eldar to a bloody 
967	马卡里亚 Macharia	恢复英文词间空格	an	an 	1	"hrine World
- 类别：圣地世界

Macharia is anImperialShrine WorldinSegmentum Pac"
967	马卡里亚 Macharia	恢复英文词间空格	of	of 	1	ost famous for being the homeworld ofLord Commander SolarMachariusand th
967	马卡里亚 Macharia	恢复英文词间空格	the	the 	1	 Macharia in his honour and became theLord Commander's resting place. Spo
967	马卡里亚 Macharia	恢复英文词间空格	the	the 	1	is comparatively easily reached by theWarpfor inexplicable reasons which 
967	马卡里亚 Macharia	恢复英文词间空格	the	the 	1	Warpfor inexplicable reasons which theEcclesiarchyheralds as a miracle an
967	马卡里亚 Macharia	恢复英文词间空格	by	by 	1	 the world, which are kept in line byFrateris Militia.Despite is grandeu
967	马卡里亚 Macharia	恢复英文词间空格	the	the 	1	"*

In 955.M41anOrksuperkroozanamed theBrawlaentered Macharia's system on "
967	马卡里亚 Macharia	恢复英文词间空格	the	the 	1	aria was saved from devastation by theTempestus Scionsof the196th Omicroi
967	马卡里亚 Macharia	恢复英文词间空格	the	the 	1	"药摧毁了异型战舰。从马卡里亚可以看到由此产生的爆炸。

During theNoctis Aeterna, Macharia faced a di"
967	马卡里亚 Macharia	恢复英文词间空格	the	the 	1	 sent away due to the paralysis of theAstronomican. Camps were erected ac
967	马卡里亚 Macharia	恢复英文词间空格	the	the 	1	o declare that they were chosen by theEmperorhimself and soon himself dem
967	马卡里亚 Macharia	恢复英文词间空格	The	The 	1	m tore Macharia apart in holy war. TheAdepta Sororitasand Arch-CardinalMo
967	马卡里亚 Macharia	恢复英文词间空格	of	of 	1	ayne aheretic, and soon the forces ofChaosmanifested in his ranks. Rayne
967	马卡里亚 Macharia	恢复英文词间空格	by	by 	1	, Macharia is technically overseen byArch-ConfessorEvaristus Helical, th
967	马卡里亚 Macharia	恢复英文词间空格	of	of 	1	"ough he is now a senile figurehead ofArch-CardinalMolinair.

今天，马卡里亚在技术上"
967	马卡里亚 Macharia	恢复英文词间空格	Emperorhimself	Emperor himself	1	clare that they were chosen by the Emperorhimself and soon himself demonstrated his 
967	马卡里亚 Macharia	恢复英文句间空格	.De	. De	1	re kept in line by Frateris Militia.Despite is grandeur and wealth, Macha
969	终极马卡里亚 Ultima Macharia	恢复英文词间空格	the	the 	1	orld to have been conquered during theMacharian Crusade. The planet is ho
969	终极马卡里亚 Ultima Macharia	恢复英文词间空格	to	to 	1	 Great Column, a gigantic memorial toSolar Machariusthat can be seen fro
969	终极马卡里亚 Ultima Macharia	恢复英文词间空格	the	the 	1	"

**History 历史**

It is located in theHalo Zone, beyond the reach of theA"
969	终极马卡里亚 Ultima Macharia	恢复英文词间空格	the	the 	1	 theHalo Zone, beyond the reach of theAstronomicanand outside of theSegme
969	终极马卡里亚 Ultima Macharia	恢复英文词间空格	the	the 	1	h of theAstronomicanand outside of theSegmentum Pacificusregion. It was h
969	终极马卡里亚 Ultima Macharia	恢复英文词间空格	the	the 	1	ged to get this far in the name of theEmperor. It was the one thousandth 
969	终极马卡里亚 Ultima Macharia	恢复英文词间空格	under	under 	1	onquered under the 2nd Army Group, underGeneralSejanus. Later,Lord Inquisit
969	终极马卡里亚 Ultima Macharia	恢复英文词间空格	the	the 	1	"due to the dimming of the light of theAstronomican.

由于星炬的光线变暗，在999.M41与终"
974	克律西斯 Chrysis	恢复英文词间空格	a	a 	1	"Knight World
- 类别：骑士世界

Chrysis is aKnight Worldof theImperiumand home "
974	克律西斯 Chrysis	恢复英文词间空格	the	the 	1	"别：骑士世界

Chrysis is aKnight Worldof theImperiumand home toHouse Krast.

克律"
974	克律西斯 Chrysis	恢复英文词间空格	to	to 	1	"Knight Worldof theImperiumand home toHouse Krast.

克律西斯是帝国的骑士世界，也是克拉斯家族的"
974	克律西斯 Chrysis	恢复英文词间空格	the	the 	1	o be rediscovered at the outset of theGreat Crusade(in 850.M30) byRogue T
974	克律西斯 Chrysis	恢复英文词间空格	by	by 	1	et of theGreat Crusade(in 850.M30) byRogue Trader MilitantBastian Jeffer
974	克律西斯 Chrysis	恢复英文词间空格	to	to 	1	tantBastian Jeffers. Its proximity toMarsmeant that the knightly houses 
974	克律西斯 Chrysis	恢复英文词间空格	the	the 	1	"的骑士能够迅速被提供新的武器和装备。

However during theHorus Heresy, the Knight world’s pr"
974	克律西斯 Chrysis	恢复英文词间空格	of	of 	1	ve its undoing when the full might ofHorus’ traitor forces descended upo
974	克律西斯 Chrysis	恢复英文词间空格	Worldof	World of	1	"rld
- 类别：骑士世界

Chrysis is a Knight Worldof the Imperiumand home to House Kras"
974	克律西斯 Chrysis	恢复英文词间空格	Imperiumand	Imperium and	1	"界

Chrysis is a Knight Worldof the Imperiumand home to House Krast.

克律西斯是帝国的骑士世界"
975	艾多利卡 Eidolica	恢复英文词间空格	the	the 	1	"：特级免税

Eidolica was thehomeworldof theFists ExemplarSpace MarineChapter.
"
975	艾多利卡 Eidolica	恢复英文词间空格	the	the 	1	ar were charged with watching over theRubicante Flux, aWarp stormthat was
975	艾多利卡 Eidolica	恢复英文词间空格	a	a 	1	h watching over theRubicante Flux, aWarp stormthat was sporadic in its 
975	艾多利卡 Eidolica	恢复英文词间空格	the	the 	1	radic in its eruptions and plagued theAbra Sectorlocated on the outskirts
975	艾多利卡 Eidolica	恢复英文词间空格	the	the 	1	 Sectorlocated on the outskirts of theSegmentum Solarand uncomfortably cl
975	艾多利卡 Eidolica	恢复英文词间空格	to	to 	1	entum Solarand uncomfortably close toAncient Terra. To aid the Fists Exe
975	艾多利卡 Eidolica	恢复英文词间空格	the	the 	1	ar with this duty, they were given theStar FortAlcazar Astra, which had s
975	艾多利卡 Eidolica	恢复英文词间空格	the	the 	1	ortAlcazar Astra, which had served theImperial Fistswell during theHorus 
975	艾多利卡 Eidolica	恢复英文词间空格	the	the 	1	erved theImperial Fistswell during theHorus Heresy. With the Fort towed b
975	艾多利卡 Eidolica	恢复英文词间空格	the	the 	1	ith the Fort towed by their ships, theFleet-basedChapter patrolled the Ru
975	艾多利卡 Eidolica	恢复英文词间空格	of	of 	1	by star. Due to the heroic efforts ofChapter MasterDantalionand hisCapta
975	艾多利卡 Eidolica	恢复英文词间空格	his	his 	1	forts ofChapter MasterDantalionand hisCaptains, the*Alcazar Astra*was gui
975	艾多利卡 Eidolica	恢复英文词间空格	their	their 	1	World and the*Alcazar Astra*became theirFortress Monastery. The Chapter ada
975	艾多利卡 Eidolica	恢复英文词间空格	the	the 	1	l to their new location and served theImperiumwell for millennia until th
975	艾多利卡 Eidolica	恢复英文词间空格	as	as 	1	he coming of the Ork Warlord known asThe Beast. During theWar of the Bea
975	艾多利卡 Eidolica	恢复英文词间空格	the	the 	1	 Warlord known asThe Beast. During theWar of the Beast, the planet was ov
975	艾多利卡 Eidolica	恢复英文词间空格	by	by 	1	" the Beast, the planet was overrun byOrks.

当典范之拳负责监视鲁比坎特通量时，这是一场偶尔爆发的亚空"
975	艾多利卡 Eidolica	恢复英文词间空格	Imperiumwell	Imperium well	1	 their new location and served the Imperiumwell for millennia until the coming of 
976	瓦纳海姆 Vanaheim	恢复英文词间空格	the	the 	1	on Imperial war-machines including theSalamander Scoutvehicle,Griffon,Med
976	瓦纳海姆 Vanaheim	恢复英文词间空格	by	by 	1	"roduce the mainShotgunpattern used bySkitarii ProvostEnforcers.

众所周知，瓦纳"
976	瓦纳海姆 Vanaheim	恢复英文词间空格	the	the 	1	"。他们还制作了护教军教长执法者使用的主要霰弹枪型号。

During theHorus Heresythe Forge Worldwas inva"
976	瓦纳海姆 Vanaheim	恢复英文词间空格	Worldwas	World was	1	"

During the Horus Heresythe Forge Worldwas invadedby the Warmaster's forces.
"
976	瓦纳海姆 Vanaheim	恢复英文句间空格	.Th	. Th	1	n,Medusa,Centaur CarrierandBasilisk.They also produce the mainShotgunpatt
977	雅兰特三号 Yarant III	恢复英文词间空格	an	an 	1	"ion:Imperium
- 隶属：帝国

Yarant IIIis anImperialworld, located in theSegmen"
977	雅兰特三号 Yarant III	恢复英文词间空格	the	the 	1	" IIIis anImperialworld, located in theSegmentum Solar.

雅兰特三号是一个帝国世界，位于太阳"
977	雅兰特三号 Yarant III	恢复英文词间空格	the	the 	1	ring the 2nd siege of the world in theGreat Crusade, the earlyIXth Legion
977	雅兰特三号 Yarant III	恢复英文词间空格	under	under 	1	Legion's 14th Company was deployed underRogal Dorn. During the campaign the
977	雅兰特三号 Yarant III	恢复英文词间空格	the	the 	1	"吃掉了盟友马拉甘特步枪兵的伤员，因此受到了正式谴责。

During theHorus Heresy, Yarant III became the"
977	雅兰特三号 Yarant III	恢复英文词间空格	the	the 	1	 became the site of abattlebetween theSpace Wolvesand a coalition of trai
977	雅兰特三号 Yarant III	恢复英文词间空格	by	by 	1	 a coalition of traitor forces led byAbaddon. The Space Wolves were rout
977	雅兰特三号 Yarant III	恢复英文词间空格	and	and 	1	ddon. The Space Wolves were routed andLeman Russbadly injured, though in 
977	雅兰特三号 Yarant III	恢复英文词间空格	the	the 	1	ough in the end they were saved by theRaven Guardled byCorax.Later during
977	雅兰特三号 Yarant III	恢复英文词间空格	by	by 	1	ey were saved by theRaven Guardled byCorax.Later during theScouring, Tra
977	雅兰特三号 Yarant III	恢复英文词间空格	the	the 	1	aven Guardled byCorax.Later during theScouring, Traitor forces fled to Ya
977	雅兰特三号 Yarant III	恢复英文词间空格	the	the 	1	"raitor forces fled to Yarant after theSecond Battle of Vanaheim.

在荷鲁斯叛乱期"
977	雅兰特三号 Yarant III	恢复英文词间空格	The	The 	1	"卫救出。在第二次瓦纳海姆之战后，在大清洗期间，叛徒部队逃往雅兰特。

TheEldarfoughtChaos Space Marineswithi"
977	雅兰特三号 Yarant III	恢复英文词间空格	with	with 	1	e Marineswithin the Yarant System, withFarseersidentifying a site within t
977	雅兰特三号 Yarant III	恢复英文词间空格	on	on 	1	 valley'sSekarrajungles and swamps onYarant IVas the headquarters of the
977	雅兰特三号 Yarant III	恢复英文词间空格	the	the 	1	 onYarant IVas the headquarters of theDeath GuardChaosresistance.The Elda
977	雅兰特三号 Yarant III	恢复英文词间空格	the	the 	1	e valley headquarters - overruning thePlague Marinesbefore they had chanc
977	雅兰特三号 Yarant III	恢复英文词间空格	Guardled	Guard led	1	e end they were saved by the Raven Guardled by Corax.Later during the Scouring
977	雅兰特三号 Yarant III	恢复英文词间空格	Marineswithin	Marines within	1	"逃往雅兰特。

The EldarfoughtChaos Space Marineswithin the Yarant System, with Farseersid"
977	雅兰特三号 Yarant III	恢复英文词间空格	Marinesbefore	Marines before	1	adquarters - overruning the Plague Marinesbefore they had chance to form an effecti
977	雅兰特三号 Yarant III	恢复英文句间空格	.La	. La	1	ved by the Raven Guard led by Corax.Later during the Scouring, Traitor fo
977	雅兰特三号 Yarant III	恢复英文句间空格	.Th	. Th	1	s of the Death GuardChaosresistance.The Eldar showed a diversionary force
977	雅兰特三号 Yarant III	恢复英文句间空格	.Wi	. Wi	1	chance to form an effective defence.Within the week, Chaos forces left Ya
978	贝塔-伽蒙恒星群 Beta-Garmon Star Cluster	恢复英文词间空格	of	of 	1	"er is a strategically vital region ofSegmentum Solar.

贝塔-伽蒙恒星群是太阳星域的一个具"
978	贝塔-伽蒙恒星群 Beta-Garmon Star Cluster	恢复英文词间空格	the	the 	1	n Cluster was first settled during theDark Age of Technologyand was one o
978	贝塔-伽蒙恒星群 Beta-Garmon Star Cluster	恢复英文词间空格	the	the 	1	s of human space to largely endure theAge of Strifeintact, making it vita
978	贝塔-伽蒙恒星群 Beta-Garmon Star Cluster	恢复英文词间空格	the	the 	1	king it vital in the early days of theGreat Crusadewhen it peacefully mer
978	贝塔-伽蒙恒星群 Beta-Garmon Star Cluster	恢复英文词间空格	the	the 	1	rp routesthat allow for entry into theSol System. These factors make the 
978	贝塔-伽蒙恒星群 Beta-Garmon Star Cluster	恢复英文词间空格	the	the 	1	 served as the mustering point for theImperialretribution force before it
978	贝塔-伽蒙恒星群 Beta-Garmon Star Cluster	恢复英文词间空格	the	the 	1	ce before itstruck Prospero.Due to theRuinstormat the onset of theHorus H
978	贝塔-伽蒙恒星群 Beta-Garmon Star Cluster	恢复英文词间空格	the	the 	1	Due to theRuinstormat the onset of theHorus Heresy, the Cluster was large
978	贝塔-伽蒙恒星群 Beta-Garmon Star Cluster	恢复英文词间空格	the	the 	1	began thanks to the instigation of theAlpha Legion. After the nearbyParam
978	贝塔-伽蒙恒星群 Beta-Garmon Star Cluster	恢复英文词间空格	the	the 	1	ter in the Heresy, it was taken by theEmperor's Childrenonly to be retake
978	贝塔-伽蒙恒星群 Beta-Garmon Star Cluster	恢复英文词间空格	by	by 	1	peror's Childrenonly to be retaken bySalamanders,Imperial Armyand loyali
978	贝塔-伽蒙恒星群 Beta-Garmon Star Cluster	恢复英文词间空格	the	the 	1	al Armyand loyalistTitan Legionsin theBattle of Nyrcon.Heavily fortified 
978	贝塔-伽蒙恒星群 Beta-Garmon Star Cluster	恢复英文词间空格	by	by 	1	Battle of Nyrcon.Heavily fortified byRogal Dornthereafter, Beta-Garmon b
978	贝塔-伽蒙恒星群 Beta-Garmon Star Cluster	恢复英文词间空格	the	the 	1	"ut ultimately it was the forces of theWarmasterthat emerged victorious.

"
978	贝塔-伽蒙恒星群 Beta-Garmon Star Cluster	恢复英文词间空格	the	the 	1	Beta-Garmon Cluster became lost to theEmperor. In 679.M36theRogue TraderK
978	贝塔-伽蒙恒星群 Beta-Garmon Star Cluster	恢复英文词间空格	the	the 	1	eta-Garmon System. With the aid of theSilver Skulls, the Imperium reconqu
978	贝塔-伽蒙恒星群 Beta-Garmon Star Cluster	恢复英文词间空格	Crusadewhen	Crusade when	1	tal in the early days of the Great Crusadewhen it peacefully merged with the fled
978	贝塔-伽蒙恒星群 Beta-Garmon Star Cluster	恢复英文词间空格	Legionsin	Legions in	1	ers,Imperial Armyand loyalistTitan Legionsin the Battle of Nyrcon.Heavily forti
978	贝塔-伽蒙恒星群 Beta-Garmon Star Cluster	恢复英文词间空格	Warmasterthat	Warmaster that	1	"ltimately it was the forces of the Warmasterthat emerged victorious.

贝塔-伽蒙在帝国惩罚部队袭"
978	贝塔-伽蒙恒星群 Beta-Garmon Star Cluster	恢复英文句间空格	.Be	. Be	1	y merged with the fledglingImperium.Beta-Garmon is also the home to stabl
978	贝塔-伽蒙恒星群 Beta-Garmon Star Cluster	恢复英文句间空格	.Du	. Du	1	tion force before itstruck Prospero.Due to the Ruinstormat the onset of t
978	贝塔-伽蒙恒星群 Beta-Garmon Star Cluster	恢复英文句间空格	.La	. La	1	armon cluster quickly followed suit.Later in the Heresy, it was taken by 
978	贝塔-伽蒙恒星群 Beta-Garmon Star Cluster	恢复英文句间空格	.He	. He	1	tan Legions in the Battle of Nyrcon.Heavily fortified by Rogal Dorntherea
978	贝塔-伽蒙恒星群 Beta-Garmon Star Cluster	恢复英文词间空格	the	the 	1	 30 worlds. However by the time of theGreat Crusadeonly fiveSystemsremain
979	贝塔-伽蒙四号 Beta-Garmon IV	恢复英文词间空格	an	an 	1	"World
- 类别：工业世界

Beta-Garmon IV is anImperiumworld currently owned by th"
979	贝塔-伽蒙四号 Beta-Garmon IV	恢复英文词间空格	the	the 	1	"anImperiumworld currently owned by theSilver SkullsChapter.

贝塔-伽蒙四号是一个帝国"
979	贝塔-伽蒙四号 Beta-Garmon IV	恢复英文词间空格	the	the 	1	"int that is seen as the gateway to theSol Systemitself.

贝塔-伽蒙是一个拥有重要军火工业"
979	贝塔-伽蒙四号 Beta-Garmon IV	恢复英文词间空格	the	the 	1	 served as the mustering point for theImperialretribution force before it
979	贝塔-伽蒙四号 Beta-Garmon IV	恢复英文词间空格	the	the 	1	 the Horus Heresy, it was taken by theEmperor's Childrenonly to be retake
979	贝塔-伽蒙四号 Beta-Garmon IV	恢复英文词间空格	by	by 	1	peror's Childrenonly to be retaken bySalamanders,Imperial Armyand loyali
979	贝塔-伽蒙四号 Beta-Garmon IV	恢复英文词间空格	the	the 	1	al Armyand loyalistTitan Legionsin theBattle of Nyrcon.Heavily fortified 
979	贝塔-伽蒙四号 Beta-Garmon IV	恢复英文词间空格	the	the 	1	"胜利。

InM36Beta-Garmon was given to theSilver SkullsChapterby theLord Admi"
979	贝塔-伽蒙四号 Beta-Garmon IV	恢复英文词间空格	the	the 	1	given to theSilver SkullsChapterby theLord AdmiralandRogue TraderKhorlufo
979	贝塔-伽蒙四号 Beta-Garmon IV	恢复英文词间空格	Imperiumworld	Imperium world	1	"ld
- 类别：工业世界

Beta-Garmon IV is an Imperiumworld currently owned by the Silver Skul"
979	贝塔-伽蒙四号 Beta-Garmon IV	恢复英文词间空格	Legionsin	Legions in	1	ers,Imperial Armyand loyalistTitan Legionsin the Battle of Nyrcon.Heavily forti
979	贝塔-伽蒙四号 Beta-Garmon IV	恢复英文词间空格	Warmasterthat	Warmaster that	1	"ltimately it was the forces of the Warmasterthat emerged victorious.

贝塔-伽蒙在帝国复仇部队袭"
979	贝塔-伽蒙四号 Beta-Garmon IV	恢复英文句间空格	.La	. La	1	tion force before itstruck Prospero.Later in the Horus Heresy, it was tak
979	贝塔-伽蒙四号 Beta-Garmon IV	恢复英文句间空格	.He	. He	1	tan Legions in the Battle of Nyrcon.Heavily fortified by Rogal Dorntherea
982	帕拉马尔五号 Paramar V	恢复英文词间空格	the	the 	1	"mage 行星图像

Paramar V is a world of theImperiumunder the domain of theAdep"
982	帕拉马尔五号 Paramar V	恢复英文词间空格	the	the 	1	" of theImperiumunder the domain of theAdeptus MechanicusofGryphonne IV.

"
982	帕拉马尔五号 Paramar V	恢复英文词间空格	The	The 	1	"机械教认为，帕拉马尔五号的构成是在遥远的过去的某个时候人工设计的。

TheParamar System, including Paramar V"
982	帕拉马尔五号 Paramar V	恢复英文词间空格	the	the 	1	located in the northern reaches of theSegmentum Solar, in an unusually st
982	帕拉马尔五号 Paramar V	恢复英文词间空格	the	the 	1	 almost direct conjunction between theIsstvan Systemand theSol System. Am
982	帕拉马尔五号 Paramar V	恢复英文词间空格	the	the 	1	ction between theIsstvan Systemand theSol System. Among other factors, th
982	帕拉马尔五号 Paramar V	恢复英文词间空格	for	for 	1	r V a strategically crucial planet forHoruswhen he led hisgreat rebellion
982	帕拉马尔五号 Paramar V	恢复英文词间空格	the	the 	1	System was first identified during theGreat Crusade, having been recorded
982	帕拉马尔五号 Paramar V	恢复英文词间空格	the	the 	1	t Crusade, having been recorded in theCarta Imperialisin 803.M30by theRog
982	帕拉马尔五号 Paramar V	恢复英文词间空格	the	the 	1	in theCarta Imperialisin 803.M30by theRogue TraderHel DeAniasie. Not long
982	帕拉马尔五号 Paramar V	恢复英文词间空格	the	the 	1	pand from the Segmentum Solar into theSegmentum Obscurus. In particular, 
982	帕拉马尔五号 Paramar V	恢复英文词间空格	the	the 	1	"s the site of three battles during theHorus Heresy:

在荷鲁斯叛乱时期，这颗行星曾发生过三场战"
982	帕拉马尔五号 Paramar V	恢复英文词间空格	the	the 	1	ority target.In 006.M31, following theIsstvan VDropsite Massacre, Horus t
982	帕拉马尔五号 Paramar V	恢复英文词间空格	the	the 	1	, Horus taskedAlpharius,primarchof theAlpha Legion, with capturing Parama
982	帕拉马尔五号 Paramar V	恢复英文词间空格	the	the 	1	ingent of the Alpha Legion, led by theHarrowmasterArmillus Dynat, arrived
982	帕拉马尔五号 Paramar V	恢复英文词间空格	their	their 	1	ramar System and proceeded to have theirSpartoíoperatives infiltrate key lo
982	帕拉马尔五号 Paramar V	恢复英文词间空格	the	the 	1	rate key locations, including both thePharaeonArmadabase and Paramar V.De
982	帕拉马尔五号 Paramar V	恢复英文词间空格	the	the 	1	the loyalist77th Grand Battalionof theIron Warriorsbolstering the planet'
982	帕拉马尔五号 Paramar V	恢复英文词间空格	An	An 	1	"ond Battle of Paramar 第二次帕拉马尔之战**

AnImperialcounterattack was launched "
982	帕拉马尔五号 Paramar V	恢复英文词间空格	of	of 	1	"nother invasion of Paramar as part ofThe Scouring.

019.M31，帝国军队再次入侵帕拉马尔"
982	帕拉马尔五号 Paramar V	恢复英文词间空格	Imperiumunder	Imperium under	1	" 行星图像

Paramar V is a world of the Imperiumunder the domain of the Adeptus Mechanic"
982	帕拉马尔五号 Paramar V	恢复英文词间空格	Horuswhen	Horus when	1	a strategically crucial planet for Horuswhen he led hisgreat rebellion against 
982	帕拉马尔五号 Paramar V	恢复英文句间空格	.In	. In	1	rusmade taking it a priority target.In 006.M31, following the Isstvan VDr
983	阿拉克西斯星云 Alaxxes Nebula	恢复英文词间空格	in	in 	1	"laxxes Nebula is a region of space inSegmentum Solar.

阿拉克西斯星云是太阳星域的一个太空"
983	阿拉克西斯星云 Alaxxes Nebula	恢复英文词间空格	the	the 	1	"且由于云层的自然移动，这些数据往往在几年内就会过时。

During theHorus Heresy, the Alaxxes Nebula wa"
983	阿拉克西斯星云 Alaxxes Nebula	恢复英文词间空格	the	the 	1	"ula was the site of abattlebetween theSpace WolvesandAlpha Legion.

在荷鲁斯叛"
985	赛德娜 Sedna	恢复英文词间空格	the	the 	1	"Sedna was a planetoid of theSol System, described as a ""false"" "
985	赛德娜 Sedna	恢复英文词间空格	the	the 	1	"se"" and ""nemesis world"". Following theAge of Strife, it was ruled by an u"
985	赛德娜 Sedna	恢复英文词间空格	of	of 	1	"e, it was ruled by an unknown kind ofXenos.

塞德娜是太阳系的一颗小行星，被描述为一个“虚假的”和“"
985	赛德娜 Sedna	恢复英文词间空格	the	the 	1	silence and has since been lost by theImperium.As for Sedna's Xenos, theI
985	赛德娜 Sedna	恢复英文词间空格	the	the 	1	 theImperium.As for Sedna's Xenos, theImperiumdeliberately destroyed all 
985	赛德娜 Sedna	恢复英文词间空格	Imperiumdeliberately	Imperium deliberately	1	"Imperium.As for Sedna's Xenos, the Imperiumdeliberately destroyed all records of them.

在大"
985	赛德娜 Sedna	恢复英文句间空格	.As	. As	1	has since been lost by the Imperium.As for Sedna's Xenos, the Imperium de
986	水星 Mercury	恢复英文词间空格	an	an 	1	"

Planetary Image 行星图像

Mercury is anImperialMining Worldthat lies nearT"
986	水星 Mercury	恢复英文词间空格	the	the 	1	"lMining Worldthat lies nearTerrain theSol System.

水星是一个帝国矿业世界，位于太阳系的泰拉附近"
986	水星 Mercury	恢复英文词间空格	the	the 	1	"于太阳系的泰拉附近。

**History 历史**

During theDark Age of TechnologyMercury's cit"
986	水星 Mercury	恢复英文词间空格	the	the 	1	s technology was later utilized by theDark Angelsin the form of theCyther
986	水星 Mercury	恢复英文词间空格	the	the 	1	"ed by theDark Angelsin the form of theCytheron Pattern Aegis.

在黑暗技术时代，水星"
986	水星 Mercury	恢复英文词间空格	the	the 	1	"。这项技术后来被黑暗天使以西瑟隆型宙斯盾的形式使用。

During theHorus Heresy, shoal facilities oper"
986	水星 Mercury	恢复英文词间空格	the	the 	1	scavenger clans in the area during theSolar War.Shortly before theSiege o
986	水星 Mercury	恢复英文词间空格	the	the 	1	during theSolar War.Shortly before theSiege of TerratheSisters of Silence
986	水星 Mercury	恢复英文词间空格	the	the 	1	"腥的大屠杀中清除了水星上的灵能者。

Some time after theGreat Riftappeared, preparations fo"
986	水星 Mercury	恢复英文词间空格	a	a 	1	d, preparations for an uprising by aGenestealer Cultwere discovered on 
986	水星 Mercury	恢复英文词间空格	of	of 	1	orbital platform. A combined Talon ofCustodiansandSilent Sistersstruck f
986	水星 Mercury	恢复英文词间空格	the	the 	1	" blade through the cult - right to thePatriarch, killing it outright.

大裂"
986	水星 Mercury	恢复英文词间空格	Worldthat	World that	1	"行星图像

Mercury is an ImperialMining Worldthat lies nearTerrain the Sol System.

"
986	水星 Mercury	恢复英文句间空格	.Al	. Al	1	cury's orbit despite its conditions.Alpha Legioninfiltrators also worked 
986	水星 Mercury	恢复英文句间空格	.Sh	. Sh	1	ns in the area during the Solar War.Shortly before the Siege of TerratheS
987	金星 Venus	恢复英文词间空格	an	an 	1	"

Planetary Image 行星图像

Venus is anImperiumIndustrial Worldthat lies n"
987	金星 Venus	恢复英文词间空格	the	the 	1	ustrial Worldthat lies nearTerrain theSol System.Originally its abundant 
987	金星 Venus	恢复英文词间空格	the	the 	1	"前的某个时候，它被地球化了。这个行星上有很深的云层。

During theGreat Crusade, Venus was dominated "
987	金星 Venus	恢复英文词间空格	by	by 	1	Great Crusade, Venus was dominated byWar Witcheswho fielded armies ofLit
987	金星 Venus	恢复英文词间空格	of	of 	1	ed byWar Witcheswho fielded armies ofLitho-Gholem. The earlyIron Warrior
987	金星 Venus	恢复英文词间空格	the	the 	1	"onled the conquest of Venus during theMehr Yashtcampaign.

在大远征期间，金星被战争女巫"
987	金星 Venus	恢复英文词间空格	Worldthat	World that	1	"图像

Venus is an ImperiumIndustrial Worldthat lies nearTerrain the Sol System.Or"
987	金星 Venus	恢复英文词间空格	Legionled	Legion led	1	The earlyIron WarriorsSpace Marine Legionled the conquest of Venus during the M
987	金星 Venus	恢复英文句间空格	.Or	. Or	1	hat lies nearTerrain the Sol System.Originally its abundant volcanism and
988	泰拉 Terra	恢复英文句间空格	.Re	. Re	1	of Madness, and the Age of Apostasy.Recently, there have been Genestealer
991	帝国皇宫 Imperial Palace	地名错别字，已核对两处上下文	太辣	泰拉	1	
995	视界之城 City of Sight	恢复英文词间空格	of	of 	1	The City of Sight is a region ofTerraclose to the Himalazia mountai
995	视界之城 City of Sight	恢复英文词间空格	the	the 	1	"拉雅山脉的一个地区，是庞大的帝国皇宫建筑群的一部分。

During theGreat Crusade, the City of Sight se"
995	视界之城 City of Sight	恢复英文词间空格	the	the 	1	ight served as the headquarters of theAdeptus Astra Telepathicaand was wh
995	视界之城 City of Sight	恢复英文词间空格	the	the 	1	athswere housed and trained.During theHorus Heresy, the City of Sight was
995	视界之城 City of Sight	恢复英文词间空格	by	by 	1	ated by the psychic fallout caused byMagnus' attempted warning of theEmp
995	视界之城 City of Sight	恢复英文词间空格	the	the 	1	"sed byMagnus' attempted warning of theEmperorregardingHorus' betrayal.

在"
995	视界之城 City of Sight	恢复英文句间空格	.Du	. Du	1	ndAstropathswere housed and trained.During the Horus Heresy, the City of 
998	莫拉维克秘库 Vaults of Moravec	恢复英文词间空格	by	by 	1	"拉维克秘库是在火星上发现的一个地点。

It was founded byPrimusMoravecof theBrotherhood of S"
998	莫拉维克秘库 Vaults of Moravec	恢复英文词间空格	the	the 	1	"

It was founded byPrimusMoravecof theBrotherhood of Singularitarianismwh"
998	莫拉维克秘库 Vaults of Moravec	恢复英文词间空格	the	the 	1	"hnology with theancient entitiesof theWarp.

它是由奇点主义兄弟会的首席莫拉维克创立的，他试图加快一个"
998	莫拉维克秘库 Vaults of Moravec	恢复英文词间空格	the	the 	1	"间的古老实体融合在一起。

However, the rise of theImperium of Manunder the guidance o"
998	莫拉维克秘库 Vaults of Moravec	恢复英文词间空格	the	the 	1	perium of Manunder the guidance of theEmperorled to him coming to Mars wh
998	莫拉维克秘库 Vaults of Moravec	恢复英文词间空格	the	the 	1	eeded in gaining the allegiance of theAdeptus Mechanicus. One of the stip
998	莫拉维克秘库 Vaults of Moravec	恢复英文词间空格	the	the 	1	anicus. One of the stipulations of theTreaty of Olympuswas that the Vault
998	莫拉维克秘库 Vaults of Moravec	恢复英文词间空格	the	the 	1	"他们缺乏打开秘库的手段。

By the early part of theHorus Heresy,AdeptRegulushad formed"
998	莫拉维克秘库 Vaults of Moravec	恢复英文词间空格	with	with 	1	AdeptRegulushad formed an alliance withWarmasterHorus Lupercalwho attempte
998	莫拉维克秘库 Vaults of Moravec	恢复英文词间空格	of	of 	1	ho attempted to get the allegiance ofFabricator GeneralKelbor-Halby givi
998	莫拉维克秘库 Vaults of Moravec	恢复英文词间空格	the	the 	1	"anicum and led to the formation of theDark Mechanicum.

在荷鲁斯叛乱早期，专家雷古勒斯与战"
998	莫拉维克秘库 Vaults of Moravec	恢复英文词间空格	Emperorled	Emperor led	1	um of Manunder the guidance of the Emperorled to him coming to Mars where he suc
999	岩浆城 Magma City	恢复英文词间空格	on	on 	1	Magma City was a city onMarsduring theGreat Crusadeand the 
999	岩浆城 Magma City	恢复英文词间空格	the	the 	1	Magma City was a city onMarsduring theGreat Crusadeand the beginning of t
999	岩浆城 Magma City	恢复英文词间空格	the	the 	1	eGreat Crusadeand the beginning of theHorus Heresy. It was the forge of A
999	岩浆城 Magma City	恢复英文词间空格	the	the 	1	the volcano Arisa Mons, located on theTharsis Uplands.The Arsia Mons was 
999	岩浆城 Magma City	恢复英文词间空格	the	the 	1	"tress of the Forge had constructed theAkashic Reader.

在地表之下，铸造厂的女主人建造了阿卡"
999	岩浆城 Magma City	恢复英文词间空格	the	the 	1	"史**

Right before the beginning of theSchism of Mars, Adept Koriel Zeth a"
999	岩浆城 Magma City	恢复英文词间空格	the	the 	1	eader, which required the power of theAstronomicanto function. To Dalia's
999	岩浆城 Magma City	恢复英文词间空格	the	the 	1	phic damage to the Reader, killing theEmpaththat manned it and the thousa
999	岩浆城 Magma City	恢复英文词间空格	the	the 	1	rom the scrap code released during theDeath of Innocence. This in conjunc
999	岩浆城 Magma City	恢复英文词间空格	by	by 	1	rampant on Mars.He was accompanied byRemiare, an assassin of theDark Mec
999	岩浆城 Magma City	恢复英文词间空格	the	the 	1	ompanied byRemiare, an assassin of theDark Mechanicum. This choice of bod
999	岩浆城 Magma City	恢复英文词间空格	the	the 	1	ompanied by Melgator's claims that theEmperorandTerrahad been the cause o
999	岩浆城 Magma City	恢复英文词间空格	the	the 	1	"eclare that she did not believe in theOmnissiah.

在无罪之死之后，铸造将军凯尔博-哈尔派遣大使梅"
999	岩浆城 Magma City	恢复英文词间空格	a	a 	1	 would need to declare Koriel Zeth aHeretek. He would come back later a
999	岩浆城 Magma City	恢复英文词间空格	by	by 	1	 head of a mighty army accompanied byRegulusand led by 13TitansofLegio M
999	岩浆城 Magma City	恢复英文词间空格	the	the 	1	her corrupted machines coming from theVaults of Moravec.Legio Tempestusre
999	岩浆城 Magma City	恢复英文词间空格	the	the 	1	oneImperator Titanof Legio Mortis, theAquila Ignis. This Titan too would 
999	岩浆城 Magma City	恢复英文词间空格	Crusadeand	Crusade and	1	was a city on Marsduring the Great Crusadeand the beginning of the Horus Heresy.
999	岩浆城 Magma City	恢复英文句间空格	.Th	. Th	1	ons, located on the Tharsis Uplands.The Arsia Mons was reawakened by Adep
999	岩浆城 Magma City	恢复英文句间空格	.He	. He	1	 corruption running rampant on Mars.He was accompanied by Remiare, an ass
999	岩浆城 Magma City	恢复英文句间空格	.Le	. Le	1	s coming from the Vaults of Moravec.Legio Tempestusresponded to Zeth's ca
1000	火星大图书馆 Great Librarius Omnis	恢复英文词间空格	on	on 	1	rground continent-spanning library onMars. It has been the subject of se
1000	火星大图书馆 Great Librarius Omnis	恢复英文词间空格	the	the 	1	ccording to legend, at the dawn of theImperium, the legendary Techno-arch
1000	火星大图书馆 Great Librarius Omnis	恢复英文词间空格	the	the 	1	discoveries led to the creation of theLand RaiderandLand Speeder, which w
1003	土卫六 Titan	恢复英文句间空格	.Th	. Th	1	d methane like a jagged black spire.The caverns beneath Mount Anarch are 
1005	海王星 Neptune	恢复英文词间空格	an	an 	1	"

Planetary Image 行星图像

Neptune is anImperialworld of theSolar system, t"
1005	海王星 Neptune	恢复英文词间空格	the	the 	1	"星图像

Neptune is anImperialworld of theSolar system, the system which hold"
1005	海王星 Neptune	恢复英文词间空格	the	the 	1	s first colonized byhumanityduring theAge of Terra.During theAge of Strif
1005	海王星 Neptune	恢复英文词间空格	the	the 	1	anityduring theAge of Terra.During theAge of Strife, the planet's inhabit
1005	海王星 Neptune	恢复英文词间空格	the	the 	1	"并成功完成了任务。他们还通过招募许多海王星的渣滓来补充人数。

By theHorus Heresy, Neptune's moons conta"
1005	海王星 Neptune	恢复英文词间空格	the	the 	1	ons containedHumancolonists.During theSolar War, Neptune and its habitats
1005	海王星 Neptune	恢复英文词间空格	by	by 	1	itorImperial Armyvessels unleashed byPerturabo.Between this and the subs
1005	海王星 Neptune	恢复英文词间空格	by	by 	1	d the subsequent mass bombardments byUltramarinesvessels upon the relief
1005	海王星 Neptune	恢复英文词间空格	the	the 	1	amarinesvessels upon the relief of theSiege of Terra, Neptune's habitatio
1005	海王星 Neptune	恢复英文句间空格	.Du	. Du	1	d byhumanityduring the Age of Terra.During the Age of Strife, the planet'
1005	海王星 Neptune	恢复英文句间空格	.Du	. Du	1	une's moons containedHumancolonists.During the Solar War, Neptune and its
1005	海王星 Neptune	恢复英文句间空格	.Be	. Be	1	 Armyvessels unleashed by Perturabo.Between this and the subsequent mass 
1026	宁博萨 Nimbosa	恢复英文词间空格	an	an 	1	"strial World
- 类别：工业世界

Nimbosa is anIndustrial Worldof theImperiumand o"
1026	宁博萨 Nimbosa	恢复英文词间空格	the	the 	1	"界

Nimbosa is anIndustrial Worldof theImperiumand one of the most importa"
1026	宁博萨 Nimbosa	恢复英文词间空格	their	their 	1	re quick to assault Nimbosa during theirSecond Sphere of Expansion. One of 
1026	宁博萨 Nimbosa	恢复英文词间空格	from	from 	1	 T'au captured the world initially fromVostroyan FirstbornImperial Guard, 
1026	宁博萨 Nimbosa	恢复英文词间空格	the	the 	1	nImperial Guard, it was retaken by theBlack Templarsduring theNimbosa Cru
1026	宁博萨 Nimbosa	恢复英文词间空格	the	the 	1	"retaken by theBlack Templarsduring theNimbosa Crusade.

虽然钛最初从帝国卫队沃斯托尼亚长子"
1026	宁博萨 Nimbosa	恢复英文词间空格	Worldof	World of	1	" 类别：工业世界

Nimbosa is an Industrial Worldof the Imperiumand one of the most im"
1026	宁博萨 Nimbosa	恢复英文词间空格	Imperiumand	Imperium and	1	mbosa is an Industrial Worldof the Imperiumand one of the most important Imperial
1027	龙之终 Dragon's End	恢复英文词间空格	a	a 	1	"t World
- 类别：骑士世界

Dragon's End is aKnight Worldof theImperiumand home "
1027	龙之终 Dragon's End	恢复英文词间空格	the	the 	1	"界

Dragon's End is aKnight Worldof theImperiumand home toHouse Griffithan"
1027	龙之终 Dragon's End	恢复英文词间空格	to	to 	1	Knight Worldof theImperiumand home toHouse Griffithand its vassal houses
1027	龙之终 Dragon's End	恢复英文词间空格	the	the 	1	"ran,House Nostrus.It lies close to theForge WorldIncaladion.

龙之终是帝国的骑士世界"
1027	龙之终 Dragon's End	恢复英文词间空格	the	the 	1	hese colonists formed the basis of theKnightHouse Griffith, soon becoming
1027	龙之终 Dragon's End	恢复英文词间空格	named	named 	1	rim. During this time, one warrior namedNathanielkilled three of the creatu
1027	龙之终 Dragon's End	恢复英文词间空格	the	the 	1	ly inM42, it suffered an attack by theNecronNovokh Dynastyin theWars of S
1027	龙之终 Dragon's End	恢复英文词间空格	the	the 	1	"ttack by theNecronNovokh Dynastyin theWars of Steel.

在M42早期，它在钢铁战争中遭到了死灵"
1027	龙之终 Dragon's End	恢复英文词间空格	of	of 	1	"**

- Bastion Armentes— Stronghold ofHouse Griffith.
- 阿尔门特斯堡垒 — 格里菲斯家族的"
1027	龙之终 Dragon's End	恢复英文词间空格	Worldof	World of	1	" 类别：骑士世界

Dragon's End is a Knight Worldof the Imperiumand home to House Grif"
1027	龙之终 Dragon's End	恢复英文词间空格	Imperiumand	Imperium and	1	agon's End is a Knight Worldof the Imperiumand home to House Griffithand its vass
1027	龙之终 Dragon's End	恢复英文句间空格	.It	. It	1	Onnelis,House Theyran,House Nostrus.It lies close to the Forge WorldIncal
1028	克拉斯特兰 Krastellan	恢复英文词间空格	a	a 	1	"orld
- 类别：骑士世界，封建世界

Krastellan is aKnight Worldof theImperiumand home "
1028	克拉斯特兰 Krastellan	恢复英文词间空格	the	the 	1	"建世界

Krastellan is aKnight Worldof theImperiumand home toHouse Hawkshroud"
1028	克拉斯特兰 Krastellan	恢复英文词间空格	to	to 	1	"Knight Worldof theImperiumand home toHouse Hawkshroud.

克拉斯特兰是帝国的骑士世界，也是"
1028	克拉斯特兰 Krastellan	恢复英文词间空格	to	to 	1	ty thanks in part to its proximity toBaal, theHomeworldof theBlood Angel
1028	克拉斯特兰 Krastellan	恢复英文词间空格	the	the 	1	s in part to its proximity toBaal, theHomeworldof theBlood AngelsChapter.
1028	克拉斯特兰 Krastellan	恢复英文词间空格	the	the 	1	s proximity toBaal, theHomeworldof theBlood AngelsChapter.It suffered a m
1028	克拉斯特兰 Krastellan	恢复英文词间空格	the	the 	1	er.It suffered a major invasion by theNecronMephrit Dynasty, but was reli
1028	克拉斯特兰 Krastellan	恢复英文词间空格	by	by 	1	"nMephrit Dynasty, but was relieved bySkitariiandHouse Hawkshroudforces.
"
1028	克拉斯特兰 Krastellan	恢复英文词间空格	Worldof	World of	1	"：骑士世界，封建世界

Krastellan is a Knight Worldof the Imperiumand home to House Hawk"
1028	克拉斯特兰 Krastellan	恢复英文词间空格	Imperiumand	Imperium and	1	"Krastellan is a Knight Worldof the Imperiumand home to House Hawkshroud.

克拉斯特兰是帝"
1028	克拉斯特兰 Krastellan	恢复英文句间空格	.It	. It	1	Homeworldof the Blood AngelsChapter.It suffered a major invasion by the N
1029	索萨 Sotha	恢复英文词间空格	the	the 	1	" 什一税等级：前特级免税，现无

Sotha, located in theUltima Segmentum, is thehome worldo"
1029	索萨 Sotha	恢复英文词间空格	the	the 	1	tima Segmentum, is thehome worldof theScythes of the EmperorSpace Marine 
1029	索萨 Sotha	恢复英文词间空格	the	the 	1	r.The Chapter'sFortress-monastery, theSpace StationAegida, is located in 
1029	索萨 Sotha	恢复英文词间空格	of	of 	1	"艾吉达空间站，位于其轨道上。

Although once part ofUltramar, by M41 Sotha was the card"
1029	索萨 Sotha	恢复英文词间空格	the	the 	1	41 Sotha was the cardinal world of theSotharan Leaguewhich included many 
1029	索萨 Sotha	恢复英文词间空格	the	the 	1	"ade 大远征**

Sotha was discovered by theUltramarines Legionin 882.M30and br"
1029	索萨 Sotha	恢复英文词间空格	the	the 	1	"s Legionin 882.M30and brought into theFive Hundred Worlds of Ultramar.

索"
1029	索萨 Sotha	恢复英文词间空格	of	of 	1	ion, but after initial exploration ofMount Pharosan ancient structure of
1029	索萨 Sotha	恢复英文词间空格	the	the 	1	"s Heresy 荷鲁斯叛乱**

At the height of theHorus Heresy, at Guilliman’s comman"
1029	索萨 Sotha	恢复英文词间空格	the	the 	1	renegadewarsmithBarabas Dantiochof theIron Warriorshad been sent to Sotha
1029	索萨 Sotha	恢复英文词间空格	the	the 	1	to Sotha to uncover the secrets of thePharos, and succeeded in opening up
1029	索萨 Sotha	恢复英文词间空格	the	the 	1	"n for navigation in the absence of theAstronomican.

在荷鲁斯叛乱的巅峰时期，在基里曼的指挥下"
1029	索萨 Sotha	恢复英文词间空格	by	by 	1	"供了方向信标。

The planet was designated bySevataras a rendezvous point for th"
1029	索萨 Sotha	恢复英文词间空格	the	the 	1	bySevataras a rendezvous point for theNight Lordsfleet elements after the
1029	索萨 Sotha	恢复英文词间空格	the	the 	1	after the disastrous conclusion of theThramas Crusade.It is unclear wheth
1029	索萨 Sotha	恢复英文词间空格	by	by 	1	e Sothan rendezvous point was used byGendor Skraivok, commanding the45th
1029	索萨 Sotha	恢复英文词间空格	the	the 	1	rince.Two otherNight Lordsvessels, theDomninus NoctemandShadow Blow, used
1029	索萨 Sotha	恢复英文词间空格	the	the 	1	ander of103rd Companyand member of theKyroptera, arrived and Krukesh indu
1029	索萨 Sotha	恢复英文词间空格	the	the 	1	" the Sotha System that resulted in theBattle of Sotha.

在色雷斯远征灾难性的结束后，塞维塔"
1029	索萨 Sotha	恢复英文词间空格	his	his 	1	roken upinto Chapters; furthermore hisCodex Astartesset an upper limit on
1029	索萨 Sotha	恢复英文词间空格	the	the 	1	ers dwindled until, by the time of theThird Founding, only one Marine rem
1029	索萨 Sotha	恢复英文词间空格	and	and 	1	":Oberdeii, nowCaptainof the Aegida andWarden of the Pharos.

在接下来的千年里，艾吉达"
1029	索萨 Sotha	恢复英文词间空格	of	of 	1	g was initiated at the instruction ofRogal Dorn, the Ultramarines' Chapt
1029	索萨 Sotha	恢复英文词间空格	the	the 	1	ld either be reassigned to command theUltramarines' Fifth Companyand resu
1029	索萨 Sotha	恢复英文词间空格	the	the 	1	"ida, he instead chose to name them theScythes of the Emperor.

当第三次建军是在罗格"
1029	索萨 Sotha	恢复英文词间空格	the	the 	1	rest and rebellion spreading along theEastern Fringe.Chapter MasterThorcy
1029	索萨 Sotha	恢复英文词间空格	the	the 	1	asterThorcyrasentCaptainCassiosand theScythes' Fifth Companyto crush any 
1029	索萨 Sotha	恢复英文词间空格	the	the 	1	 before himself heading north into theSaphir Cluster.After a year, garble
1029	索萨 Sotha	恢复英文词间空格	of	of 	1	y — this turned out to be the work ofGenestealer Cultistson behalf of th
1029	索萨 Sotha	恢复英文词间空格	the	the 	1	"ofGenestealer Cultistson behalf of theTyranidsofHive FleetKraken.

在M41的最"
1029	索萨 Sotha	恢复英文词间空格	the	the 	1	ing every single battle-brother of theChapterback to Sotha to aid in the 
1029	索萨 Sotha	恢复英文词间空格	of	of 	1	h his life.Soon afterwards, a rain ofMycetic Sporesbrought billions ofTy
1029	索萨 Sotha	恢复英文词间空格	of	of 	1	n ofMycetic Sporesbrought billions ofTyranidcreatures to the surface. Th
1029	索萨 Sotha	恢复英文词间空格	the	the 	1	"

Sotha was completely consumed by theTyranids, and every single humanser"
1029	索萨 Sotha	恢复英文词间空格	the	the 	1	"”。

**Dark Imperium 黑暗帝国**

During theAge of the Dark Imperium,Belisarius"
1029	索萨 Sotha	恢复英文词间空格	the	the 	1	ed an expedition to Sotha to study thePharosalong with theScythes of the 
1029	索萨 Sotha	恢复英文词间空格	the	the 	1	Sotha to study thePharosalong with theScythes of the EmperorandDecimus Fe
1029	索萨 Sotha	恢复英文词间空格	a	a 	1	pter Master,Thrasius, died slaying aGenestealer Patriarchwhile the rest
1029	索萨 Sotha	恢复英文词间空格	the	the 	1	s, would be taken from the rest of theSothan system. Flora and fauna woul
1029	索萨 Sotha	恢复英文词间空格	the	the 	1	 from cloned vault samples held in theLibrary of PtolemyonMacragge.Cawl l
1029	索萨 Sotha	恢复英文词间空格	the	the 	1	orsenative to Sotha. Despite this, theCompany BannersandChapter Standardo
1029	索萨 Sotha	恢复英文词间空格	by	by 	1	nt mythical horses from tales told byOberdeii,Warden of the Pharosand fi
1029	索萨 Sotha	恢复英文词间空格	Legionin	Legion in	1	was discovered by the Ultramarines Legionin 882.M30and brought into the Five H
1029	索萨 Sotha	恢复英文词间空格	Tyranidcreatures	Tyranid creatures	1	 Mycetic Sporesbrought billions of Tyranidcreatures to the surface. They swarmed over 
1029	索萨 Sotha	恢复英文句间空格	.No	. No	1	"ptus Astartes Homeworld, Tomb World.Now Dead World though being restored
"
1029	索萨 Sotha	恢复英文句间空格	.Th	. Th	1	 of the EmperorSpace Marine Chapter.The Chapter'sFortress-monastery, the 
1029	索萨 Sotha	恢复英文句间空格	.It	. It	1	s conclusion of the Thramas Crusade.It is unclear whether or not he knew 
1029	索萨 Sotha	恢复英文句间空格	.Tw	. Tw	1	board thestrike cruiserUmber Prince.Two otherNight Lordsvessels, the Domn
1029	索萨 Sotha	恢复英文句间空格	.Ni	. Ni	1	ber Prince*into his order of battle.Night Lords forces under Krukesh's co
1029	索萨 Sotha	恢复英文句间空格	.Ch	. Ch	1	 spreading along the Eastern Fringe.Chapter MasterThorcyrasentCaptainCass
1029	索萨 Sotha	恢复英文句间空格	.Af	. Af	1	ading north into the Saphir Cluster.After a year, garbled communications 
1029	索萨 Sotha	恢复英文句间空格	.Se	. Se	1	 appeared at the edge of the system.SergeantRemasled a boarding mission t
1029	索萨 Sotha	恢复英文句间空格	.So	. So	1	ip but barely escaped with his life.Soon afterwards, a rain of Mycetic Sp
1029	索萨 Sotha	恢复英文句间空格	.Ho	. Ho	1	thes of the EmperorandDecimus Felix.However, the ScythesChapter Serfswere
1029	索萨 Sotha	恢复英文句间空格	.Me	. Me	1	est of the ScythesFirstbornperished.Meanwhile the Pharos collapsed, and C
1029	索萨 Sotha	恢复英文句间空格	.Ca	. Ca	1	in the Library of PtolemyonMacragge.Cawl left Hierophant ParticularIx Tre
1030	贝鲁斯一号 Bellus Prime	恢复英文词间空格	a	a 	1	"ld
- 类别：战争世界，矿场世界

Bellus Prime is aQuarry Worldthat is currently being"
1030	贝鲁斯一号 Bellus Prime	恢复英文词间空格	the	the 	1	"that is currently being invaded by theNecronsof theSautekh Dynasty.

贝鲁斯一"
1030	贝鲁斯一号 Bellus Prime	恢复英文词间空格	the	the 	1	"ntly being invaded by theNecronsof theSautekh Dynasty.

贝鲁斯一号是一个矿场世界，目前正被"
1030	贝鲁斯一号 Bellus Prime	恢复英文词间空格	Worldthat	World that	1	"争世界，矿场世界

Bellus Prime is a Quarry Worldthat is currently being invaded by the "
1030	贝鲁斯一号 Bellus Prime	恢复英文词间空格	Necronsof	Necrons of	1	" is currently being invaded by the Necronsof the Sautekh Dynasty.

贝鲁斯一号是一个矿场世界"
1031	安维鲁斯 Anvillus	恢复英文词间空格	a	a 	1	"ptus Non
- 什一税等级：特级免税

Anvillus is aForge Worldof theImperium.Dating ba"
1031	安维鲁斯 Anvillus	恢复英文词间空格	the	the 	1	"级：特级免税

Anvillus is aForge Worldof theImperium.Dating back to the time of"
1031	安维鲁斯 Anvillus	恢复英文词间空格	the	the 	1	mperium.Dating back to the time of theGreat Crusade, it was known to be o
1031	安维鲁斯 Anvillus	恢复英文词间空格	the	the 	1	"美的铸造世界之一。

**Overview 概述**

During theGreat Crusade, theBlood Angelsestab"
1031	安维鲁斯 Anvillus	恢复英文词间空格	the	the 	1	"iew 概述**

During theGreat Crusade, theBlood Angelsestablished a long trad"
1031	安维鲁斯 Anvillus	恢复英文词间空格	the	the 	1	rd of Anvillus. By the outbreak of theHorus Heresy, a demi-company was st
1031	安维鲁斯 Anvillus	恢复英文词间空格	at	at 	1	a warp-barge from Anvillus arrives atBaalbearing tribute in the form of 
1031	安维鲁斯 Anvillus	恢复英文词间空格	of	of 	1	llus is known for the construction ofWarlord Battle Titansof the Mars-Al
1031	安维鲁斯 Anvillus	恢复英文词间空格	Worldof	World of	1	"
- 什一税等级：特级免税

Anvillus is a Forge Worldof the Imperium.Dating back to the ti"
1031	安维鲁斯 Anvillus	恢复英文句间空格	.Da	. Da	1	us is a Forge World of the Imperium.Dating back to the time of the Great 
1033	伊斯塔万三号 Isstvan III	恢复英文词间空格	a	a 	1	"netary Image 行星图像

Isstvan III was aHive Worldin theIsstvan system. Its"
1033	伊斯塔万三号 Isstvan III	恢复英文词间空格	the	the 	1	"星图像

Isstvan III was aHive Worldin theIsstvan system. Its destruction and"
1033	伊斯塔万三号 Isstvan III	恢复英文词间空格	of	of 	1	stances were the first overt signs ofWarmasterHorus'sturn to the forces 
1033	伊斯塔万三号 Isstvan III	恢复英文词间空格	of	of 	1	WarmasterHorus'sturn to the forces ofChaosand the firstbattleof theHorus
1033	伊斯塔万三号 Isstvan III	恢复英文词间空格	the	the 	1	"orces ofChaosand the firstbattleof theHorus Heresy.

伊斯塔万三号是伊斯塔万星系中的巢都世界。"
1033	伊斯塔万三号 Isstvan III	恢复英文词间空格	the	the 	1	aving been founded sometime during theDark Age of Technologyand spared ma
1033	伊斯塔万三号 Isstvan III	恢复英文词间空格	the	the 	1	yand spared many of the horrors of theAge of Strife, Isstvan III was orig
1033	伊斯塔万三号 Isstvan III	恢复英文词间空格	the	the 	1	II was originally assimilated into theImperiumby theRaven Guardduring the
1033	伊斯塔万三号 Isstvan III	恢复英文词间空格	the	the 	1	lly assimilated into theImperiumby theRaven Guardduring theGreat Crusade.
1033	伊斯塔万三号 Isstvan III	恢复英文词间空格	the	the 	1	theImperiumby theRaven Guardduring theGreat Crusade. The Raven Guard swif
1033	伊斯塔万三号 Isstvan III	恢复英文词间空格	the	the 	1	ne swoop. By the time dawn rose on theHiveofKhry Vanak, Isstvan III's cap
1033	伊斯塔万三号 Isstvan III	恢复英文词间空格	the	the 	1	 the Imperium moved in the wake of theAstartesand rebuilt the planet alon
1033	伊斯塔万三号 Isstvan III	恢复英文词间空格	the	the 	1	"uilt the planet along the lines of theImperial Truth.

伊斯塔万三号建立于黑暗技术时代的某个"
1033	伊斯塔万三号 Isstvan III	恢复英文词间空格	the	the 	1	fore word of the rebellion reached theCouncil of Terra.TheEmperor of Mank
1033	伊斯塔万三号 Isstvan III	恢复英文词间空格	The	The 	1	ellion reached theCouncil of Terra.TheEmperor of Mankindand the Council, 
1033	伊斯塔万三号 Isstvan III	恢复英文词间空格	the	the 	1	ine Legions; his ownSons of Horus, theEmperor's ChildrenofFulgrim,Mortari
1033	伊斯塔万三号 Isstvan III	恢复英文词间空格	his	his 	1	r's ChildrenofFulgrim,Mortarionand hisDeath Guard, and theWorld Eatersled
1033	伊斯塔万三号 Isstvan III	恢复英文词间空格	the	the 	1	m,Mortarionand hisDeath Guard, and theWorld Eatersled byAngron. Horus and
1033	伊斯塔万三号 Isstvan III	恢复英文词间空格	by	by 	1	eath Guard, and theWorld Eatersled byAngron. Horus and these Primarchs h
1033	伊斯塔万三号 Isstvan III	恢复英文词间空格	by	by 	1	 all suspected loyalists, deployed byDrop podsupon theChoral City, the c
1033	伊斯塔万三号 Isstvan III	恢复英文词间空格	the	the 	1	oyalists, deployed byDrop podsupon theChoral City, the capital of the pla
1033	伊斯塔万三号 Isstvan III	恢复英文词间空格	a	a 	1	anned bombardment and commandeered aThunderhawkto save his betrayed bre
1033	伊斯塔万三号 Isstvan III	恢复英文词间空格	the	the 	1	"n is said to have been louder than theAstronomican.

计划中的第一波，都是疑似的忠诚派，由空投"
1033	伊斯塔万三号 Isstvan III	恢复英文词间空格	and	and 	1	Tarvitz of the Emperor's Children, andEhrlenof the World Eaters, the loya
1033	伊斯塔万三号 Isstvan III	恢复英文词间空格	to	to 	1	he Loyalists were crushed, in part toLucius'sbetrayal and the orbital bo
1033	伊斯塔万三号 Isstvan III	恢复英文词间空格	the	the 	1	" frigateEisensteinand fled to warn theEmperorof Horus's betrayal.

尽管如此，四"
1033	伊斯塔万三号 Isstvan III	恢复英文词间空格	the	the 	1	survivor of the original atrocity, theDreadnoughtRylanor, enacted his rev
1033	伊斯塔万三号 Isstvan III	恢复英文词间空格	Worldin	World in	1	"Image 行星图像

Isstvan III was a Hive Worldin the Isstvan system. Its destructio"
1033	伊斯塔万三号 Isstvan III	恢复英文词间空格	Chaosand	Chaos and	1	masterHorus'sturn to the forces of Chaosand the firstbattleof the Horus Heresy
1033	伊斯塔万三号 Isstvan III	恢复英文词间空格	Imperiumby	Imperium by	1	as originally assimilated into the Imperiumby the Raven Guardduring the Great Cr
1033	伊斯塔万三号 Isstvan III	恢复英文词间空格	Guardduring	Guard during	1	ated into the Imperiumby the Raven Guardduring the Great Crusade. The Raven Guard
1033	伊斯塔万三号 Isstvan III	恢复英文词间空格	Astartesand	Astartes and	1	 Imperium moved in the wake of the Astartesand rebuilt the planet along the lines
1033	伊斯塔万三号 Isstvan III	恢复英文词间空格	Mortarionand	Mortarion and	1	s, the Emperor's ChildrenofFulgrim,Mortarionand his Death Guard, and the World Eat
1033	伊斯塔万三号 Isstvan III	恢复英文词间空格	Emperorof	Emperor of	1	"gateEisensteinand fled to warn the Emperorof Horus's betrayal.

尽管如此，四个军团的许多忠诚者"
1033	伊斯塔万三号 Isstvan III	恢复英文句间空格	.Th	. Th	1	ellion reached the Council of Terra.The Emperor of Mankindand the Council
1036	巴尔 Baal	删除误重复字	他和他的的兄弟原	他和他的兄弟原	1	
1037	巴尔二号 Baal Secundus	恢复英文词间空格	of	of 	1	Baal. Approximately 1/3rd the size ofTerra, the moon is highly irradiate
1037	巴尔二号 Baal Secundus	恢复英文词间空格	the	the 	1	mendous weaponry being used during theDark Age of Technology, including v
1037	巴尔二号 Baal Secundus	恢复英文词间空格	the	the 	1	"Secundus, in spite of dangers like theRed Mist.

巴尔二号是围绕巴尔运行的两颗卫星之一。卫星的大小"
1037	巴尔二号 Baal Secundus	恢复英文词间空格	the	the 	1	sting alongsideBaal Primus, during theDark Age of TechnologyBaal along wi
1037	巴尔二号 Baal Secundus	恢复英文词间空格	by	by 	1	g with its two moons were isolated byWarp Storms. During this period Baa
1037	巴尔二号 Baal Secundus	恢复英文词间空格	by	by 	1	me time, Baal Secundus was ravaged byNuclearand biological weapons. The 
1037	巴尔二号 Baal Secundus	恢复英文词间空格	of	of 	1	"to sickly nomads until the arrival ofSanguiniusmillennia later.

在黑暗技术时代"
1037	巴尔二号 Baal Secundus	恢复英文词间空格	the	the 	1	"undus (dubbed ""The Blood"") against theMutanthordes of the moon. The moon "
1037	巴尔二号 Baal Secundus	恢复英文词间空格	the	the 	1	oon. The moon later became part of theBlood AngelsLegionhomeworld alongsi
1037	巴尔二号 Baal Secundus	恢复英文词间空格	and	and 	1	"gelsLegionhomeworld alongside Baal andBaal Primus.

巴尔二号是圣吉列斯降落的世界，受到严重辐射"
1037	巴尔二号 Baal Secundus	恢复英文词间空格	the	the 	1	"尔和巴尔一号一起成为了圣血天使军团家园世界的一部分。

During theDevastation of Baal, Baal Secundus "
1037	巴尔二号 Baal Secundus	恢复英文词间空格	by	by 	1	Baal Secundus was heavily infested byTyranidsand largely drained of what
1037	巴尔二号 Baal Secundus	恢复英文词间空格	Tyranidsand	Tyranids and	1	l Secundus was heavily infested by Tyranidsand largely drained of whatever life i
1037	巴尔二号 Baal Secundus	恢复英文句间空格	.Ro	. Ro	1	ely drained of whatever life it had.Roboute Guillimandiverted significant
1043	美杜莎五号 Medusa V	恢复英文词间空格	an	an 	1	"Planetary Image 行星图像

Medusa V was anImperialMining WorldandIndustrial W"
1043	美杜莎五号 Medusa V	恢复英文词间空格	The	The 	1	at of its sister planet,Medusa IV. TheMedusa Systemmay have gone unnotice
1043	美杜莎五号 Medusa V	恢复英文词间空格	the	the 	1	h higher risk of destruction. When theExploratorfleet arrived, aClan Comp
1043	美杜莎五号 Medusa V	恢复英文词间空格	a	a 	1	. When theExploratorfleet arrived, aClan Companyof theIron Handscame wi
1043	美杜莎五号 Medusa V	恢复英文词间空格	the	the 	1	atorfleet arrived, aClan Companyof theIron Handscame with them to provide
1043	美杜莎五号 Medusa V	恢复英文词间空格	the	the 	1	lop the system and cut it off from theImperium, sometimes for months or e
1043	美杜莎五号 Medusa V	恢复英文词间空格	on	on 	1	" V, the center of production being onMedusa IV.

美杜莎五号的财富在于开采铱矿和钻探钷，为舰队在"
1043	美杜莎五号 Medusa V	恢复英文词间空格	the	the 	1	"号上只有少数几个大城市，生产中心在美杜莎四号。

Then came theMedusa Schism. The outcome of the s"
1043	美杜莎五号 Medusa V	恢复英文词间空格	by	by 	1	usa IV was abandoned and destroyed byExterminatuswith one salvo of atmos
1043	美杜莎五号 Medusa V	恢复英文词间空格	of	of 	1	nerator torpedoes (under the watch ofInquisitorBaptiste), which made the
1043	美杜莎五号 Medusa V	恢复英文词间空格	the	the 	1	edusa V and screened forhereticsby theInquisition, and thousands were put
1043	美杜莎五号 Medusa V	恢复英文词间空格	the	the 	1	d. Vast structures were erected by theAdeptus Mechanicusto hold millions 
1043	美杜莎五号 Medusa V	恢复英文词间空格	The	The 	1	g to become a secondEye of Terror. TheOrdo Malleuspostulate some form ofC
1043	美杜莎五号 Medusa V	恢复英文词间空格	of	of 	1	TheOrdo Malleuspostulate some form ofChaos Sorcererhas worked his magic 
1043	美杜莎五号 Medusa V	恢复英文词间空格	the	the 	1	 revolted against the Imperium and thePlanetary GovernorSolomanhopes that
1043	美杜莎五号 Medusa V	恢复英文词间空格	The	The 	1	easing numbers of revolting areas. TheTechpriestswho operate the vast orb
1043	美杜莎五号 Medusa V	恢复英文词间空格	on	on 	1	ronomical energy spikes, the first onMedusa VIIand the second and third 
1043	美杜莎五号 Medusa V	恢复英文词间空格	the	the 	1	ave warned that a sizable chunk of theHive FleetKrakenhas broken its cour
1043	美杜莎五号 Medusa V	恢复英文词间空格	an	an 	1	em after a titanic engagement with anImperial Navyspace fleet atLycanis.
1043	美杜莎五号 Medusa V	恢复英文词间空格	at	at 	1	nt with anImperial Navyspace fleet atLycanis. ADeathwatchLibrarian, name
1043	美杜莎五号 Medusa V	恢复英文词间空格	A	A 	1	mperial Navyspace fleet atLycanis. ADeathwatchLibrarian, namedAndreas, 
1043	美杜莎五号 Medusa V	恢复英文词间空格	named	named 	1	t atLycanis. ADeathwatchLibrarian, namedAndreas, has postulated that the*Ra
1043	美杜莎五号 Medusa V	恢复英文词间空格	the	the 	1	idity*may be acting as a beacon to theHive Fleet, drawing it to the syste
1043	美杜莎五号 Medusa V	恢复英文词间空格	the	the 	1	 Governor's own personal guard and theAdeptus Arbitesfighting a desperate
1043	美杜莎五号 Medusa V	恢复英文词间空格	the	the 	1	d openly pledged its allegiance to theChaos Godsand rumours are abound th
1043	美杜莎五号 Medusa V	恢复英文词间空格	the	the 	1	os Godsand rumours are abound that theTraitor Marinesthemselves have come
1043	美杜莎五号 Medusa V	恢复英文词间空格	of	of 	1	ariusof the Second Company. Dozens ofSpace Marinechaptersrace to the sys
1043	美杜莎五号 Medusa V	恢复英文词间空格	an	an 	1	 pledged their support, as well as anImperial Guardcrusade lead by Lord 
1043	美杜莎五号 Medusa V	恢复英文词间空格	the	the 	1	ead by Lord MarshalGraf Harazahnof theVostroyan Firstborn. Every day the 
1043	美杜莎五号 Medusa V	恢复英文词间空格	In	In 	1	"风暴都会摧毁行星。

**Notes 注释**

- Note 1. InThe Fall of Medusa V (booklet)state"
1043	美杜莎五号 Medusa V	恢复英文词间空格	the	the 	1	d about location of the system, in theCodex: Chaos Daemons (8th Edition)t
1043	美杜莎五号 Medusa V	恢复英文词间空格	the	the 	1	eCodex: Chaos Daemons (8th Edition)theWarp StormVan Grothe's Rapidityis l
1043	美杜莎五号 Medusa V	恢复英文词间空格	the	the 	1	Van Grothe's Rapidityis located in theUltima Segmentum, so it may be extr
1043	美杜莎五号 Medusa V	恢复英文词间空格	Mechanicusto	Mechanicus to	1	ctures were erected by the Adeptus Mechanicusto hold millions of workers, kept sep
1043	美杜莎五号 Medusa V	恢复英文词间空格	Marineshave	Marines have	1	wing ever stronger.DeathwatchSpace Marineshave warned that a sizable chunk of the
1043	美杜莎五号 Medusa V	恢复英文句间空格	.Me	. Me	1	ted very close to the Medusa System.Medusa IV and V were colonised to pro
1043	美杜莎五号 Medusa V	恢复英文句间空格	.De	. De	1	starvation is growing ever stronger.DeathwatchSpace Marines have warned t
1045	考拉瓦星系 Kaurava system	恢复英文词间空格	the	the 	1	a system is astar systemlocated in theLithesh Sectorof theUltima Segmentu
1045	考拉瓦星系 Kaurava system	恢复英文词间空格	the	the 	1	stemlocated in theLithesh Sectorof theUltima Segmentum. It was the battle
1045	考拉瓦星系 Kaurava system	恢复英文词间空格	by	by 	1	arava Campaign have been described byRemembrancerTheta-Scion, whose acco
1045	考拉瓦星系 Kaurava system	恢复英文词间空格	the	the 	1	ears under the neglectful watch of thePlanetary Defense Forcedescended fr
1045	考拉瓦星系 Kaurava system	恢复英文词间空格	the	the 	1	cing the system's supposed rulers, theOrktribes of Karauva II, whom the D
1045	考拉瓦星系 Kaurava system	恢复英文词间空格	the	the 	1	d never successfully put down, and theNecrons, who had slept undisturbed 
1045	考拉瓦星系 Kaurava system	恢复英文词间空格	the	the 	1	"欧克部落，以及在考拉瓦三号地下沉睡了无数千年的死灵。
> Where theChaos Marinescame from, or how, no "
1045	考拉瓦星系 Kaurava system	恢复英文词间空格	of	of 	1	", killed or claimed by the madness ofChaos.
> 混沌星际战士从哪里来，或者怎么来的，没有人能说明。是"
1045	考拉瓦星系 Kaurava system	恢复英文词间空格	The	The 	1	on, the others flocked to Karauva. TheBlood RavensChapter of theSpace Mar
1045	考拉瓦星系 Kaurava system	恢复英文词间空格	the	the 	1	Karauva. TheBlood RavensChapter of theSpace Marinesdescended on Karauva I
1045	考拉瓦星系 Kaurava system	恢复英文词间空格	The	The 	1	pace Marines, their sworn enemies. TheTauappeared next, not far above, on
1045	考拉瓦星系 Kaurava system	恢复英文词间空格	and	and 	1	es, long unused, flickered to life andEldarpoured forth, ready to battle 
1045	考拉瓦星系 Kaurava system	恢复英文词间空格	the	the 	1	 shadow of an ancient portal gate, theDark Eldarslipped stealthily out of
1045	考拉瓦星系 Kaurava system	恢复英文词间空格	the	the 	1	nd perhaps most to be feared, were theSisters of Battle. Holy maidens and
1045	考拉瓦星系 Kaurava system	恢复英文词间空格	the	the 	1	attle. Holy maidens and bearers of theGod-Emperor's faith, they had come 
1045	考拉瓦星系 Kaurava system	恢复英文词间空格	the	the 	1	urged.” —RemembrancerTheta-Scionof theInquisition, elucidating on the lea
1045	考拉瓦星系 Kaurava system	恢复英文词间空格	the	the 	1	his interstellar conflict would be theOrksunderWarlordGorgutz 'Ead 'Unter
1050	宏伟马库拉格城邦 Magna Macragge Civitas	恢复英文词间空格	the	the 	1	"ragge City, is the capital city of theImperialplanetMacragge.

宏伟马库拉格城邦，也"
1050	宏伟马库拉格城邦 Magna Macragge Civitas	恢复英文词间空格	the	the 	1	as lies in a coastal cleft between theHera's Crown Mountainsto the north 
1050	宏伟马库拉格城邦 Magna Macragge Civitas	恢复英文词间空格	the	the 	1	's Crown Mountainsto the north and theGulf of Lycumto the south.The city 
1050	宏伟马库拉格城邦 Magna Macragge Civitas	恢复英文词间空格	as	as 	1	"outh of a region of Macragge known asIllyrium.

宏伟马库拉格城邦被视为整个帝国东部最伟大的城市，"
1050	宏伟马库拉格城邦 Magna Macragge Civitas	恢复英文句间空格	.Th	. Th	1	h and the Gulf of Lycumto the south.The city lies south of a region of Ma
1051	赫拉皇冠山脉 Hera's Crown Mountains	恢复英文词间空格	the	the 	1	 Mountains are a mountain range on theImperialworld ofMacragge, located a
1051	赫拉皇冠山脉 Hera's Crown Mountains	恢复英文词间空格	of	of 	1	mountain range on theImperialworld ofMacragge, located at the northern e
1051	赫拉皇冠山脉 Hera's Crown Mountains	恢复英文词间空格	of	of 	1	"d at the northern edge of the city ofMagna Macragge Civitas.

赫拉皇冠山脉是位于宏"
1052	拉波尼斯山谷 Valley of Laponis	恢复英文词间空格	on	on 	1	The Valley of Laponis is a valley onMacragge. Little more than a cleft 
1052	拉波尼斯山谷 Valley of Laponis	恢复英文词间空格	the	the 	1	ilometers-long valley which housed theFortress of Hera, thefortress-monas
1052	拉波尼斯山谷 Valley of Laponis	恢复英文词间空格	the	the 	1	"s of Hera, thefortress-monasteryof theUltramarines.

拉波尼斯山谷是马库拉格的一个山谷。当罗伯"
1053	赫拉要塞 Fortress of Hera	Field 对应的错别字	静滞立场	静滞力场	1	
1053	赫拉要塞 Fortress of Hera	恢复英文词间空格	the	the 	1	"of Hera is thefortress-monasteryof theUltramarinesChapteronMacragge.

赫拉要"
1053	赫拉要塞 Fortress of Hera	恢复英文词间空格	the	the 	1	"概念**

The Fortress of Hera sits in theValley of Laponisalongside theHera'"
1053	赫拉要塞 Fortress of Hera	恢复英文词间空格	the	the 	1	s in theValley of Laponisalongside theHera's Fall, overlooking the Macrag
1053	赫拉要塞 Fortress of Hera	恢复英文词间空格	the	the 	1	oboute Guillimanduring the days of theGreat Crusade. It's structure conta
1053	赫拉要塞 Fortress of Hera	恢复英文词间空格	the	the 	1	f knowledge within the Fortress is theLibrary of Ptolemyon part withTerra
1053	赫拉要塞 Fortress of Hera	恢复英文词间空格	with	with 	1	ss is theLibrary of Ptolemyon part withTerra'sBibliotekeion MagnifikaorLun
1053	赫拉要塞 Fortress of Hera	恢复英文词间空格	the	the 	1	"秘传书库合作。

Within its great halls is theTemple of Correctionin which theShr"
1053	赫拉要塞 Fortress of Hera	恢复英文词间空格	the	the 	1	is theTemple of Correctionin which theShrine of the Primarchpreserved the
1053	赫拉要塞 Fortress of Hera	恢复英文词间空格	his	his 	1	"te Guilliman in astasis fielduntil hisResurrection.

在它的大厅里是校正圣殿，在那里，原体圣地"
1053	赫拉要塞 Fortress of Hera	恢复英文词间空格	Guillimanduring	Guilliman during	1	ructed by Chapter'sPrimarchRoboute Guillimanduring the days of the Great Crusade. It'
1053	赫拉要塞 Fortress of Hera	恢复英文句间空格	.Th	. Th	1	Macragge's capital of Magna Civitas.The fortress is a wonder of engineeri
1053	赫拉要塞 Fortress of Hera	恢复英文句间空格	.De	. De	1	ess are citadels in their own right.Despite its power as a citadel is als
1054	托勒密图书馆 Library of Ptolemy	恢复英文词间空格	the	the 	1	The Library of Ptolemy is theLibrariumof theUltramarinesChapter.
1054	托勒密图书馆 Library of Ptolemy	恢复英文词间空格	the	the 	1	brary of Ptolemy is theLibrariumof theUltramarinesChapter. Located within
1054	托勒密图书馆 Library of Ptolemy	恢复英文词间空格	the	the 	1	ltramarinesChapter. Located within theFortress of HeraonMacragge, the Lib
1054	托勒密图书馆 Library of Ptolemy	恢复英文词间空格	for	for 	1	raonMacragge, the Library is named forPtolemy, the first and greatestLibr
1054	托勒密图书馆 Library of Ptolemy	恢复英文词间空格	the	the 	1	perium, greater in reputation than theAgrippan Conclavesor theArcanium of
1054	托勒密图书馆 Library of Ptolemy	恢复英文词间空格	the	the 	1	ation than theAgrippan Conclavesor theArcanium of Teleos. It is reputed t
1054	托勒密图书馆 Library of Ptolemy	恢复英文词间空格	the	the 	1	ies an entire spur of the range of theCrown Mountainsoccupied by theFortr
1054	托勒密图书馆 Library of Ptolemy	恢复英文词间空格	the	the 	1	"e of theCrown Mountainsoccupied by theFortress of Hera.

图书馆占据了赫拉要塞所占据的皇冠"
1054	托勒密图书馆 Library of Ptolemy	恢复英文词间空格	the	the 	1	nes warriors and auto-defenses, is theArcanium, which contains one of the
1054	托勒密图书馆 Library of Ptolemy	恢复英文词间空格	the	the 	1	:Roboute Guilliman's manuscript of theCodex Astartes, inscribed into four
1054	托勒密图书馆 Library of Ptolemy	恢复英文词间空格	to	to 	1	"》手稿，被刻成四卷，每卷长一米，厚三分之一米。

According toChief LibrarianTigurius, the Arcani"
1054	托勒密图书馆 Library of Ptolemy	恢复英文词间空格	the	the 	1	he resurrection of Guilliman after theThirteenth Black Crusade, the Libra
1054	托勒密图书馆 Library of Ptolemy	恢复英文词间空格	as	as 	1	n was fought by newHistoritorssuch asFabian Guelphrain.During thePlague 
1054	托勒密图书馆 Library of Ptolemy	恢复英文词间空格	the	the 	1	orssuch asFabian Guelphrain.During thePlague Warsthe Library was infiltra
1054	托勒密图书馆 Library of Ptolemy	恢复英文词间空格	the	the 	1	Warsthe Library was infiltrated by theGreat Unclean OneRotigus, who sough
1054	托勒密图书馆 Library of Ptolemy	恢复英文词间空格	of	of 	1	"give a tome containing the history ofImperium Secundusto Fabian.

第十三次黑色"
1054	托勒密图书馆 Library of Ptolemy	恢复英文词间空格	Secundusto	Secundus to	1	"containing the history of Imperium Secundusto Fabian.

第十三次黑色远征后，基里曼复活，托勒密图书馆被下令"
1054	托勒密图书馆 Library of Ptolemy	恢复英文句间空格	.Th	. Th	1	dden to enter upon penalty of death.This decision was fought by newHistor
1054	托勒密图书馆 Library of Ptolemy	恢复英文句间空格	.Du	. Du	1	istoritorssuch as Fabian Guelphrain.During the Plague Warsthe Library was
1055	伊利瑞姆 Illyrium	恢复英文词间空格	of	of 	1	yrium is a region in the far north ofMacragge(also called Illyria or sim
1055	伊利瑞姆 Illyrium	恢复英文词间空格	the	the 	1	en after this pacification. During theImperium Secundusperiod,Konrad Curz
1055	伊利瑞姆 Illyrium	恢复英文词间空格	the	the 	1	e, resulting in its devastation by theDark AngelsDreadwing.Even millennia
1055	伊利瑞姆 Illyrium	恢复英文词间空格	the	the 	1	dwing.Even millennia later, during thePlague Wars, Illyrium was a haven o
1055	伊利瑞姆 Illyrium	恢复英文词间空格	its	its 	1	 haven of dissent and mutiny, with itsUltramar Auxiliarepeatedly rebellin
1055	伊利瑞姆 Illyrium	恢复英文词间空格	Guillimanwas	Guilliman was	1	esisting all attempts untilRoboute Guillimanwas dispatched by his foster-father an
1055	伊利瑞姆 Illyrium	恢复英文句间空格	.Ev	. Ev	1	station by the Dark AngelsDreadwing.Even millennia later, during the Plag
1056	加兰之石 Gallan's Rock	恢复英文词间空格	the	the 	1	montory overlooking a waterfall in theCrown MountainsonMacragge. It is ac
1056	加兰之石 Gallan's Rock	恢复英文词间空格	the	the 	1	sonMacragge. It is accessible from theFortress of Hera, thefortress-monas
1056	加兰之石 Gallan's Rock	恢复英文词间空格	the	the 	1	"s of Hera, thefortress-monasteryof theUltramarines.

加兰之石是一个岩石岬，俯瞰着马库拉格皇冠"
1056	加兰之石 Gallan's Rock	恢复英文句间空格	.Th	. Th	1	sulKonor, Roboute's adoptive father.The Ultramarines themselves use the R
1057	校正圣殿 Temple of Correction	恢复英文词间空格	the	the 	1	The Temple of Correction is theUltramarines' vast northern polar f
1057	校正圣殿 Temple of Correction	恢复英文词间空格	the	the 	1	thern polar fortress that contains theShrine of Guilliman, a vaulted sepu
1057	校正圣殿 Temple of Correction	恢复英文词间空格	of	of 	1	a vaulted sepulchre where the body ofPrimarchRoboute Guillimanresided. T
1057	校正圣殿 Temple of Correction	恢复英文词间空格	the	the 	1	f is the largest of its kind. Even theTechno-magiof theAdeptus Mechanicus
1057	校正圣殿 Temple of Correction	恢复英文词间空格	the	the 	1	of its kind. Even theTechno-magiof theAdeptus Mechanicuscome to marvel at
1058	基里曼圣地 Shrine of Guilliman	Field 对应的错别字	静滞立场	静滞力场	2	
1058	基里曼圣地 Shrine of Guilliman	恢复英文词间空格	the	the 	1	ing place of the mortal remains of theUltramarines'PrimarchRoboute Guilli
1058	基里曼圣地 Shrine of Guilliman	恢复英文词间空格	the	the 	1	 Guilliman. It was situated within theTemple of Correction, a vaulted sep
1058	基里曼圣地 Shrine of Guilliman	恢复英文词间空格	the	the 	1	 sepulchre forming a small part of theUltramarines' vast northern polar f
1058	基里曼圣地 Shrine of Guilliman	恢复英文词间空格	on	on 	1	"ines' vast northern polar fortress onMacragge.

基里曼圣地是整个帝国最神圣的地方之一，每年接待数"
1058	基里曼圣地 Shrine of Guilliman	恢复英文词间空格	a	a 	1	om the ravages of time by means of aStasis fieldthat isolated the Prima
1058	基里曼圣地 Shrine of Guilliman	恢复英文词间空格	the	the 	1	"，有足够多的人相信这些故事，并亲眼目睹了原体的奇迹。

During theUltramar Campaignthe Shrine of Guil"
1058	基里曼圣地 Shrine of Guilliman	恢复英文词间空格	the	the 	1	Guilliman was badly damaged during theBlack Legionassault, during which G
1058	基里曼圣地 Shrine of Guilliman	恢复英文词间空格	of	of 	1	estored back to life with the help ofBelisarius CawlandYvraine, the Emis
1058	基里曼圣地 Shrine of Guilliman	恢复英文词间空格	of	of 	1	"arius CawlandYvraine, the Emissary ofYnnead.

在奥特拉玛战役期间，基里曼圣地在黑色军团的袭击中严重"
1059	艾克斯 Iax	恢复英文句间空格	.Su	. Su	1	ragge, Konor, Occluda and Saramanth.Such was its standing that it was the
1066	拿非利星区 Nephilim Sector	Field 对应的错别字	盖勒立场	盖勒力场	1	
1071	达姆诺斯 Damnos	恢复英文词间空格	an	an 	1	"：（被净化）/死亡世界/坟墓世界，前矿业世界

Damnos was anImperialMining World, which turned "
1071	达姆诺斯 Damnos	恢复英文词间空格	a	a 	1	"ning World, which turned out to be aNecronTomb World.

达姆诺斯是一个帝国矿业世界，后来"
1071	达姆诺斯 Damnos	恢复英文词间空格	the	the 	1	"

Damnos was originally settled in theGreat Crusadeand, while rich in res"
1071	达姆诺斯 Damnos	恢复英文词间空格	the	the 	1	"的军事驻军，并建造了一个殖民地和聚变发电机。

Unknown to theImperium, Damnos was aNecron Tomb W"
1071	达姆诺斯 Damnos	恢复英文词间空格	a	a 	1	Unknown to theImperium, Damnos was aNecron Tomb World. Its Necron popul
1071	达姆诺斯 Damnos	恢复英文词间空格	the	the 	1	nforcements arrived in the form of theUltramarines2nd Company, all they c
1071	达姆诺斯 Damnos	恢复英文词间空格	the	the 	1	campaignto capture Damnos. Killing theNecron Lordknown asThe Undying, Dam
1071	达姆诺斯 Damnos	恢复英文词间空格	as	as 	1	amnos. Killing theNecron Lordknown asThe Undying, Damnos was reclaimed f
1071	达姆诺斯 Damnos	恢复英文词间空格	the	the 	1	 Undying, Damnos was reclaimed for theImperium.In earlyM42theNecrons, led
1071	达姆诺斯 Damnos	恢复英文词间空格	the	the 	1	rium.In earlyM42theNecrons, led by theSzarekhan Dynasty,again struck at D
1071	达姆诺斯 Damnos	恢复英文词间空格	a	a 	1	" minerals. Additionally, it housed aNecronTomb Complex.

达姆诺斯完全被厚厚的冰雪冰川"
1071	达姆诺斯 Damnos	恢复英文词间空格	the	the 	1	hough sources agree that Damnos is theUltima Segmentum, they give widely 
1071	达姆诺斯 Damnos	恢复英文词间空格	Crusadeand	Crusade and	1	as originally settled in the Great Crusadeand, while rich in resources, was give
1071	达姆诺斯 Damnos	恢复英文句间空格	.In	. In	1	mnos was reclaimed for the Imperium.In earlyM42theNecrons, led by the Sza
1076	奥瑞利亚分区 Subsector Aurelia	恢复英文词间空格	the	the 	1	 Aurelia is a cluster of worlds in theKorianis sectorof theSegmentum Ulti
1076	奥瑞利亚分区 Subsector Aurelia	恢复英文词间空格	the	the 	1	 of worlds in theKorianis sectorof theSegmentum Ultima, which stands on t
1076	奥瑞利亚分区 Subsector Aurelia	恢复英文词间空格	the	the 	1	ltima, which stands on the edge of theImperium of Man. Occupied by theBlo
1076	奥瑞利亚分区 Subsector Aurelia	恢复英文词间空格	the	the 	1	of theImperium of Man. Occupied by theBlood Ravens, there have been three
1076	奥瑞利亚分区 Subsector Aurelia	恢复英文词间空格	The	The 	1	"的边缘。被血鸦居住，在过去的11年里，已经进行了三次奥瑞利安远征。

TheSpace HulkJudgment of Carrionis kno"
1078	恩底弥翁一号 Endymion Prime	英文拼写	againt	against	1	" defence forceswere in open revolt againt theImperium.

到907.M41，专家代表在巴达布战争期"
1078	恩底弥翁一号 Endymion Prime	恢复英文词间空格	the	the 	1	"星图像

Endymion Prime is a planet in theMaelstrom Zone, that played an impo"
1078	恩底弥翁一号 Endymion Prime	恢复英文词间空格	the	the 	1	"mportant role during the events of theBadab War.

恩底弥恩一号是位于大漩涡区的一颗行星，在巴达布"
1078	恩底弥翁一号 Endymion Prime	恢复英文词间空格	the	the 	1	"涡区的一颗行星，在巴达布战争事件中发挥了重要作用。

Part of theEndymion Cluster, the planet was an"
1078	恩底弥翁一号 Endymion Prime	恢复英文词间空格	the	the 	1	sing stages of the Badab War, when theCarcharodonsfought with theMantis W
1078	恩底弥翁一号 Endymion Prime	恢复英文词间空格	the	the 	1	r, when theCarcharodonsfought with theMantis Warriors. A battle was fough
1078	恩底弥翁一号 Endymion Prime	恢复英文词间空格	the	the 	1	"s. A battle was fought here called theSiege of Endymion Prime.

作为恩底弥翁星群的"
1078	恩底弥翁一号 Endymion Prime	恢复英文词间空格	the	the 	1	"House Vualanti. He was executed by theFire Angels.

到907.M41，最后一位总督是瓦兰提家族"
1078	恩底弥翁一号 Endymion Prime	恢复英文词间空格	the	the 	1	representations were purged during theBadab War. Formerplanetary defence 
1078	恩底弥翁一号 Endymion Prime	恢复英文词间空格	the	the 	1	" forceswere in open revolt against theImperium.

到907.M41，专家代表在巴达布战争期间被清洗"
1079	戈萨尔五号 Ghosar Quintus	恢复英文词间空格	the	the 	1	"行星图像

Ghosar Quintus is a world of theImperium. It was notable for the pr"
1079	戈萨尔五号 Ghosar Quintus	恢复英文词间空格	a	a 	1	It was notable for the presence of aGenestealer Cultcorrupting the plan
1079	戈萨尔五号 Ghosar Quintus	恢复英文词间空格	the	the 	1	"第一次重大接触。

**History 历史**

Ruled by theTrysst Dynastyfor several centuries"
1079	戈萨尔五号 Ghosar Quintus	恢复英文词间空格	the	the 	1	, in 680.M41a major infestation by theGenestealer Cultof theFour-Armed Em
1079	戈萨尔五号 Ghosar Quintus	恢复英文词间空格	the	the 	1	festation by theGenestealer Cultof theFour-Armed Emperorwas discovered up
1079	戈萨尔五号 Ghosar Quintus	恢复英文词间空格	by	by 	1	perorwas discovered upon the world byInquisitorChaegryn. It was discover
1079	戈萨尔五号 Ghosar Quintus	恢复英文词间空格	a	a 	1	asty had come under the control of aGenestealer Patriarch(thisGenesteal
1079	戈萨尔五号 Ghosar Quintus	恢复英文词间空格	the	the 	1	hat appeared to be a perversion of theImperial Creed, Inquisitor Chaegryn
1079	戈萨尔五号 Ghosar Quintus	恢复英文词间空格	of	of 	1	ed, Inquisitor Chaegryn led a team ofTempestus Scionsto Ghosar Quintus a
1079	戈萨尔五号 Ghosar Quintus	恢复英文词间空格	of	of 	1	am Cassius fought through hundreds ofGenestealer Cultistsas they plumbed
1079	戈萨尔五号 Ghosar Quintus	恢复英文词间空格	the	the 	1	t alive and Cassius himself killed theGenestealer Patriarch, the Space Ma
1079	戈萨尔五号 Ghosar Quintus	恢复英文词间空格	the	the 	1	d spread its curse across not only theGhosar System, but throughout these
1079	戈萨尔五号 Ghosar Quintus	恢复英文词间空格	Emperorwas	Emperor was	1	 Genestealer Cultof the Four-Armed Emperorwas discovered upon the world by Inqui
1079	戈萨尔五号 Ghosar Quintus	恢复英文句间空格	.Th	. Th	1	he Trysst Dynasty’s corrupted world.The family was purged by Cassius's Ki
1080	萨勒姆 Sarum	恢复英文词间空格	the	the 	1	"ge
- 类别：地狱熔炉

Sarum was a world of theImperium. Now it belongs to aDark M"
1080	萨勒姆 Sarum	恢复英文词间空格	a	a 	1	 of theImperium. Now it belongs to aDark Mechanicum. Turbulently close 
1080	萨勒姆 Sarum	恢复英文词间空格	the	the 	1	k Mechanicum. Turbulently close to theMaelstrom, the planet itself is a b
1080	萨勒姆 Sarum	恢复英文词间空格	the	the 	1	"地形，缺乏宜居大气。

**History 历史**

During theAge of Strife, the world became anA"
1080	萨勒姆 Sarum	恢复英文词间空格	an	an 	1	theAge of Strife, the world became anAdeptus Mechanicusstation but soon 
1080	萨勒姆 Sarum	恢复英文词间空格	from	from 	1	,xenos, andabhumansand without aid fromMars, the priests of Sarum became i
1080	萨勒姆 Sarum	恢复英文词间空格	the	the 	1	thood's power, taking over much of theGolgothan Sector. However, when Sar
1080	萨勒姆 Sarum	恢复英文词间空格	the	the 	1	 Sarum faced a massive invasion by theBrotherhood of Ruinand theirOrkalli
1080	萨勒姆 Sarum	恢复英文词间空格	their	their 	1	asion by theBrotherhood of Ruinand theirOrkallies, they pleaded for aid fro
1080	萨勒姆 Sarum	恢复英文词间空格	the	the 	1	finally received it in the form of theWorld Eaters13th Expeditionary Flee
1080	萨勒姆 Sarum	恢复英文词间空格	by	by 	1	"xpeditionary Fleet, led personally byAngron.

在纷争时代，世界变成了一个机械神教站，但很快就被孤立"
1080	萨勒姆 Sarum	恢复英文词间空格	of	of 	1	Sarum pledged itself to the forces ofHorusduring theHorus Heresyand beca
1080	萨勒姆 Sarum	恢复英文词间空格	the	the 	1	itself to the forces ofHorusduring theHorus Heresyand became aForge World
1080	萨勒姆 Sarum	恢复英文词间空格	a	a 	1	usduring theHorus Heresyand became aForge Worldfor theDark Mechanicum. 
1080	萨勒姆 Sarum	恢复英文词间空格	the	the 	1	s Heresyand became aForge Worldfor theDark Mechanicum. During the Heresy,
1080	萨勒姆 Sarum	恢复英文词间空格	of	of 	1	ealed that Angron was on the world ofDeluge. Sar'ra'am eventually posses
1080	萨勒姆 Sarum	恢复英文词间空格	Horusduring	Horus during	1	um pledged itself to the forces of Horusduring the Horus Heresyand became a Forge
1080	萨勒姆 Sarum	恢复英文词间空格	Heresyand	Heresy and	1	he forces of Horusduring the Horus Heresyand became a Forge Worldfor the Dark M
1080	萨勒姆 Sarum	恢复英文词间空格	Worldfor	World for	1	the Horus Heresyand became a Forge Worldfor the Dark Mechanicum. During the He
1089	至日星 Solstice	恢复英文词间空格	the	the 	1	d in order to bring the worship of theEmperor, first spending three years
1089	至日星 Solstice	恢复英文词间空格	the	the 	1	he heart of the cult, slaying both thePatriarchandMagus. Thrown into diso
1091	莱萨 Raisa	恢复英文词间空格	a	a 	1	"s:Knight World
- 类别：骑士世界

Raisa is aKnight Worldof theImperium.

莱萨是帝国的"
1091	莱萨 Raisa	恢复英文词间空格	the	the 	1	" 类别：骑士世界

Raisa is aKnight Worldof theImperium.

莱萨是帝国的骑士世界。

**Overview "
1091	莱萨 Raisa	恢复英文词间空格	of	of 	1	ains rises the towering stronghold ofHouse Cadmus, Golem Keep. This mono
1091	莱萨 Raisa	恢复英文词间空格	Worldof	World of	1	"World
- 类别：骑士世界

Raisa is a Knight Worldof the Imperium.

莱萨是帝国的骑士世界。

**Over"
1092	莫丹特一号 Mordant Prime	恢复英文词间空格	an	an 	1	" World
- 类别：矿业世界

Mordant Prime is anImperialMining Worldand the homewor"
1092	莫丹特一号 Mordant Prime	恢复英文词间空格	the	the 	1	alMining Worldand the homeworld of theMordant Acid DogsImperial Guard Reg
1092	莫丹特一号 Mordant Prime	恢复英文词间空格	by	by 	1	ese extracts are much sought after byForge Worldsacross thesectorwhere t
1092	莫丹特一号 Mordant Prime	恢复英文词间空格	Worldand	World and	1	Mordant Prime is an ImperialMining Worldand the homeworld of the Mordant Acid 
1092	莫丹特一号 Mordant Prime	恢复英文词间空格	Obscurusas	Obscurus as	1	ant. They are sold acrossSegmentum Obscurusas vicious pets and status symbols, b
1103	狂喜星 Rapture	恢复英文词间空格	a	a 	1	"d
- 类别：死亡世界，前骑士世界和天堂世界

Rapture is aDead Worldof theImperium— formerly "
1103	狂喜星 Rapture	恢复英文词间空格	the	the 	1	"士世界和天堂世界

Rapture is aDead Worldof theImperium— formerly aKnight World— l"
1103	狂喜星 Rapture	恢复英文词间空格	a	a 	1	Dead Worldof theImperium— formerly aKnight World— located in theReductu
1103	狂喜星 Rapture	恢复英文词间空格	the	the 	1	formerly aKnight World— located in theReductus Sectorof theSegmentum Temp
1103	狂喜星 Rapture	恢复英文词间空格	the	the 	1	"d— located in theReductus Sectorof theSegmentum Tempestus.

狂喜星是一个帝国的死亡世界"
1103	狂喜星 Rapture	恢复英文词间空格	the	the 	1	Once considered a paradise planet, theKnight Worldof Rapture was the crow
1103	狂喜星 Rapture	恢复英文词间空格	the	the 	1	 Rapture was the crowning jewel of theReductus Sector. The world was rule
1103	狂喜星 Rapture	恢复英文词间空格	of	of 	1	was devastated by a splinter fleet ofHive FleetLeviathan, leaving it an 
1103	狂喜星 Rapture	恢复英文词间空格	Worldof	World of	1	"死亡世界，前骑士世界和天堂世界

Rapture is a Dead Worldof the Imperium— formerly a Knight Wo"
1103	狂喜星 Rapture	恢复英文词间空格	Worldof	World of	1	ered a paradise planet, the Knight Worldof Rapture was the crowning jewel of 
1107	沃尔托利斯 Voltoris	恢复英文词间空格	a	a 	1	"night World
- 类别：骑士世界

Voltoris is aKnight Worldof theImperium, home to"
1107	沃尔托利斯 Voltoris	恢复英文词间空格	the	the 	1	"：骑士世界

Voltoris is aKnight Worldof theImperium, home to theknightlyHouse "
1107	沃尔托利斯 Voltoris	恢复英文词间空格	the	the 	1	iscovery of Voltoris was hailed by theEmperoras his dream manifest, for t
1107	沃尔托利斯 Voltoris	恢复英文词间空格	with	with 	1	ed for Mankind. Before its reunion withTerra, it is said that the Scions o
1107	沃尔托利斯 Voltoris	恢复英文词间空格	the	the 	1	, they were able to largely endure theAge of Strifeunharmed. For three mi
1107	沃尔托利斯 Voltoris	恢复英文词间空格	by	by 	1	er to home. The dual threats posed byHive Fleet Leviathanand the rapidly
1107	沃尔托利斯 Voltoris	恢复英文词间空格	the	the 	1	"尔托利斯本身受到威胁。

**History 历史**

After theBattle of Mu'gulath Bay, the Imperi"
1107	沃尔托利斯 Voltoris	恢复英文词间空格	Worldof	World of	1	"ld
- 类别：骑士世界

Voltoris is a Knight Worldof the Imperium, home to theknightlyH"
1107	沃尔托利斯 Voltoris	恢复英文词间空格	Emperoras	Emperor as	1	very of Voltoris was hailed by the Emperoras his dream manifest, for the planet
1108	文崔里亚 Ventrillia	恢复英文词间空格	the	the 	1	"

Ventrillia is a wealthy world of theImperium. Rich in precious stones, "
1108	文崔里亚 Ventrillia	恢复英文词间空格	the	the 	1	s are able to buy their way out of theImperial Guard, but some willingly 
1108	文崔里亚 Ventrillia	恢复英文词间空格	the	the 	1	ial Guard, but some willingly join theVentrillian Noblesregimentsseeking 
1108	文崔里亚 Ventrillia	恢复英文词间空格	the	the 	1	st gemstones are of great value to theAdeptus Mechanicus, both for manufa
1109	特'罗斯 T'ros	恢复英文词间空格	the	the 	1	orbiting the star at the centre of theTaros Systemand is an ariddesert wo
1109	特'罗斯 T'ros	恢复英文词间空格	of	of 	1	an be found in and around the city ofTarokeen(population - 4'000'000 cit
1109	特'罗斯 T'ros	恢复英文词间空格	the	the 	1	lation - 4'000'000 citizens before theTaros Campaign).- the only city of 
1109	特'罗斯 T'ros	恢复英文词间空格	the	the 	1	 terraforming of the planet during theDark Age of Technology. These seas 
1109	特'罗斯 T'ros	恢复英文词间空格	the	the 	1	"auna动植物**

No native flora. During theDark Age of Technologygenetically e"
1109	特'罗斯 T'ros	恢复英文词间空格	an	an 	1	"story 帝国历史**

T'ros was originally anImperialmining world called Taros. "
1109	特'罗斯 T'ros	恢复英文词间空格	the	the 	1	d and terraformed by humans during theDark Age of Technology, creating se
1109	特'罗斯 T'ros	恢复英文词间空格	the	the 	1	ed in Imperial archives inM30after theAge of Strife. Local mankind tribes
1109	特'罗斯 T'ros	恢复英文词间空格	of	of 	1	"Ogryns 欧格林

InM38several thousands ofOgrynswere brought to the planet of"
1109	特'罗斯 T'ros	恢复英文词间空格	of	of 	1	 is known that in the 10'000 years ofImperialhistory, Taros has raised e
1109	特'罗斯 T'ros	恢复英文词间空格	by	by 	1	as gradually inclined to cooperate byTau,which led in turn to the events
1109	特'罗斯 T'ros	恢复英文词间空格	the	the 	1	which led in turn to the events of theTaros Campaign. Based on the dates 
1109	特'罗斯 T'ros	恢复英文词间空格	a	a 	1	" on the dates it is presumed to be aTauThird Phase Expansioncolony.

塔罗"
1109	特'罗斯 T'ros	恢复英文词间空格	The	The 	1	"殖民。

Taros Campaign 塔罗斯战役

998M41— TheTaros CampaignpitchedImperial Force"
1109	特'罗斯 T'ros	恢复英文词间空格	the	the 	1	arosPlanetary Defence Forces(PDF), theTau, and theirKrootmercenary allies
1109	特'罗斯 T'ros	恢复英文词间空格	their	their 	1	y Defence Forces(PDF), theTau, and theirKrootmercenary allies in an attempt
1109	特'罗斯 T'ros	恢复英文词间空格	the	the 	1	 reclaim the planet in the name of theEmperor.This culminated in a large 
1109	特'罗斯 T'ros	恢复英文词间空格	the	the 	1	ion including fleet actions within theTaros System.However in the end Imp
1109	特'罗斯 T'ros	恢复英文句间空格	.Th	. Th	1	e planet in the name of the Emperor.This culminated in a large scale inva
1109	特'罗斯 T'ros	恢复英文句间空格	.Ho	. Ho	1	eet actions within the Taros System.However in the end Imperial forces we
1110	西格纳斯星群 Signus Cluster	恢复英文词间空格	the	the 	1	 Cluster is a trinarystar systemof theGalaxy. It is located in theNorther
1110	西格纳斯星群 Signus Cluster	恢复英文词间空格	the	the 	1	stemof theGalaxy. It is located in theNorthern Cross, on theEastern Fring
1110	西格纳斯星群 Signus Cluster	恢复英文词间空格	the	the 	1	"s located in theNorthern Cross, on theEastern Fringe.

西格纳斯星群是银河系中的一个三元恒星"
1110	西格纳斯星群 Signus Cluster	恢复英文词间空格	the	the 	1	"

**Overview 概述**

At the onset of theHorus Heresy,Horussent a messenger "
1110	西格纳斯星群 Signus Cluster	恢复英文词间空格	the	the 	1	eresy,Horussent a messenger aboard theWord BearersvesselDark Pageto a mus
1110	西格纳斯星群 Signus Cluster	恢复英文词间空格	the	the 	1	rsvesselDark Pageto a mustering of theBlood AngelsLegion, informingSangui
1110	西格纳斯星群 Signus Cluster	恢复英文词间空格	the	the 	1	e reemergence of axenosrace called theNephilim, thought to have been dest
1110	西格纳斯星群 Signus Cluster	恢复英文词间空格	the	the 	1	"WolvesandWhite Scarslegions during theGreat Crusade.

在荷鲁斯叛乱开始时，荷鲁斯派了一名信使"
1110	西格纳斯星群 Signus Cluster	恢复英文词间空格	of	of 	1	ark Page*and a surprise contingent ofSpace Wolvesthat had joined the fle
1110	西格纳斯星群 Signus Cluster	恢复英文词间空格	of	of 	1	ad joined the fleet on the command ofMalcador the Sigillite.In reality, 
1110	西格纳斯星群 Signus Cluster	恢复英文词间空格	a	a 	1	he Signus Cluster was the focus of aDaemonicsnare designed to corrupt t
1110	西格纳斯星群 Signus Cluster	恢复英文词间空格	to	to 	1	"lood Angels and cause them to fall toChaos.

荷鲁斯呼吁圣血天使以武力的回应，圣吉列斯同意了，召集了"
1110	西格纳斯星群 Signus Cluster	恢复英文词间空格	the	the 	1	terns and the mysterious deaths of theAstropathsassigned to the colonies 
1110	西格纳斯星群 Signus Cluster	恢复英文词间空格	the	the 	1	ists called for help, appealing to theAdministratum,Imperial Armyand even
1110	西格纳斯星群 Signus Cluster	恢复英文词间空格	named	named 	1	red to arrive in the form of a man namedBruja, an emissary of Horus (whoset
1110	西格纳斯星群 Signus Cluster	恢复英文词间空格	the	the 	1	"nts. Eventually this culminated in theBattle of Signus Prime.

当他们向首都世界前进"
1110	西格纳斯星群 Signus Cluster	恢复英文句间空格	.In	. In	1	e command of Malcador the Sigillite.In reality, however, the message was 
1110	西格纳斯星群 Signus Cluster	恢复英文句间空格	.Ho	. Ho	1	her, smaller bodies, like asteroids.However, some of these were destroyed
1113	《战锤40000第三版规则书》 Warhammer 40,000 3rd Edition Rulebook	恢复英文词间空格	Terrain	Terra in	1	"·纳尔逊、艾伦·佩里，迈克尔·佩里和诺曼·斯沃斯

Wargames Terrain Modellers 战争游戏地形建模者

Owen Branham,"
1114	《战锤40000第四版规则书》 Warhammer 40,000 4th Edition Rulebook	恢复英文词间空格	the	the 	1	ebook is the 4th core rulebook for theWarhammer 40,000game published in A
1114	《战锤40000第四版规则书》 Warhammer 40,000 4th Edition Rulebook	恢复英文词间空格	the	the 	1	"ck book and in a reduced format in theBattle for Macraggeboxed set.

《战锤4"
1114	《战锤40000第四版规则书》 Warhammer 40,000 4th Edition Rulebook	恢复英文词间空格	the	the 	1	dexes and supplements produced for theWarhammer 40,000 3rd Edition Rulebo
1114	《战锤40000第四版规则书》 Warhammer 40,000 4th Edition Rulebook	恢复英文词间空格	by	by 	1	rk abstract background illustrated byKarlandStefan Kopinski. This cover 
1114	《战锤40000第四版规则书》 Warhammer 40,000 4th Edition Rulebook	恢复英文词间空格	the	the 	1	d in July 2008 with the release of theWarhammer 40,000 5th Edition Rulebo
1114	《战锤40000第四版规则书》 Warhammer 40,000 4th Edition Rulebook	恢复英文词间空格	and	and 	1	"de, Karl Kopinski, Stefan Kopinski andAdrian Smith

约翰·布兰奇、亚历克斯·博伊德、保罗·丹顿"
1114	《战锤40000第四版规则书》 Warhammer 40,000 4th Edition Rulebook	恢复英文词间空格	Terrain	Terra in	1	" Quick Painting 快速涂装
  -   Instant Terrain 即时地形
  -   Special Missions 特殊任务
 "
1116	《战锤40000第八版规则书》 Warhammer 40,000 8th Edition Rulebook	恢复英文词间空格	for	for 	1	ition Rulebook is the 8th rulebook forWarhammer 40,000byGames Workshop. I
1116	《战锤40000第八版规则书》 Warhammer 40,000 8th Edition Rulebook	恢复英文词间空格	the	the 	1	"7th Editionand the introduction of thePrimaris Space Marines.

战锤40000第8版"
1116	《战锤40000第八版规则书》 Warhammer 40,000 8th Edition Rulebook	恢复英文词间空格	the	the 	1	d in July 2020 with the release of theWarhammer 40,000 9th Edition Rulebo
1116	《战锤40000第八版规则书》 Warhammer 40,000 8th Edition Rulebook	恢复英文词间空格	Terrain	Terra in	1	"用指挥点系统这一强大的优势弥补了这一点；
- Battlefield Terrain: rules for a variety of terrains ("
1117	《战锤40000第十版规则书》 The Warhammer 40,000 10th Edition Rulebook	恢复英文词间空格	the	the 	1	book is the 10th core rulebook for theWarhammer 40,000tabletop miniature 
1117	《战锤40000第十版规则书》 The Warhammer 40,000 10th Edition Rulebook	恢复英文词间空格	by	by 	1	"ature game, published in June 2023 byGames Workshop.

战锤40000第10版规则书是战锤4"
1117	《战锤40000第十版规则书》 The Warhammer 40,000 10th Edition Rulebook	恢复英文词间空格	the	the 	1	codices from the 9th edition, save theArks of Omen SeriesandBoarding Patr
1117	《战锤40000第十版规则书》 The Warhammer 40,000 10th Edition Rulebook	恢复英文词间空格	the	the 	1	"n Rulebook was first released with theLeviathanbox starter set.

第10版规则书首"
1117	《战锤40000第十版规则书》 The Warhammer 40,000 10th Edition Rulebook	恢复英文词间空格	his	his 	1	deadGod-Emperorwho sits eternal on hisGolden Throne, theHigh Lordsand Ade
1117	《战锤40000第十版规则书》 The Warhammer 40,000 10th Edition Rulebook	恢复英文词间空格	the	the 	1	 sits eternal on hisGolden Throne, theHigh Lordsand Adeptus bureaucracies
1117	《战锤40000第十版规则书》 The Warhammer 40,000 10th Edition Rulebook	恢复英文词间空格	the	the 	1	anaticalEcclesiarchywhich preaches theImperial faith, the secretive Ordos
1117	《战锤40000第十版规则书》 The Warhammer 40,000 10th Edition Rulebook	恢复英文词间空格	the	the 	1	phemous cults that serve them, and theGreat Riftthat splits realspace its
1117	《战锤40000第十版规则书》 The Warhammer 40,000 10th Edition Rulebook	恢复英文词间空格	of	of 	1	 of Terra and Technology, the Ages ofStrifeandDarkness, all the way to t
1117	《战锤40000第十版规则书》 The Warhammer 40,000 10th Edition Rulebook	恢复英文词间空格	the	the 	1	fStrifeandDarkness, all the way to theAge of the Imperium. You'll explore
1117	《战锤40000第十版规则书》 The Warhammer 40,000 10th Edition Rulebook	恢复英文词间空格	the	the 	1	rful hatred of aliens and mutants, theGreat Crusadethrough which the Empe
1117	《战锤40000第十版规则书》 The Warhammer 40,000 10th Edition Rulebook	恢复英文词间空格	the	the 	1	 Emperor sought to unite Humanity, theHorus Heresythat set the galaxy afl
1117	《战锤40000第十版规则书》 The Warhammer 40,000 10th Edition Rulebook	恢复英文词间空格	the	the 	1	"国的数千年战争和损失。

Finally, you'll enter theEra Indomitus– marked by the openin"
1117	《战锤40000第十版规则书》 The Warhammer 40,000 10th Edition Rulebook	恢复英文词间空格	the	the 	1	ndomitus– marked by the opening of theGreat Rift, the birth of a newGod o
1117	《战锤40000第十版规则书》 The Warhammer 40,000 10th Edition Rulebook	恢复英文词间空格	and	and 	1	ralds a terrifying Age of Witches, andAbaddon the Despoilerplagues the ga
1117	《战锤40000第十版规则书》 The Warhammer 40,000 10th Edition Rulebook	恢复英文词间空格	their	their 	1	of the daemonic demigodVashtorrand theirArks of Omen. The return ofLion El'
1117	《战锤40000第十版规则书》 The Warhammer 40,000 10th Edition Rulebook	恢复英文词间空格	of	of 	1	rand theirArks of Omen. The return ofLion El'Jonson, the First Primarch 
1117	《战锤40000第十版规则书》 The Warhammer 40,000 10th Edition Rulebook	恢复英文词间空格	the	the 	1	ection provides an introduction to theCombat Patrolgame mode, an explanat
1117	《战锤40000第十版规则书》 The Warhammer 40,000 10th Edition Rulebook	恢复英文词间空格	Emperorwho	Emperor who	1	hich it resides – the long-deadGod-Emperorwho sits eternal on his Golden Throne,
1117	《战锤40000第十版规则书》 The Warhammer 40,000 10th Edition Rulebook	恢复英文词间空格	Marineswho	Marines who	1	quisition, and the post-humanSpace Marineswho fight battles no other could endur
1117	《战锤40000第十版规则书》 The Warhammer 40,000 10th Edition Rulebook	恢复英文词间空格	Chaoswho	Chaos who	1	nterstellar travel, the madGods of Chaoswho rule its infinite depths, the blas
1117	《战锤40000第十版规则书》 The Warhammer 40,000 10th Edition Rulebook	恢复英文词间空格	Heresythat	Heresy that	1	ought to unite Humanity, the Horus Heresythat set the galaxy aflame, and the mil
1119	《白矮人第304期UK》 White Dwarf 304 (UK)	恢复英文词间空格	of	of 	1	"n, which commemorates the 30 years ofGames Workshop.

《白矮人第304期》(英国)于200"
1121	《叛乱之首》 The First Heretic	Field 对应的错别字	盖勒立场	盖勒力场	2	
1137	链锯斧 Chainaxe	英文拼写	varients	variants	1	"es come in both one and two-handed varients.

它采用带有电动单分子链锯齿的斧头的形式，能够相对容易地撕裂血肉和"
1137	链锯斧 Chainaxe	恢复英文句间空格	.Th	. Th	1	red weapon of the Khorne Berzerkers.The Chainaxe has long been closely as
1159	效忠 Fealty	恢复英文词间空格	the	the 	1	"n believes he owes tohis Fatherand theImperiumas a whole.

效忠是一把光芒四射的动力剑，"
1159	效忠 Fealty	恢复英文词间空格	Imperiumas	Imperium as	1	"lieves he owes tohis Fatherand the Imperiumas a whole.

效忠是一把光芒四射的动力剑，由M42中重生的莱昂"
1159	效忠 Fealty	恢复英文词间空格	as	as 	1	" within the mysterious realm known asMirror-Caliban.

在他醒来后，莱昂·艾尔庄森在被称为镜"
1162	恶魔武器 Daemon Weapon	恢复英文词间空格	the	the 	1	"把恶魔武器

Daemon Weapons are gifts of theGods of Chaos, used byChaos Champio"
1162	恶魔武器 Daemon Weapon	恢复英文词间空格	by	by 	1	re gifts of theGods of Chaos, used byChaos ChampionsandDaemons. Bound (s
1168	天罚灵能武器 Nemesis force weapon	恢复英文词间空格	of	of 	1	eapons are the characteristic type ofForce Weaponof theGrey Knights, and
1168	天罚灵能武器 Nemesis force weapon	恢复英文词间空格	the	the 	1	aracteristic type ofForce Weaponof theGrey Knights, and take the form of 
1168	天罚灵能武器 Nemesis force weapon	恢复英文词间空格	the	the 	1	rporated abolterweapon, similar to theAdeptus Custodes'Guardian spear; ne
1168	天罚灵能武器 Nemesis force weapon	恢复英文词间空格	the	the 	1	Nemesis Daemon Hammer is much like theThunder Hammerused by most otherCha
1168	天罚灵能武器 Nemesis force weapon	恢复英文词间空格	the	the 	1	emesis Dreadfist, thepower fistsof theGrey Knights DreadnoughtandNemesis 
1168	天罚灵能武器 Nemesis force weapon	恢复英文词间空格	by	by 	1	" of the Nemesis Daemon Hammer used byDreadknights.

恐惧骑士使用的天罚恶魔锤的大型版本。

"
1168	天罚灵能武器 Nemesis force weapon	恢复英文词间空格	by	by 	1	"s Flail 天罚链枷**

A large flail used byDreadknights.

恐惧骑士使用的大型连枷。

"
1168	天罚灵能武器 Nemesis force weapon	恢复英文词间空格	by	by 	1	"sis Mace 天罚权杖**

A large mace used byDreadknights.

恐惧骑士使用的大型权杖。

"
1168	天罚灵能武器 Nemesis force weapon	恢复英文词间空格	the	the 	1	nought. It is one of the weapon of theDoomglaive Pattern Dreadnoughtsof t
1169	灭灵者 Psilencer	恢复英文词间空格	the	the 	1	nknownxenosrace and made use of by theGrey Knightschapter. Whether the te
1169	灭灵者 Psilencer	恢复英文词间空格	the	the 	1	"any weapon within the armouries of theImperium.

灭灵者是一种由未知的异型种族创造的灵能武器，并被"
1218	鱼雷 Torpedo	恢复英文词间空格	to	to 	1	"om the ""standard"" torpedo familiar toImperialAdmirals.

几乎每个种族都使用鱼雷，它们通常"
1218	鱼雷 Torpedo	恢复英文词间空格	The	The 	1	"海军上将熟悉的“标准”鱼雷不同。

**Imperium 帝国**

TheImperial Navy'sstandard torpedoes a"
1218	鱼雷 Torpedo	恢复英文词间空格	the	the 	1	alized variant of Torpedo known as theSonic Torpedo, which is a giganticS
1218	鱼雷 Torpedo	恢复英文句间空格	.Wh	. Wh	1	ccurate and difficult to shoot down.While most commonly equipped with Neu
1218	鱼雷 Torpedo	恢复英文词间空格	the	the 	1	ather than single large torpedoes, theTauuse volleys of smallerDrone-cont
1218	鱼雷 Torpedo	恢复英文词间空格	from	from 	1	lerDrone-controlled missiles fired fromRailgun-likeGravitic Launchers. The
1233	短管枪 Stub gun	恢复英文词间空格	as	as 	1	ed a military weapon, but, as well asAutopistols, they are sometimes use
1233	短管枪 Stub gun	恢复英文词间空格	by	by 	1	topistols, they are sometimes used byGuardsmenas a backup weapon, especi
1233	短管枪 Stub gun	恢复英文词间空格	of	of 	1	" manufactured on the Armoury World ofVraks.

这种未知的短管枪型号显示出比大多数短管枪更优越的外观，"
1233	短管枪 Stub gun	恢复英文词间空格	of	of 	1	"ranx MkVIII布兰克斯MkVIII**

A pattern ofBranxstub pistols used by the Hive "
1233	短管枪 Stub gun	恢复英文词间空格	by	by 	1	"ualizer Stub Pistol均衡者短管手枪**

Used byNecromunda'sPalanite Enforcers.

由涅"
1233	短管枪 Stub gun	恢复英文词间空格	the	the 	1	 troops and mercenaries throughout theCalixis Sectorand has been mass-pro
1233	短管枪 Stub gun	恢复英文词间空格	of	of 	1	"ract to arm the Magistratum cadres ofScintillaand many other worlds.

这种"
1233	短管枪 Stub gun	恢复英文词间空格	the	the 	1	"Ironhead Stub Gun 铁首短管枪**

Used by theSquatIronhead ProspectorsonNecromun"
1233	短管枪 Stub gun	恢复英文词间空格	of	of 	1	as a duelling pistol by the nobles ofScintillaand off-world imitators. I
1233	短管枪 Stub gun	恢复英文词间空格	a	a 	1	ered components. It is named after aMalfinoble house from which the des
1233	短管枪 Stub gun	恢复英文词间空格	the	the 	1	tub automatic that is found across theImperiumfrom the stalls of underhiv
1233	短管枪 Stub gun	恢复英文词间空格	and	and 	1	cav-traders to frontier ming camps andAdministratumsupply depots. In theC
1233	短管枪 Stub gun	恢复英文词间空格	the	the 	1	 andAdministratumsupply depots. In theCalixis Sectorthe gun is produced i
1233	短管枪 Stub gun	恢复英文词间空格	of	of 	1	tens of thousands by the Doru Fane ofGunmetal Cityand by the Belasco Dea
1233	短管枪 Stub gun	恢复英文词间空格	on	on 	1	" Cityand by the Belasco Deathworks onMalfi.

火卫一伐木枪是一种廉价的自动短管枪，可以在帝国的各个角"
1233	短管枪 Stub gun	恢复英文词间空格	in	in 	1	"**

This pattern is primarily used inImperial Navyand fires fat, blunt m"
1233	短管枪 Stub gun	恢复英文词间空格	on	on 	1	" Mercy Killer is mass-manufactured onFenksworld.

伏尔加怜悯杀手的名字来源于这样一句话：“如果"
1233	短管枪 Stub gun	恢复英文词间空格	with	with 	1	ists but has a negative reputation withGunmetal Citygangers. Yet, the 9mm 
1233	短管枪 Stub gun	恢复英文词间空格	Imperiumfrom	Imperium from	1	automatic that is found across the Imperiumfrom the stalls of underhive scav-trade
1233	短管枪 Stub gun	恢复英文词间空格	Navyand	Navy and	1	tern is primarily used in Imperial Navyand fires fat, blunt man-stopper round
1233	短管枪 Stub gun	恢复英文句间空格	.Re	. Re	1	kes a loud, distinct metallic clank.Renner Lightburnwas a known user of t
1233	短管枪 Stub gun	恢复英文词间空格	the	the 	1	mode as well as single shots. Like theAutopistolit is easy to produce and
1233	短管枪 Stub gun	恢复英文词间空格	by	by 	1	his type of antique weapon is used byAdeptus MechanicusTech-Priestsand i
1233	短管枪 Stub gun	恢复英文词间空格	the	the 	1	stubbersmounted on the vehicles of theAstra Militarum. When a squad ofSic
1233	短管枪 Stub gun	恢复英文词间空格	of	of 	1	f theAstra Militarum. When a squad ofSicarian Infiltratorsopens fire wit
1249	爆矢枪 Boltgun	恢复英文句间空格	.Vb	. Vb	1	"g System.

大多数星际战士目前使用的型号被指定为阿斯塔特Mk.Vb戈德温型。戈德温型爆矢枪有一个内置的弹药计数器，使用罪/爱锁定机制，带"
1249	爆矢枪 Boltgun	恢复英文句间空格	.Xl	. Xl	1	"
Mark XII Jove Pattern Boltgun Mark.Xll朱庇特型爆矢枪

"
1249	爆矢枪 Boltgun	恢复英文句间空格	.Xl	. Xl	1	"
Mark XII Jove Pattern Boltgun Mark.Xll朱庇特型爆矢枪

**Adeptus Mechanicus 机械修会"
1255	灵能炮 Psycannon	恢复英文词间空格	the	the 	1	"sycannons are weapons only used by theOrdo MalleusandGrey Knights.

灵能炮是仅"
1255	灵能炮 Psycannon	恢复英文词间空格	to	to 	1	f Psycannon designed to be mounted toDreadnoughts,Razorbacks,Thunderhawk
1266	帝国火焰枪 Imperial Flamer	恢复英文句间空格	.Ic	. Ic	1	"y the Elysian Drop Troops
- 阿卡特兰型Mk.Ic — 被艾丽西亚空降部队使用

"
1266	帝国火焰枪 Imperial Flamer	恢复英文句间空格	.Ic	. Ic	1	"

Accatran Mk.Ic Pattern Flamer 阿卡特兰型Mk.Ic喷火器

- An"
1266	帝国火焰枪 Imperial Flamer	恢复英文句间空格	.Ic	. Ic	1	"catran Mk.Ic Pattern Flamer 阿卡特兰型Mk.Ic喷火器

- Anoxis Burst Flamer — Shoots"
1275	焚化者 Incinerator	恢复英文词间空格	of	of 	1	on crafted exclusively on the moon ofDeimosby theAdeptus MechanicusTech-
1275	焚化者 Incinerator	恢复英文词间空格	the	the 	1	exclusively on the moon ofDeimosby theAdeptus MechanicusTech-artisans, cr
1275	焚化者 Incinerator	恢复英文词间空格	the	the 	1	"ated and designed specifically for theGrey Knights.

焚化者是由机械神教技术工匠在火卫二的卫星"
1275	焚化者 Incinerator	恢复英文词间空格	the	the 	1	any of the same characteristics as theHeavy Flamerused by many otherImper
1275	焚化者 Incinerator	恢复英文词间空格	the	the 	1	le power of their allies' weapons, theInquisitorsof theOrdo Malleussought
1275	焚化者 Incinerator	恢复英文词间空格	the	the 	1	 allies' weapons, theInquisitorsof theOrdo Malleussought to obtain a smal
1275	焚化者 Incinerator	恢复英文词间空格	on	on 	1	arflamer, this version is bestowed onInquisitorial Pyroclasts, and can b
1275	焚化者 Incinerator	恢复英文词间空格	the	the 	1	, and can be found in the hands of theEcclesiarchyas well. Most of those 
1275	焚化者 Incinerator	恢复英文词间空格	the	the 	1	those are kept in the armouries of theConvent Sanctorum, but a rare few h
1275	焚化者 Incinerator	恢复英文词间空格	the	the 	1	" them purge those who would refuse theImperial Creed.

在目睹了盟友武器的可怕力量后，圣锤修"
1275	焚化者 Incinerator	恢复英文词间空格	on	on 	1	"or. It is only known to be mounted onNemesis Dreadknights.

重型焚化者是普通灰骑士焚"
1349	音阵发射器 Vox-caster	恢复英文词间空格	of	of 	1	a sophisticated and reliable piece ofImperialtechnology used by theImper
1349	音阵发射器 Vox-caster	恢复英文词间空格	the	the 	1	piece ofImperialtechnology used by theImperial Guardto communicate orders
1349	音阵发射器 Vox-caster	恢复英文词间空格	Guardto	Guard to	1	ialtechnology used by the Imperial Guardto communicate orders over long dista
1349	音阵发射器 Vox-caster	恢复英文词间空格	to	to 	1	-mounted, where it can be upgraded toImproved Comms.. The Vox-caster ope
1349	音阵发射器 Vox-caster	恢复英文词间空格	the	the 	1	mary mobile Vox system deployed by theMilitarum Tempestusamong the specia
1349	音阵发射器 Vox-caster	恢复英文词间空格	as	as 	1	he special operations troops known asTempestus Scions. It is a triumph o
1349	音阵发射器 Vox-caster	恢复英文词间空格	the	the 	1	n and communications array used by theLegiones Astartesthat allowed const
1349	音阵发射器 Vox-caster	恢复英文词间空格	of	of 	1	ox-caster model used by the forces ofChaos. It can tune into main comman
1349	音阵发射器 Vox-caster	恢复英文词间空格	Astartesthat	Astartes that	1	cations array used by the Legiones Astartesthat allowed constant co-ordination wit
1349	音阵发射器 Vox-caster	恢复英文词间空格	the	the 	1	"元**

Used by the brave soldiers of theAstra Militarum.

由星界军的勇敢士兵使用。

"
1353	医疗套件 Narthecium	删除误重复字	种特殊的的腕装式	种特殊的腕装式	1	
1371	病毒炸弹 Virus bomb	恢复英文词间空格	by	by 	1	 they have largely been superseded byCyclonic Torpedoes, however virus b
1371	病毒炸弹 Virus bomb	恢复英文词间空格	on	on 	1	on to occur. Virus bombs were used onIsstvan IIIat the start of theHorus
1371	病毒炸弹 Virus bomb	恢复英文词间空格	the	the 	1	 used onIsstvan IIIat the start of theHorus HeresybyHorusto cull theSpace
1371	病毒炸弹 Virus bomb	恢复英文词间空格	the	the 	1	t of theHorus HeresybyHorusto cull theSpace Marinesof the presentLegionst
1371	病毒炸弹 Virus bomb	恢复英文词间空格	the	the 	1	e judged likely to remain loyal to theEmperor.Virus bombs were used to ex
1371	病毒炸弹 Virus bomb	恢复英文词间空格	The	The 	1	"焰风暴，将行星的整个表面烧成裸露的岩石，并燃烧掉大气中的所有氧气。

TheEmperorwas said to have strongly di"
1371	病毒炸弹 Virus bomb	恢复英文词间空格	the	the 	1	" disliked using virus bombs during theGreat Crusade.

据说帝皇在大远征期间非常不喜欢使用病毒"
1371	病毒炸弹 Virus bomb	恢复英文词间空格	the	the 	1	n a tactical scale, such as during theSecond War for Armageddon.Von Strab
1371	病毒炸弹 Virus bomb	恢复英文词间空格	Marinesof	Marines of	1	rus HeresybyHorusto cull the Space Marinesof the presentLegionsthat were judged
1371	病毒炸弹 Virus bomb	恢复英文词间空格	Emperorwas	Emperor was	1	"将行星的整个表面烧成裸露的岩石，并燃烧掉大气中的所有氧气。

The Emperorwas said to have strongly disliked usi"
1371	病毒炸弹 Virus bomb	恢复英文句间空格	.Vi	. Vi	1	kely to remain loyal to the Emperor.Virus bombs were used to execute exte
1371	病毒炸弹 Virus bomb	恢复英文句间空格	.Th	. Th	1	 273.M41 on thehive worldStalinvast.The viral payload of a virus bomb can
1371	病毒炸弹 Virus bomb	恢复英文句间空格	.Vo	. Vo	1	uring the Second War for Armageddon.Von Strabhad a secret stash of them, 
1384	防爆盾 Riot Shield	恢复英文词间空格	the	the 	1	"es of equipment frequently used by theAdeptus Arbites.

防暴盾是法务部经常使用的装备。

"
1384	防爆盾 Riot Shield	恢复英文词间空格	an	an 	1	e shield is attached at the wrist, anEnforcermay prefer this shield over
1386	动力盔甲 Power Armour	恢复英文句间空格	.Th	. Th	1	ond wielding a weapon is impossible.The power cell system in the rear has
1387	终结者盔甲 Terminator Armour	恢复英文词间空格	the	the 	1	hicles.It has been stated that had theHorus Heresynot broken out, theLegi
1387	终结者盔甲 Terminator Armour	恢复英文词间空格	the	the 	1	had theHorus Heresynot broken out, theLegiones Astartesmay have issued Te
1387	终结者盔甲 Terminator Armour	恢复英文句间空格	.It	. It	1	fined for Dreadnoughts and vehicles.It has been stated that had the Horus
1387	终结者盔甲 Terminator Armour	恢复英文词间空格	the	the 	1	tii Armour was known to be used by theDeathwingof theDark AngelsLegion, w
1387	终结者盔甲 Terminator Armour	恢复英文词间空格	the	the 	1	known to be used by theDeathwingof theDark AngelsLegion, who made use of 
1387	终结者盔甲 Terminator Armour	恢复英文词间空格	and	and 	1	 fire thanks to their heavy armour andThermal Diffraction Fields.The armo
1387	终结者盔甲 Terminator Armour	恢复英文词间空格	the	the 	1	pons simultaneously. However, like theSaturnine Dreadnought, only a warri
1387	终结者盔甲 Terminator Armour	恢复英文词间空格	a	a 	1	"arine but still well below that of aLibrarian.

土星型是最高、最重、技术最先进的战术无畏盔甲。"
1387	终结者盔甲 Terminator Armour	恢复英文词间空格	of	of 	1	anicum Tech-CabalfromSaturn's moon ofPhoebe, who thanks to their indepen
1387	终结者盔甲 Terminator Armour	恢复英文词间空格	on	on 	1	e able to develop technology based onDark Age of Technologytemplates out
1387	终结者盔甲 Terminator Armour	恢复英文词间空格	the	the 	1	outsideMartiandogma. Shortly after theUnification Wars, theEmperorsigned 
1387	终结者盔甲 Terminator Armour	恢复英文词间空格	the	the 	1	Shortly after theUnification Wars, theEmperorsigned thePhoebian Accordwit
1387	终结者盔甲 Terminator Armour	恢复英文词间空格	the	the 	1	Unification Wars, theEmperorsigned thePhoebian Accordwith the Tech-Enclav
1387	终结者盔甲 Terminator Armour	恢复英文词间空格	the	the 	1	, this proved to be problematic as theGreat Crusadewore on and itsExpedit
1387	终结者盔甲 Terminator Armour	恢复英文词间空格	its	its 	1	tic as theGreat Crusadewore on and itsExpeditionary Fleetsoutgrew the num
1387	终结者盔甲 Terminator Armour	恢复英文词间空格	the	the 	1	ook on Tech-Wrights or returned to theSol System. By the end of the Great
1387	终结者盔甲 Terminator Armour	恢复英文词间空格	the	the 	1	the end of the Great Crusade until thePrimarchVulkansought to recover the
1387	终结者盔甲 Terminator Armour	恢复英文词间空格	the	the 	1	mour thus saw use on both sides in theHorus Heresy, though it first appea
1387	终结者盔甲 Terminator Armour	恢复英文词间空格	in	in 	1	 battlefield in meaningful numbers inSalamandersuse during theDrop Site 
1387	终结者盔甲 Terminator Armour	恢复英文词间空格	the	the 	1	ul numbers inSalamandersuse during theDrop Site Massacre, in use with uni
1387	终结者盔甲 Terminator Armour	恢复英文词间空格	the	the 	1	assacre, in use with units such as thePyre WardensandSaturnine Excubitor 
1387	终结者盔甲 Terminator Armour	恢复英文词间空格	on	on 	1	structive power in Salamanders use onIsstvan V,Perturaboquickly issued S
1387	终结者盔甲 Terminator Armour	恢复英文词间空格	the	the 	1	own ranks en masse. By the time of theSiege of Inwitthere were entire hea
1387	终结者盔甲 Terminator Armour	恢复英文词间空格	the	the 	1	 entire heavy assault companies of theIron Warriorsequipped with this pat
1387	终结者盔甲 Terminator Armour	恢复英文词间空格	the	the 	1	quipped with this pattern, such as theTekathikos.TheBlood Angelssoon foll
1387	终结者盔甲 Terminator Armour	恢复英文词间空格	The	The 	1	his pattern, such as theTekathikos.TheBlood Angelssoon followed suit, as 
1387	终结者盔甲 Terminator Armour	恢复英文词间空格	the	the 	1	d suit, as seen with units such as theColossi.Other Saturnine formations 
1387	终结者盔甲 Terminator Armour	恢复英文词间空格	the	the 	1	ther Saturnine formations included theHelwroughtof theIron Hands, thePhra
1387	终结者盔甲 Terminator Armour	恢复英文词间空格	the	the 	1	ormations included theHelwroughtof theIron Hands, thePhraetus Anointedof 
1387	终结者盔甲 Terminator Armour	恢复英文词间空格	the	the 	1	ded theHelwroughtof theIron Hands, thePhraetus Anointedof theWord Bearers
1387	终结者盔甲 Terminator Armour	恢复英文词间空格	the	the 	1	Iron Hands, thePhraetus Anointedof theWord Bearers,and theIndurateof theW
1387	终结者盔甲 Terminator Armour	恢复英文词间空格	the	the 	1	tus Anointedof theWord Bearers,and theIndurateof theWorld Eaters.Later Vu
1387	终结者盔甲 Terminator Armour	恢复英文词间空格	the	the 	1	 theWord Bearers,and theIndurateof theWorld Eaters.Later Vulkan-derived S
1387	终结者盔甲 Terminator Armour	恢复英文词间空格	and	and 	1	vy Disintegrators,Plasma Bombards, andSaturnine Disruption Fistswith opti
1387	终结者盔甲 Terminator Armour	恢复英文词间空格	and	and 	1	lasma Blasters,Saturnine War Axes, andSaturnine Concussion Hammers.They a
1387	终结者盔甲 Terminator Armour	恢复英文词间空格	a	a 	1	weapon systems were controlled via aMind Impulse Unitinstalled in the a
1387	终结者盔甲 Terminator Armour	恢复英文词间空格	by	by 	1	" Pattern 狂热型

This pattern is used byDeathwatchTerminators.

这个型号被死亡守望终结"
1387	终结者盔甲 Terminator Armour	恢复英文词间空格	Emperorsigned	Emperor signed	1	ly after the Unification Wars, the Emperorsigned the Phoebian Accordwith the Tech-E
1387	终结者盔甲 Terminator Armour	恢复英文句间空格	.Th	. Th	1	nforced armour plates were attached.Though slow and lumbering, they were 
1387	终结者盔甲 Terminator Armour	恢复英文句间空格	.Th	. Th	1	mour and Thermal Diffraction Fields.The armour also possessed superior ta
1387	终结者盔甲 Terminator Armour	恢复英文句间空格	.Th	. Th	1	 few are willing to speak upon this.The exact level of innate psychic abi
1387	终结者盔甲 Terminator Armour	恢复英文句间空格	.Sa	. Sa	1	ractiiandTartarosTerminator Armours.Saturnine Armour was already fading i
1387	终结者盔甲 Terminator Armour	恢复英文句间空格	.Af	. Af	1	WardensandSaturnine Excubitor Cadre.After witnessing its immense destruct
1387	终结者盔甲 Terminator Armour	恢复英文句间空格	.Th	. Th	1	his pattern, such as the Tekathikos.The Blood Angelssoon followed suit, a
1387	终结者盔甲 Terminator Armour	恢复英文句间空格	.Ot	. Ot	1	seen with units such as the Colossi.Other Saturnine formations included t
1387	终结者盔甲 Terminator Armour	恢复英文句间空格	.La	. La	1	and the Indurateof the World Eaters.Later Vulkan-derived Saturnine suits 
1387	终结者盔甲 Terminator Armour	恢复英文句间空格	.Th	. Th	1	lded thanks to its powerful reactor.These weapons included twin-linkedHea
1387	终结者盔甲 Terminator Armour	恢复英文句间空格	.Pr	. Pr	1	istswith optionalParticle Shredders.Praetorsequipped in Saturnine Armour 
1387	终结者盔甲 Terminator Armour	恢复英文句间空格	.Th	. Th	1	s, and Saturnine Concussion Hammers.They also utilizedTeleportation Synch
1387	终结者盔甲 Terminator Armour	恢复英文句间空格	.Th	. Th	1	ne Pattern are known to still exist.There were already precious few left 
1387	终结者盔甲 Terminator Armour	恢复英文句间空格	.Th	. Th	1	ed with the protective Aegis system.TheMk IIICrusader-Pattern helm is sta
1387	终结者盔甲 Terminator Armour	恢复英文词间空格	In	In 	1	"美杜莎背甲：由费鲁斯·马努斯穿戴

**Trivia 琐事**

- InWhite Dwarf 304 (UK)Adam TrokeandAn"
1387	终结者盔甲 Terminator Armour	恢复英文词间空格	in	in 	1	" at the story of Terminator armour inGames Workshop's games.
- 在《白矮星第304"
1387	终结者盔甲 Terminator Armour	恢复英文词间空格	by	by 	1	"ork, unnoficially named ""Nocturne"" byGav Thorpe(2015)未命名的插图，由加夫·索普非正式命名为"
1413	搏斗鹰 Grapplehawk	恢复英文词间空格	the	the 	1	ks arecyber-familiarsoften used by theAdeptus Arbitesthat resemble birds 
1413	搏斗鹰 Grapplehawk	恢复英文词间空格	the	the 	1	ly (if brutally) on the streets of theCalixianHives. Designed to be carri
1414	智控獒犬 Cyber-Mastiffs	英文拼写	seperate	separate	1	d kills, 104 apprehensions, and 18 seperate Leashmasters. An impressive tally 
1414	智控獒犬 Cyber-Mastiffs	恢复英文词间空格	from	from 	1	stiffs arecaniformservitorscreated fromMastiffs, or othercanids, that have
1414	智控獒犬 Cyber-Mastiffs	恢复英文词间空格	the	the 	1	have been integrated by members of theAdeptus Mechanicus. It isn't uncomm
1414	智控獒犬 Cyber-Mastiffs	恢复英文词间空格	an	an 	1	d with additional sensors, such as anAuspex, which are always used on pa
1414	智控獒犬 Cyber-Mastiffs	恢复英文词间空格	an	an 	1	aid that Cyber-Mastiff can rip off anOgryn's arm in just one snap of its
1414	智控獒犬 Cyber-Mastiffs	恢复英文词间空格	of	of 	1	e often deployed under the control ofAdeptus ArbitesPatrol andEnforcerun
1414	智控獒犬 Cyber-Mastiffs	恢复英文词间空格	and	and 	1	he control ofAdeptus ArbitesPatrol andEnforcerunits for hunting down thei
1414	智控獒犬 Cyber-Mastiffs	恢复英文词间空格	the	the 	1	ir legendary gangs from 201.M40was theGunshy Girls, with theirshotgun-tot
1414	智控獒犬 Cyber-Mastiffs	恢复英文词间空格	of	of 	1	stiffs are also used by the forces ofChaoslike theBlood Pact. These are 
1414	智控獒犬 Cyber-Mastiffs	恢复英文词间空格	the	the 	1	lso used by the forces ofChaoslike theBlood Pact. These are known as hate
1419	额外装甲 Extra Armour	恢复英文句间空格	.It	. It	1	sometimes simple sheets of ceramite.It reduces the degree to which the ve
1423	反重力载具 Grav-vehicle	恢复英文词间空格	the	the 	1	" includingHumankind.One example is theEldarFalcon.

反重力载具，也称为掠行者和悬停者，是一种产"
1423	反重力载具 Grav-vehicle	恢复英文词间空格	The	The 	1	a few races employ them regularly. TheEldarandTauhave mastered the techno
1423	反重力载具 Grav-vehicle	恢复英文词间空格	of	of 	1	fferent tasks which any other type ofTankwould be. These includeArmoured
1423	反重力载具 Grav-vehicle	恢复英文句间空格	.On	. On	1	"fferent species, includingHumankind.One example is the EldarFalcon.

反重力载"
1424	战斗坦克 Battle tank	恢复英文词间空格	on	on 	1	perialbattle tanks are constructed onForge Worlds, and most use designs 
1424	战斗坦克 Battle tank	恢复英文词间空格	the	the 	1	f construction. A notable race are theOrks, who construct their tanks out
1425	超重型载具 Super Heavy Vehicle	恢复英文词间空格	of	of 	1	anyBattle Tankand even beyond that ofHeavy Tanks, counting as War Engine
1425	超重型载具 Super Heavy Vehicle	恢复英文词间空格	The	The 	1	"ehicle 超重型载具种类**

**Imperium 帝国**

TheImperial Guarduse the following veh"
1425	超重型载具 Super Heavy Vehicle	恢复英文词间空格	The	The 	1	"ers
- 眼镜蛇执行者：眼镜蛇陆地挺进者使用的毒刃步行者的替代品

TheAdeptus Astartesuse the following v"
1425	超重型载具 Super Heavy Vehicle	恢复英文词间空格	the	the 	1	e service of the Imperium, such as theFellblade(possibly a precursor of t
1425	超重型载具 Super Heavy Vehicle	恢复英文词间空格	the	the 	1	eFellblade(possibly a precursor of theBaneblades), theDecimator(seeChaos;
1425	超重型载具 Super Heavy Vehicle	恢复英文词间空格	the	the 	1	bly a precursor of theBaneblades), theDecimator(seeChaos; possibly a prec
1425	超重型载具 Super Heavy Vehicle	恢复英文词间空格	the	the 	1	(seeChaos; possibly a precursor to theBanebladeandShadowsword), and theMa
1425	超重型载具 Super Heavy Vehicle	恢复英文词间空格	the	the 	1	o theBanebladeandShadowsword), and theMammoth(possibly a precursor of the
1425	超重型载具 Super Heavy Vehicle	恢复英文词间空格	the	the 	1	theMammoth(possibly a precursor of theShadowswords), but it is not known 
1425	超重型载具 Super Heavy Vehicle	恢复英文词间空格	as	as 	1	"d,Vaul, and often grouped together asEngines of Vaul.

所有灵族载具都由反重力装置提供动力"
1425	超重型载具 Super Heavy Vehicle	恢复英文词间空格	of	of 	1	"er 怪异小子塔

**Chaos 混沌**

The forces ofChaosuse old style Imperial vehicle"
1430	监禁者灵能隔离载具 Incarcerator Psychic Shielded Vehicle	恢复英文词间空格	the	the 	1	s apsychicshielded vehicle used by theOrdo HereticusandEcclesiarchyto tra
1430	监禁者灵能隔离载具 Incarcerator Psychic Shielded Vehicle	恢复英文词间空格	the	the 	1	lesiarchyto transport prisoners of theImperial Churchto their eventual ju
1430	监禁者灵能隔离载具 Incarcerator Psychic Shielded Vehicle	恢复英文词间空格	the	the 	1	"c 监禁者携带一名被俘的异端

They are crewed by theSisters of Battleand are equipped w"
1430	监禁者灵能隔离载具 Incarcerator Psychic Shielded Vehicle	恢复英文词间空格	the	the 	1	" of swirling pure flame, as befits theEmperor's judgment.

他们由战斗修女组成，配备了一"
1431	斥责者人群控制载具 Castigator Crowd Control Vehicle	恢复英文词间空格	of	of 	1	 Crowd Control Vehicles are a type ofRhinothat theAdeptus Arbitesuse for
1431	斥责者人群控制载具 Castigator Crowd Control Vehicle	恢复英文词间空格	the	the 	1	ol Vehicles are a type ofRhinothat theAdeptus Arbitesuse for crowd contro
1431	斥责者人群控制载具 Castigator Crowd Control Vehicle	恢复英文词间空格	a	a 	1	re equipped with reinforced doors, aHeavy Webber,Riot Plough,Auto Launc
1431	斥责者人群控制载具 Castigator Crowd Control Vehicle	恢复英文词间空格	a	a 	1	bber,Riot Plough,Auto Launchersand aSearchlight. Castigators are also a
1431	斥责者人群控制载具 Castigator Crowd Control Vehicle	恢复英文词间空格	of	of 	1	ors are also able to carry a squad ofAdeptus Arbitesor be used to transp
1433	狼蛛哨兵枪 Tarantula Sentry Gun	恢复英文词间空格	with	with 	1	"

Tarantula withOrias Frag Missile 装备奥里亚斯破片导弹的狼蛛

T"
1433	狼蛛哨兵枪 Tarantula Sentry Gun	恢复英文词间空格	with	with 	1	"

Tarantula withHyperios Missile Launcher 装备许珀里翁导弹发"
1433	狼蛛哨兵枪 Tarantula Sentry Gun	恢复英文词间空格	the	the 	1	"不如真正的旋风许珀里翁有效，但它们足以进行静态防御。

During theGreat CrusadeandHorus HeresyTarantu"
1433	狼蛛哨兵枪 Tarantula Sentry Gun	恢复英文词间空格	and	and 	1	"te Culverins,,Orias Frag Missiles, andHyperios Missiles.

在大远征和荷鲁斯叛乱期间狼蛛配"
1435	细剑装甲载具 Rapier Armoured Carrier	恢复英文词间空格	the	the 	1	 PDFbut are in more limited use by theSpace MarinesandImperial Guard regi
1435	细剑装甲载具 Rapier Armoured Carrier	恢复英文句间空格	.Th	. Th	1	arines and Imperial Guard regiments.They are widely used by the PDFbut ar
1435	细剑装甲载具 Rapier Armoured Carrier	恢复英文句间空格	.Th	. Th	1	 MarinesandImperial Guard regiments.This is because a rapier typically ne
1435	细剑装甲载具 Rapier Armoured Carrier	恢复英文词间空格	with	with 	1	"

Rapier withQuad-Mortar 装备四联迫击炮的细剑

Those Chapt"
1435	细剑装甲载具 Rapier Armoured Carrier	恢复英文词间空格	a	a 	1	e to penetrate the front armour of aLeman Russ Battle Tankat a one kilo
1456	泰坦 Titan	恢复英文词间空格	the	the 	1	 God-Engines and are controlled by theCollegia Titanica, a powerful milit
1456	泰坦 Titan	恢复英文词间空格	the	the 	1	tanica, a powerful military arm of theAdeptus Mechanicus. The Collegia ov
1456	泰坦 Titan	恢复英文词间空格	a	a 	1	egions, each of which are based on aForge World. Titans originally bega
1456	泰坦 Titan	恢复英文词间空格	as	as 	1	rge World. Titans originally began asHumantechnology to allow settlers o
1456	泰坦 Titan	恢复英文词间空格	the	the 	1	fighting machines of the forces of theEmperor. The construction of Imperi
1456	泰坦 Titan	恢复英文词间空格	of	of 	1	"
**Chaos Titans 混沌泰坦**

The forces ofChaosutilize Titans largely derived"
1456	泰坦 Titan	恢复英文词间空格	the	the 	1	tans largely derived from those of theImperium. These are operated by the
1456	泰坦 Titan	恢复英文词间空格	the	the 	1	theImperium. These are operated by theTraitor Titan Legionsand maintained
1456	泰坦 Titan	恢复英文词间空格	the	the 	1	tor Titan Legionsand maintained by theDark Mechanicus. Many of these Tita
1456	泰坦 Titan	恢复英文词间空格	the	the 	1	ed over the years by the powers of theWarpand are now furious engines of 
1456	泰坦 Titan	恢复英文词间空格	by	by 	1	 furious engines of hate possessed byDaemons, their pilot little more th
1456	泰坦 Titan	恢复英文词间空格	an	an 	1	der, and graceful and built around anInfinity Circuithoused within a ske
1456	泰坦 Titan	恢复英文词间空格	as	as 	1	a skeleton of psycho-plastic known asWraithbone. They benefit not only f
1456	泰坦 Titan	恢复英文词间空格	The	The 	1	"查泰坦

**Dark Eldar Titans 黑暗灵族泰坦**

TheDark Eldarare known to operate a tw"
1456	泰坦 Titan	恢复英文词间空格	the	the 	1	wn to operate a twisted version of thePhantom Titanused by theCraftworld 
1456	泰坦 Titan	恢复英文词间空格	the	the 	1	"version of thePhantom Titanused by theCraftworld Eldar.

众所周知，黑暗灵族操作着方舟世界"
1456	泰坦 Titan	恢复英文词间空格	of	of 	1	 normally given the classification ofGargant. These are ramshackle warma
1456	泰坦 Titan	恢复英文词间空格	and	and 	1	by a combination of Orks,Gretchin, andSnotlings. Though crudely built, th
1456	泰坦 Titan	恢复英文词间空格	The	The 	1	"冈特

**Tyranid Bio-Titans 泰伦生物泰坦**

TheTyranidshave created a number of sp"
1456	泰坦 Titan	恢复英文词间空格	the	the 	1	 against the most stubborn foes of theHive Mind. As with all Tyranid orga
1456	泰坦 Titan	恢复英文词间空格	The	The 	1	"n 蠕虫级生物泰坦

**Necron Titans 死灵泰坦**

TheNecronsdo not utilize standard Tita"
1456	泰坦 Titan	恢复英文词间空格	the	the 	1	"al titan-scale war engines such as theMegalith,Æonic Orb, andAbattoir.

死"
1456	泰坦 Titan	恢复英文词间空格	and	and 	1	"nes such as theMegalith,Æonic Orb, andAbattoir.

死灵不使用标准的泰坦战争引擎，尽管他们确实有几个"
1456	泰坦 Titan	恢复英文词间空格	Legionsand	Legions and	1	 are operated by the Traitor Titan Legionsand maintained by the Dark Mechanicus.
1456	泰坦 Titan	恢复英文词间空格	Eldarare	Eldar are	1	"rk Eldar Titans 黑暗灵族泰坦**

The Dark Eldarare known to operate a twisted version"
1456	泰坦 Titan	恢复英文词间空格	Tyranidshave	Tyranids have	1	"**Tyranid Bio-Titans 泰伦生物泰坦**

The Tyranidshave created a number of species that a"
1456	泰坦 Titan	恢复英文句间空格	.Th	. Th	1	in the largeSpirit Stoneat its core.This gives Eldar Titans a consciousne
1465	犀牛装甲车 Rhino	恢复英文词间空格	the	the 	1	"s Rhinos 法务部犀牛装甲车**

The Rhinos of theAdeptus Arbitesare employed for urb"
1465	犀牛装甲车 Rhino	恢复英文词间空格	the	the 	1	hino is a Rhino variant fielded by theAdeptus Arbites. It is used to tran
1465	犀牛装甲车 Rhino	恢复英文词间空格	The	The 	1	"塞进里面，要么用钩子把他们带在外面。

Admonisher告诫者

TheAdmonisheris an open-topped Rhino v"
1465	犀牛装甲车 Rhino	恢复英文词间空格	The	The 	1	"r Crowd Control Vehicle 斥责者人群控制载具

TheCastigator Crowd Control Vehicleis "
1465	犀牛装甲车 Rhino	恢复英文句间空格	.Th	. Th	1	urban pacification and riot control.They have a narrow interior, full wit
1465	犀牛装甲车 Rhino	恢复英文句间空格	.So	. So	1	enArbitratorsand fourcyber-mastiffs.Some Arbites Rhinos are armed with ap
1466	荣耀号 Gloriam	恢复英文词间空格	a	a 	1	Gloriam is aRhinoattached to tactical squad Max
1466	荣耀号 Gloriam	恢复英文词间空格	the	the 	1	"ached to tactical squad Maximus of theHowling GriffonsFifth Company.

荣耀号"
1467	闪电号 Fulmen	恢复英文词间空格	a	a 	1	Fulmen is aNovamarinesRhinoand it is part ofSt
1467	闪电号 Fulmen	恢复英文词间空格	of	of 	1	is aNovamarinesRhinoand it is part ofStrike Force Nerva. This Rhino's na
1467	闪电号 Fulmen	恢复英文词间空格	the	the 	1	"via 琐事**

- *Fulmen*was created by theGames WorkshopemployeeUlrich Ryssel"
1467	闪电号 Fulmen	恢复英文词间空格	in	in 	1	"loyeeUlrich Rysseland was featured inWhite Dwarf 131 (2016).
- 闪电号由GW员工乌"
1468	夜曲之锤号 Nocturne's Hammer	恢复英文词间空格	the	the 	1	"古老的犀牛，已有8000年的活动历史。

It belongs to theSalamandersChapter, and was suppose"
1468	夜曲之锤号 Nocturne's Hammer	恢复英文词间空格	the	the 	1	 it is known to have taken part in theSiege of Devlin's Fastness. Due to 
1468	夜曲之锤号 Nocturne's Hammer	恢复英文词间空格	on	on 	1	 within the Salamander's reliquary onPrometheus. Each new century, theMa
1468	夜曲之锤号 Nocturne's Hammer	恢复英文词间空格	the	the 	1	ry onPrometheus. Each new century, theMaster of the Forgestrikes therune 
1469	铁拳 Iron Fist	恢复英文词间空格	the	the 	1	a modified, open-topped variant of theRhinochassis. Its primary armament 
1473	技术军士犀牛 Techmarine Rhino	恢复英文词间空格	are	are 	1	Techmarine Rhinos areRhinosthat have been modified to se
1473	技术军士犀牛 Techmarine Rhino	恢复英文词间空格	a	a 	1	een modified to serve the needs of aSpace Marine Chapter'sTechmarineson
1473	技术军士犀牛 Techmarine Rhino	恢复英文词间空格	a	a 	1	"*Overview 概述**

It is commanded by aTechmarineand driven by one of hisC"
1473	技术军士犀牛 Techmarine Rhino	恢复英文词间空格	his	his 	1	by aTechmarineand driven by one of hisChapter'sBattle Brothers. The Techm
1473	技术军士犀牛 Techmarine Rhino	恢复英文词间空格	The	The 	1	 a single support weapon behind it.TheSpace Wolvesare among the Chapters 
1473	技术军士犀牛 Techmarine Rhino	恢复英文词间空格	a	a 	1	 modifications are usually made by aTechmarinein theChapter's forge wor
1473	技术军士犀牛 Techmarine Rhino	恢复英文词间空格	the	the 	1	 are usually made by aTechmarinein theChapter's forge workshop and they c
1473	技术军士犀牛 Techmarine Rhino	恢复英文词间空格	between	between 	1	workshop and they can vary greatly betweenRhinos. The changes reflect the per
1473	技术军士犀牛 Techmarine Rhino	恢复英文词间空格	the	the 	1	usually circulated through most of theSpace MarineChapters. Because of th
1473	技术军士犀牛 Techmarine Rhino	恢复英文词间空格	a	a 	1	eld at the front and equipped with aMagna-beam Searchlight. Despite its
1473	技术军士犀牛 Techmarine Rhino	恢复英文词间空格	the	the 	1	Clawas well, which is used to help theTechmarinemake major repairs toSpac
1473	技术军士犀牛 Techmarine Rhino	恢复英文词间空格	to	to 	1	lp theTechmarinemake major repairs toSpace Marineequipment. However shou
1473	技术军士犀牛 Techmarine Rhino	恢复英文词间空格	a	a 	1	noughts.This variant also includes aBulldozer Bladeand its cupolas can 
1473	技术军士犀牛 Techmarine Rhino	恢复英文词间空格	with	with 	1	 Bladeand its cupolas can be armed withTwin-Linked Bolters, orAuto Launche
1473	技术军士犀牛 Techmarine Rhino	恢复英文词间空格	the	the 	1	he*Techmarine Rhino*was created by theGames WorkshopemployeeIan Pickstock
1473	技术军士犀牛 Techmarine Rhino	恢复英文词间空格	in	in 	1	"the Tech-Marine Rhino and appeared inThe Citadel Journal 7.
- 技术军士由GW员工伊"
1473	技术军士犀牛 Techmarine Rhino	恢复英文词间空格	Marinesor	Marines or	1	rying capacity of either fiveSpace Marinesor fiveServitorsto assist the Techmar
1473	技术军士犀牛 Techmarine Rhino	恢复英文句间空格	.Th	. Th	1	w a single support weapon behind it.The Space Wolvesare among the Chapter
1473	技术军士犀牛 Techmarine Rhino	恢复英文句间空格	.Th	. Th	1	e sections fromtanksandDreadnoughts.This variant also includes a Bulldoze
1475	豪猪战车 Razorback	恢复英文词间空格	for	for 	1	 several hatches that are designed forSpace Marinesto fire out of. While 
1475	豪猪战车 Razorback	恢复英文词间空格	the	the 	1	sengers can add their firepower to theLascannonandTwin-LinkedPlasma Guns,
1475	豪猪战车 Razorback	恢复英文词间空格	Marinesto	Marines to	1	atches that are designed for Space Marinesto fire out of. While the rear hatch 
1479	献祭者 Immolator	恢复英文词间空格	the	the 	1	The Immolator is a variant of theRhinochassis and used exclusively b
1479	献祭者 Immolator	恢复英文词间空格	the	the 	1	inochassis and used exclusively by theAdepta Sororitasas a mobile flameth
1479	献祭者 Immolator	恢复英文词间空格	on	on 	1	 within an ancient factory complex onFornost, during theIcaria Crusadein
1479	献祭者 Immolator	恢复英文词间空格	the	the 	1	 factory complex onFornost, during theIcaria CrusadeinM35.There a force o
1479	献祭者 Immolator	恢复英文词间空格	of	of 	1	eIcaria CrusadeinM35.There a force ofFrateris Templarscaptured an ancien
1479	献祭者 Immolator	恢复英文词间空格	an	an 	1	t factory complex intact, allowing anAdeptus Ministorummissionary team t
1479	献祭者 Immolator	恢复英文词间空格	the	the 	1	he Devoutdiscovered databanks from theDark Age of Technologyand reported 
1479	献祭者 Immolator	恢复英文词间空格	the	the 	1	g the value of this information to theAdeptus Mechanicus, the Ministorum 
1479	献祭者 Immolator	恢复英文词间空格	the	the 	1	ith knownSTCdesigns for the Rhino, theTech-priestsofMarscame up with the 
1479	献祭者 Immolator	恢复英文句间空格	.Af	. Af	1	 to any new technologies discovered.After inspecting through the databank
1479	献祭者 Immolator	恢复英文词间空格	a	a 	1	molators are typically operated by aDominionSister with additional vehi
1479	献祭者 Immolator	恢复英文词间空格	an	an 	1	olator is sometimes referred to as anInferno Cannonor Immolation Flamer 
1479	献祭者 Immolator	恢复英文句间空格	.Th	. Th	1	slightly more armour than the Rhino.The gunner itself is protected by a s
1479	献祭者 Immolator	恢复英文句间空格	.Th	. Th	1	a stained-armaglassballistic shield.The main weapon system of the Immolat
1479	献祭者 Immolator	恢复英文词间空格	the	the 	1	"

Sanctorum pattern Immolator of theOrder of the Valorous Heart 英勇之心修会的"
1480	镇压者重型装甲运兵车 Repressor Heavily Armoured Personnel Carrier	恢复英文词间空格	the	the 	1	armoured personnel carrier used by theAdeptus Arbitesand theAdepta Sorori
1480	镇压者重型装甲运兵车 Repressor Heavily Armoured Personnel Carrier	恢复英文词间空格	the	the 	1	rier used by theAdeptus Arbitesand theAdepta Sororitas. Repressors are a 
1480	镇压者重型装甲运兵车 Repressor Heavily Armoured Personnel Carrier	恢复英文词间空格	the	the 	1	ritas. Repressors are a variant of theRhino, converted to extend the tran
1480	镇压者重型装甲运兵车 Repressor Heavily Armoured Personnel Carrier	恢复英文词间空格	the	the 	1	Battle first used the Repressor on theCardinal WorldofAvignorduring theAv
1480	镇压者重型装甲运兵车 Repressor Heavily Armoured Personnel Carrier	恢复英文词间空格	the	the 	1	n theCardinal WorldofAvignorduring theAvignor Uprising, when agent-provoc
1480	镇压者重型装甲运兵车 Repressor Heavily Armoured Personnel Carrier	恢复英文词间空格	the	the 	1	the mob, and the Battle Sisters of theSacred RosePreceptory, currently gu
1480	镇压者重型装甲运兵车 Repressor Heavily Armoured Personnel Carrier	恢复英文词间空格	the	the 	1	RosePreceptory, currently guarding theCardinal's Palace, offered their ai
1480	镇压者重型装甲运兵车 Repressor Heavily Armoured Personnel Carrier	恢复英文词间空格	of	of 	1	ers, until the 291st Synod Prioris ofTerrawhere the issue was hotly deba
1480	镇压者重型装甲运兵车 Repressor Heavily Armoured Personnel Carrier	恢复英文词间空格	the	the 	1	at the victory on Avignor had been theEmperor's divine will, and that the
1480	镇压者重型装甲运兵车 Repressor Heavily Armoured Personnel Carrier	恢复英文词间空格	Terrawhere	Terra where	1	, until the 291st Synod Prioris of Terrawhere the issue was hotly debated. Event
1480	镇压者重型装甲运兵车 Repressor Heavily Armoured Personnel Carrier	恢复英文词间空格	with	with 	1	lterandPintle-mountedHeavy Flamer, withDozer Bladesas standard equipment. 
1480	镇压者重型装甲运兵车 Repressor Heavily Armoured Personnel Carrier	恢复英文词间空格	with	with 	1	ehicle. It can be further upgraded withBlessed Ammunition,Extra Armour, aH
1480	镇压者重型装甲运兵车 Repressor Heavily Armoured Personnel Carrier	恢复英文词间空格	a	a 	1	thBlessed Ammunition,Extra Armour, aHoly Icon,Holy Promethium, aHunter-
1480	镇压者重型装甲运兵车 Repressor Heavily Armoured Personnel Carrier	恢复英文词间空格	a	a 	1	rmour, aHoly Icon,Holy Promethium, aHunter-killer Missile,Laud Hailers,
1481	告诫者重型装甲运兵车 Admonisher Heavily Armoured Personnel Carrier	恢复英文词间空格	the	the 	1	rmoured personnel carrier, used by theAdeptus ArbitesandImperialprison wa
1481	告诫者重型装甲运兵车 Admonisher Heavily Armoured Personnel Carrier	恢复英文词间空格	the	the 	1	dens. Admonishers are a variant of theRhino, open-topped to allow the war
1482	反重力犀牛 Grav-Rhino	恢复英文词间空格	the	the 	1	was a rare and advanced variant of theRhinoarmoured personnel carrier equ
1482	反重力犀牛 Grav-Rhino	恢复英文词间空格	with	with 	1	rmoured personnel carrier equipped withAnti-Gravity drives, allowing it to
1482	反重力犀牛 Grav-Rhino	恢复英文词间空格	the	the 	1	ve been used almost exclusively by theAdeptus CustodesandSisters of Silen
1482	反重力犀牛 Grav-Rhino	恢复英文词间空格	the	the 	1	"ustodesandSisters of Silenceduring theHorus Heresy.

反重力犀牛是犀牛装甲运兵车的一种罕见而先"
1482	反重力犀牛 Grav-Rhino	恢复英文词间空格	the	the 	1	isters of Silence by mid-M32during theWar of the Beastat their sanctuary 
1482	反重力犀牛 Grav-Rhino	恢复英文词间空格	on	on 	1	"War of the Beastat their sanctuary onNadiries.

虽然目前还不知道在第41个千年是否存在反重力，但"
1491	惩戒者战斗坦克 Castigator Battle Tank	恢复英文词间空格	of	of 	1	The Castigator is a type ofBattle Tankused by theAdepta Sorori
1491	惩戒者战斗坦克 Castigator Battle Tank	恢复英文词间空格	the	the 	1	"tor is a type ofBattle Tankused by theAdepta Sororitas.

惩戒者是修女会使用的一种战斗坦克"
1491	惩戒者战斗坦克 Castigator Battle Tank	恢复英文词间空格	the	the 	1	"e Sacred Rose 神圣玫瑰修会的惩戒者战斗坦克

Like thePredatorof theSpace Marines, the Ca"
1491	惩戒者战斗坦克 Castigator Battle Tank	恢复英文词间空格	the	the 	1	"神圣玫瑰修会的惩戒者战斗坦克

Like thePredatorof theSpace Marines, the Castigator is bu"
1491	惩戒者战斗坦克 Castigator Battle Tank	恢复英文词间空格	a	a 	1	arines, the Castigator is built on aRhinochassis. Similar to its Predat
1491	惩戒者战斗坦克 Castigator Battle Tank	恢复英文词间空格	a	a 	1	Its main weapon consists of either aBattle Cannonor twinAutocannons. Su
1491	惩戒者战斗坦克 Castigator Battle Tank	恢复英文句间空格	.It	. It	1	ire support role on the battlefield.Its main weapon consists of either a 
1492	角斗士反重力战斗坦克 Gladiator Grav Battle Tank	恢复英文句间空格	.Th	. Th	1	l weaponry mounted in side sponsons.The Gladiator is more heavily armed a
1498	马卡多战斗坦克 Malcador Battle Tank	删除误重复字	比神圣的的黎曼鲁	比神圣的黎曼鲁	1	
1500	兰德掠袭者重型装甲运输车 Land Raider Heavily Armoured Carrier	恢复英文句间空格	.Th	. Th	1	r-killer Missile, and a Multi-Melta.The Hunter-Killer Missile is an MKVII
1500	兰德掠袭者重型装甲运输车 Land Raider Heavily Armoured Carrier	恢复英文词间空格	of	of 	1	"any of their vehicles in the hands ofXenosa high priority.

众所周知，星际战士战团将"
1500	兰德掠袭者重型装甲运输车 Land Raider Heavily Armoured Carrier	恢复英文词间空格	The	The 	1	"
众所周知，星际战士战团将摧毁异型手中的任何载具作为首要任务。

- TheOrksare known to convert some Land "
1500	兰德掠袭者重型装甲运输车 Land Raider Heavily Armoured Carrier	恢复英文词间空格	into	into 	1	"known to convert some Land Raiders intoLooted Wagons.
- 众所周知，欧克会将一些兰德掠袭者变成"
1500	兰德掠袭者重型装甲运输车 Land Raider Heavily Armoured Carrier	恢复英文词间空格	Chaptersare	Chapters are	1	"sage by Xenos 异型使用**

Space Marine Chaptersare known to make the destruction of a"
1500	兰德掠袭者重型装甲运输车 Land Raider Heavily Armoured Carrier	恢复英文词间空格	Orksare	Orks are	1	"知，星际战士战团将摧毁异型手中的任何载具作为首要任务。

- The Orksare known to convert some Land Raiders"
1515	影剑超重型坦克 Shadowsword Super Heavy Tank	恢复英文词间空格	the	the 	1	eloped from the BanebladeSTCduring theGreat Crusade. It saw use with theI
1515	影剑超重型坦克 Shadowsword Super Heavy Tank	恢复英文词间空格	the	the 	1	 theGreat Crusade. It saw use with theImperial Armyand became the basis f
1515	影剑超重型坦克 Shadowsword Super Heavy Tank	恢复英文词间空格	the	the 	1	came the basis for early models of theFalchionused by theLegiones Astarte
1515	影剑超重型坦克 Shadowsword Super Heavy Tank	恢复英文词间空格	the	the 	1	early models of theFalchionused by theLegiones Astartes, which like the S
1516	风暴刃超重型坦克 Stormblade Super Heavy Tank	恢复英文句间空格	.So	. So	1	weapons were withdrawn from service.Some Stormblades will mount a Hunter-
1524	驱魔者导弹坦克 Exorcist Missile Tank	恢复英文词间空格	the	the 	1	"ole of long-range fire support for theSisters of Battle.

驱魔者导弹坦克为战斗修女提供远"
1524	驱魔者导弹坦克 Exorcist Missile Tank	恢复英文词间空格	the	the 	1	"rcist驱魔者

**Overview 概述**

Besides theRhino, the Exorcist is the oldest v"
1524	驱魔者导弹坦克 Exorcist Missile Tank	恢复英文词间空格	the	the 	1	e first Exorcists were produced in theAge of ApostasyonMars, of which som
1524	驱魔者导弹坦克 Exorcist Missile Tank	恢复英文词间空格	their	their 	1	nes are highly venerated, although theirMachine Spiritsare known to be temp
1524	驱魔者导弹坦克 Exorcist Missile Tank	恢复英文词间空格	the	the 	1	a work of art, as much a symbol of theEmperoras a provider of long-range 
1524	驱魔者导弹坦克 Exorcist Missile Tank	恢复英文词间空格	Emperoras	Emperor as	1	rk of art, as much a symbol of the Emperoras a provider of long-range fire supp
1524	驱魔者导弹坦克 Exorcist Missile Tank	恢复英文词间空格	the	the 	1	from the nearby divine presence of theEmperorwhen they were constructed. 
1524	驱魔者导弹坦克 Exorcist Missile Tank	恢复英文词间空格	the	the 	1	 to another Imperium faction, like theImperial Guardand theSpace Marines,
1524	驱魔者导弹坦克 Exorcist Missile Tank	恢复英文词间空格	the	the 	1	faction, like theImperial Guardand theSpace Marines, in fear that the mac
1524	驱魔者导弹坦克 Exorcist Missile Tank	恢复英文词间空格	the	the 	1	"evers and incur the displeasure of theEmperorhimself.

虽然存在其他型号，如“圣所”和“多米"
1524	驱魔者导弹坦克 Exorcist Missile Tank	恢复英文词间空格	Emperorwhen	Emperor when	1	 the nearby divine presence of the Emperorwhen they were constructed. Adepta Soro
1524	驱魔者导弹坦克 Exorcist Missile Tank	恢复英文词间空格	Guardand	Guard and	1	mperium faction, like the Imperial Guardand the Space Marines, in fear that th
1524	驱魔者导弹坦克 Exorcist Missile Tank	恢复英文词间空格	Emperorhimself	Emperor himself	1	"s and incur the displeasure of the Emperorhimself.

虽然存在其他型号，如“圣所”和“多米妮卡”，但它们并没有像最初的"
1524	驱魔者导弹坦克 Exorcist Missile Tank	恢复英文词间空格	the	the 	1	"
The ancient, arcane technology of theExorcist launcheris only vaguely un"
1524	驱魔者导弹坦克 Exorcist Missile Tank	恢复英文词间空格	the	the 	1	ncheris only vaguely understood by theTechpriestsof theAdeptus Mechanicus
1524	驱魔者导弹坦克 Exorcist Missile Tank	恢复英文词间空格	the	the 	1	"ely understood by theTechpriestsof theAdeptus Mechanicus.

驱魔者发射器的古老而神秘的技"
1524	驱魔者导弹坦克 Exorcist Missile Tank	恢复英文词间空格	as	as 	1	ive or incendiary projectiles such asConflagration Rockets, and anti-air
1524	驱魔者导弹坦克 Exorcist Missile Tank	恢复英文词间空格	the	the 	1	"

Exorcist of theOrder of the Sacred Rose 神圣玫瑰修会的驱魔者"
1524	驱魔者导弹坦克 Exorcist Missile Tank	恢复英文词间空格	the	the 	1	e symbol of the power and glory of theEcclesiarchyand serve as a mobile s
1524	驱魔者导弹坦克 Exorcist Missile Tank	恢复英文词间空格	with	with 	1	 Bolter; they may also be upgraded withBlessed Ammunition,Dozer Blades,Ext
1524	驱魔者导弹坦克 Exorcist Missile Tank	恢复英文词间空格	a	a 	1	unition,Dozer Blades,Extra Armour, aHoly Icon, aHunter-killer Missile,L
1524	驱魔者导弹坦克 Exorcist Missile Tank	恢复英文词间空格	a	a 	1	r Blades,Extra Armour, aHoly Icon, aHunter-killer Missile,Laud Hailers,
1524	驱魔者导弹坦克 Exorcist Missile Tank	恢复英文词间空格	a	a 	1	"ailers,Pintle-mountedStorm Bolter, aSearchlightandSmoke Launchers.

一些驱"
1525	旋风火炮坦克 Whirlwind Artillery Tank	恢复英文词间空格	the	the 	1	odern version was developed during theGreat Crusadeafter theScorpius, who
1525	旋风火炮坦克 Whirlwind Artillery Tank	恢复英文词间空格	the	the 	1	loped during theGreat Crusadeafter theScorpius, whose auto-loading launch
1525	旋风火炮坦克 Whirlwind Artillery Tank	恢复英文词间空格	Crusadeafter	Crusade after	1	ion was developed during the Great Crusadeafter the Scorpius, whose auto-loading l
1525	旋风火炮坦克 Whirlwind Artillery Tank	恢复英文词间空格	the	the 	1	ssile launcherwas first fielded by theImperial Army. This weapon was late
1525	旋风火炮坦克 Whirlwind Artillery Tank	恢复英文词间空格	the	the 	1	 approved for mass production when theHorus Heresybegan. The modern incar
1525	旋风火炮坦克 Whirlwind Artillery Tank	恢复英文词间空格	the	the 	1	lwind was first used by members of theSalamandersLegionduring the Heresy 
1525	旋风火炮坦克 Whirlwind Artillery Tank	恢复英文词间空格	the	the 	1	"amandersLegionduring the Heresy in thePurging of Taral III.

虽然现今以星际战士的使用"
1525	旋风火炮坦克 Whirlwind Artillery Tank	恢复英文句间空格	.It	. It	1	commonly used by the Imperial Guard.Its target acquisition and telemetry 
1525	旋风火炮坦克 Whirlwind Artillery Tank	恢复英文句间空格	.To	. To	1	fied cities of the Xenos Ghassulian.Today it has become an all but forgot
1527	提丰重型攻城坦克 Typhon Heavy Siege Tank	恢复英文句间空格	.Th	. Th	1	to any Space Marine army for sieges.Those belonging to the Dark Angels' D
1529	维护者短程攻城坦克 Vindicator Short Ranged Siege Tank	恢复英文句间空格	.Th	. Th	1	king shelter under tonnes of rubble.The Demolisher Cannon is loaded by an
1529	维护者短程攻城坦克 Vindicator Short Ranged Siege Tank	恢复英文句间空格	.It	. It	1	 an automated crane and ramp system.It incorporates hydro-compressive rec
1529	维护者短程攻城坦克 Vindicator Short Ranged Siege Tank	恢复英文句间空格	.Th	. Th	1	bsorption rams to manage the recoil.The cannon's two exhaust vents for va
1529	维护者短程攻城坦克 Vindicator Short Ranged Siege Tank	恢复英文句间空格	.So	. So	1	red on the collapsible loading ramp.Some variants of the Vindicator are e
1529	维护者短程攻城坦克 Vindicator Short Ranged Siege Tank	恢复英文句间空格	.Th	. Th	1	-winch which helps it reload faster.The Vindicator is also armed with a S
1530	收割者号 Reaper	恢复英文词间空格	a	a 	1	*Reaper*was aVindicatorin service with theScythe
1530	收割者号 Reaper	恢复英文词间空格	the	the 	1	per*was aVindicatorin service with theScythes of the EmperorChapter. It w
1530	收割者号 Reaper	恢复英文词间空格	of	of 	1	"ive Fleet Krakenduring the defence ofMiral Prime.

收割者是一辆为帝皇之镰战团服役的维护者。在"
1547	暗爪战斗机 Dark Talons Fighter	恢复英文句间空格	.Da	. Da	1	facts recovered from Caliban itself.Dark Talons usually fly low in attack
1558	风暴爪炮艇 Stormtalon Gunship	恢复英文句间空格	.By	. By	1	as a close air support attack craft.By rotating its engine ponds, the Sto
1564	快速打击战舰 Rapid Strike Vessel	恢复英文词间空格	the	the 	1	e small,Escort-class ships used by theSpace Marinesto patrol their territ
1564	快速打击战舰 Rapid Strike Vessel	恢复英文词间空格	from	from 	1	ype of Rapid Strike Vessels varies fromChapterto Chapter, though some comm
1564	快速打击战舰 Rapid Strike Vessel	恢复英文词间空格	the	the 	1	though some common designs include theSwordandFirestorm FrigatesandCobra 
1564	快速打击战舰 Rapid Strike Vessel	恢复英文词间空格	the	the 	1	FrigatesandCobra Destroyersused by theImperial Navy.It also includes desi
1564	快速打击战舰 Rapid Strike Vessel	恢复英文词间空格	as	as 	1	pecific to the Space Marines, such asHunter Destroyers,Gladius Frigatesa
1564	快速打击战舰 Rapid Strike Vessel	恢复英文词间空格	of	of 	1	Space Marines aboard. Only a cadre ofTechmarinesare on hand to support t
1564	快速打击战舰 Rapid Strike Vessel	恢复英文词间空格	Marinesto	Marines to	1	cort-class ships used by the Space Marinesto patrol their territory and escort 
1564	快速打击战舰 Rapid Strike Vessel	恢复英文词间空格	Chapterto	Chapter to	1	f Rapid Strike Vessels varies from Chapterto Chapter, though some common design
1564	快速打击战舰 Rapid Strike Vessel	恢复英文句间空格	.It	. It	1	Destroyersused by the Imperial Navy.It also includes designs specific to 
1565	艾森斯坦号 Eisenstein	Field 对应的错别字	盖勒立场	盖勒力场	1	
1565	艾森斯坦号 Eisenstein	恢复英文词间空格	an	an 	1	The*Eisenstein*was anImperialwarship that played a cruci
1565	艾森斯坦号 Eisenstein	恢复英文词间空格	the	the 	1	 a crucial role at the outbreak of theHorus Heresy, carryingloyalistSpace
1565	艾森斯坦号 Eisenstein	恢复英文词间空格	to	to 	1	 carryingloyalistSpace Marinesback toTerrafrom theIsstvan System, to war
1565	艾森斯坦号 Eisenstein	恢复英文词间空格	the	the 	1	alistSpace Marinesback toTerrafrom theIsstvan System, to warn theEmperoro
1565	艾森斯坦号 Eisenstein	恢复英文词间空格	the	the 	1	"rrafrom theIsstvan System, to warn theEmperorofHorus' treachery.

爱森斯坦号是一"
1565	艾森斯坦号 Eisenstein	恢复英文词间空格	as	as 	1	"alist legionaries were referred to asThe Seventy.

忠诚派军团士兵被称为“七十人”。

**H"
1565	艾森斯坦号 Eisenstein	恢复英文词间空格	a	a 	1	r 2 kilometers long and resembling aGladius Class Frigate, the*Eisenste
1565	艾森斯坦号 Eisenstein	恢复英文词间空格	the	the 	1	, the*Eisenstein*was in service to theDeath Guardby the events on Isstvan
1565	艾森斯坦号 Eisenstein	恢复英文词间空格	at	at 	1	"是科学家。

Shortly before the massacre atIsstvan III,Nathaniel Garroand hisC"
1565	艾森斯坦号 Eisenstein	恢复英文词间空格	his	his 	1	e atIsstvan III,Nathaniel Garroand hisCompanywere assigned to the*Eisenst
1565	艾森斯坦号 Eisenstein	恢复英文词间空格	a	a 	1	to-day operations were overseen by aHumancrew, in the*Eisenstein's*case
1565	艾森斯坦号 Eisenstein	恢复英文词间空格	by	by 	1	warn the Emperor, Garro was joined byIacton Qruzeand a group of civilian
1565	艾森斯坦号 Eisenstein	恢复英文词间空格	of	of 	1	 Horus'sflagship, at the direction ofGarviel Loken. The*Eisenstein*narro
1565	艾森斯坦号 Eisenstein	恢复英文词间空格	the	the 	1	ly evaded fire from Typhon's ship, theTerminus Est, before escaping the s
1565	艾森斯坦号 Eisenstein	恢复英文词间空格	of	of 	1	failed briefly, allowing the power ofNurgleto re-animate the corpses of 
1565	艾森斯坦号 Eisenstein	恢复英文词间空格	the	the 	1	passing ship. They were rescued by theImperial Fists' mobilefortress mona
1565	艾森斯坦号 Eisenstein	恢复英文词间空格	the	the 	1	l Fists' mobilefortress monastery, thePhalanx, and the*Eisenstein*was scu
1565	艾森斯坦号 Eisenstein	恢复英文词间空格	the	the 	1	r. Sometime after the formation of theGreat Rift, many saw the vessel rea
1565	艾森斯坦号 Eisenstein	恢复英文词间空格	the	the 	1	"s to Darkness"" book, published for theFirst EditionofWarhammer 40,000in o"
1565	艾森斯坦号 Eisenstein	恢复英文词间空格	the	the 	1	hammer 40,000in order to introduce theHorus Heresy. The one-paragraph men
1565	艾森斯坦号 Eisenstein	恢复英文词间空格	the	the 	1	rines were lead by CaptainVarrenof theWorld Eaters, and escaped inThunder
1565	艾森斯坦号 Eisenstein	恢复英文词间空格	in	in 	1	renof theWorld Eaters, and escaped inThunderhawktransports. Still anothe
1565	艾森斯坦号 Eisenstein	恢复英文词间空格	to	to 	1	"board the*Eisenstein*on its voyage toTerra.

其他消息来源称，70名战士由吞世者的瓦伦连长率领，乘坐"
1565	艾森斯坦号 Eisenstein	恢复英文词间空格	the	the 	1	" after the Emperor's Ascension for theInquisitor game.

这些叙述中的每一个都会造成问题。原"
1565	艾森斯坦号 Eisenstein	恢复英文词间空格	to	to 	1	"ter Garro returns from his mission toCalth.

在广播剧《伽罗：真理之剑》中，帝皇之子和吞世者（包括瓦"
1565	艾森斯坦号 Eisenstein	恢复英文词间空格	Terrafrom	Terra from	1	rryingloyalistSpace Marinesback to Terrafrom the Isstvan System, to warn the Em
1565	艾森斯坦号 Eisenstein	恢复英文词间空格	Guardby	Guard by	1	nstein*was in service to the Death Guardby the events on Isstvan III. Accordi
1565	艾森斯坦号 Eisenstein	恢复英文句间空格	.Fi	. Fi	1	e attack with the otherDeath Guards.First CaptainCalas TyphonstationedIgn
1565	艾森斯坦号 Eisenstein	恢复英文句间空格	.Ga	. Ga	1	uisition at the time of the Emperor.Gav Thorpehas since changed the creat
1566	狂怒深渊号 Furious Abyss	恢复英文词间空格	the	the 	1	"tructed during the latter years of theGreat Crusade.

狂怒深渊号是在大远征后期建造的一艘巨大"
1566	狂怒深渊号 Furious Abyss	恢复英文词间空格	by	by 	1	s class, it is eventually revealed byLorgarthat two more of the massive 
1566	狂怒深渊号 Furious Abyss	恢复英文词间空格	the	the 	1	hat two more of the massive ships, theTrisagionandBlessed Lady, were cons
1566	狂怒深渊号 Furious Abyss	恢复英文词间空格	the	the 	1	constructed. Upon their completion theAbyss Class Battleshipswere the lar
1566	狂怒深渊号 Furious Abyss	恢复英文词间空格	the	the 	1	"s in the Imperium, rivaled only by thePhalanx.

最初被认为是其级别中唯一的一艘舰船，珞珈最终透露，"
1566	狂怒深渊号 Furious Abyss	恢复英文词间空格	the	the 	1	swhich were able to be deployed in theWarpand disrupt the senses of aNavi
1566	狂怒深渊号 Furious Abyss	恢复英文词间空格	a	a 	1	"n theWarpand disrupt the senses of aNavigator.

深渊装有第一支原型等离子光矛，能够在近距离战斗"
1566	狂怒深渊号 Furious Abyss	恢复英文词间空格	the	the 	1	 was created secretly by abranchof theAdeptus Mechanicuswho held loyaltie
1566	狂怒深渊号 Furious Abyss	恢复英文词间空格	to	to 	1	eptus Mechanicuswho held loyalties toWarmasterHorusduring the early star
1566	狂怒深渊号 Furious Abyss	恢复英文词间空格	the	the 	1	sterHorusduring the early start of theHorus Heresy. It was made at the sh
1566	狂怒深渊号 Furious Abyss	恢复英文词间空格	of	of 	1	. It was made at the shipyard moon ofThuleand given as a gift to theWord
1566	狂怒深渊号 Furious Abyss	恢复英文词间空格	the	the 	1	moon ofThuleand given as a gift to theWord BearersAdeptus Astartes, who w
1566	狂怒深渊号 Furious Abyss	恢复英文词间空格	their	their 	1	Adeptus Astartes, who were serving theirPrimarchin their plan to assault th
1566	狂怒深渊号 Furious Abyss	恢复英文词间空格	the	the 	1	he loyalistLegionsthat would serve theEmperor. After the commemoration ce
1566	狂怒深渊号 Furious Abyss	恢复英文词间空格	by	by 	1	ainZadkiel, who was given the task byKor Phaeronto take the ship toMacra
1566	狂怒深渊号 Furious Abyss	恢复英文词间空格	to	to 	1	task byKor Phaeronto take the ship toMacraggeand destroy the planet in o
1566	狂怒深渊号 Furious Abyss	恢复英文词间空格	the	the 	1	net in order to create havoc among theUltramarines. During its flight thr
1566	狂怒深渊号 Furious Abyss	恢复英文词间空格	the	the 	1	ts destination, it was detected by theFist of Macraggeand the Ultramarine
1566	狂怒深渊号 Furious Abyss	恢复英文词间空格	by	by 	1	o an Imperial outpost and received byCaptainLysimachus Cestus, who led a
1566	狂怒深渊号 Furious Abyss	恢复英文词间空格	the	the 	1	instead contacted the commander of theWaning Moon,Mhotep, in order to sec
1566	狂怒深渊号 Furious Abyss	恢复英文词间空格	the	the 	1	nd the*Waning Moon*before entering theWarpin order to reach Macragge. As 
1566	狂怒深渊号 Furious Abyss	恢复英文词间空格	a	a 	1	acragge. As it did so, it deployed aPsionic mineinto the Empyrean in or
1566	狂怒深渊号 Furious Abyss	恢复英文词间空格	the	the 	1	the upper orbit of Macragge, while theBattle of Calthwas ongoing simultan
1566	狂怒深渊号 Furious Abyss	恢复英文词间空格	Mechanicuswho	Mechanicus who	1	 secretly by abranchof the Adeptus Mechanicuswho held loyalties to WarmasterHorusdu
1566	狂怒深渊号 Furious Abyss	恢复英文词间空格	Primarchin	Primarch in	1	s Astartes, who were serving their Primarchin their plan to assault the loyalist
1566	狂怒深渊号 Furious Abyss	恢复英文句间空格	.It	. It	1	ng dwarfed by these massive vessels.It was roughly shaped like a sword wi
1567	巨石 The Rock	恢复英文词间空格	the	the 	1	ndary home andfortress-monasteryof theDark AngelsSpace MarineChapter. The
1567	巨石 The Rock	恢复英文词间空格	the	the 	1	ulEldarfleets into oblivion during theBattle of Midpoint. Fully equipped 
1567	巨石 The Rock	恢复英文词间空格	both	both 	1	e of Midpoint. Fully equipped with bothWarp Drivesand force fields, it is 
1567	巨石 The Rock	恢复英文词间空格	the	the 	1	"ations of The Rock are overseen by theMaster of the Rock.

巨石，也被称为天使之塔或天使"
1567	巨石 The Rock	恢复英文词间空格	of	of 	1	"istory 历史**

The Rock is a remnant ofCalibanitself that survived thedest"
1567	巨石 The Rock	恢复英文词间空格	the	the 	1	truction of the worldat the end of theHorus Heresy. The remnant is built 
1567	巨石 The Rock	恢复英文词间空格	the	the 	1	ark Angels' recruiting worlds, and theWatchers in the Darkpatrol its hall
1567	巨石 The Rock	恢复英文词间空格	the	the 	1	Grand MasterAzraelaround, carrying theLion Helm. The Rock is larger than 
1567	巨石 The Rock	恢复英文词间空格	of	of 	1	larger than any conventional class ofImperialwarship and is capable of l
1567	巨石 The Rock	恢复英文词间空格	of	of 	1	ant escort offrigatesand squadrons ofThunderhawkGunships.Beneath the sur
1567	巨石 The Rock	恢复英文句间空格	.Th	. Th	1	 the planet thanks to its shielding.The Rock travels around the galaxy an
1567	巨石 The Rock	恢复英文句间空格	.Be	. Be	1	nd squadrons of ThunderhawkGunships.Beneath the surface of the rock lie v
1567	巨石 The Rock	恢复英文词间空格	the	the 	1	els of the Rock are cells in which theFallen Angelsare held.Lutheris impr
1567	巨石 The Rock	恢复英文词间空格	of	of 	1	eknownst to any, the sleeping body ofLion El'Jonsonis hidden in the hear
1567	巨石 The Rock	恢复英文词间空格	the	the 	1	"卫。

Shortly after the formation of theGreat Rift, the Rockwas besiegedbyd"
1567	巨石 The Rock	恢复英文词间空格	the	the 	1	he Rockwas besiegedbydaemonsled by theMarbas, a member of the Fallen who 
1567	巨石 The Rock	恢复英文词间空格	a	a 	1	ember of the Fallen who has become aDaemon Prince. The battle was a mer
1567	巨石 The Rock	恢复英文词间空格	the	the 	1	The Rock was again besieged during theArks of Omen Campaignas part of the
1567	巨石 The Rock	恢复英文词间空格	a	a 	1	e mobile fortress, Vashtorr sought aKey Fragmentwhich was sealed within
1567	巨石 The Rock	恢复英文句间空格	.Lu	. Lu	1	 in which the Fallen Angelsare held.Lutheris imprisoned there, kept alive
1567	巨石 The Rock	恢复英文句间空格	.Un	. Un	1	 - will soon return and absolve him.Unbeknownst to any, the sleeping body
1567	巨石 The Rock	恢复英文句间空格	.Am	. Am	1	 part of the daemonVashtorr's plans.Ambushing and boarding the mobile for
1567	巨石 The Rock	恢复英文词间空格	the	the 	1	forgivenarmada pursued Vashtorr to theSomnium Stars, where in the subsequ
1567	巨石 The Rock	恢复英文词间空格	the	the 	1	"Fragment he had originally sought: theTuchulcha.

不久之后，巨石和一支庞大的不可饶恕者舰队将瓦什"
1567	巨石 The Rock	恢复英文词间空格	as	as 	1	 the ancient sentient device known asTuchulchahidden within it.The devic
1567	巨石 The Rock	恢复英文词间空格	by	by 	1	 it.The device was later extracted byVashtorrduring theBattle of Idolatr
1567	巨石 The Rock	恢复英文词间空格	the	the 	1	"s later extracted byVashtorrduring theBattle of Idolatros.

在塞弗通知他们之前，黑暗天"
1567	巨石 The Rock	恢复英文句间空格	.Th	. Th	1	 known as Tuchulchahidden within it.The device was later extracted by Vas
1567	巨石 The Rock	恢复英文词间空格	the	the 	1	t and ancient force field known as theGorgon's Aegis. Furthermore, the fo
1568	铸造舰 Forgeship	恢复英文词间空格	in	in 	1	"。

It seems that they can be found inAdeptus Mechanicus-fleetsandSpace M"
1568	铸造舰 Forgeship	恢复英文词间空格	the	the 	1	ed yet distinct type of vessel are theFactory Ships, which e.g. refine ra
1569	方舟级铸造舰 Ark-Class Forgeship	恢复英文词间空格	of	of 	1	"The Ark-Class is a class ofForge-ships.

方舟级是铸造舰的一类。

The prec"
1569	方舟级铸造舰 Ark-Class Forgeship	恢复英文词间空格	the	the 	1	s not clear. A ship of this class, theArchimedes Rex, boreAdeptus Mechani
1569	方舟级铸造舰 Ark-Class Forgeship	恢复英文词间空格	a	a 	1	"描述**

The Ark-class is the size of aCruiserand roughly shaped like a ma"
1569	方舟级铸造舰 Ark-Class Forgeship	恢复英文词间空格	by	by 	1	fully automated manufactora manned byServitors. Some of these manufactor
1569	方舟级铸造舰 Ark-Class Forgeship	恢复英文句间空格	.It	. It	1	uiserand roughly shaped like a mace.It is heavily armed, including lances
1569	方舟级铸造舰 Ark-Class Forgeship	恢复英文句间空格	.Th	. Th	1	"ssembled into the finished products.The Ark-class produces:

在内部深处，有几个由机仆"
1570	山阵号 Phalanx	恢复英文词间空格	the	the 	1	*is the mobilefortress-monasteryof theImperial Fists. Officially, the hom
1570	山阵号 Phalanx	恢复英文词间空格	is	is 	1	he homeworld of the Imperial Fists isTerra, but in functional terms the 
1570	山阵号 Phalanx	恢复英文词间空格	the	the 	1	"y 历史**

**Heresy 叛乱**

For much of theHorus Heresy, the*Phalanx*was stati"
1570	山阵号 Phalanx	恢复英文词间空格	as	as 	1	nx*was stationed overTerraand used asDorn's command base. However, asHor
1570	山阵号 Phalanx	恢复英文词间空格	as	as 	1	ed asDorn's command base. However, asHorus's advance to Terra drew near,
1570	山阵号 Phalanx	恢复英文词间空格	the	the 	1	rew near, Dorn eventually moved to theBhab Bastionof theImperial Palace. 
1570	山阵号 Phalanx	恢复英文词间空格	the	the 	1	ntually moved to theBhab Bastionof theImperial Palace. During the final s
1570	山阵号 Phalanx	恢复英文词间空格	the	the 	1	Palace. During the final stages of theSolar War, Dorn intended to use the
1570	山阵号 Phalanx	恢复英文词间空格	on	on 	1	hatter the traitor armada emerging onLunaandMarsand personally took comm
1570	山阵号 Phalanx	恢复英文词间空格	of	of 	1	the*Phalanx*into the outer reaches ofSol Systemin order to both save it 
1570	山阵号 Phalanx	恢复英文词间空格	the	the 	1	on the traitors' rear lines.During theSiege of Terra, the*Phalanx*helped 
1570	山阵号 Phalanx	恢复英文词间空格	the	the 	1	 along with other vessels, such as theImperator Somnium,Red Tear, andMona
1570	山阵号 Phalanx	恢复英文词间空格	and	and 	1	" as theImperator Somnium,Red Tear, andMonarch of Fire.

在荷鲁斯叛乱的大部分时间里，山阵号"
1570	山阵号 Phalanx	恢复英文句间空格	.Du	. Du	1	age war on the traitors' rear lines.During the Siege of Terra, the*Phalan
1570	山阵号 Phalanx	恢复英文词间空格	the	the 	1	In the final stages of the battle, theAstronomicanwas relit thanks to the
1570	山阵号 Phalanx	恢复英文词间空格	of	of 	1	canwas relit thanks to the efforts ofCorswain'sDark AngelsandEuphrati Ke
1570	山阵号 Phalanx	恢复英文词间空格	and	and 	1	ul. Upon observing this, Su-Kassen andHalbrachttook it as a sign to attac
1570	山阵号 Phalanx	恢复英文词间空格	of	of 	1	lanx*from hiding amongst the rings ofSaturn. They launched a vicious cou
1570	山阵号 Phalanx	恢复英文词间空格	a	a 	1	a state of decay. Built to sustain aLegion, it was far too large to be 
1570	山阵号 Phalanx	恢复英文词间空格	the	the 	1	operational troubles. Thus, during theWar of the Beast, the*Phalanx*was m
1570	山阵号 Phalanx	恢复英文词间空格	between	between 	1	anx*was moved to the area of space betweenTerraandVenusso as to not risk it a
1570	山阵号 Phalanx	恢复英文词间空格	the	the 	1	"dVenusso as to not risk it against theOrkAttack Moons.

到M32时，山阵号已经处于衰弱状态"
1570	山阵号 Phalanx	恢复英文句间空格	.Du	. Du	1	eforeGuilliman's fleet would arrive.During this heavy fighting, the*Phala
1570	山阵号 Phalanx	恢复英文词间空格	by	by 	1	*from adaemonicboarding action led byIron WarriorsWarsmithShon'tuand the
1570	山阵号 Phalanx	恢复英文词间空格	the	the 	1	ssive starship while on station in theSol Systemand use it to bombard the
1570	山阵号 Phalanx	恢复英文词间空格	the	the 	1	theSol Systemand use it to bombard theImperial Palace.CaptainTor Garadonc
1570	山阵号 Phalanx	恢复英文词间空格	a	a 	1	ately, Be'lakor was able to summon aWarp Riftinto the*Phalanx*but as vi
1570	山阵号 Phalanx	恢复英文词间空格	of	of 	1	tory seemed certain for the forces ofChaostheLegion of the Damnedarrived
1570	山阵号 Phalanx	恢复英文词间空格	the	the 	1	anx*later appeared overCadiaduring theThirteenth Black Crusade, destroyin
1570	山阵号 Phalanx	恢复英文词间空格	the	the 	1	irteenth Black Crusade, destroying theBlackstone FortressWill of Eternity
1570	山阵号 Phalanx	恢复英文词间空格	by	by 	1	ityafter its shields were disabled bySpace WolvesunderSven Bloodhowl. Wh
1570	山阵号 Phalanx	恢复英文词间空格	the	the 	1	"tus Crusade 不屈远征**

By the time of theIndomitus Crusade, the*Phalanx*was "
1570	山阵号 Phalanx	恢复英文词间空格	the	the 	1	-decayed. In an act of solidarity, theShadowkeepersof theAdeptus Custodes
1570	山阵号 Phalanx	恢复英文词间空格	the	the 	1	 of solidarity, theShadowkeepersof theAdeptus Custodesopened one of their
1570	山阵号 Phalanx	恢复英文词间空格	their	their 	1	f theAdeptus Custodesopened one of theirDark Cellsand provided the Fists wi
1570	山阵号 Phalanx	恢复英文词间空格	the	the 	1	"空间站。这艘战舰现在的运行水平是无数年来从未见过的。

During theFourth Tyrannic War, the*Phalanx*be"
1570	山阵号 Phalanx	恢复英文词间空格	of	of 	1	he*Phalanx*became the headquarters ofLord Commander SolarArcadian Leontu
1570	山阵号 Phalanx	恢复英文词间空格	the	the 	1	nd left Terra's orbit to travel to theAnchor WorldofSanctumwithin theBast
1570	山阵号 Phalanx	恢复英文词间空格	the	the 	1	 to theAnchor WorldofSanctumwithin theBastior Sub-sectorin order to respo
1570	山阵号 Phalanx	恢复英文词间空格	the	the 	1	r Sub-sectorin order to respond to theTyranidthreat. During the ensuingBa
1570	山阵号 Phalanx	恢复英文词间空格	the	the 	1	 said to shine like a star. During theGreat Crusade, the awesome magnitud
1570	山阵号 Phalanx	恢复英文词间空格	the	the 	1	d as a symbol of the coming era of theImperium.It is so big, it easily ec
1570	山阵号 Phalanx	恢复英文词间空格	the	the 	1	nitence ArksandSolar Reliquariesof theAdeptus Ministorum, which themselve
1570	山阵号 Phalanx	恢复英文词间空格	the	the 	1	ments. As of the very beginning of theHorus Heresy, the starship featured
1570	山阵号 Phalanx	恢复英文词间空格	the	the 	1	 relics. Among the most prized are theRemains of Rogal Dornand the battle
1570	山阵号 Phalanx	恢复英文词间空格	the	the 	1	" The station itself is defended by theAuric Auxilia.

山阵号的内部融合了石廊、拱门和大教堂元"
1570	山阵号 Phalanx	恢复英文词间空格	the	the 	1	t large transport ships, including theHigh Lords' shipPotus Terrae, the e
1570	山阵号 Phalanx	恢复英文词间空格	Crusadeby	Crusade by	1	sought to outdoAbaddon's13th Black Crusadeby infesting the massive starship whi
1570	山阵号 Phalanx	恢复英文词间空格	Tyranidthreat	Tyranid threat	1	b-sectorin order to respond to the Tyranidthreat. During the ensuingBattle of Basti
1570	山阵号 Phalanx	恢复英文句间空格	.Ca	. Ca	1	e it to bombard the Imperial Palace.CaptainTor Garadoncommanded the 3rd C
1570	山阵号 Phalanx	恢复英文句间空格	.Th	. Th	1	 evacuation fleet out of the system.The vessel now stands vigil over Terr
1570	山阵号 Phalanx	恢复英文句间空格	.It	. It	1	l of the coming era of the Imperium.It is so big, it easily eclipses the 
1570	山阵号 Phalanx	恢复英文句间空格	.Th	. Th	1	themselves are dozens of miles long.The capabilities of the*Phalanx*are s
1570	山阵号 Phalanx	恢复英文句间空格	.He	. He	1	 environments for training purposes.Her foredeck is so large that it can 
1570	山阵号 Phalanx	恢复英文句间空格	.Of	. Of	1	sts, which stretched for kilometres.Of course, the ship continues to hous
1570	山阵号 Phalanx	恢复英文词间空格	the	the 	1	tained damage from fighting during theWar of the Beast. At one end of the
1573	无敌理性号 Invincible Reason	恢复英文词间空格	a	a 	1	The*Invincible Reason*was aGloriana Class Battleshipwhich serv
1573	无敌理性号 Invincible Reason	恢复英文词间空格	the	the 	1	hipwhich served as the flagship of theDark AngelsLegionduring theGreat Cr
1573	无敌理性号 Invincible Reason	恢复英文词间空格	the	the 	1	"ship of theDark AngelsLegionduring theGreat CrusadeandHorus Heresy.

无敌理性"
1573	无敌理性号 Invincible Reason	恢复英文词间空格	the	the 	1	s bearing the manufactory stamp of theUralforges, issued ­dozens of autho
1573	无敌理性号 Invincible Reason	恢复英文词间空格	as	as 	1	"uadrons of super-heavy craft, such asMonarchheavy landers.

即使按照其他荣光女王级战"
1573	无敌理性号 Invincible Reason	恢复英文词间空格	of	of 	1	"n*possessedlancesand many hundreds ofMacro-ordnance batteries.

在武器方面，无敌"
1573	无敌理性号 Invincible Reason	恢复英文词间空格	of	of 	1	" Heresy 荷鲁斯叛乱**

The personal ship ofPrimarchLion El'Jonson, the*Invinci"
1573	无敌理性号 Invincible Reason	恢复英文词间空格	the	the 	1	son*led the Dark Angels' effort in theRangdan Xenocides, theBattle of Dia
1573	无敌理性号 Invincible Reason	恢复英文词间空格	the	the 	1	s' effort in theRangdan Xenocides, theBattle of Diamat, and theThramas Cr
1573	无敌理性号 Invincible Reason	恢复英文词间空格	the	the 	1	enocides, theBattle of Diamat, and theThramas Crusade. Following the Thra
1573	无敌理性号 Invincible Reason	恢复英文词间空格	the	the 	1	llowing the Thramas ambush against theNight Lords,Konrad Curzebecame stra
1573	无敌理性号 Invincible Reason	恢复英文词间空格	to	to 	1	"he Lion led the Dark Angels' fleet toMacragge.

莱昂·艾尔庄森的个人舰船，无敌理性号，领导了黑暗"
1573	无敌理性号 Invincible Reason	恢复英文词间空格	of	of 	1	e Reason*. Following the abolition ofImperium Secundusand the journey by
1573	无敌理性号 Invincible Reason	恢复英文词间空格	by	by 	1	ofImperium Secundusand the journey byRoboute GuillimanandSanguiniusthrou
1573	无敌理性号 Invincible Reason	恢复英文词间空格	the	the 	1	oute GuillimanandSanguiniusthrough theRuinstormto try and reachTerra, the
1573	无敌理性号 Invincible Reason	恢复英文词间空格	at	at 	1	t fleet. However, upon the arrival atDavin, Sanguinius boarded the*Invin
1573	无敌理性号 Invincible Reason	恢复英文词间空格	the	the 	1	"son*engaged in a vicious duel with theDaemonshipVeritas Ferrum.

在科兹在马库拉格"
1573	无敌理性号 Invincible Reason	恢复英文词间空格	the	the 	1	*Invincible Reason*was attacked by theEmperor's ChildrenHeavy CruiserSyba
1573	无敌理性号 Invincible Reason	恢复英文词间空格	a	a 	1	hich was now possessed entirely by aDaemon. The*Invincible Reason*was h
1573	无敌理性号 Invincible Reason	恢复英文词间空格	the	the 	1	"d it. The vessel sought repairs on theForge WorldofThagria.

后来，在莱昂对巴巴鲁斯的"
1573	无敌理性号 Invincible Reason	恢复英文词间空格	the	the 	1	p of the Dark Angels fleet. During theSiege of the Fenris System,Azraelle
1573	无敌理性号 Invincible Reason	恢复英文词间空格	Secundusand	Secundus and	1	ollowing the abolition of Imperium Secundusand the journey by Roboute Guillimanan
1573	无敌理性号 Invincible Reason	恢复英文句间空格	.Du	. Du	1	ship not seen in subsequent vessels.During the Great Crusade, CastellanDu
1574	马库拉格之耀号 Macragge's Honour	恢复英文词间空格	the	the 	1	lass Battleshipand the flagship of theUltramarinesLegion's space fleet du
1574	马库拉格之耀号 Macragge's Honour	恢复英文词间空格	the	the 	1	e fleet during the latter years of theGreat Crusade, and the opening of t
1574	马库拉格之耀号 Macragge's Honour	恢复英文词间空格	the	the 	1	eGreat Crusade, and the opening of theHorus Heresy. Currently it serves a
1574	马库拉格之耀号 Macragge's Honour	恢复英文词间空格	for	for 	1	"y. Currently it serves as flagship forImperial RegentRoboute Guilliman.

"
1574	马库拉格之耀号 Macragge's Honour	恢复英文词间空格	the	the 	1	"*

Heresy-era 叛乱时期

Shortly before theBattle of Calth, the*Macragge's Hon"
1574	马库拉格之耀号 Macragge's Honour	恢复英文词间空格	was	was 	1	le of Calth, the*Macragge's Honour*wasRoboute Guilliman's headquarters fo
1574	马库拉格之耀号 Macragge's Honour	恢复英文词间空格	the	the 	1	ers for coordinating the muster of theLegionfor its planned deployment to
1574	马库拉格之耀号 Macragge's Honour	恢复英文词间空格	the	the 	1	"egionfor its planned deployment to theVeridian system.

在考斯之战前不久，马库拉格之耀号是"
1574	马库拉格之耀号 Macragge's Honour	恢复英文词间空格	Legionfor	Legion for	1	for coordinating the muster of the Legionfor its planned deployment to the Veri
1574	马库拉格之耀号 Macragge's Honour	恢复英文词间空格	the	the 	1	"号

The ship came under attack from theWord Bearers' ambush, and was overr"
1574	马库拉格之耀号 Macragge's Honour	恢复英文词间空格	and	and 	1	illiman,Chapter MasterMarius Gage, andSergeantAeonid Thiel. Guilliman and
1574	马库拉格之耀号 Macragge's Honour	恢复英文词间空格	by	by 	1	 orbital weapons platform occupied byKor Phaeronand hisGal Vorbakelite w
1574	马库拉格之耀号 Macragge's Honour	恢复英文词间空格	his	his 	1	platform occupied byKor Phaeronand hisGal Vorbakelite warriors.When the b
1574	马库拉格之耀号 Macragge's Honour	恢复英文词间空格	The	The 	1	 would end up becalmed in the warp.TheSamothracebecame Guilliman's new te
1574	马库拉格之耀号 Macragge's Honour	恢复英文词间空格	to	to 	1	onour*eventually made its way back toImperialspace.The vessel took part 
1574	马库拉格之耀号 Macragge's Honour	恢复英文词间空格	the	the 	1	k part in various campaigns during theGreat Scouringagainst scattered rem
1574	马库拉格之耀号 Macragge's Honour	恢复英文句间空格	.Wh	. Wh	1	ronand his Gal Vorbakelite warriors.When the battle turned in the Ultrama
1574	马库拉格之耀号 Macragge's Honour	恢复英文句间空格	.Th	. Th	1	t would end up becalmed in the warp.The Samothracebecame Guilliman's new 
1574	马库拉格之耀号 Macragge's Honour	恢复英文句间空格	.So	. So	1	 Guilliman's new temporary flagship.Sometime later during the Heresy, the
1574	马库拉格之耀号 Macragge's Honour	恢复英文句间空格	.Th	. Th	1	 made its way back to Imperialspace.The vessel took part in various campa
1574	马库拉格之耀号 Macragge's Honour	恢复英文词间空格	a	a 	1	" 叛乱后

ByM41, the Ultramarines, now aChapter, still possessed the*Macrag"
1574	马库拉格之耀号 Macragge's Honour	恢复英文词间空格	the	the 	1	ip of the revived Guilliman during theTerran Crusade, but was captured by
1574	马库拉格之耀号 Macragge's Honour	恢复英文词间空格	the	the 	1	erran Crusade, but was captured by theRed Corsairsin theMaelstrom. As Gui
1574	马库拉格之耀号 Macragge's Honour	恢复英文词间空格	the	the 	1	 was captured by theRed Corsairsin theMaelstrom. As Guilliman and his war
1574	马库拉格之耀号 Macragge's Honour	恢复英文词间空格	a	a 	1	is warriors escaped captivity from aWebway Portal, the*Macragge's Honou
1574	马库拉格之耀号 Macragge's Honour	恢复英文词间空格	to	to 	1	"rlordVerngarlater moved the vessel toNew BadabinThe Maelstrom.

到了M41，现在"
1574	马库拉格之耀号 Macragge's Honour	恢复英文词间空格	on	on 	1	"布。

During the Red Corsairs attack onOgrys, Huron Blackheart intentional"
1574	马库拉格之耀号 Macragge's Honour	恢复英文句间空格	.Th	. Th	1	ll in the hands of the Red Corsairs.The Red Corsairs WarlordVerngarlater 
1574	马库拉格之耀号 Macragge's Honour	恢复英文句间空格	.Th	. Th	1	 means to curb the power of Verngar.Thereafter, the Ultramarines and Guil
1574	马库拉格之耀号 Macragge's Honour	恢复英文词间空格	the	the 	1	tact with Imperial space following theBattle of the Macragge's Honour. In
1574	马库拉格之耀号 Macragge's Honour	恢复英文词间空格	the	the 	1	cted as active in campaigns during theGreat Scouring(specifically in a ca
1574	马库拉格之耀号 Macragge's Honour	恢复英文词间空格	the	the 	1	specifically in a campaign against theIron WarriorsonQuradim) under the c
1574	马库拉格之耀号 Macragge's Honour	恢复英文词间空格	the	the 	1	k Imperium, Guilliman notes during theIndomitus Crusade(prior to theBattl
1574	马库拉格之耀号 Macragge's Honour	恢复英文词间空格	the	the 	1	ring theIndomitus Crusade(prior to theBattle of Raukos) that*Macragge's H
1574	马库拉格之耀号 Macragge's Honour	恢复英文词间空格	the	the 	1	"y wounded and rendered comatose in theBattle of Thessala.

关于马库拉格之耀号在马库拉格"
1575	战列舰 Battleship	恢复英文词间空格	for	for 	1	nts.They also contain landing bays forAttack craftand are commonly used a
1575	战列舰 Battleship	恢复英文词间空格	by	by 	1	nces. They are usually accompanied byCruisersandEscorts, as they are so 
1575	战列舰 Battleship	恢复英文词间空格	The	The 	1	"国**

**Imperialis Armada 帝国无敌舰队**

TheImperialis Armadawas the predecesso"
1575	战列舰 Battleship	恢复英文词间空格	the	the 	1	ialis Armadawas the predecessor to theImperial Navyduring theGreat Crusad
1575	战列舰 Battleship	恢复英文词间空格	the	the 	1	"decessor to theImperial Navyduring theGreat CrusadeandHorus Heresy.

帝国无敌"
1575	战列舰 Battleship	恢复英文词间空格	Navyduring	Navy during	1	"as the predecessor to the Imperial Navyduring the Great CrusadeandHorus Heresy.
"
1575	战列舰 Battleship	恢复英文句间空格	.Th	. Th	1	f laying waste to entire continents.They also contain landing bays for At
1576	战斗驳船 Battle Barge	Field 对应的错别字	盖勒立场	盖勒力场	1	
1576	战斗驳船 Battle Barge	恢复英文词间空格	the	the 	1	inally a simple designation during theGreat Crusadeto refer toBattleships
1576	战斗驳船 Battle Barge	恢复英文词间空格	to	to 	1	on during theGreat Crusadeto refer toBattleshipsunderLegiones Astartesco
1576	战斗驳船 Battle Barge	恢复英文词间空格	the	the 	1	Battle Barges are also operated by theDeathwatch, the fleet stationed at 
1576	战斗驳船 Battle Barge	恢复英文词间空格	Crusadeto	Crusade to	1	imple designation during the Great Crusadeto refer to BattleshipsunderLegiones 
1576	战斗驳船 Battle Barge	恢复英文句间空格	.To	. To	1	f the technical truth of the matter.Today, mostChapterscontrol two or thr
1576	战斗驳船 Battle Barge	恢复英文句间空格	.Ba	. Ba	1	force to planets in a rapid fashion.Battle Barges are also operated by th
1576	战斗驳船 Battle Barge	恢复英文词间空格	the	the 	1	re some of the most powerful ships theImperiumhas at its disposal, due to
1576	战斗驳船 Battle Barge	恢复英文词间空格	Imperiumhas	Imperium has	1	ome of the most powerful ships the Imperiumhas at its disposal, due to both the p
1576	战斗驳船 Battle Barge	恢复英文句间空格	.La	. La	1	 Companiesplus supplies and support.Large amounts of space are designed t
1576	战斗驳船 Battle Barge	恢复英文词间空格	the	the 	1	"le Barge 帝皇之子叛乱前战斗驳船

Protected in theWarpbyGellar Fields, in theMaterium"
1576	战斗驳船 Battle Barge	恢复英文词间空格	the	the 	1	cted in theWarpbyGellar Fields, in theMateriumBattle Barges are protected
1576	战斗驳船 Battle Barge	恢复英文词间空格	of	of 	1	es a compliment of three squadrons ofThunderhawksdesigned to act as eith
1576	战斗驳船 Battle Barge	恢复英文词间空格	a	a 	1	els. Though they lack the range of aLance, they make up for it in raw k
1576	战斗驳船 Battle Barge	恢复英文词间空格	the	the 	1	"船内部

Battle Barges in service with theDeathwatchare armed withweapon batt"
1576	战斗驳船 Battle Barge	恢复英文词间空格	as	as 	1	"rgo of world-killing weaponry such asCyclonic TorpedosandVirus Bombs.

战"
1576	战斗驳船 Battle Barge	恢复英文词间空格	the	the 	1	"sources 来源冲突**

- Sources given in theBattlefleet Gothicrulebook state th"
1576	战斗驳船 Battle Barge	恢复英文词间空格	with	with 	1	hat Battle Barges are not equipped withLanceweaponry.However, the video ga
1576	战斗驳船 Battle Barge	恢复英文句间空格	.Ho	. Ho	1	are not equipped with Lanceweaponry.However, the video gameBattlefleet Go
1578	打击巡洋舰 Strike Cruiser	恢复英文词间空格	to	to 	1	mmon, although still rare compared toImperial Navyship classes, but the 
1578	打击巡洋舰 Strike Cruiser	恢复英文词间空格	an	an 	1	"planet; the same cannot be said of anImperial NavyCruiser.

大多数星际战士战团只控制"
1578	打击巡洋舰 Strike Cruiser	恢复英文词间空格	a	a 	1	e Cruiser is comparable to that of aImperial NavyDauntless Light Cruise
1578	打击巡洋舰 Strike Cruiser	恢复英文词间空格	of	of 	1	t deck for launching two squadrons ofThunderhawk Gunships.Strike Cruiser
1578	打击巡洋舰 Strike Cruiser	恢复英文词间空格	with	with 	1	rike Cruisers can also be equipped withExterminatus-class weaponsor aNova 
1578	打击巡洋舰 Strike Cruiser	恢复英文词间空格	a	a 	1	"d withExterminatus-class weaponsor aNova Cannon.

打击巡洋舰的武器装备与帝国海军无畏轻型巡洋"
1578	打击巡洋舰 Strike Cruiser	恢复英文句间空格	.St	. St	1	o squadrons of Thunderhawk Gunships.Strike Cruisers can also be equipped 
1578	打击巡洋舰 Strike Cruiser	恢复英文词间空格	the	the 	1	e first stages of the Scouring and theSecond Foundingthe design was revis
1580	先锋级轻型巡洋舰 Vanguard Class Light Cruiser	恢复英文词间空格	of	of 	1	ard Class Light Cruiser is a class ofLight Cruiserused by theSpace Marin
1580	先锋级轻型巡洋舰 Vanguard Class Light Cruiser	恢复英文词间空格	the	the 	1	" is a class ofLight Cruiserused by theSpace Marine Fleet.

先锋级轻型巡洋舰是星际战士舰"
1580	先锋级轻型巡洋舰 Vanguard Class Light Cruiser	恢复英文词间空格	the	the 	1	"rs and without any assistance from theImperial Navy.

先锋巡洋舰通常是改装的打击巡洋舰，而不"
1582	战锤世界 Warhammer World	恢复英文词间空格	in	in 	1	Warhammer World is a building inNottingham, England, and serves as 
1582	战锤世界 Warhammer World	恢复英文词间空格	the	the 	1	serves as the exhibition centre of theGames Workshopcompany, being situat
1583	铸造世界 Forge World	恢复英文词间空格	of	of 	1	s styled Forgeworld) is a division ofGames Workshopthat specialises in t
1583	铸造世界 Forge World	恢复英文词间空格	both	both 	1	ental rulebooks and expansions for bothWarhammer Fantasy BattlesandWarhamm
1583	铸造世界 Forge World	恢复英文词间空格	as	as 	1	attlesandWarhammer 40,000, as well asGames Workshop's other game systems
1583	铸造世界 Forge World	恢复英文词间空格	of	of 	1	ed in October 1998, the brainchild ofJohn Stallardand headed byPaul Robi
1583	铸造世界 Forge World	恢复英文词间空格	by	by 	1	ainchild ofJohn Stallardand headed byPaul Robins, the man responsible fo
1583	铸造世界 Forge World	恢复英文词间空格	in	in 	1	e new division was first announced inWhite Dwarf 226, coinciding with th
1583	铸造世界 Forge World	恢复英文词间空格	both	both 	1	ge of resin models and terrain for bothWarhammer Fantasy BattlesandWarhamm
1583	铸造世界 Forge World	恢复英文词间空格	of	of 	1	dWarhammer 40,000, as well as many ofGames Workshop's specialist games, 
1583	铸造世界 Forge World	恢复英文词间空格	in	in 	1	sion kits for plasticCitadelmodels inGames Workshop's main range, a seri
1583	铸造世界 Forge World	恢复英文词间空格	for	for 	1	"ding faction icons and barbed wire forWarhammer 40,000.

铸造世界继续为战锤幻想战斗和战锤"
1583	铸造世界 Forge World	恢复英文词间空格	the	the 	1	05. Other notable examples include theDeath Korps of Kriegand a new resin
1583	铸造世界 Forge World	恢复英文词间空格	of	of 	1	Korps of Kriegand a new resin line ofChaos Dwarfs. Eventually, this culm
1583	铸造世界 Forge World	恢复英文词间空格	the	the 	1	"own game systemin 2011, set during theHorus Heresy.

从2000年代中期开始，铸造世界开始生产"
1583	铸造世界 Forge World	恢复英文词间空格	as	as 	1	"s Workshopwebsite, newly rebranded asWarhammer.com. The ""Forge World"" br"
1583	铸造世界 Forge World	恢复英文词间空格	of	of 	1	uction of resin miniatures for all ofGames Workshop's main games. These 
1583	铸造世界 Forge World	恢复英文词间空格	in	in 	1	was launched in 1990 and announced inThe Citadel Journal 32, described a
1583	铸造世界 Forge World	恢复英文词间空格	for	for 	1	"detailed, ultra-specialist add-ons forWarhammer 40,000tank kits.""

帝国装甲于1"
1583	铸造世界 Forge World	恢复英文词间空格	of	of 	1	"ng Forge World miniatures in games ofWarhammer 40,000.

随着时间的推移，范围扩大到包括来"
1583	铸造世界 Forge World	恢复英文词间空格	in	in 	1	"铸造**

Warhammer Forgewas announced inWhite Dwarf 374and launched in 2011"
1583	铸造世界 Forge World	恢复英文词间空格	for	for 	1	sed on miniatures and publications forWarhammer Fantasy Battles*.*Inspire
1583	铸造世界 Forge World	恢复英文词间空格	the	the 	1	ttles*.*Inspired by the success of theImperial Armourseries, Warhammer Fo
1583	铸造世界 Forge World	恢复英文词间空格	by	by 	1	ardback rules supplements authored byAlan Bligh:Monstrous ArcanumandTamu
1583	铸造世界 Forge World	恢复英文词间空格	of	of 	1	ting material following the demise ofWarhammer Fantasy Battlesand the su
1583	铸造世界 Forge World	恢复英文词间空格	of	of 	1	" Battlesand the subsequent release ofAge of Sigmarin 2015.

2015年，随着战锤幻想"
1583	铸造世界 Forge World	恢复英文词间空格	the	the 	1	g games during the period known as theHorus Heresy, set roughly ten thous
1583	铸造世界 Forge World	恢复英文词间空格	the	the 	1	Owing to the commercial success of theHorus Heresy,Games Workshop's main 
1583	铸造世界 Forge World	恢复英文词间空格	of	of 	1	aracters and creatures from worlds ofWarhammer 40,000andWarhammer Fantas
1583	铸造世界 Forge World	恢复英文词间空格	for	for 	1	 to producing miniatures and books forWarhammer 40,000andWarhammer Fantas
1583	铸造世界 Forge World	恢复英文词间空格	with	with 	1	smaller production size miniatures withTim Dupertuis, publisher of theInqu
1583	铸造世界 Forge World	恢复英文词间空格	the	the 	1	es withTim Dupertuis, publisher of theInquisitorfan-zine in their joint v
1584	星际战士MKII犀牛 Space Marine MKII Rhino	恢复英文词间空格	at	at 	1	milar to agate guardian, exhibited atWarhammer Worldand depicting a life
1584	星际战士MKII犀牛 Space Marine MKII Rhino	恢复英文词间空格	Worldand	World and	1	e guardian, exhibited at Warhammer Worldand depicting a life-sizedMars pattern
1584	星际战士MKII犀牛 Space Marine MKII Rhino	恢复英文词间空格	a	a 	1	hino was built over the chassis of aBritish FV432 APC, commissioned by 
1584	星际战士MKII犀牛 Space Marine MKII Rhino	恢复英文词间空格	a	a 	1	 FV432 APC, commissioned by THQ as aBlood Ravensvehicle forGames Day200
1584	星际战士MKII犀牛 Space Marine MKII Rhino	恢复英文词间空格	for	for 	1	ned by THQ as aBlood Ravensvehicle forGames Day2008 to promoteDawn of War
1584	星际战士MKII犀牛 Space Marine MKII Rhino	恢复英文词间空格	the	the 	1	"es
- 重量：30吨

Currently attached to theUltramarines2nd Companyas the assig"
1584	星际战士MKII犀牛 Space Marine MKII Rhino	恢复英文词间空格	against	against 	1	he battles the Ultramarines fought againstHive FleetBehemoth. The vehicle cur
1584	星际战士MKII犀牛 Space Marine MKII Rhino	恢复英文词间空格	of	of 	1	r Imperial units under the command ofMarneus Calgarin defence ofUltramar
1584	星际战士MKII犀牛 Space Marine MKII Rhino	恢复英文词间空格	of	of 	1	"command ofMarneus Calgarin defence ofUltramar.

目前，这辆犀牛装甲运兵车隶属于极限战士第二连队，"
1585	史诗 Epic	恢复英文词间空格	by	by 	1	ries of tabletop wargames produced byGames Workshop, set in theWarhammer
1585	史诗 Epic	恢复英文词间空格	the	the 	1	 produced byGames Workshop, set in theWarhammer 40,000andHorus Heresyuniv
1585	史诗 Epic	恢复英文词间空格	as	as 	1	cale miniatures (often referred to asEpic-scale). Since its initial rele
1585	史诗 Epic	恢复英文词间空格	as	as 	1	 Since its initial release in 1988 asAdeptus Titanicus, the series has g
1585	史诗 Epic	恢复英文词间空格	for	for 	1	"s around 6mm, compared to the 28mm forWarhammer 40,000.

史诗战斗由数百名士兵和数十辆坦克"
1585	史诗 Epic	恢复英文词间空格	both	both 	1	"ions of*Epic*have been produced by bothCitadel MiniaturesandForge World.

"
1585	史诗 Epic	恢复英文词间空格	by	by 	1	the first Epic-scale game released byGames Workshop. The game expanded t
1585	史诗 Epic	恢复英文词间空格	the	the 	1	The game expanded the narrative of theHorus Heresyand centred on combat b
1585	史诗 Epic	恢复英文词间空格	between	between 	1	eHorus Heresyand centred on combat betweenImperial TitansandChaos Titans. The
1585	史诗 Epic	恢复英文词间空格	Heresyand	Heresy and	1	xpanded the narrative of the Horus Heresyand centred on combat between Imperial
1585	史诗 Epic	恢复英文句间空格	.Ae	. Ae	1	well as using many aircraft at once.Aeronautica Imperialisconcentrates he
1585	史诗 Epic	恢复英文词间空格	in	in 	1	ine infantry and vehicles followed inWhite Dwarf 109, followed bySpace M
1585	史诗 Epic	恢复英文词间空格	by	by 	1	llowed inWhite Dwarf 109, followed bySpace Marine (1st Edition), a boxed
1585	史诗 Epic	恢复英文词间空格	and	and 	1	ainingEldarGuardiansandGrav-tanks, andOrkBoyzandBattlewagons– plus metal 
1585	史诗 Epic	恢复英文词间空格	the	the 	1	 including the first appearance of thePhantom Titan, as well asWraithlord
1585	史诗 Epic	恢复英文词间空格	as	as 	1	rance of thePhantom Titan, as well asWraithlords,War Walkers, andJetbike
1585	史诗 Epic	恢复英文词间空格	and	and 	1	"as well asWraithlords,War Walkers, andJetbikes.

在《白矮人第109期》中，星际战士步兵和载具遵循"
1585	史诗 Epic	恢复英文句间空格	.Xe	. Xe	1	e card buildings with plastic roofs.Xenosminiatures soon began to appear 
1585	史诗 Epic	恢复英文词间空格	Legionswas	Legions was	1	"

Titan Legions (1994) 泰坦军团

Titan Legionswas an expandalone big box which intro"
1585	史诗 Epic	恢复英文词间空格	the	the 	1	d Land Raider design (later called theLand Raider Proteus) was replaced w
1585	史诗 Epic	恢复英文词间空格	the	the 	1	"

Epic: Armageddonwas a product of theSpecialist GamesStudio. For the mos"
1585	史诗 Epic	恢复英文词间空格	at	at 	1	itional support from the sculptors atForge World, who released new minia
1585	史诗 Epic	恢复英文词间空格	the	the 	1	unch of Adeptus Titanicus focus on theHorus Heresysetting, in an updated 
1585	史诗 Epic	恢复英文词间空格	the	the 	1	ght of the 28mm range), set during theHorus Heresy, pitting armies of Spa
1586	荷鲁斯叛乱：帝国军团 The Horus Heresy: Legions Imperialis	恢复英文词间空格	an	an 	1	orus Heresy: Legions Imperialis is anEpicscale game released in November
1586	荷鲁斯叛乱：帝国军团 The Horus Heresy: Legions Imperialis	恢复英文词间空格	the	the 	1	"ember 2023. It takes places during theHorus Heresy.

荷鲁斯叛乱：帝国军团是一款于2023年1"
1586	荷鲁斯叛乱：帝国军团 The Horus Heresy: Legions Imperialis	恢复英文词间空格	in	in 	1	s game are smaller than those used inWarhammer: The Horus Heresy, allowi
1586	荷鲁斯叛乱：帝国军团 The Horus Heresy: Legions Imperialis	恢复英文词间空格	the	the 	1	 tabletop. Declare your loyalty to theEmperoror theWarmaster, and fight f
1586	荷鲁斯叛乱：帝国军团 The Horus Heresy: Legions Imperialis	恢复英文词间空格	the	the 	1	clare your loyalty to theEmperoror theWarmaster, and fight for the fate o
1586	荷鲁斯叛乱：帝国军团 The Horus Heresy: Legions Imperialis	恢复英文词间空格	Emperoror	Emperor or	1	letop. Declare your loyalty to the Emperoror the Warmaster, and fight for the f
1587	荷鲁斯叛乱：黑暗时代 The Horus Heresy : Age of Darkness	恢复英文词间空格	to	to 	1	as a supplement and expansion game toWarhammer 40,000produced byForge Wo
1587	荷鲁斯叛乱：黑暗时代 The Horus Heresy : Age of Darkness	恢复英文词间空格	by	by 	1	on game toWarhammer 40,000produced byForge World, and thenGames Workshop
1587	荷鲁斯叛乱：黑暗时代 The Horus Heresy : Age of Darkness	恢复英文词间空格	the	the 	1	"ing the merger of Forge World into theSpecialist Design Studio.

荷鲁斯叛乱：黑暗"
1587	荷鲁斯叛乱：黑暗时代 The Horus Heresy : Age of Darkness	恢复英文词间空格	of	of 	1	" 描述**

The player commands an army ofForge WorldandCitadelmodels which r"
1587	荷鲁斯叛乱：黑暗时代 The Horus Heresy : Age of Darkness	恢复英文词间空格	the	the 	1	istforces who fight in the name of theEmperor, or theTraitorswho have cho
1587	荷鲁斯叛乱：黑暗时代 The Horus Heresy : Age of Darkness	恢复英文词间空格	the	the 	1	ight in the name of theEmperor, or theTraitorswho have chosen to side wit
1587	荷鲁斯叛乱：黑暗时代 The Horus Heresy : Age of Darkness	恢复英文词间空格	with	with 	1	"theTraitorswho have chosen to side withWarmaster Horus.

玩家指挥着一支由铸造世界和城堡模型"
1587	荷鲁斯叛乱：黑暗时代 The Horus Heresy : Age of Darkness	恢复英文词间空格	the	the 	1	e detailed panoply and heraldry of theLegiones Astartes, to the organisat
1587	荷鲁斯叛乱：黑暗时代 The Horus Heresy : Age of Darkness	恢复英文词间空格	as	as 	1	cludes weapons and characters such asPrimarchswho existed during that ti
1587	荷鲁斯叛乱：黑暗时代 The Horus Heresy : Age of Darkness	恢复英文词间空格	the	the 	1	ring that time. The vast armies of theImperiumare sundered by the betraya
1587	荷鲁斯叛乱：黑暗时代 The Horus Heresy : Age of Darkness	恢复英文词间空格	the	the 	1	iumare sundered by the betrayal of theWarmaster Horus, who seeks to overt
1587	荷鲁斯叛乱：黑暗时代 The Horus Heresy : Age of Darkness	恢复英文词间空格	the	the 	1	ster Horus, who seeks to overthrow theEmperorand forge his own dark empir
1587	荷鲁斯叛乱：黑暗时代 The Horus Heresy : Age of Darkness	恢复英文词间空格	of	of 	1	 own dark empire. Under the banner ofImperial Loyalistsor theTraitors of
1587	荷鲁斯叛乱：黑暗时代 The Horus Heresy : Age of Darkness	恢复英文词间空格	the	the 	1	 the banner ofImperial Loyalistsor theTraitors of Horus, theSpace Marine 
1587	荷鲁斯叛乱：黑暗时代 The Horus Heresy : Age of Darkness	恢复英文词间空格	the	the 	1	 Loyalistsor theTraitors of Horus, theSpace Marine Legions,Mechanicum Tag
1587	荷鲁斯叛乱：黑暗时代 The Horus Heresy : Age of Darkness	恢复英文词间空格	the	the 	1	nicum Taghmataand endless hosts of theImperial Armyclash in a war that wi
1587	荷鲁斯叛乱：黑暗时代 The Horus Heresy : Age of Darkness	恢复英文词间空格	Heresyand	Heresy and	1	 the events of the tumultuousHorus Heresyand includes weapons and characters su
1587	荷鲁斯叛乱：黑暗时代 The Horus Heresy : Age of Darkness	恢复英文词间空格	Primarchswho	Primarchs who	1	des weapons and characters such as Primarchswho existed during that time. The vast
1587	荷鲁斯叛乱：黑暗时代 The Horus Heresy : Age of Darkness	恢复英文词间空格	Imperiumare	Imperium are	1	 that time. The vast armies of the Imperiumare sundered by the betrayal of the Wa
1587	荷鲁斯叛乱：黑暗时代 The Horus Heresy : Age of Darkness	恢复英文词间空格	Emperorand	Emperor and	1	 Horus, who seeks to overthrow the Emperorand forge his own dark empire. Under t
1587	荷鲁斯叛乱：黑暗时代 The Horus Heresy : Age of Darkness	恢复英文词间空格	of	of 	1	 them.’ -*From the final testament ofSulem Rei, historiarch of the Imper
1587	荷鲁斯叛乱：黑暗时代 The Horus Heresy : Age of Darkness	恢复英文词间空格	the	the 	1	"f the Imperial Court, presented to theHigh Lords of Terracirca 098.M32
> "
1587	荷鲁斯叛乱：黑暗时代 The Horus Heresy : Age of Darkness	恢复英文词间空格	from	from 	1	 the6thand then7theditions ruleset fromWarhammer 40000, it received itsown
1587	荷鲁斯叛乱：黑暗时代 The Horus Heresy : Age of Darkness	恢复英文词间空格	of	of 	1	"的规则书。

To a great extent the works ofAlan BlighandJohn French, the vario"
1587	荷鲁斯叛乱：黑暗时代 The Horus Heresy : Age of Darkness	恢复英文句间空格	.Ca	. Ca	1	sions, battle zones and play styles.Campaign books (aka Black Books)focus
1587	荷鲁斯叛乱：黑暗时代 The Horus Heresy : Age of Darkness	恢复英文句间空格	.Ar	. Ar	1	s to play those pivotal engagements.Army Lists (aka Red Books)are referen
