英文标准词	采用中文	译名状态	依据	定位	编辑说明
Paramar V	帕拉马尔五号	暂定·官方待核	英文底稿	第776篇 B0011	沿现稿世界名。
Paramar Nexus	帕拉马尔枢纽	暂定·官方待核	英文底稿	第776篇 B0028	太空港与设施名。
Blood Princeps Nistru	鲜血首席尼斯特鲁	暂定·官方待核	英文底稿	第776篇 B0017	沿现稿职衔和姓名。
Castellan-Archmagos Suyria Nihhon	堡主大贤者苏伊瑞亚·尼洪	暂定·官方待核	英文底稿	第776篇 B0017	机械教统帅职衔，不等同星际战士堡主。
Princeps-Master Chartain Baldur	首席大师沙尔坦·巴尔杜尔	暂定·官方待核	英文底稿	第776篇 B0017	泰坦统帅。
Legio Fureans	愤怒者军团	暂定·官方待核	英文底稿	第776篇 B0026	泰坦军团。
Legio Gryphonicus	狮鹫军团	暂定·官方待核	英文底稿	第776篇 B0026	泰坦军团。
Spartoí	龙牙密探	暂定·官方待核	英文底稿	第776篇 B0019	阿尔法军团密探，沿现稿。
Taghmata Paramar	帕拉马尔禁卫军	暂定·官方待核	英文底稿	第776篇 B0026	机械教军队，按既定Taghmata禁卫军词根，不与帝皇禁军相混。
Terminus	终点站	暂定·官方待核	英文底稿	第776篇 B0028	基地专名，沿原稿。
Evander Garrius	伊万德·加里乌斯	暂定·官方待核	英文底稿	第777篇 B0016	沿386/387人物名，统一埃文德异译。
Marduk Sedras	玛杜克·赛德拉斯	暂定·官方待核	英文底稿	第777篇 B0016	沿326/386暗黑天使人物全名，区别怀言者Marduk。
Imran Adarus	伊姆兰·阿达鲁斯	暂定·官方待核	英文底稿	第777篇 B0016	领事连长。
Arkai Nomus	阿尔凯·诺穆斯	暂定·官方待核	英文底稿	第777篇 B0016	机械教大贤者。
Sul Kontep	苏尔·孔泰普	暂定·官方待核	英文底稿	第777篇 B0016	忠诚派千子魔学士。
Ambriel Malineux	安布丽尔·马利纽克斯	暂定·官方待核	英文底稿	第777篇 B0016	静默修女指挥官。
Sember Atriox	森伯·阿崔奥克斯	暂定·官方待核	英文底稿	第777篇 B0016	帝国军统帅。
Zedak Mordakar	泽达克·莫达卡	暂定·官方待核	英文底稿	第777篇 B0016	怀言者人物。
Draykavac	德拉卡瓦克	暂定·官方待核	英文底稿	第777篇 B0016	机械教大贤者。
Ferrok Trahn	费罗克·特拉恩	暂定·官方待核	英文底稿	第777篇 B0016	机械教大贤者。
Incursus	侵袭	暂定·官方待核	英文底稿	第777篇 B0016	阿尔法军团首领代号，沿现稿。
Ithan Ryaeve	伊桑·莱亚维	暂定·官方待核	英文底稿	第777篇 B0016	荷鲁斯之子头目。
Boros Kurn	博洛斯·科恩	暂定·官方待核	英文底稿	第777篇 B0016	百夫长。
Inductii	速征军	暂定·官方待核	英文底稿	第777篇 B0037	沿现稿称谓；个体用速征军战士，指快速改造的新兵。
Passage of the Angels	天使前进	暂定·官方待核	英文底稿	第777篇 B0041	沿804篇标题的战役名，非天使通道。
Pharos Obscurus	朦胧灯塔	暂定·官方待核	英文底稿	第777篇 B0039	流明塔设施，沿现稿。
Terminal Atlas	阿特拉斯航空站	暂定·官方待核	英文底稿	第777篇 B0026	科索尼亚设施；与971同物，连接地表与轨道平台的太空电梯，沿既有名称。
Charonid Sentinels	卡戎尼德哨兵	暂定·官方待核	英文底稿	第777篇 B0080	不同于Cthonian科索尼亚，原译混淆。
Praesidium Arx	守卫堡垒	暂定·官方待核	英文底稿	第777篇 B0062	沿本篇设施名。
Shaitan's Bowl	撒旦之碗	暂定·官方待核	英文底稿	第777篇 B0065	沿本篇盐滩专名。
Bastion Aleph-prime	阿列夫一号堡垒	暂定·官方待核	英文底稿	第777篇 B0072	沿本篇设施名。
Vorax Class Robot	沃拉克斯级机兵	暂定·官方待核	英文底稿	第777篇 B0080	沿核心Vorax词根，原贪婪级。
Sabre Strike Tank	军刀突击坦克	暂定·官方待核	英文底稿	第777篇 B0069	载具名，统一原攻击。
Burden of Duty	职责重担号	暂定·官方待核	英文底稿	第777篇 B0058	荣光女王级战列舰。
Grendel	格伦德尔号	暂定·官方待核	英文底稿	第777篇 B0058	各各他级工厂舰。
Warp-spite	亚空间恶意号	暂定·官方待核	英文底稿	第777篇 B0058	贸易驳船。
Imperialis Armada	帝国舰队	暂定·官方待核	英文底稿	第777篇 B0164	舰队总称；无无敌含义。
Onyx Hounds	玛瑙猎犬	暂定·官方待核	英文底稿	第777篇 B0168	静默修女骨干连，沿原稿。
Cetechists of the New Dawn	新黎明教理师	暂定·官方待核	英文底稿	第777篇 B0230	疑Catechists异拼，原文不改，译名待核。
Legio Astraman	旅星者军团	暂定·官方待核	英文底稿	第777篇 B0143	泰坦军团，沿原稿。
Legio Osedax	食骨军团	暂定·官方待核	英文底稿	第777篇 B0145	泰坦军团，沿原稿。
Legio Ulricon	狼权军团	暂定·官方待核	英文底稿	第777篇 B0214	泰坦军团，沿原稿。
Legio Andrastus	安德拉斯图斯军团	暂定·官方待核	英文底稿	第777篇 B0216	泰坦军团，沿原稿。
Legio Magna	宏伟军团	暂定·官方待核	英文底稿	第777篇 B0218	泰坦军团，沿原稿。
Manachean War	玛纳基安战争	暂定·官方待核	所给英文底稿	篇0778	沿现稿或据英文修正，非官方认证。
Manachean Commonwealth	玛纳基安联邦	暂定·官方待核	所给英文底稿	篇0778	沿现稿或据英文修正，非官方认证。
Coronid Deeps	科罗尼德深渊	暂定·官方待核	所给英文底稿	篇0778	沿现稿或据英文修正，非官方认证。
Cyclops Cluster	独眼巨人星群	暂定·官方待核	所给英文底稿	篇0778	沿现稿或据英文修正，非官方认证。
Ospheus LaBray	奥菲斯·拉布雷	暂定·官方待核	所给英文底稿	篇0778	沿现稿或据英文修正，非官方认证。
Ireton MaSade	艾尔顿·马萨德	暂定·官方待核	所给英文底稿	篇0778	沿现稿或据英文修正，非官方认证。
Leit Mercuric	莱特·墨丘利克	暂定·官方待核	所给英文底稿	篇0778	沿现稿或据英文修正，非官方认证。
Archmagos-Astral	星界大贤者	暂定·官方待核	所给英文底稿	篇0778	沿现稿或据英文修正，非官方认证。
Astra Control Panopticon	星界控制全景监控塔	暂定·官方待核	所给英文底稿	篇0778	沿现稿或据英文修正，非官方认证。
Red Polyphemus	红色波吕斐摩斯号	暂定·官方待核	所给英文底稿	篇0778	沿现稿或据英文修正，非官方认证。
Triumph of Reason	理性凯旋号	暂定·官方待核	所给英文底稿	篇0778	沿现稿或据英文修正，非官方认证。
Kurga	库尔加号	暂定·官方待核	所给英文底稿	篇0778	沿现稿或据英文修正，非官方认证。
Arithmetic of Violence	暴力运算号	暂定·官方待核	所给英文底稿	篇0778	沿现稿或据英文修正，非官方认证。
Agathean Domain	阿加西安领地	暂定·官方待核	所给英文底稿	篇0778	沿现稿或据英文修正，非官方认证。
Numinal	努米纳尔	暂定·官方待核	所给英文底稿	篇0778	沿现稿或据英文修正，非官方认证。
Epsilon-Stranivar IX	ε-斯特拉尼瓦尔九号	暂定·官方待核	所给英文底稿	篇0778	沿现稿或据英文修正，非官方认证。
Taloc Thorne	塔洛克·索恩	暂定·官方待核	所给英文底稿	篇0778	沿现稿或据英文修正，非官方认证。
Gethsamaine	客西马尼	暂定·官方待核	所给英文底稿	篇0778	沿现稿或据英文修正，非官方认证。
Clan Felg	费尔格氏族	暂定·官方待核	所给英文底稿	篇0778	沿现稿或据英文修正，非官方认证。
Ishigu Khan	石古可汗	暂定·官方待核	所给英文底稿	篇0779	沿现稿并统一本篇；Titan 军团及别称按具体语境使用。
Nugen Tarya Khan	努根·塔里亚可汗	暂定·官方待核	所给英文底稿	篇0779	沿现稿并统一本篇；Titan 军团及别称按具体语境使用。
Mohana Mankata VI	莫哈纳·曼卡塔六世	暂定·官方待核	所给英文底稿	篇0779	沿现稿并统一本篇；Titan 军团及别称按具体语境使用。
Aradiel	阿拉迪尔	暂定·官方待核	所给英文底稿	篇0779	沿现稿并统一本篇；Titan 军团及别称按具体语境使用。
Dark Sentry	黑暗哨兵	暂定·官方待核	所给英文底稿	篇0779	沿现稿并统一本篇；Titan 军团及别称按具体语境使用。
Nyrcon City	尼尔康城	暂定·官方待核	所给英文底稿	篇0779	沿现稿并统一本篇；Titan 军团及别称按具体语境使用。
Carthega Telepathica	星语圣所	暂定·官方待核	所给英文底稿	篇0779	沿现稿并统一本篇；Titan 军团及别称按具体语境使用。
Legio Solaria	日晷军团	暂定·官方待核	所给英文底稿	篇0779	沿现稿并统一本篇；Titan 军团及别称按具体语境使用。
Legio Astorum	星象军团	暂定·官方待核	所给英文底稿	篇0779	沿现稿并统一本篇；Titan 军团及别称按具体语境使用。
Warp Runners	亚空间跑者	暂定·官方待核	所给英文底稿	篇0779	沿现稿并统一本篇；Titan 军团及别称按具体语境使用。
Legio Atarus	炎纹军团	暂定·官方待核	所给英文底稿	篇0779	沿现稿并统一本篇；Titan 军团及别称按具体语境使用。
Firebrands	火印军团	暂定·官方待核	所给英文底稿	篇0779	沿现稿并统一本篇；Titan 军团及别称按具体语境使用。
Legio Defensor	防御者军团	暂定·官方待核	所给英文底稿	篇0779	沿现稿并统一本篇；Titan 军团及别称按具体语境使用。
Legio Vulpa	鬼狐军团	暂定·官方待核	所给英文底稿	篇0779	沿现稿并统一本篇；Titan 军团及别称按具体语境使用。
Nova Guard	新星守卫	暂定·官方待核	所给英文底稿	篇0779	沿现稿并统一本篇；Titan 军团及别称按具体语境使用。
God Breakers	破神者军团	暂定·官方待核	所给英文底稿	篇0779	沿现稿并统一本篇；Titan 军团及别称按具体语境使用。
Tiger Eyes	虎眼军团	暂定·官方待核	所给英文底稿	篇0779	沿现稿并统一本篇；Titan 军团及别称按具体语境使用。
Death Stalkers	死亡追猎者军团	暂定·官方待核	所给英文底稿	篇0779	沿现稿并统一本篇；Titan 军团及别称按具体语境使用。
The Anvil	铁砧星堡	暂定·官方待核	所给英文底稿	篇0779	沿现稿并统一本篇；Titan 军团及别称按具体语境使用。
Axis Mundi	世界轴心号	暂定·官方待核	所给英文底稿	篇0779	沿现稿并统一本篇；Titan 军团及别称按具体语境使用。
Titandeath	泰坦之死	暂定·官方待核	所给英文底稿	篇0779	沿现稿并统一本篇；Titan 军团及别称按具体语境使用。
Sea of Fire	火海战役	暂定·官方待核	所给英文底稿	篇0779	沿现稿并统一本篇；Titan 军团及别称按具体语境使用。
House Xerathon	泽拉松家族	暂定·官方待核	所给英文底稿	篇0779	沿现稿并统一本篇；Titan 军团及别称按具体语境使用。
Chondax Campaign	香德克斯战役	暂定·官方待核	所给英文底稿；Chondax依核心第561篇	篇0780	人名、舰名及编制沿现稿统一；词源关系不等于官方已核。
Calistis Merovin	卡利斯提斯·梅罗文	暂定·官方待核	所给英文底稿；Chondax依核心第561篇	篇0780	人名、舰名及编制沿现稿统一；词源关系不等于官方已核。
Siridor Vhen	希瑞多·维恩	暂定·官方待核	所给英文底稿；Chondax依核心第561篇	篇0780	人名、舰名及编制沿现稿统一；词源关系不等于官方已核。
Nogai Noyan-Khan	诺盖诺扬汗	暂定·官方待核	所给英文底稿；Chondax依核心第561篇	篇0780	人名、舰名及编制沿现稿统一；词源关系不等于官方已核。
Tsolmon Khan	朝勒蒙可汗	暂定·官方待核	所给英文底稿；Chondax依核心第561篇	篇0780	人名、舰名及编制沿现稿统一；词源关系不等于官方已核。
Ulkanor Khan	乌尔卡诺可汗	暂定·官方待核	所给英文底稿；Chondax依核心第561篇	篇0780	人名、舰名及编制沿现稿统一；词源关系不等于官方已核。
Phemus	菲摩斯	暂定·官方待核	所给英文底稿；Chondax依核心第561篇	篇0780	人名、舰名及编制沿现稿统一；词源关系不等于官方已核。
Kharash	哈拉什	暂定·官方待核	所给英文底稿；Chondax依核心第561篇	篇0780	人名、舰名及编制沿现稿统一；词源关系不等于官方已核。
Burkhut’s Claws	布尔胡特之爪	暂定·官方待核	所给英文底稿；Chondax依核心第561篇	篇0780	人名、舰名及编制沿现稿统一；词源关系不等于官方已核。
Swordstorm	剑刃风暴号	暂定·官方待核	所给英文底稿；Chondax依核心第561篇	篇0780	人名、舰名及编制沿现稿统一；词源关系不等于官方已核。
Hawkstar	鹰星号	暂定·官方待核	所给英文底稿；Chondax依核心第561篇	篇0780	人名、舰名及编制沿现稿统一；词源关系不等于官方已核。
The Chisel	凿阵	暂定·官方待核	所给英文底稿；Chondax依核心第561篇	篇0780	人名、舰名及编制沿现稿统一；词源关系不等于官方已核。
Eikos Lamiad	艾科斯·拉米亚德	暂定·官方待核	所给英文底稿	篇0781	具体人名或设定词按本篇语境暂定，未声称官方译名。
Tauro Nicodemus	陶罗·尼科迪默斯	暂定·官方待核	所给英文底稿	篇0781	具体人名或设定词按本篇语境暂定，未声称官方译名。
Steloc Aethon	斯特洛克·艾森	暂定·官方待核	所给英文底稿	篇0781	具体人名或设定词按本篇语境暂定，未声称官方译名。
Erikon Gaius	埃里孔·盖乌斯	暂定·官方待核	所给英文底稿	篇0781	具体人名或设定词按本篇语境暂定，未声称官方译名。
Lyros Sydance	莱罗斯·赛丹斯	暂定·官方待核	所给英文底稿	篇0781	具体人名或设定词按本篇语境暂定，未声称官方译名。
Meer Edv Tawren	米尔·埃德夫·陶伦	暂定·官方待核	所给英文底稿	篇0781	具体人名或设定词按本篇语境暂定，未声称官方译名。
Uhl Kehal Hesst	乌尔·凯哈尔·赫斯特	暂定·官方待核	所给英文底稿	篇0781	具体人名或设定词按本篇语境暂定，未声称官方译名。
Morpal Cxir	莫帕尔·西尔	暂定·官方待核	所给英文底稿	篇0781	具体人名或设定词按本篇语境暂定，未声称官方译名。
Foedrall Fell	弗德拉尔·费尔	暂定·官方待核	所给英文底稿	篇0781	具体人名或设定词按本篇语境暂定，未声称官方译名。
Hol Beloth	霍尔·贝洛斯	暂定·官方待核	所给英文底稿	篇0781	具体人名或设定词按本篇语境暂定，未声称官方译名。
Sorot Tchure	索罗特·丘尔	暂定·官方待核	所给英文底稿	篇0781	具体人名或设定词按本篇语境暂定，未声称官方译名。
Honorius Luciel	霍诺留斯·卢西尔	暂定·官方待核	所给英文底稿	篇0781	具体人名或设定词按本篇语境暂定，未声称官方译名。
Kurtha Sedd	库尔塔·塞德	暂定·官方待核	所给英文底稿	篇0781	具体人名或设定词按本篇语境暂定，未声称官方译名。
Telemechrus	特勒梅克鲁斯	暂定·官方待核	所给英文底稿	篇0781	具体人名或设定词按本篇语境暂定，未声称官方译名。
Campanile	钟楼号	暂定·官方待核	所给英文底稿	篇0781	具体人名或设定词按本篇语境暂定，未声称官方译名。
Macragge’s Honour	马库拉格之耀号	暂定·官方待核	所给英文底稿	篇0781	具体人名或设定词按本篇语境暂定，未声称官方译名。
Leptius Numinus	莱普提乌斯·努米努斯	暂定·官方待核	所给英文底稿	篇0781	具体人名或设定词按本篇语境暂定，未声称官方译名。
lithocast	立像通信	暂定·官方待核	所给英文底稿	篇0781	具体人名或设定词按本篇语境暂定，未声称官方译名。
Holophusikon	全息馆	暂定·官方待核	所给英文底稿	篇0781	具体人名或设定词按本篇语境暂定，未声称官方译名。
The Mark of Calth	考斯战事计时	暂定·官方待核	所给英文底稿	篇0781	具体人名或设定词按本篇语境暂定，未声称官方译名。
Recursive Kin	循环亲裔	暂定·官方待核	所给英文底稿	篇0781	具体人名或设定词按本篇语境暂定，未声称官方译名。
The Ring	圆环	暂定·官方待核	所给英文底稿	篇0781	具体人名或设定词按本篇语境暂定，未声称官方译名。
Legio Praesagius	预兆军团	暂定·官方待核	所给英文底稿	篇0782	沿现稿统一，未核官方译名；同形舰级不混用。
True Messengers	真言信使	暂定·官方待核	所给英文底稿	篇0781	沿现稿统一，未核官方译名；同形舰级不混用。
Legio Oberon	仙王军团	暂定·官方待核	所给英文底稿	篇0781/784	沿现稿统一，未核官方译名；同形舰级不混用。
Legio Infernus	地狱火军团	暂定·官方待核	所给英文底稿	篇0782	沿现稿统一，未核官方译名；同形舰级不混用。
Crusade of Iron	钢铁远征	暂定·官方待核	所给英文底稿	篇0782	沿现稿统一，未核官方译名；同形舰级不混用。
Dae Vergos	达·维戈斯	暂定·官方待核	所给英文底稿	篇0782	沿现稿统一，未核官方译名；同形舰级不混用。
Horgoth Nyr	霍尔戈斯·尼尔	暂定·官方待核	所给英文底稿	篇0782	沿现稿统一，未核官方译名；同形舰级不混用。
Hrafnkel	赫拉芬克尔号	暂定·官方待核	所给英文底稿	篇0783	沿现稿统一，未核官方译名；同形舰级不混用。
Althalos	阿尔萨洛斯	暂定·官方待核	所给英文底稿	篇0783	沿现稿统一，未核官方译名；同形舰级不混用。
Ormand	奥曼德	暂定·官方待核	所给英文底稿	篇0783	沿现稿统一，未核官方译名；同形舰级不混用。
Shadow Crusade	暗影远征	暂定·官方待核	所给英文底稿	篇0784	沿现稿统一，未核官方译名；同形舰级不混用。
Armatura	阿玛图拉	暂定·官方待核	所给英文底稿	篇0784	沿现稿统一，未核官方译名；同形舰级不混用。
Legio Audax	莽勇军团	暂定·官方待核	所给英文底稿	篇0784	沿现稿统一，未核官方译名；同形舰级不混用。
Legio Mordaxis	噬心军团	暂定·官方待核	所给英文底稿	篇0784	沿现稿统一，未核官方译名；同形舰级不混用。
Legio Lysanda	莱山达军团	暂定·官方待核	所给英文底稿	篇0784	沿现稿统一，未核官方译名；同形舰级不混用。
First Master	第一大师	暂定·官方待核	所给英文底稿	篇0781	沿现稿统一；First Master为极限战士军团马吕斯·盖奇职衔，与舰船上的首席舰务官分义。
Triplex	三重星区	暂定·官方待核	所给英文底稿	篇0785	沿现稿据语境统一；相关源文矛盾见段落译注。
Thramassi Nightwatch	萨拉玛斯守夜军	暂定·官方待核	所给英文底稿	篇0785	沿现稿据语境统一；相关源文矛盾见段落译注。
Mayvin Khelen	梅文·克伦	暂定·官方待核	所给英文底稿	篇0785	沿现稿据语境统一；相关源文矛盾见段落译注。
Arcturus Morhde	阿克图勒斯·莫德	暂定·官方待核	所给英文底稿	篇0785	沿现稿据语境统一；相关源文矛盾见段落译注。
Witch of Thramas	萨拉玛斯女巫	暂定·官方待核	所给英文底稿	篇0785	沿现稿据语境统一；相关源文矛盾见段落译注。
Ulan Huda	乌兰·胡达	暂定·官方待核	所给英文底稿	篇0785	沿现稿据语境统一；相关源文矛盾见段落译注。
Predator-Forge	掠食铸造世界	暂定·官方待核	所给英文底稿	篇0785	沿现稿据语境统一；相关源文矛盾见段落译注。
Zhenjin Khan	真金可汗	暂定·官方待核	所给英文底稿	篇0785	沿现稿据语境统一；相关源文矛盾见段落译注。
Tuchulcha	图丘查	暂定·官方待核	所给英文底稿	篇0785	沿现稿据语境统一；相关源文矛盾见段落译注。
Shang	尚	暂定·官方待核	所给英文底稿	篇0785	沿现稿据语境统一；相关源文矛盾见段落译注。
Alajos	阿拉霍斯	暂定·官方待核	所给英文底稿	篇0785	沿现稿据语境统一；相关源文矛盾见段落译注。
Sevatar	赛维塔	暂定·官方待核	所给英文底稿	篇0785	沿现稿据语境统一；相关源文矛盾见段落译注。
Anrek Barbatos	安瑞克·巴巴托斯	暂定·官方待核	所给英文底稿	篇0785	沿现稿据语境统一；相关源文矛盾见段落译注。
Legio Victorum	胜利者军团	暂定·官方待核	所给英文底稿	篇0785	沿现稿据语境统一；相关源文矛盾见段落译注。
Legio Phasma	幻影军团	暂定·官方待核	所给英文底稿	篇0785	沿现稿据语境统一；相关源文矛盾见段落译注。
Legio Adamantus	坚毅军团	暂定·官方待核	所给英文底稿	篇0785	沿现稿据语境统一；相关源文矛盾见段落译注。
Legio Atrox	残暴军团	暂定·官方待核	所给英文底稿	篇0785	沿现稿据语境统一；相关源文矛盾见段落译注。
Legio Saevus	野蛮军团	暂定·官方待核	所给英文底稿	篇0785	沿现稿据语境统一；相关源文矛盾见段落译注。
Tithe Road	什一税路	暂定·官方待核	所给英文底稿	篇0785	沿现稿据语境统一；相关源文矛盾见段落译注。
Gulgorahd	古尔戈拉德	暂定·官方待核	所给英文底稿	篇0785	沿现稿据语境统一；相关源文矛盾见段落译注。
Tsagualsa	查古尔萨	暂定·官方待核	所给英文底稿	篇0785	沿现稿据语境统一；相关源文矛盾见段落译注。
Crucible	熔炉星	暂定·官方待核	所给英文底稿	篇0785	沿现稿据语境统一；相关源文矛盾见段落译注。
Invincible Reason	无敌理性号	暂定·官方待核	所给英文底稿	篇0785	沿现稿据语境统一；相关源文矛盾见段落译注。
Undying Will	不朽意志号	暂定·官方待核	所给英文底稿	篇0785	沿现稿据语境统一；相关源文矛盾见段落译注。
Tenebrous Will	黑暗意志号	暂定·官方待核	所给英文底稿	篇0785	沿现稿据语境统一；相关源文矛盾见段落译注。
Feral Heart	野性之心号	暂定·官方待核	所给英文底稿	篇0785	沿现稿据语境统一；相关源文矛盾见段落译注。
Brotherhood of the Shattered Shield	碎盾兄弟会	暂定·官方待核	所给英文底稿	篇0785	沿现稿据语境统一；相关源文矛盾见段落译注。
Hydra Cordatus	海德拉之心	暂定·官方待核	所给英文底稿	篇0786	军团职务与戏谑绰号按语境暂定；与太空死灵同形Triarch分义。
Cadmean Citadel	卡德摩斯城堡	暂定·官方待核	所给英文底稿	篇0786	军团职务与戏谑绰号按语境暂定；与太空死灵同形Triarch分义。
Felix Cassander	菲利克斯·卡桑德尔	暂定·官方待核	所给英文底稿	篇0786	军团职务与戏谑绰号按语境暂定；与太空死灵同形Triarch分义。
Ascari Valkar	阿斯卡里·瓦尔卡	暂定·官方待核	所给英文底稿	篇0786	军团职务与戏谑绰号按语境暂定；与太空死灵同形Triarch分义。
Galan Dion	加兰·迪翁	暂定·官方待核	所给英文底稿	篇0786	军团职务与戏谑绰号按语境暂定；与太空死灵同形Triarch分义。
Stonewrought	石铸者	暂定·官方待核	所给英文底稿	篇0786	军团职务与戏谑绰号按语境暂定；与太空死灵同形Triarch分义。
Scrapper	斗殴者	暂定·官方待核	所给英文底稿	篇0786	军团职务与戏谑绰号按语境暂定；与太空死灵同形Triarch分义。
Digger	挖土人	暂定·官方待核	所给英文底稿	篇0786	军团职务与戏谑绰号按语境暂定；与太空死灵同形Triarch分义。
Malingerer	诈病者	暂定·官方待核	所给英文底稿	篇0786	军团职务与戏谑绰号按语境暂定；与太空死灵同形Triarch分义。
Voyeur	窥视者	暂定·官方待核	所给英文底稿	篇0786	军团职务与戏谑绰号按语境暂定；与太空死灵同形Triarch分义。
Triarch (Iron Warriors)	三叉戟成员	暂定·官方待核	所给英文底稿	篇0786	军团职务与戏谑绰号按语境暂定；与太空死灵同形Triarch分义。
Stor-Bezashk	破城宿卫	暂定·官方待核	所给英文底稿	篇0786	军团职务与戏谑绰号按语境暂定；与太空死灵同形Triarch分义。
Ilya Ravallion	伊利亚·拉瓦利翁	暂定·官方待核	所给英文底稿	篇0787	沿现稿并按语境修正，未核官方对应。
Brotherhood of the Storm	风暴兄弟会	暂定·官方待核	所给英文底稿	篇0787	沿现稿并按语境修正，未核官方对应。
Brotherhood of the Moon	月亮兄弟会	暂定·官方待核	所给英文底稿	篇0787	沿现稿并按语境修正，未核官方对应。
Sojutsu pattern voidbike	枪术型虚空摩托	暂定·官方待核	所给英文底稿	篇0787	沿现稿并按语境修正，未核官方对应。
Deliverers	拯救者	暂定·官方待核	所给英文底稿	篇0788	沿现稿并按语境修正，未核官方对应。
Beyar Kedron	贝亚尔·凯德伦	暂定·官方待核	所给英文底稿	篇0788	沿现稿并按语境修正，未核官方对应。
Fane of Shadow	暗影神殿号	暂定·官方待核	所给英文底稿	篇0788	沿现稿并按语境修正，未核官方对应。
Breaking of the Perfect Fortress	完美堡垒攻破战	暂定·官方待核	所给英文底稿	篇0788	沿现稿并按语境修正，未核官方对应。
Perfect Fortress	完美堡垒	暂定·官方待核	所给英文底稿	篇0788	沿现稿并按语境修正，未核官方对应。
Narsis	纳西斯	暂定·官方待核	所给英文底稿	篇0788	沿现稿并按语境修正，未核官方对应。
Cassian Dracos	卡西安·德拉科斯	暂定·官方待核	所给英文底稿；Dwell沿核心181德威尔保卫战	篇0789	沿现稿或按核心统一；诺恩摄政为梅佐亚机械教统治者，非泰伦单位。
Xiaphas Jurr	夏法斯·尤尔	暂定·官方待核	所给英文底稿；Dwell沿核心181德威尔保卫战	篇0789	沿现稿或按核心统一；诺恩摄政为梅佐亚机械教统治者，非泰伦单位。
Ebon Drake	黑檀龙兽号	暂定·官方待核	所给英文底稿；Dwell沿核心181德威尔保卫战	篇0789	沿现稿或按核心统一；诺恩摄政为梅佐亚机械教统治者，非泰伦单位。
Norn-Regent (Mezoa)	诺恩摄政	暂定·官方待核	所给英文底稿；Dwell沿核心181德威尔保卫战	篇0789	沿现稿或按核心统一；诺恩摄政为梅佐亚机械教统治者，非泰伦单位。
Adsecularis	世俗者	暂定·官方待核	所给英文底稿；Dwell沿核心181德威尔保卫战	篇0789	沿现稿或按核心统一；诺恩摄政为梅佐亚机械教统治者，非泰伦单位。
Valtus Moran	瓦尔图斯·莫兰	暂定·官方待核	所给英文底稿；Dwell沿核心181德威尔保卫战	篇0789	沿现稿或按核心统一；诺恩摄政为梅佐亚机械教统治者，非泰伦单位。
Dwell	德威尔	暂定·官方待核	所给英文底稿；Dwell沿核心181德威尔保卫战	篇0790	沿现稿或按核心统一；诺恩摄政为梅佐亚机械教统治者，非泰伦单位。
Gautrek Skyblade	高特雷克·天刃	暂定·官方待核	所给英文底稿	篇0791	按本文人物、部队、地点语境定译；不与同形仪式名混用。
Cazin Ru’darak	卡津·鲁’达拉克	暂定·官方待核	所给英文底稿	篇0791	按本文人物、部队、地点语境定译；不与同形仪式名混用。
Orbarox Grawlen	奥巴罗克斯·格劳伦	暂定·官方待核	所给英文底稿	篇0791	按本文人物、部队、地点语境定译；不与同形仪式名混用。
Iron Penance	钢铁忏悔	暂定·官方待核	所给英文底稿	篇0791	按本文人物、部队、地点语境定译；不与同形仪式名混用。
Fyrstaheim	菲尔斯塔海姆	暂定·官方待核	所给英文底稿	篇0791	按本文人物、部队、地点语境定译；不与同形仪式名混用。
Iron Spyre	钢铁尖塔	暂定·官方待核	所给英文底稿	篇0791	按本文人物、部队、地点语境定译；不与同形仪式名混用。
Helicon Spear	赫利孔之矛号	暂定·官方待核	所给英文底稿	篇0791	按本文人物、部队、地点语境定译；不与同形仪式名混用。
Daverant	达夫兰特	暂定·官方待核	所给英文底稿	篇0791	按本文人物、部队、地点语境定译；不与同形仪式名混用。
Arkhad	阿尔哈德	暂定·官方待核	所给英文底稿	篇0792	沿现稿或据词义修正；不同阵营同形称号不无据合并。
Kar’Tor	卡’托	暂定·官方待核	所给英文底稿	篇0792	沿现稿或据词义修正；不同阵营同形称号不无据合并。
Raeven Devine	雷文·德维纳	暂定·官方待核	所给英文底稿	篇0793	沿现稿或据词义修正；不同阵营同形称号不无据合并。
Albard Devine	阿尔巴德·德维纳	暂定·官方待核	所给英文底稿	篇0793	沿现稿或据词义修正；不同阵营同形称号不无据合并。
Brython Semper	布莱森·森珀	暂定·官方待核	所给英文底稿	篇0793	沿现稿或据词义修正；不同阵营同形称号不无据合并。
Tyana Kourion	提亚纳·库里昂	暂定·官方待核	所给英文底稿	篇0793	沿现稿或据词义修正；不同阵营同形称号不无据合并。
Edoraki Hakon	埃多拉基·哈康	暂定·官方待核	所给英文底稿	篇0793	沿现稿或据词义修正；不同阵营同形称号不无据合并。
Castor Alcade	卡斯托·阿尔卡德	暂定·官方待核	所给英文底稿	篇0793	沿现稿或据词义修正；不同阵营同形称号不无据合并。
Ignatius Grulgor	伊格纳修斯·格鲁戈尔	暂定·官方待核	所给英文底稿	篇0793	沿现稿或据词义修正；不同阵营同形称号不无据合并。
Western Marches	西部边境	暂定·官方待核	所给英文底稿	篇0793	沿现稿或据词义修正；不同阵营同形称号不无据合并。
Paragon of Terra	泰拉典范号	暂定·官方待核	所给英文底稿	篇0793	沿现稿或据词义修正；不同阵营同形称号不无据合并。
Bloodsworn	血誓者	暂定·官方待核	所给英文底稿	篇0793	沿现稿或据词义修正；不同阵营同形称号不无据合并。
Legate (Ultramarines)	军团使节	暂定·官方待核	所给英文底稿	篇0793	沿现稿或据词义修正；不同阵营同形称号不无据合并。
Tarnhelm	塔恩海姆号	暂定·官方待核	所给英文底稿	篇0793	沿现稿或据词义修正；不同阵营同形称号不无据合并。
Breaking of Anvillus	安维鲁斯分裂之战	暂定·官方待核	所给英文底稿	篇0794	沿现稿或据上下文修正，土星型依核心护甲名。
Anvillus	安维鲁斯	暂定·官方待核	所给英文底稿	篇0794	沿现稿或据上下文修正，土星型依核心护甲名。
Light of Inwit	因维特之光号	暂定·官方待核	所给英文底稿	篇0795	沿现稿或据上下文修正，土星型依核心护甲名。
Pilgrim’s Rest	朝圣者之休	暂定·官方待核	所给英文底稿	篇0795	沿现稿或据上下文修正，土星型依核心护甲名。
Astral Majesty	星界王权号	暂定·官方待核	所给英文底稿	篇0795	沿现稿或据上下文修正，土星型依核心护甲名。
Bilatt Svenor	比拉特·斯文诺	暂定·官方待核	所给英文底稿	篇0795	沿现稿或据上下文修正，土星型依核心护甲名。
Saturnine Terminator	土星型终结者	暂定·官方待核	所给英文底稿	篇0795	沿现稿或据上下文修正，土星型依核心护甲名。
Adallus	阿达卢斯	暂定·官方待核	所给英文底稿	篇0796	沿现稿统一；未核官方对应，英文拼写按底稿保留。
Vieron Ekarr	维伦·埃卡尔	暂定·官方待核	所给英文底稿	篇0796	沿现稿统一；未核官方对应，英文拼写按底稿保留。
Zaar Siakaar	扎尔·西亚卡尔	暂定·官方待核	所给英文底稿	篇0796	沿现稿统一；未核官方对应，英文拼写按底稿保留。
Lethicus	莱提克斯	暂定·官方待核	所给英文底稿	篇0796	沿现稿统一；未核官方对应，英文拼写按底稿保留。
Probity	正直号	暂定·官方待核	所给英文底稿	篇0796	沿现稿统一；未核官方对应，英文拼写按底稿保留。
Umber Prince	红棕王子号	暂定·官方待核	所给英文底稿	篇0796	沿现稿统一；未核官方对应，英文拼写按底稿保留。
Dominus Noctem	夜之主号	暂定·官方待核	所给英文底稿	篇0796	沿现稿统一；未核官方对应，英文拼写按底稿保留。
Shadow Blow	暗影之击号	暂定·官方待核	所给英文底稿	篇0796	沿现稿统一；未核官方对应，英文拼写按底稿保留。
Nycton	尼克顿号	暂定·官方待核	所给英文底稿	篇0796	沿现稿统一；未核官方对应，英文拼写按底稿保留。
Aegida Platform	神盾轨道站	暂定·官方待核	所给英文底稿	篇0796	沿现稿统一；未核官方对应，英文拼写按底稿保留。
Emperor’s Watch	帝皇之视	暂定·官方待核	所给英文底稿	篇0796	沿现稿统一；未核官方对应，英文拼写按底稿保留。
Sothopolis	索托波利斯	暂定·官方待核	所给英文底稿	篇0796	沿现稿统一；未核官方对应，英文拼写按底稿保留。
Glorius Nova	光荣新星号	暂定·官方待核	所给英文底稿	篇0796	沿现稿统一；未核官方对应，英文拼写按底稿保留。
Watcher (Dark Angels vessel)	守望者号	暂定·官方待核	所给英文底稿	篇0796	沿现稿统一；未核官方对应，英文拼写按底稿保留。
Infocyte	信息分析员	暂定·官方待核	所给英文底稿	A0797-B0010、B0095	原信息细胞特工；结合瓦努斯分支情报分析语境修订
Life-Eater Virus	噬生病毒	暂定·官方待核	所给英文底稿	A0797-B0045	原生命吞噬者病毒；全稿统一的描述性译名
Sightless Warren	无眼巢穴	暂定·官方待核	所给英文底稿	A0797-B0095—B0111	地下据点，非舰名；原无眼沃伦
Empyrean Coursers	至高天驰骋者	暂定·官方待核	所给英文底稿	A0797-B0075	自由之刃骑士队伍；Courser 非信使
Typhoeus	堤丰厄斯号	暂定·官方待核	所给英文底稿	A0797-B0083	战帅级泰坦名，区别 Typhus 人名提丰
Cursus of Alganar	阿尔加纳尔驰道	暂定·官方待核	所给英文底稿与主审统一决定	A0797-B0111	沿原稿，此为远古遗迹门户；Cursus 非 curse
Iydris	伊德瑞斯	暂定·官方待核	核心术语表529/102	A0797-B0030	依现核心地名统一；较早181战役名原伊德里斯之战待主审统一
the depth of cutting edge	锋刃的纵深	暂定·官方待核	所给英文底稿	A0797-B0107	德拉萨留斯作战方略称谓，意指大规模攻势；确切专名待核
Iaeo	伊亚欧	暂定·官方待核	所给英文底稿	A0797-B0095	瓦努斯分支女性信息分析员
Hrend	赫伦德	暂定·官方待核	所给英文底稿	A0797-B0104	钢铁勇士蔑视者无畏机甲
Hes-Thal	赫斯·塔尔	暂定·官方待核	所给英文底稿	A0797-B0104	腐化导航员
metatron	梅塔特隆	暂定·官方待核	所给英文底稿	A0797-B0113	用于普罗菲修斯的称谓；仅按原文，确切性质待核
Pi-East	派-东	暂定·官方待核	所给英文底稿	A0797-B0085	避难所名，原菲-西将字母和方向误译
Xi-South	克西-南	暂定·官方待核	所给英文底稿	A0797-B0085	避难所名，原希-南
Adamant Fury	坚定愤怒	暂定·官方待核	所给英文底稿	A0797-B0120	泰坦军团名称，沿原稿
Leman Russ Vanquisher	黎曼鲁斯胜利者	官方已核·中英对照	https://assets.warhammer-community.com/chi_06-05_wh40k_core%26key_munitorum_field_manual-5mrlucr2t1-fkybzzzoce.pdf ; https://assets.warhammer-community.com/eng_warhammer40000_munitorum_field_manual_march_2025-cims9ya3sg-s8j9m2haae.pdf	GW09 中文第8页；GW10 英文第8页	直接核对完整车型条目；原征服者
Leman Russ Executioner	黎曼鲁斯处决者	官方已核·中英对照	https://assets.warhammer-community.com/chi_06-05_wh40k_core%26key_munitorum_field_manual-5mrlucr2t1-fkybzzzoce.pdf ; https://assets.warhammer-community.com/eng_warhammer40000_munitorum_field_manual_march_2025-cims9ya3sg-s8j9m2haae.pdf	GW09 中文第8页；GW10 英文第8页	直接核对完整车型条目；原刽子手
Leman Russ Demolisher	黎曼鲁斯破坏者	官方已核·中英对照	https://assets.warhammer-community.com/chi_06-05_wh40k_core%26key_munitorum_field_manual-5mrlucr2t1-fkybzzzoce.pdf ; https://assets.warhammer-community.com/eng_warhammer40000_munitorum_field_manual_march_2025-cims9ya3sg-s8j9m2haae.pdf	GW09 中文第8页；GW10 英文第8页	直接核对完整车型条目；勿与其他车型合并
Leman Russ Punisher	黎曼鲁斯惩罚者	官方已核·中英对照	https://assets.warhammer-community.com/chi_06-05_wh40k_core%26key_munitorum_field_manual-5mrlucr2t1-fkybzzzoce.pdf ; https://assets.warhammer-community.com/eng_warhammer40000_munitorum_field_manual_march_2025-cims9ya3sg-s8j9m2haae.pdf	GW09 中文第8页；GW10 英文第8页	直接核对完整车型条目；勿与其他车型合并
Sphere	防御圈	暂定·官方待核	所给英文底稿	篇0798	太阳战争的分层防区，区别钛族扩张
Khthonic Gate	赫索尼克之门	暂定·官方待核	所给英文底稿	篇0798	冥王星亚空间门，沿原稿
Lachrymae	泪痕号	暂定·官方待核	所给英文底稿	篇0798	护卫舰，沿原稿
Persephone	珀尔塞福涅号	暂定·官方待核	所给英文底稿	篇0798	护卫舰，沿原稿
Tilphousia	提尔福西亚号	暂定·官方待核	所给英文底稿	篇0798	巨型运输舰，修正原提西福涅
Daughter of Woe	灾难之女	暂定·官方待核	所给英文底稿	篇0798	太空废船名，沿稿
The Comet	彗星	暂定·官方待核	所给英文底稿	篇0798	献祭仪式地点称谓；具体天体性质待核
Newborn	新血	暂定·官方待核	所给英文底稿	篇0798	本篇荷鲁斯之子新造战士，非泛指新生婴儿
Heliosa-78	赫丽奥萨-78	暂定·官方待核	所给英文底稿	篇0798	赛琳娜主母，沿稿
Inferallti Hussars	因费拉尔提骠骑兵	暂定·官方待核	所给英文底稿	篇0799	原地狱骠骑，专名不当作 infernal
Gregorius Skekkir	格雷戈里乌斯·谢基尔	暂定·官方待核	所给英文底稿	篇0799	百夫长，沿原稿
Indar Vollinus	因达尔·沃利努斯	暂定·官方待核	所给英文底稿	篇0799	折磨大师，沿原稿
Spear of Verria	维里亚之矛号	暂定·官方待核	所给英文底稿	篇0799	帝国之拳巡洋舰，沿稿
Cockatrice	鸡蛇号	暂定·官方待核	所给英文底稿	篇0799	阿尔法军团重巡洋舰，沿稿
Phalanx Wardens	山阵卫队	暂定·官方待核	所给英文底稿	篇0799	英文图注变体；标准词沿核心 Phalanx Warder
Catallus	卡塔鲁斯	暂定·官方待核	所给英文底稿	篇0800	依核心 Catallus Rift 卡塔鲁斯裂隙；原卡图卢斯
Manushya-Rakshsasi	玛努沙·拉克莎希	暂定·官方待核	所给英文底稿	篇0800	色孽守密者专名，依643统一；原稿别名罗刹女
Dark Glass	黑暗琉璃	暂定·官方待核	所给英文底稿	篇0800	网道装置，沿原稿
Madail	马代尔	暂定·官方待核	所给英文底稿	篇0801	恶魔专名，沿原稿
Necrosphere	死灵圈	暂定·官方待核	所给英文底稿	A0801-B0025	包围戴文的骸骨外壳，沿稿
Blade Encarmine	染赤之刃	暂定·官方待核	所给英文底稿	A0801-B0033	圣吉列斯武器，沿原稿
Sthenelus	斯特涅洛斯号	暂定·官方待核	所给英文底稿	A0801-B0027	钢铁之手巡洋舰
Samothrace	萨莫色雷斯号	暂定·官方待核	所给英文底稿	A0801-B0031	本篇基里曼旗舰
Trisolian	特里索兰	暂定·官方待核	所给英文底稿	篇0802	星系名，沿稿
Theodulus Pallisar	西奥多勒斯·帕利萨	暂定·官方待核	所给英文底稿	篇0802	辅军精锐毁灭士，沿稿
Hester Aspertia Sigma-Sigma	海丝特·阿斯佩蒂亚·西格玛-西格玛	暂定·官方待核	所给英文底稿	篇0802	女统御贤者，沿稿
Magos Domina	统御贤者	暂定·官方待核	所给英文底稿	篇0802	女性指挥官职衔，暂沿；非 Tech-Priest Dominus 官译
Myrmidon Destructor	辅军精锐毁灭士	暂定·官方待核	所给英文底稿	篇0802	机械教兵种，沿现稿，基于 Auxilia Myrmidon 核心
Heptaligon	七边	暂定·官方待核	所给英文底稿	篇0802	具体设施性质待核，沿稿
Hugin	福金号	暂定·官方待核	所给英文底稿	篇0802	鲁斯私人风暴鸟，沿稿
The Wolf Cull	屠狼之战	暂定·官方待核	所给英文底稿	篇0803	雅兰特之战别名，原狼屠调整汉语语序
Council of Masters	大师议会	暂定·官方待核	所给英文底稿	A0804-B0014	黑暗天使军团领导议会，原导师议会；非教学机构
The Aegis	神盾	暂定·官方待核	所给英文底稿	篇0805 B0037—B0076	皇宫多层虚空盾系统，原宙斯盾；与灰骑士同名防护分义
Palatine Arc	帕拉蒂尼弧区	暂定·官方待核	所给英文底稿	篇0805 B0037—B0076	原穹顶，Arc 为弧形地区；具体官译待核
Magnifican / Sprawling Magnifica	壮丽扩区	暂定·官方待核	所给英文底稿	篇0805 B0037—B0076	皇宫东北大片城区；原文拼写变体不强行改英文
ouslite	乌斯莱特	暂定·官方待核	所给英文底稿	篇0805 B0037—B0076	用于攻城弹药的名称，原译漏词；材质与词义待核
Gravitic Ballista	重力弩炮	暂定·官方待核	所给英文底稿	篇0805 B0037—B0076	攻城器械，区分投石机
Torsion Engine	扭力弩机	暂定·官方待核	所给英文底稿	篇0805 B0037—B0076	Torsion 扭力，不是扭曲引擎
Graviton Onager	重力投石机	暂定·官方待核	所给英文底稿	篇0805 B0037—B0076	攻城器械，暂据词义
Accelerator Mangonel	加速投石机	暂定·官方待核	所给英文底稿	篇0805 B0037—B0076	攻城器械，暂据词义
Plutona assault drill	普卢托纳型突击钻	暂定·官方待核	所给英文底稿	篇0805 B0037—B0076	型号名，原冥王星误读
Capitol Imperialis	帝国大厦	暂定·官方待核	所给英文底稿	篇0805 B0037—B0076	超重型装甲指挥载具，非建筑
Khasisatra	卡西萨特拉号	暂定·官方待核	所给英文底稿	篇0805 B0037—B0076	具名帝国大厦超重型指挥车；与1518同一攻城引擎，带号。
The Phoenician	紫庭凤凰	暂定·官方待核	所给英文底稿	篇0805 B0037—B0076	福格瑞姆绰号，沿本处原稿并说明人物指向；具体官译待核
Hall of Leng	伦格大厅	暂定·官方待核	所给英文底稿	篇0805 B0080—B0112	依主审统一；原寒冷大厅，Leng 为专名
Warlord-Sinister Psi-Titan	战将-噩兆型灵能泰坦	暂定·官方待核	所给英文底稿	篇0805 B0080—B0112	Warlord 采用官方词根战将，完整型号暂定；不是审判庭Ordo
Mercury-Exultant Kill-zone	水星—欢欣杀戮区	暂定·官方待核	所给英文底稿	篇0805 B0080—B0112	连接内外宫防区，沿原名修整军事用语
Exultant Wall	欢欣之墙	暂定·官方待核	所给英文底稿	篇0805 B0080—B0112	区别 Ultimate Wall
Ultimate Wall	终极之墙	暂定·官方待核	所给英文底稿	篇0805 B0080—B0112	原极限之墙；区别 Exultant Wall
Delphic Battlement	德尔斐城垛	暂定·官方待核	所给英文底稿	篇0805 B0080—B0112	Delphic 依核心词根统一
Imperious Prima	无上专横号	暂定·官方待核	所给英文底稿	篇0805 B0080—B0112	帝皇级泰坦机体名，沿稿
Exemplis	典范号	暂定·官方待核	所给英文底稿	篇0805 B0080—B0112	帝皇级泰坦名，沿稿
Dies Irae	神怒之日号	暂定·官方待核	所给英文底稿	篇0805 B0080—B0112	死亡军团泰坦名，沿稿
Lord Praetorian	禁卫领主	暂定·官方待核	所给英文底稿	篇0805	多恩尊号；区别机械教 Praetorian 兵种
Antioch Miles Vesperi	安条克暮光军	暂定·官方待核	所给英文底稿	篇0805	原安条克千人黄昏，Miles 非 mille
Golden Hegera	黄金赫格拉	暂定·官方待核	所给英文底稿	篇0805	原黄金统领无直接词义依据，暂按专名音译
Vulkan's Own	沃坎亲军	暂定·官方待核	所给英文底稿	篇0805	临时预备兵团，非指火蜥蜴基因子嗣
First Terran Armoured	泰拉第一装甲部队	暂定·官方待核	所给英文底稿	篇0805	原第一泰拉装甲团，与正文 Terran First Armored 同部队；编制级别待核
Daughter of Torment	折磨之女号	暂定·官方待核	所给英文底稿	篇0805	噬心军团掠夺者级泰坦
Skarr-Hei	斯卡尔-黑	暂定·官方待核	所给英文底稿	篇0805	吞世者，沿稿
The Despoiler (Tarot)	大掠夺者	暂定·官方待核	所给英文底稿	篇0805	帝国塔罗牌名，沿稿；区别阿巴顿尊号
Monarch of Fire	火焰君王号	暂定·官方待核	所给英文底稿	篇0805	与798舰名统一，原火焰君主号
Drach'nyen's Host	德拉科尼恩的宿主	暂定·语义及官方待核	所给英文底稿；主审跨篇复核	篇0805 B0364；篇0733	host 也可能指军势；不确定具体宿主身份，不指认拉·恩底弥翁。
Osseous Throne	骸骨王座	暂定·官方待核	所给英文底稿	篇0805	怀言者部队，沿稿
Inzar Taerus	因扎尔·泰罗斯	暂定·官方待核	所给英文底稿	篇0805	本篇清单与总表统一
Legion War	军团战争	暂定·官方待核	所给英文底稿	篇0806—0808	叛军在恐惧之眼内斗；非荷鲁斯叛乱本身
Eye of Terror Slave Wars	恐惧之眼奴隶战争	暂定·官方待核	所给英文底稿	篇0806—0808	军团战争别名
Xulgith Grawl	祖尔吉斯·格劳尔	暂定·官方待核	所给英文底稿	篇0806—0808	死亡守卫军阀，沿稿
Basitar	巴希塔尔	暂定·官方待核	所给英文底稿	篇0806—0808	造船厂，沿稿
Drakan Vangorich	德拉坎·万戈里奇	暂定·官方待核	所给英文底稿	篇0806—0808	沿106/386已校名，原万德里奇
Maleum	马勒姆	暂定·官方待核	所给英文底稿	篇0809	本篇为堡垒所在地，与同形帝皇之子人物“玛勒姆”分开。
Anamnesis	记忆体	暂定·官方待核	所给英文底稿	篇0809	特拉洛克号先进机魂专名，沿原稿暂定。
Tlaloc	特拉洛克号	暂定·官方待核	所给英文底稿	篇0809	千子巡洋舰，沿原稿。
The Fifteen Fangs	十五獠牙	暂定·官方待核	所给英文底稿	篇0809	吞世者战帮，沿原稿。
Ka’Sherhan / Kha’Sherhan	卡哈谢罕	暂定·官方待核	所给英文底稿	篇0809	千子战帮，英文列表与正文拼法不同，保留英文。
Ashur-Kai Qezremah	阿舒尔-凯·奎兹雷玛	暂定·官方待核	所给英文底稿	篇0809	沿原稿人物名。
Flavius Alkenex	弗莱维厄斯·阿尔克内斯	暂定·官方待核	所给英文底稿	篇0809	沿原稿人物名。
Euphoros	尤弗罗斯	暂定·官方待核	所给英文底稿	篇0809	沿原稿人物名。
Eleusinian Veil	厄琉息斯帷幕	暂定·官方待核	所给英文底稿	篇0809	恐惧之眼区域名，沿原稿。
Canticle City	颂歌城	暂定·官方待核	所给英文底稿	篇0809	帝皇之子堡垒名，沿原稿。
Pulchritudinous	俊美号	暂定·官方待核	所给英文底稿	篇0809	沿原稿舰名。
The Adored	崇拜者	暂定·官方待核	所给英文底稿	篇0809	帝皇之子战帮，沿原稿。
Andros	安德罗斯	暂定·官方待核	所给英文底稿	篇0810	本篇极限战士第一连长，与安德罗斯·朗塞德尔不据简称强并。
Ludon	卢登	暂定·官方待核	所给英文底稿	篇0810	沿原稿战团长名。
Gauntlet of Power	力量臂铠号	暂定·官方待核	所给英文底稿	篇0810	基里曼旗舰，沿原稿。
Xolco	索尔科	暂定·官方待核	所给英文底稿	篇0810	沿原稿世界名。
Triumphal Way	胜利之路	暂定·官方待核	所给英文底稿	篇0810	帝皇之傲号内部道路，沿原稿。
Heliopolis	赫利奥波利斯	暂定·官方待核	所给英文底稿	篇0810	舰内地点，沿原稿。
Callax	卡拉克斯	暂定·官方待核	所给英文底稿	篇0810	福格瑞姆获赐恶魔世界，沿原稿。
Gladius Incandor	赤诚短剑	暂定·官方待核	所给英文底稿	篇0810	沿第一版相关原译；与第二版的帝皇之剑区分。
Lord High Admiral	海军至高上将	暂定·官方待核	所给英文底稿	篇0811	海军最高职衔，原“领主至高海军上将”过于堆叠；暂定供主审统一。
Lansung	兰松	暂定·官方待核	所给英文底稿	篇0811	海军人物。
Udin Macht Udo	乌丁·马赫特·乌多	暂定·官方待核	所给英文底稿	篇0811	帝国领主指挥官。
Wienand	维南德	暂定·官方待核	所给英文底稿	篇0811	审判官。
Veritus	维瑞图斯	暂定·官方待核	所给英文底稿	篇0811	审判官领主，与同形次星区名不合并。
Heth	赫斯	暂定·官方待核	所给英文底稿	篇0811	军务领主指挥官。
Verreault	韦罗奥特	暂定·官方待核	所给英文底稿	篇0811	军务领主指挥官。
Kubik	库比克	暂定·官方待核	所给英文底稿	篇0811	铸造将军。
Mesring	梅斯林	暂定·官方待核	所给英文底稿	篇0811	教宗，沿106。
Vernor Zeck	弗纳·泽克	暂定·官方待核	所给英文底稿	篇0811	法务部宪兵大元帅，正文原“弗农”统一列表全名。
Juskina Tull	尤斯基娜·图尔	暂定·官方待核	所给英文底稿	篇0811	特许舰长代言人，原朱斯金娜统一列表名。
Cassus Mirhen	卡苏斯·米尔亨	暂定·官方待核	所给英文底稿	篇0811	帝国之拳战团长。
Bohemond	博希蒙德	暂定·官方待核	所给英文底稿	篇0811	黑色圣堂至高元帅。
Magneric	玛格纳瑞克	暂定·官方待核	所给英文底稿	篇0811	黑色圣堂元帅。
Odaenathus	奥登纳图斯	暂定·官方待核	所给英文底稿	篇0811	极限战士战团长。
Alameda	阿拉米达	暂定·官方待核	所给英文底稿	篇0811	战团长。
Quesadra	奎萨德拉	暂定·官方待核	所给英文底稿	篇0811	绯红之拳战团长，原奎萨达拉统一。
Cuarrion	夸里翁	暂定·官方待核	所给英文底稿	篇0811	战团长。
Vorkogun	沃库贡	暂定·官方待核	所给英文底稿	篇0811	战团长。
Asger Warfist	阿斯格·战拳	暂定·官方待核	所给英文底稿	篇0811	狼主及死亡守望统帅，各处职衔按原文保留。
Malfons	马尔方斯	暂定·官方待核	所给英文底稿	篇0811	钢铁骑士战团长。
Issachar	以萨迦	暂定·官方待核	所给英文底稿	篇0811	战团长。
Euclydeas	欧克莱迪亚斯	暂定·官方待核	所给英文底稿	篇0811	战团长。
Verpall	维帕尔	暂定·官方待核	所给英文底稿	篇0811	列表为第一连长，正文称战团长，保留差异。
Sachael	萨基尔	暂定·官方待核	所给英文底稿	篇0811	大导师。
Gerg Zhokuv	格尔格·茹科夫	暂定·官方待核	所给英文底稿	篇0811	统御贤者。
Kavalanera Brassanas	卡瓦莱涅菈·布拉桑那斯	暂定·官方待核	所给英文底稿	篇0811	寂静修女深渊骑士。
Kalkator	卡尔卡托	暂定·官方待核	所给英文底稿	篇0811	钢铁勇士战争铁匠。
Algerin	阿尔杰林	暂定·官方待核	所给英文底稿	篇0811	帝国之拳第一连长。
Sauber / Severance	索伯／切断者	暂定·官方待核	所给英文底稿	篇0811	同一帝国之拳连长及称号。
Koorland / Slaughter	库兰德／屠杀者	暂定·官方待核	所给英文底稿	篇0811	同一帝国之拳连长及称号，口号Slaughter另按句义译。
Shield Company	盾连	暂定·官方待核	所给英文底稿	篇0811	帝国之拳具体连队，原译漏专名。
Glaucasian Gulf	格劳加西亚湾	暂定·官方待核	所给英文底稿	篇0811	沿原稿区域名。
Port Sanctus	圣港	暂定·官方待核	所给英文底稿	篇0811	船厂与星系；正文 Sanctus System 统一圣港星系。
Price	普莱斯	暂定·官方待核	所给英文底稿	篇0811	海军上将。
Acharya	阿查里亚	暂定·官方待核	所给英文底稿	篇0811	海军上将。
Lepidus Prime	勒庇多斯主星	暂定·官方待核	所给英文底稿	篇0811	沿原稿。
Gravity Whip / gravitic whip	重力鞭	暂定·官方待核	所给英文底稿	篇0811	战斗月亮武器。
Proletarian Crusade	无产远征	暂定·官方待核	所给英文底稿	篇0811	沿原稿事件名。
Klostra	克洛斯特拉	暂定·官方待核	所给英文底稿	篇0811	钢铁勇士世界。
Bezhrak	贝兹阿克	暂定·官方待核	所给英文底稿	篇0811	欧克蛮人大使。
Beyreuth	贝鲁斯	暂定·官方待核	所给英文底稿	篇0811	禁军元帅。
Basilikon Astra	星界君主舰队	暂定·官方待核	所给英文底稿	篇0811	机械教舰队，沿原稿。
Dzelenic IV	杰泽莱尼奇四号	暂定·官方待核	所给英文底稿	篇0811	沿原稿世界名。
Eldon Urquidex	埃尔登·乌尔奎德克斯	暂定·官方待核	所给英文底稿	篇0811	技术祭司。
Clementina Yendl	克莱门蒂娜·延德尔	暂定·官方待核	所给英文底稿	篇0811	瓦努斯刺客。
Aloysian	阿洛西安	暂定·官方待核	所给英文底稿	篇0811	铸造大师。
Argus Van Auken	阿格斯·范·奥肯	暂定·官方待核	所给英文底稿	篇0811	机械教指挥官。
Pavonis Mons	帕弗尼斯山	暂定·官方待核	所给英文底稿	篇0811	火星地点，单山不增译山脉。
Caldera	卡尔德拉	暂定·官方待核	所给英文底稿	篇0811	沃坎守护世界。
Doomtremor	末日震颤	暂定·官方待核	所给英文底稿	篇0811	沃坎战锤。
Jupiter Storms	木星风暴	暂定·官方待核	所给英文底稿	篇0811	卫队部队。
Orion Watch	猎户座看守	暂定·官方待核	所给英文底稿	篇0811	卫队部队，沿原稿待核。
Granite Myrmidons	花岗岩密尔弥冬	暂定·官方待核	所给英文底稿	篇0811	卫队部队，不能与机械教Myrmidon辅军精锐合并。
Legio Ultima	极限军团	暂定·官方待核	所给英文底稿	篇0811	泰坦军团。
Gorkogrod	搞哥庭院	暂定·官方待核	所给英文底稿	篇0811	乌兰诺欧克蛮人首都。
Esad Wire	埃斯德·威尔	暂定·官方待核	所给英文底稿	篇0811	刺客。
Attack Planet	战斗行星	暂定·官方待核	所给英文底稿	篇0811	欧克蛮人改造的整颗作战行星，与战斗月亮类比暂定。
Capitol Imperialis	帝国大厦	暂定·官方待核	所给英文底稿	篇0811	大型地面载具，原误用船只量词。
Valefor	华利弗	暂定·官方待核	所给英文底稿	篇0811	圣血天使连长。
Tobris Ekharth	托布里斯·埃克哈特	暂定·官方待核	所给英文底稿	篇0811	高领主。
Nadiries	纳迪里斯	暂定·官方待核	所给英文底稿	篇0811	寂静修女堡垒所在世界。
Plaeos	普莱奥斯	暂定·官方待核	所给英文底稿	篇0811	俘虏灵能者的行动地点。
Eidolica	艾多利卡	暂定·官方待核	所给英文底稿	篇0811	行动地点。
Incus Maximal	坚固至尊	暂定·官方待核	所给英文底稿	篇0811	沿原稿世界名暂留，未查得官方证据。
Tyris	泰里斯	暂定·官方待核	所给英文底稿	篇0811	死亡守望成员。
Beast Krule	“野兽”克鲁尔	暂定·官方待核	所给英文底稿	篇0811	刺客外号；不是The Beast。
13-Jzzal	13-杰扎尔	暂定·官方待核	所给英文底稿	篇0811	护教军游侠阿尔法。
Heliad Goss	赫利亚德·戈斯	暂定·官方待核	所给英文底稿	篇0811	政委。
Phaeton Laurentis	法顿·劳伦蒂斯	暂定·官方待核	所给英文底稿	篇0811	贤者。
Prime-Orks	欧克之首	暂定·官方待核	所给英文底稿	篇0811	六名巨型战争头目，沿原稿。
44 Thoosa	44 图萨	暂定·官方待核	所给英文底稿	篇0811	登陆用改造小行星，不是普通岩石。
The Beast of Beasts	野兽之中的野兽	暂定·官方待核	所给英文底稿	篇0811	最强野兽战争头目称号，沿原稿润色。
Radiant King	光辉之王	暂定·官方待核	所给英文底稿	篇0812	混沌领主。
Oleander Koh	欧利昂德·科赫	暂定·官方待核	所给英文底稿	篇0812	帝皇之子药剂师。
Tzimiskes Flay	提兹米斯克·弗莱	暂定·官方待核	所给英文底稿	篇0812	沿原稿人物。
Fulgrim’s Song	福格瑞姆之歌	暂定·官方待核	所给英文底稿	篇0812	原译之子误读Song；沿英文修正。
mind-leech	心灵水蛭	暂定·官方待核	所给英文底稿	篇0812	获取记忆的生物／工具，沿原稿。
Saqqara Ur-Damak Thresh	萨卡拉·乌尔-达马克·斯雷什	暂定·官方待核	所给英文底稿	篇0812	怀言者恶魔学者。
Plaza of Reflection	映像广场	暂定·官方待核	所给英文底稿	篇0812	方舟世界内地点。
Cana System	迦南星系	暂定·官方待核	所给英文底稿	篇0813—0814	沿原稿，不自行改成其他圣经地名。
Ur-Council	乌尔议会	暂定·官方待核	所给英文底稿	篇0813—0814	新泰拉叛离政权。
Cataclysm of Souls	灵魂巨变	暂定·官方待核	所给英文底稿	篇0813—0814	沿原稿事件名。
Saviour of Praxus	普拉克萨斯救世主	暂定·官方待核	所给英文底稿	篇0813—0814	仅怀疑为塞弗，不改成确定身份。
Tellarite Rebellion	泰勒莱特叛乱	暂定·官方待核	所给英文底稿	篇0813—0814	沿原稿。
Hrakon Campaign	赫拉康战役	暂定·官方待核	所给英文底稿	篇0813—0814	沿原稿。
Obidiah Hrakon	奥比迪亚·赫拉康	暂定·官方待核	所给英文底稿	篇0813—0814	新泰拉支持者。
Hemlock Wraithfighter	铁杉幽冥战机	官方已核对	GW-09 https://assets.warhammer-community.com/chi_06-05_wh40k_core%26key_munitorum_field_manual-5mrlucr2t1-fkybzzzoce.pdf；GW-10 https://assets.warhammer-community.com/eng_warhammer40000_munitorum_field_manual_march_2025-cims9ya3sg-s8j9m2haae.pdf	GW-09/GW-10 PDF均第6页；A0812-B0029	直接读取两版同名单位项核对；原铁杉幽冥战士更正。
Benedin IV	贝尼丁四世	暂定·官方待核	所给英文底稿	篇0815	教宗。
Greigor XI	格雷戈尔十一世	暂定·官方待核	所给英文底稿	篇0815	教宗。
Alexis XXI	亚历克西斯二十一世	暂定·官方待核	所给英文底稿	篇0815	教宗。
Paulis III	保利斯三世	暂定·官方待核	所给英文底稿	篇0815	被范迪尔推翻的教宗。
Reign of Blood	血腥统治	暂定·官方待核	所给英文底稿	篇0815	范迪尔统治时期。
Calana VII	卡拉纳七号	暂定·官方待核	所给英文底稿	篇0815	巢都世界。
Boras Minor	波瑞亚斯次星	暂定·官方待核	所给英文底稿	篇0815	沿原稿地名；不是红衣主教博拉斯号舰名。
Jhanna	雅纳	暂定·官方待核	所给英文底稿	篇0815	遭冰盖融化灾难的世界。
Daughters of the Emperor	帝皇之女	暂定·官方待核	所给英文底稿	篇0815	早期女性宗教组织。
conversion field	转换力场	暂定·官方待核	所给英文底稿	篇0815	Rosarius防护场类型，原偏转力场非对应词。
Sebastian Thor	塞巴斯蒂安·托尔	暂定·官方待核	所给英文底稿	篇0815	沿原稿及本线早篇。
Clax	克拉克斯	暂定·官方待核	所给英文底稿	篇0815	舰队出发基地所在星系。
Storm of the Emperor’s Wrath	帝皇之怒风暴	暂定·官方待核	所给英文底稿	篇0815	亚空间风暴专名。
Gaius Welkonnen	盖乌斯·韦尔科宁	暂定·官方待核	所给英文底稿	篇0815	迪马默总督；去除原名中误拼的地名成分。
Abstracta Preomnis	阿布斯塔克塔·普雷奥姆尼斯	暂定·官方待核	所给英文底稿	篇0815	托尔称号，原文释义Master of the Warp亚空间之主，不作职衔大师。
Tech-Guard	技术卫队	暂定·官方待核	所给英文底稿	篇0815	本文机械修会历史军队称谓。
Longinus	朗基努斯	暂定·官方待核	所给英文底稿	篇0815	禁军近侍百夫长。
Wars of Vindication	辩护战争	暂定·官方待核	所给英文底稿	篇0815	沿原稿刺客庭内战名。
Arch-Cardinal	大红衣主教	暂定·官方待核	所给英文底稿	篇0816	沿原稿职衔，区别普通红衣主教。
The Benedictine War	本笃战争	暂定·官方待核	所给英文底稿	篇0817	沿混合标题原译。
The Great Cull	大剔除	暂定·官方待核	所给英文底稿	篇0817	沿原稿事件名。
Saint Basillius	圣巴西利乌斯	暂定·官方待核	所给英文底稿	篇0817	沿原稿人物名。
The Waning	大衰落	暂定·官方待核	所给英文底稿	篇0817	历史分期名，沿原稿。
Helios	赫利俄斯	暂定·官方待核	所给英文底稿	篇0818	制造世界，与本线兰德车型名称统一。
Waaagh! Grimgut	格里姆古特的 Waaagh!	暂定·官方待核	所给英文底稿	篇0818	战争头目名沿稿。
Bomb Squig	炸弹史古格	暂定·官方待核	所给英文底稿	篇0818	沿原稿生物名。
Hive Manufactory 33 Delta Thule	第 33 德尔塔·图勒巢都制造厂	暂定·官方待核	所给英文底稿	篇0818	地点名而非大贤者姓名。
Inovian III	伊诺维安三世	暂定·官方待核	所给英文底稿	篇0819	教宗。
Telos IV	泰洛斯四号	暂定·官方待核	所给英文底稿	篇0819	沿原稿星系。
Shan’s World	尚恩世界	暂定·官方待核	所给英文底稿	篇0819	Shan专名暂音译；原掸世界留对照。
Macharian Crusade	马卡里安远征	暂定·官方待核	所给英文底稿	篇0820	沿原稿远征名。
Macharius	马卡里乌斯	暂定·官方待核	所给英文底稿	篇0820	沿原稿人物名。
Lord Commander Solar	太阳领主指挥官	暂定·官方待核	所给英文底稿	篇0820	完整职衔沿稿，简称Lord Solar太阳领主。
Army Group	集团军群	暂定·官方待核	所给英文底稿	篇0820	此处七支大型陆军集群，层级区别Army集团军。
General Sejanus	塞扬努斯将军	暂定·官方待核	所给英文底稿	篇0820	与30K哈斯塔·赛詹努斯分开。
General Tarka	塔尔卡将军	暂定·官方待核	所给英文底稿	篇0820	沿稿。
General Lysander	莱桑德将军	暂定·官方待核	所给英文底稿	篇0820	与达纳斯·莱山德分开。
Borgen Crassus	博尔根·克拉苏	暂定·官方待核	所给英文底稿	篇0820	将军。
General Arrian	阿里安将军	暂定·官方待核	所给英文底稿	篇0820	与阿里安·波菲里乌斯不强并。
Cyrus of Larrentine	来自拉伦廷的赛勒斯	暂定·官方待核	所给英文底稿	篇0820	将军，非血鸦侦察军士或西鲁斯·沃尔帕。
Ulrik Grimfang	乌尔里克·冷牙	暂定·官方待核	所给英文底稿	篇0820	太空野狼领袖，沿稿。
Al’rahem	阿尔·拉希姆	暂定·官方待核	所给英文底稿	篇0820	卫队连长，沿稿。
Barus	巴鲁斯	暂定·官方待核	所给英文底稿	篇0820	星际战士连长。
Richter	里希特	暂定·官方待核	所给英文底稿	篇0820	叛徒将军。
Ashterioth	阿什特利奥斯	暂定·官方待核	所给英文底稿	篇0820	黑暗灵族领主。
Donia / Doria	多尼亚／多里亚	暂定·官方待核	所给英文底稿	篇0820	同篇远征出发世界英文有异，注释保留。
Macharia	马卡里亚	暂定·官方待核	所给英文底稿	篇0820	马卡里乌斯母星后名。
Cult of the Angel of Fire	火焰天使教派	暂定·官方待核	所给英文底稿	篇0820	奸奇教派，不与火焰天使战团合并。
Karsk System	卡尔斯克星系	暂定·官方待核	所给英文底稿	篇0820	沿稿。
Gedrosia	德洛西亚	暂定·官方待核	所给英文底稿	篇0820	沿稿沙漠所在名。
Indijona the Vagrant	流浪者因迪乔纳	暂定·官方待核	所给英文底稿	篇0820	古代探险家。
Zaga IV	扎加四号	暂定·官方待核	所给英文底稿	篇0820	沿稿。
Thoth	透特	暂定·官方待核	所给英文底稿	篇0820	沿稿世界。
Loki	洛基	暂定·官方待核	所给英文底稿	篇0820	沿稿世界。
Demetrius	德米特里厄斯	暂定·官方待核	所给英文底稿	篇0820	沿稿世界。
Procrastes	普罗克拉斯提斯	暂定·官方待核	所给英文底稿	篇0820	沿稿世界。
Fist of Russ	鲁斯之拳	暂定·官方待核	所给英文底稿	篇0820	神器。
Reality Engine	现实引擎	暂定·官方待核	所给英文底稿	篇0820	神器。
Goranna	格拉纳	暂定·官方待核	所给英文底稿	篇0820	沿稿世界。
Charaxdis	查拉克迪斯	暂定·官方待核	所给英文底稿	篇0820	沿稿战场。
Jucha	朱查	暂定·官方待核	所给英文底稿	篇0820	沿稿世界。
Kallastin	卡拉斯汀	暂定·官方待核	所给英文底稿	篇0820	沿稿战场。
Virida	维里达	暂定·官方待核	所给英文底稿	篇0820	具有感知能力的丛林世界，依英文修饰。
Arrian’s Wrath	阿里安之怒	暂定·官方待核	所给英文底稿	篇0820	以阿里安将军命名区域；原阿里亚统一姓名。
Jotungarth	约顿加特	暂定·官方待核	所给英文底稿	篇0820	冰封世界。
Hectacore	百核	暂定·官方待核	所给英文底稿	篇0820	沿混合列表原稿名，词源待核。
Hegemony of Iskander	伊斯坎德尔霸权	暂定·官方待核	所给英文底稿	篇0820	沿稿政权。
Elaric Combine	埃拉里克联合体	暂定·官方待核	所给英文底稿	篇0820	沿稿政权。
Macharian Heresy	马卡里安叛乱	暂定·官方待核	所给英文底稿	篇0820	沿稿内战名。
Pilgrimage of Macharius	马卡里乌斯朝圣之旅	暂定·官方待核	所给英文底稿	篇0820	历史航路朝圣。
Grand Army of Reconquest	再征服大军	暂定·官方待核	所给英文底稿	篇0820	沿稿合称。
Retribution Incarnate	报应化身	暂定·官方待核	所给英文底稿	篇0820	骑士项下名称，性质未强定。
Avenger	复仇者号	暂定·官方待核	所给英文底稿	篇0820	本处单舰；非同形舰级。
Defiance	反抗号	暂定·官方待核	所给英文底稿	篇0820	战列巡洋舰。
Imperius	英普瑞斯号	暂定·官方待核	所给英文底稿	篇0820	战列巡洋舰。
Lord of Light	光之领主号	暂定·官方待核	所给英文底稿	篇0820	帝皇级战列舰。
Opus Dei	天主之业号	暂定·官方待核	所给英文底稿	篇0820	战列巡洋舰。
Pax Imperium	和平帝国号	暂定·官方待核	所给英文底稿	篇0820	火星级战列巡洋舰。
Armageddon Secundus	阿玛吉多顿塞孔杜斯地区	暂定·官方待核	所给英文底稿	篇0821	主大陆地区，非第二颗行星；与核心Prime普赖姆地区并列。
Equatorial Jungle	赤道丛林	暂定·官方待核	所给英文底稿	篇0821	大陆分界。
Styx	斯提克斯河	暂定·官方待核	所给英文底稿	篇0821	沿原稿河名。
Chaeron	卡戎河	暂定·官方待核	所给英文底稿	篇0821	沿原稿河名，英文非Charon亦不改英文。
Skchalick	斯卡尔利克	暂定·官方待核	所给英文底稿	篇0821	混沌领主。
Hans Kho’ren	汉斯·科伦	暂定·官方待核	所给英文底稿	篇0821	沿原稿人物，撇号保留在英文。
Akor Doomflayer	阿克尔·毁灭剥皮者	暂定·官方待核	所给英文底稿	篇0821	沿原稿。
Gustav Karlson II	古斯塔夫·卡尔森二世	暂定·官方待核	所给英文底稿	篇0821	卫队领主将军。
Hive Infernus	炼狱巢都	暂定·官方待核	所给英文底稿	篇0821	与同名车辆/舰级分开。
Hive Helsreach	赫尔斯利奇巢都	暂定·官方待核	所给英文底稿	篇0821	沿原稿。
Ralas Meridian	拉斯·梅里迪安站	暂定·官方待核	所给英文底稿	篇0821	星语庭设施。
Jendara Quintus	詹达拉五号	暂定·官方待核	所给英文底稿	篇0821	沿原稿。
Tybuilt	泰博尔德	暂定·官方待核	所给英文底稿	篇0821	沿原稿。
Priam Novus	普里阿姆·诺维斯	暂定·官方待核	所给英文底稿	篇0821	机械修会前哨。
Clysm	克利斯姆	暂定·官方待核	所给英文底稿	篇0821	战帮名原冲洗者缺乏语境依据，暂音译。
The Justified Ancients	称义先民	暂定·官方待核	所给英文底稿	篇0821	邪教专名，Ancients非旗手。
Legio Vulcanum II	火神二号军团	暂定·官方待核	所给英文底稿	篇0821	沿原稿泰坦军团。
Legio Annihilator	歼灭者军团	暂定·官方待核	所给英文底稿	篇0821	沿原稿泰坦军团。
Metalica Battle Congregations	梅塔利卡战斗修会	暂定·官方待核	所给英文底稿	篇0821	沿原稿机械修会作战编制，非宗教教会。
Nerosa	奈罗莎	暂定·官方待核	所给英文底稿	篇0821	审判官。
Daemar	戴玛尔	暂定·官方待核	所给英文底稿	篇0822	红色猎手战团长。
Gylfarheim	吉尔法海姆号	暂定·官方待核	所给英文底稿	篇0822	野狼战斗驳船，沿原稿。
Jarlsdottyr	贾尔斯多蒂尔	暂定·官方待核	所给英文底稿	篇0822	审判官。
Bladebreaker	破刃者	暂定·官方待核	所给英文底稿	篇0822	许珀里翁称号。
Taggarath	塔加拉斯	暂定·官方待核	所给英文底稿	篇0824	科林托先知。
Corrinto	科林托	暂定·官方待核	所给英文底稿	篇0824	先知来源地点。
Incursion of Fools	愚者入侵	暂定·官方待核	所给英文底稿	篇0825	沿原稿事件名。
Fenris Incident	芬里斯事件	暂定·官方待核	所给英文底稿	篇0825	国教会对此冲突的称呼。
Huron Blackheart	休伦·黑心	官方已核对	GW-09 https://assets.warhammer-community.com/chi_06-05_wh40k_core%26key_munitorum_field_manual-5mrlucr2t1-fkybzzzoce.pdf；GW-10 https://assets.warhammer-community.com/eng_warhammer40000_munitorum_field_manual_march_2025-cims9ya3sg-s8j9m2haae.pdf	GW-09/GW-10 PDF均第15页；A0826-B0004	直接逐名核对；不自动将较早时期全名Lugft Huron称为黑心。
Lugft Huron	鲁夫特·休伦	暂定·官方待核	所给英文底稿	篇0826	巴达布时期全名，区别后来的休伦·黑心称号。
Maelstrom Warders	大漩涡看守者	暂定·官方待核	所给英文底稿	篇0826	驻守大漩涡区的战团联盟。
Astral Claws	星辰之爪	暂定·官方待核	所给英文底稿	篇0826	沿本篇及既有正文。
Yarvan Sartaq	亚尔文·萨尔塔克	暂定·官方待核	所给英文底稿	篇0826	螳螂勇士战团长。
Ahazra Redth	阿哈兹拉·雷德斯	暂定·官方待核	所给英文底稿	篇0826	首席智库员。
Malakim Phoros	马拉金·福罗斯	暂定·官方待核	所给英文底稿	篇0826	恸哭者战团长。
Arkash Hakkon	阿卡什·哈肯	暂定·官方待核	所给英文底稿	篇0826	处刑者战团长。
Verant Ortys	韦朗特·奥尔蒂斯	暂定·官方待核	所给英文底稿	篇0826	红蝎战团长。
Jarndyce Frain	贾代斯·弗兰	暂定·官方待核	所给英文底稿	篇0826	使节审判官，沿本篇。
Tyberos the Red Wake	红色尾流泰伯鲁斯	暂定·官方待核	所给英文底稿	篇0826	沿原稿称号，Red Wake不按舰尾实体解释。
Lazaerek	拉扎雷克	暂定·官方待核	所给英文底稿	篇0826	沿原稿。
Silas Alberec	西拉斯·阿尔伯莱克	暂定·官方待核	所给英文底稿	篇0826	驱魔者连长。
Zhrukal Androcles	兹鲁卡尔·安德罗克勒斯	暂定·官方待核	所给英文底稿	篇0826	星辰幻影连长。
Corwin Admatha	科尔温·阿德玛塔	暂定·官方待核	所给英文底稿	篇0826	战团长。
Tyrant’s Legion	暴君军团	暂定·官方待核	所给英文底稿	篇0826	休伦所属作战组织。
Karthargo / Karthago	卡尔塔戈	暂定·官方待核	所给英文底稿	篇0826	同篇星区英文拼法不同，中文统一；派生Karthargan/Karthagan按卡尔塔戈人。
Edict of Obliteration	灭迹法令	暂定·官方待核	所给英文底稿	篇0826	沿原稿。
Segmentum Procurator-General	星域总检察长	暂定·官方待核	所给英文底稿	篇0826	内政部职衔沿稿待核，不宣称等于现实司法机关。
Articles of Just Seccession	公正割据条款	暂定·官方待核	所给英文底稿	篇0826	原拼Seccession保留，中文沿稿。
Red Harbinger	赤红先兆号	暂定·官方待核	所给英文底稿	篇0826	火鹰舰艇。
Endymion Cluster	恩底弥翁星群	暂定·官方待核	所给英文底稿	篇0826	与禁军人物同形根词分开。
Iblis III	伊布利斯三号	暂定·官方待核	所给英文底稿	篇0826	沿原稿世界。
Sagan III	萨甘三号	暂定·官方待核	所给英文底稿	篇0826	沿原稿世界。
Sacred Tetrarch	神圣英杰号	暂定·官方待核	所给英文底稿	篇0826	大漩涡舰队火星级战列巡洋舰，沿稿。
Star Jackal	星辰豺狼号	暂定·官方待核	所给英文底稿	篇0826	游侠战士主力舰。
Bellerophon’s Fall	柏勒罗丰之陨	暂定·官方待核	所给英文底稿	篇0826	沿原稿世界。
Sacristan	萨克里斯坦	暂定·官方待核	所给英文底稿	篇0826	世界专名，区别骑士技术职务圣物保管者。
Battle of Silent Reach	寂静河段之战	暂定·官方待核	所给英文底稿	篇0826	沿原稿事件名，Reach是否需另译留主审统一。
Gauntlet of Wrath	愤怒臂铠号	暂定·官方待核	所给英文底稿	篇0826	天卫四级战列舰。
Shadim	沙迪姆	暂定·官方待核	所给英文底稿	篇0826	格里夫星系行星。
Vengeance Station	复仇空间站	暂定·官方待核	所给英文底稿	篇0826	忠诚派前进基地。
Gangreatha III	甘格瑞萨三号	暂定·官方待核	所给英文底稿	篇0826	沿原稿。
Surngraad	桑格拉德	暂定·官方待核	所给英文底稿	篇0826	沿原稿。
Khymarian Raids	凯玛瑞安袭扰战	暂定·官方待核	所给英文底稿	篇0826	沿图注原名，纠正语法关系。
Night Hag	午夜恶女号	暂定·官方待核	所给英文底稿	篇0826	处刑者先遣舰艇。
Kyro	凯罗	暂定·官方待核	所给英文底稿	篇0826	沿原稿。
Iscario Seneca	伊斯卡里奥·塞内卡	暂定·官方待核	所给英文底稿	篇0826	虎爪药剂师。
Tiger Claws	虎爪	暂定·官方待核	所给英文底稿	篇0826	星辰之爪子战团。
Cygnax	西格纳克斯	暂定·官方待核	所给英文底稿	篇0826	武器储藏地。
Angstrom Incident	埃格斯特朗事件	暂定·官方待核	所给英文底稿	篇0826	按当前核心Angstrom世界名统一，原安斯特罗姆事件保留对照。
Mater Lachrymarum	眼泪之母号	暂定·官方待核	所给英文底稿	篇0826	恸哭者战团舰，原轻舰删去无据型号。
Galen VI	盖伦六号	暂定·官方待核	所给英文底稿	篇0826	沿原稿。
Tranquility system	宁静星系	暂定·官方待核	所给英文底稿	篇0826	螳螂勇士家园。
Shaprias / Shaprais	沙普里亚斯	暂定·官方待核	所给英文底稿	篇0826	英文两拼，统一中文并注。
Corpse Taker	夺尸者	暂定·官方待核	所给英文底稿	篇0826	星辰之爪药剂师称号。
Bale Raid	贝尔突袭	暂定·官方待核	所给英文底稿	篇0826	沿原稿。
Kargat	卡尔加特	暂定·官方待核	所给英文底稿	篇0826	红蝎无畏机甲。
Shavra	沙夫拉	暂定·官方待核	所给英文底稿	篇0826	沿原稿。
Uzeal	乌泽尔	暂定·官方待核	所给英文底稿	篇0826	沿原稿。
Fulcram IV/C	弗尔克拉姆 IV/C	暂定·官方待核	所给英文底稿	篇0826	编号保留。
Hallow’s Point	圣点	暂定·官方待核	所给英文底稿	篇0826	沿原稿地点。
Pireaus	比雷埃夫斯	暂定·官方待核	所给英文底稿	篇0826	沿原稿。
Voral	沃拉尔	暂定·官方待核	所给英文底稿	篇0826	星辰之爪无畏机甲。
Endymion Prime	恩底弥翁主星	暂定·官方待核	所给英文底稿	篇0826	行星名，Prime非直接数字一。
Herulian	赫鲁里安	暂定·官方待核	所给英文底稿	篇0826	新星战士无畏机甲。
Palace of Thorns	荆棘宫殿	暂定·官方待核	所给英文底稿	篇0826	巴达布最终堡垒。
Deff Dread	死亡无畏机甲	官方已核	https://assets.warhammer-community.com/chi_06-05_wh40k_core%26key_munitorum_field_manual-5mrlucr2t1-fkybzzzoce.pdf；https://assets.warhammer-community.com/eng_warhammer40000_munitorum_field_manual_march_2025-cims9ya3sg-s8j9m2haae.pdf	GW-09 中文第30页；GW-10 英文第29页；A0827-B0068	欧克单位；单复数按同一单位处理。
Killa Kans	杀戮机甲	官方已核	https://assets.warhammer-community.com/chi_06-05_wh40k_core%26key_munitorum_field_manual-5mrlucr2t1-fkybzzzoce.pdf；https://assets.warhammer-community.com/eng_warhammer40000_munitorum_field_manual_march_2025-cims9ya3sg-s8j9m2haae.pdf	GW-09 中文第30页；GW-10 英文第29页；A0827-B0068	欧克单位；单复数按同一单位处理。
Ghattana Bay	加塔纳湾	暂定·官方待核	所给英文底稿	篇0827	沿原稿。
Judrog Irontoof	朱德罗格·铁牙	暂定·官方待核	所给英文底稿	篇0827	沿原稿。
Damos	达莫斯	暂定·官方待核	所给英文底稿	篇0827	斑岩天使无畏机甲兄弟。
Weylands	韦兰德	暂定·官方待核	所给英文底稿	篇0827	无畏机甲兄弟。
Battle of Haunted Gulf	闹鬼湾之战	暂定·官方待核	所给英文底稿	篇0827	沿原稿。
Red Angel’s Gate	红天使之门	暂定·官方待核	所给英文底稿	篇0827	沿原稿。
Hive Thoraddis	索拉迪斯巢都	暂定·官方待核	所给英文底稿	篇0827	统一同段托拉迪斯异译。
Berkant	伯坎特	暂定·官方待核	所给英文底稿	篇0827	钢铁军团第473团上校。
Orkimedes	兽基米德	暂定·官方待核	所给英文底稿	篇0827	沿原稿。
Armageddon Secundus	阿玛吉多顿塞孔杜斯地区	暂定·官方待核	所给英文底稿	篇0827	大陆地区而非二号行星。
Lord General Kurov	领主将军库罗夫	暂定·官方待核	所给英文底稿	篇0827	沿原稿姓名。
Admiral Parol	海军上将帕罗尔	暂定·官方待核	所给英文底稿	篇0827	沿原稿姓名。
Inquisitor Lichtenstein	审判官利希滕斯坦	暂定·官方待核	所给英文底稿	篇0827	沿原稿姓名。
Schaeffer	谢弗	暂定·官方待核	所给英文底稿	篇0827	最后机会部队指挥官。
Herman von Strab	赫尔曼·冯·斯特拉布	暂定·官方待核	所给英文底稿	篇0827	沿原稿。
Ragnarork	诸神黄昏	暂定·官方待核	所给英文底稿	篇0827	欧克语双关战名，保留原文。
Solemnus Crusade	庄严远征	暂定·官方待核	所给英文底稿	篇0827	沿原稿。
Halstron	霍尔斯特朗	暂定·官方待核	所给英文底稿	篇0827	沿原稿。
Oberon Eurys	奥伯伦·欧里斯	暂定·官方待核	所给英文底稿	篇0827	沿原稿。
Angron Monolith	安格隆独石	暂定·官方待核	所给英文底稿	篇0827	沿原稿。
Octarius War	奥克塔琉斯战争	暂定·官方待核	所给英文底稿	篇0828	战役名。
Zog Steeltoof	佐格·钢牙	暂定·官方待核	所给英文底稿	篇0828	沿原稿人名。
Kogfist Steelsnappa	齿拳·碎铁者	暂定·官方待核	所给英文底稿	篇0828	沿原稿。
Stugbrog da Facegrinda	碎脸者斯塔格博格	暂定·官方待核	所给英文底稿	篇0828	原文亦写Stubrog，未另立人物。
Kagrit the Redtoof	红牙卡格里特	暂定·官方待核	所给英文底稿	篇0828	沿原稿。
Nabrot Stubfingers	纳布罗特·粗指	暂定·官方待核	所给英文底稿	篇0828	沿原稿；后文Stubfinger同指。
Baddkrasha	坏粉碎者	暂定·官方待核	所给英文底稿	篇0828	沿原稿绰号。
Mezonyki Reio	梅佐基·雷奥	暂定·官方待核	所给英文底稿	篇0828	沿原稿。
Krijeni Luceior	克里杰尼·卢西奥尔	暂定·官方待核	所给英文底稿	篇0828	黑暗海妖连长。
Akrep Xie	阿克雷普·谢	暂定·官方待核	所给英文底稿	篇0828	守望大师。
Rakmeyr Bluewolf	拉克梅尔·蓝狼	暂定·官方待核	所给英文底稿	篇0828	狼矛战斗领袖。
Arneld Heifaast	阿内尔德·海法斯特	暂定·官方待核	所给英文底稿	篇0828	帝国卫队军务领主将军。
Abrahoma Bentaal	阿布拉马·本塔尔	暂定·官方待核	所给英文底稿	篇0828	行星总督。
Helmghut Karst	赫尔姆古特·喀斯特	暂定·官方待核	所给英文底稿	篇0828	行星总督。
Ezmeralda Brynlokh	埃兹梅拉达·布林洛克	暂定·官方待核	所给英文底稿	篇0828	女性铸造将军。
Athocles Van Roth	阿托克利斯·范·罗斯	暂定·官方待核	所给英文底稿	篇0828	审判官。
Janzig Danathios	扬齐格·达纳西奥斯	暂定·官方待核	所给英文底稿	篇0828	海军领主上将。
Herika Ajon	赫里卡·阿琼	暂定·官方待核	所给英文底稿	篇0828	海军至高上将。
Barcelia Mung	巴塞利亚·蒙格	暂定·官方待核	所给英文底稿	篇0828	沿原稿。
Eyva Phalomor	埃娃·法洛莫尔	暂定·官方待核	所给英文底稿	篇0828	行商浪人。
Balandiel	巴兰迪尔	暂定·官方待核	所给英文底稿	篇0828	灵族司战。
Yeltioc	耶蒂奥克	暂定·官方待核	所给英文底稿	篇0828	大先知。
Lendathai	伦达泰	暂定·官方待核	所给英文底稿	篇0828	海盗王子。
Entythras	恩提斯拉斯	暂定·官方待核	所给英文底稿	篇0828	战巫。
Vodha Bloodprice	沃达·血价	暂定·官方待核	所给英文底稿	篇0828	吞世者头领。
Da Maw	咽喉	暂定·官方待核	所给英文底稿	篇0828	欧克世界，沿原稿。
Goredrenched	浸血者号	暂定·官方待核	所给英文底稿	篇0828	战舰，补舰名号。
Pankallis Sub-sector	潘卡利斯次星区	暂定·官方待核	所给英文底稿	篇0828	统一Sub-sector地理层级。
Pankallis Cauldron	潘卡利斯坩埚	暂定·官方待核	所给英文底稿	篇0828	前线战区绰号。
Semythis System	塞米蒂斯星系	暂定·官方待核	所给英文底稿	篇0828	沿原稿。
Kernak	克纳克	暂定·官方待核	所给英文底稿	篇0828	星系／行星名词根。
Anelanni	阿内兰尼	暂定·官方待核	所给英文底稿	篇0828	星系名。
Bianzeer’s Hollow	比安泽尔空洞	暂定·官方待核	所给英文底稿	篇0828	星系名；英文直撇号同形。
Gydisk	吉迪斯克	暂定·官方待核	所给英文底稿	篇0828	星系／行星词根。
Kherusk	赫鲁斯克	暂定·官方待核	所给英文底稿	篇0828	统一本篇赫尔斯克异译。
Death of Bianzeer	比安泽尔之死	暂定·官方待核	所给英文底稿	篇0828	完整行星专名，非指比安泽尔死亡世界这一分类。
Holy Toil	圣托伊尔	暂定·官方待核	所给英文底稿	篇0828	沿原稿行星名。
Eye of Octos	奥克图斯之眼	暂定·官方待核	所给英文底稿	篇0828	死亡守望堡垒。
Mirror Sea	镜海	暂定·官方待核	所给英文底稿	篇0828	海域。
Great Lakes of Peldathusa	佩达图萨大湖	暂定·官方待核	所给英文底稿	篇0828	冰封湖区。
ursun-wolves	厄孙狼	暂定·官方待核	所给英文底稿	篇0828	当地动物，不强行套其他神名。
Talin	塔林	暂定·官方待核	所给英文底稿	篇0828	黑暗海妖教士。
Ekko	艾克	暂定·官方待核	所给英文底稿	篇0828	典记员。
Paraon Uari	帕拉翁·瓦里	暂定·官方待核	所给英文底稿	篇0828	编修员。
Eroan	埃罗安	暂定·官方待核	所给英文底稿	篇0828	科技战士。
Herrdalo	赫达洛	暂定·官方待核	所给英文底稿	篇0828	森林名。
Glonhil Valley	格洛希尔山谷	暂定·官方待核	所给英文底稿	篇0828	战场。
Glacialx	格莱西克斯	暂定·官方待核	所给英文底稿	篇0828	堡垒。
House Xiphos	希弗家族	暂定·官方待核	所给英文底稿	篇0828	骑士家族，沿原稿。
Xiphon	剑尾	暂定·官方待核	所给英文底稿	篇0828	该家族堡垒，沿原稿。
Kusolst Prime	库索斯特主星	暂定·官方待核	所给英文底稿	篇0828	Prime为星名限定，原一号；与星系区分。
Veloria	维洛里亚	暂定·官方待核	所给英文底稿	篇0828	少女世界；原文亦写Velloria。
Pctarius Belt	派克塔留斯带	暂定·官方待核	所给英文底稿	篇0828	源文拼写如此，未擅自改为Octarius。
Daox Glykas	道克斯·格莱卡斯	暂定·官方待核	所给英文底稿	篇0828	守望连长。
Avon Muir	埃文·缪尔	暂定·官方待核	所给英文底稿	篇0828	审判官。
Haven Spire	港口尖塔	暂定·官方待核	所给英文底稿	篇0828	前文如地点、后文明确为坠毁舰船；保留原稿名。
Dragon Dancers	龙舞	暂定·官方待核	所给英文底稿	篇0828	灵族海盗势力。
Heathobar	希霍巴尔	暂定·官方待核	所给英文底稿	篇0828	死亡守望智库员。
Operation Spinebreak	破脊行动	暂定·官方待核	所给英文底稿	篇0828	作战名。
Fendatha	芬达塔	暂定·官方待核	所给英文底稿	篇0828	行星。
Sigma-Ulstari	西格玛-乌斯塔利	暂定·官方待核	所给英文底稿	篇0828	铸造世界及所在星系。
Deuteria	德特利亚	暂定·官方待核	所给英文底稿	篇0828	海洋世界。
Molasaxum	莫拉萨库姆	暂定·官方待核	所给英文底稿	篇0828	源文另有Molaxum，是否同一地点待核。
Molaxum	莫拉苏姆	暂定·官方待核	所给英文底稿	篇0828	与Molasaxum的可能异拼保留。
Legio Ferocastrum	凶堡军团	暂定·官方待核	所给英文底稿	篇0828	泰坦军团。
Legio Crucius	十字军团	暂定·官方待核	所给英文底稿	篇0828	泰坦军团。
Legio Kopides	短刀军团	暂定·官方待核	所给英文底稿	篇0828	泰坦军团。
Tuskagrob Wurldkilla	塔斯卡格罗布·世界杀手	暂定·官方待核	所给英文底稿	篇0828	统一正文漏首音节的斯卡格罗布。
Alpha Primaros	阿尔法一号	暂定·官方待核	所给英文底稿	篇0828	铸造尖塔，沿现稿；原文另有连字符形式。
Duty’s Burden	职责负担	暂定·官方待核	所给英文底稿	篇0828	赫尔布雷彻的复合热熔枪，沿原稿。
The Riches He Bestows	他赐予的财富号	暂定·官方待核	所给英文底稿	篇0828	行商浪人旗舰。
Faithbringer	信仰使者号	暂定·官方待核	所给英文底稿	篇0828	战列舰。
Octaria	奥克塔瑞亚	暂定·官方待核	所给英文底稿	篇0828	源文首府写法；前文另写Octarius，保留异拼提示。
Megascrap	巨型废料	暂定·官方待核	所给英文底稿	篇0828	欧克城市，沿原稿。
Gork’s Bonce	搞哥之颅	暂定·官方待核	所给英文底稿	篇0828	超级巨石堡垒。
Dakkazot	哒咔佐特	暂定·官方待核	所给英文底稿	篇0828	欧克世界。
Badsquig	坏史古格	暂定·官方待核	所给英文底稿	篇0828	行星既有专名，区别普通史古革生物官译词根。
Gragnatz Stompkrumpa	格拉格纳茨·踏碎	暂定·官方待核	所给英文底稿	篇0828	欧克战争头目。
Da Blue One	蓝色者	暂定·官方待核	所给英文底稿	篇0828	欧克对一只生物泰坦的称呼。
macroclade	宏枝	暂定·官方待核	所给英文底稿	篇0828	护教军编制，沿原稿，复数同指。
techmoritors	技术卫士	暂定·官方待核	所给英文底稿	篇0828	骑士家族人员编制，具体性质待核。
Sonasthi Royal Guns	索纳斯蒂王家炮兵	暂定·官方待核	所给英文底稿	篇0828	Royal指王家，非高贵。
Threxis	特雷克西斯	暂定·官方待核	所给英文底稿	篇0828	地名，原三轴误读。
Big Mob	大型战帮	暂定·官方待核	所给英文底稿	篇0828	本篇欧克参战序列中的编队，非单个战士。
Dread Mob	无畏机甲战帮	暂定·官方待核	所给英文底稿	篇0828	本篇欧克机甲编队，非恐惧暴徒。
Stompa Mob	践踏巨机战帮	暂定·官方待核	所给英文底稿	篇0828	采用官方Stompa词根，编制全称待核。
Gorkanaut	格克机甲	官方已核	https://assets.warhammer-community.com/chi_06-05_wh40k_core%26key_munitorum_field_manual-5mrlucr2t1-fkybzzzoce.pdf；https://assets.warhammer-community.com/eng_warhammer40000_munitorum_field_manual_march_2025-cims9ya3sg-s8j9m2haae.pdf	GW-09 中文第30页；GW-10 英文第29页；A0828-B0076	欧克完整单位名，原稿搞哥金刚。
Liber Malefact	《邪恶典籍》	暂定·官方待核	所给英文底稿	篇0829	预言文献，沿原稿。
Urkanthos / Urkrathos	乌尔坎托斯	暂定·官方待核	所给英文底稿	篇0829	同一恐虐亲选，名单/叙事不同拼写；原正文厄奎索斯，与主审同意统一。
Logistar-General	后勤总监	暂定·官方待核	所给英文底稿	篇0829	后勤职衔，General不按普通将军军衔机械译。
Conskavan Raik	康斯卡万·莱克	暂定·官方待核	所给英文底稿	篇0829	后勤总监，沿原稿人名。
Marus Porelska	马鲁斯·珀勒斯卡	暂定·官方待核	所给英文底稿	篇0829	卡迪亚首席总督。
Audaria Zabine	奥达利亚·扎比内	暂定·官方待核	所给英文底稿	篇0829	最高政委。
Kozchokan	科兹乔坎	暂定·官方待核	所给英文底稿	篇0829	海军大将。
Quarren	夸伦	暂定·官方待核	所给英文底稿	篇0829	海军上将。
Dostov	陀思妥夫	暂定·官方待核	所给英文底稿	篇0829	海军上将。
Minzet	明泽特	暂定·官方待核	所给英文底稿	篇0829	海军上将。
Venesca Catallia	韦涅斯卡·卡塔莉亚	暂定·官方待核	所给英文底稿	篇0829	海军上将。
Attica	阿提卡	暂定·官方待核	所给英文底稿	篇0829	领主元帅。
Talia Daverna	塔莉娅·达韦尔纳	暂定·官方待核	所给英文底稿	篇0829	审判官。
Katarinya Greyfax	卡塔琳娅·格雷法克斯	暂定·官方待核	所给英文底稿	篇0829	沿原稿全名；官方Inquisitor Greyfax核对仅支持姓氏及职衔。
Vardus	瓦杜斯	暂定·官方待核	所给英文底稿	篇0829	渡鸦家族女男爵。
Devram Korda	德夫拉姆·科尔达	暂定·官方待核	所给英文底稿	篇0829	沿原稿。
Ygethmor the Deceiver	欺诈者伊戈瑟默	暂定·官方待核	所给英文底稿	篇0829	角色称号，区别星神欺诈者。
Zagthean the Broken	破灭者札格辛	暂定·官方待核	所给英文底稿	篇0829	沿原稿。
Druxus Bale	德鲁克斯·贝尔	暂定·官方待核	所给英文底稿	篇0829	沿原稿。
Krom Gat	克罗姆·盖特	暂定·官方待核	所给英文底稿	篇0829	钢铁勇士指挥官。
Kossolax the Foresworn	背誓者科索拉克斯	暂定·官方待核	所给英文底稿	篇0829	沿核心词根。
Tarraq Darkblood	塔拉克·暗血	暂定·官方待核	所给英文底稿	篇0829	午夜领主。
Kranon the Relentless	无情者克拉能	暂定·官方待核	所给英文底稿	篇0829	沿核心克拉能词根。
Varan the Undefeatable	无敌者瓦兰	暂定·官方待核	所给英文底稿	篇0829	战帅。
Plagueclaw	瘟疫之爪号	暂定·官方待核	所给英文底稿	篇0829	舰船。
Urthwart	乌尔斯勒	暂定·官方待核	所给英文底稿	篇0829	恶魔世界及星系，原星系另译厄斯里奇，统一同词根。
Frenerax Dust Cloud	弗兰尼莱克斯尘埃云	暂定·官方待核	所给英文底稿	篇0829	星际区域。
Plague of Unbelief	无信瘟疫	暂定·官方待核	所给英文底稿	篇0829	沿原稿事件名，非一般不信教。
Lelithar	莱利瑟	暂定·官方待核	所给英文底稿	篇0829	統一同章莱利萨。
Voice of the Emperor	帝皇之声	暂定·官方待核	所给英文底稿	篇0829	此篇邪教首领自称，不当作事实上的帝皇代言。
Kasr Tyrok / Tyrok Fields	提洛克堡／提洛克原野	暂定·官方待核	所给英文底稿	篇0829	堡城与外围场地区分。
Volscani Cataphracts	沃斯卡尼铁骑	暂定·官方待核	所给英文底稿	篇0829	沿原稿部队名，不据名称假设均为骑兵。
Pulaski	普拉斯基	暂定·官方待核	所给英文底稿	篇0829	海军上将，不能替换为同段夸伦。
Ormantep	奥尔曼泰普	暂定·官方待核	所给英文底稿	篇0829	星系。
Solar Mariatus	索拉·玛丽亚图斯	暂定·官方待核	所给英文底稿	篇0829	卡迪亚星系行星。
St. Josmane’s Hope	圣约斯曼之希望	暂定·官方待核	所给英文底稿	篇0829	监狱世界。
Thybault Helican XXIII	蒂博·赫利肯二十三世	暂定·官方待核	所给英文底稿	篇0829	领主。
Lord Judiciary	司法领主	暂定·官方待核	所给英文底稿	篇0829	法务部职衔；原文Lord Jiudiciary疑误拼，非人名朱迪卡里。
Scelus	斯凯鲁斯	暂定·官方待核	所给英文底稿	篇0829	区别Scarus斯卡鲁斯。
Khajog Khan	哈乔格可汗	暂定·官方待核	所给英文底稿	篇0829	白疤指挥官。
Green Krusade	绿色远征	暂定·官方待核	所给英文底稿	篇0829	欧克战役名。
Cruxis Crusade	克鲁西斯远征	暂定·官方待核	所给英文底稿	篇0829	黑色圣堂远征军。
Might of the Faithful	忠实力量号	暂定·官方待核	所给英文底稿	篇0829	帝皇级战列舰，沿原稿名。
Will of Eternity	永恒意志号	暂定·官方待核	所给英文底稿	篇0829	黑石堡垒。
Eleanor	埃莉诺	暂定·官方待核	所给英文底稿	篇0829	殉教圣女修会大修女。
Genevieve	吉纳维芙	暂定·官方待核	所给英文底稿	篇0829	殉教圣女修会大修女。
Klarn	克拉恩	暂定·官方待核	所给英文底稿	篇0829	机械教贤者。
Artesia	阿特西亚	暂定·官方待核	所给英文底稿	篇0829	恶魔魔宠。
Cacadius Siron	卡卡迪乌斯·西隆	暂定·官方待核	所给英文底稿	篇0829	阿巴顿情报主管。
Morkath	莫卡斯	暂定·官方待核	所给英文底稿	篇0829	阿巴顿的造物及养女称谓，身份限于原文。
Ruis Tracinto	鲁伊斯·特拉辛托	暂定·官方待核	所给英文底稿	篇0829	绯红之拳军官。
Jarran Kell	贾兰·凯尔	暂定·官方待核	所给英文底稿	篇0829	克里德旗手。
Cerantes	卡兰提斯	暂定·官方待核	所给英文底稿	篇0829	荷鲁斯之乱时代极限战士副指挥官。
Extremis Protocols	极端协议	暂定·官方待核	所给英文底稿	篇0829	禁止卡迪亚撤离的审判庭协议，沿原稿。
Null-Array	反灵能阵列	暂定·官方待核	所给英文底稿	篇0829	卡迪亚方尖碑相关装置，区别虚空盾。
Tesseract Labyrinth	超立方体迷宫	暂定·官方待核	所给英文底稿	篇0829	太空死灵囚禁装置，沿原稿。
Shadowlight	暗影之光	暂定·官方待核	所给英文底稿	篇0829	佩利亚异形遗物。
Amberley Vail	安伯利·维尔	暂定·官方待核	所给英文底稿	篇0829	审判官，沿原稿。
Chaeronia	喀罗尼亚	暂定·官方待核	所给英文底稿	篇0829	黑暗机械修会铸造世界。
Xorphas	索法斯	暂定·官方待核	所给英文底稿	篇0829	黑色军团巫师。
Battle of Vorlese	沃勒斯之战	暂定·官方待核	所给英文底稿	篇0829	沿原稿。
Basilica of St. Lysias	圣莱西亚斯大教堂	暂定·官方待核	所给英文底稿	篇0829	沿原稿。
Boros Gate	博罗斯之门	暂定·官方待核	所给英文底稿	篇0829	沿原稿。
Mendox Cataclysm	门多克斯大灾变	暂定·官方待核	所给英文底稿	篇0829	沿原稿。
Commander Surestrike	确击指挥官	暂定·官方待核	所给英文底稿	篇830	沿原稿，待官网核对。
Ful’na Nebulae	富尔’纳星云	暂定·官方待核	所给英文底稿	篇830	沿原稿地名。
Malk’la	玛尔克’拉	暂定·官方待核	所给英文底稿	篇830	钛族仪式性惩罚。
Massacre of the Dul’un Lakes	杜’伦湖大屠杀	暂定·官方待核	所给英文底稿	篇830	沿原稿地名。
Eight Days of Infamy	恶名八日	暂定·官方待核	所给英文底稿	篇830	调整原八日恶名的中文语序。
Ky’san	基’山	暂定·官方待核	所给英文底稿	篇830	殖民地。
Tash’var Shi Kais	塔什’瓦尔·希·凯斯	暂定·官方待核	所给英文底稿	篇830	第四次扩张指挥官。
Astorgius	阿斯特吉斯	暂定·官方待核	所给英文底稿	篇830	交战世界。
Haephos	海弗斯	暂定·官方待核	所给英文底稿	篇830	交战世界。
Riatov	里亚托夫	暂定·官方待核	所给英文底稿	篇830	交战世界。
Vorotheion	沃罗西翁	暂定·官方待核	所给英文底稿	篇830	交战世界。
Terran Crusade	泰拉远征	暂定·官方待核	所给英文底稿	篇831	沿原稿。
Verngar	弗恩加尔	暂定·官方待核	所给英文底稿	篇831	红海盗角色，沿原稿。
Adronitus	阿登罗尼图斯	暂定·官方待核	所给英文底稿	篇831	禁军盾卫连长，沿原稿。
Heldrake	地狱魔龙	官方已核	https://assets.warhammer-community.com/chi_06-05_wh40k_core%26key_munitorum_field_manual-5mrlucr2t1-fkybzzzoce.pdf；https://assets.warhammer-community.com/eng_warhammer40000_munitorum_field_manual_march_2025-cims9ya3sg-s8j9m2haae.pdf	GW-09 中文第15页；GW-10 英文第15页；篇0833	混沌星际战士单位名直接对应；英文提取Warp T alons的内部空格为版面提取问题，标准名Warp Talons。
Warp Talons	次元爪	官方已核	https://assets.warhammer-community.com/chi_06-05_wh40k_core%26key_munitorum_field_manual-5mrlucr2t1-fkybzzzoce.pdf；https://assets.warhammer-community.com/eng_warhammer40000_munitorum_field_manual_march_2025-cims9ya3sg-s8j9m2haae.pdf	GW-09 中文第15页；GW-10 英文第15页；篇0833	混沌星际战士单位名直接对应；英文提取Warp T alons的内部空格为版面提取问题，标准名Warp Talons。
Warpsmith	次元铁匠	官方已核	https://assets.warhammer-community.com/chi_06-05_wh40k_core%26key_munitorum_field_manual-5mrlucr2t1-fkybzzzoce.pdf；https://assets.warhammer-community.com/eng_warhammer40000_munitorum_field_manual_march_2025-cims9ya3sg-s8j9m2haae.pdf	GW-09 中文第15页；GW-10 英文第15页；篇0833	混沌星际战士单位名直接对应；英文提取Warp T alons的内部空格为版面提取问题，标准名Warp Talons。
Venomcrawler	剧毒爬行者	官方已核	https://assets.warhammer-community.com/chi_06-05_wh40k_core%26key_munitorum_field_manual-5mrlucr2t1-fkybzzzoce.pdf；https://assets.warhammer-community.com/eng_warhammer40000_munitorum_field_manual_march_2025-cims9ya3sg-s8j9m2haae.pdf	GW-09 中文第15页；GW-10 英文第15页；篇0833	混沌星际战士单位名直接对应；英文提取Warp T alons的内部空格为版面提取问题，标准名Warp Talons。
Forgefiend	铸造恶魔	官方已核	https://assets.warhammer-community.com/chi_06-05_wh40k_core%26key_munitorum_field_manual-5mrlucr2t1-fkybzzzoce.pdf；https://assets.warhammer-community.com/eng_warhammer40000_munitorum_field_manual_march_2025-cims9ya3sg-s8j9m2haae.pdf	GW-09 中文第15页；GW-10 英文第15页；篇0833	混沌星际战士单位名直接对应；英文提取Warp T alons的内部空格为版面提取问题，标准名Warp Talons。
Maulerfiend	重拳恶魔	官方已核	https://assets.warhammer-community.com/chi_06-05_wh40k_core%26key_munitorum_field_manual-5mrlucr2t1-fkybzzzoce.pdf；https://assets.warhammer-community.com/eng_warhammer40000_munitorum_field_manual_march_2025-cims9ya3sg-s8j9m2haae.pdf	GW-09 中文第15页；GW-10 英文第15页；篇0833	混沌星际战士单位名直接对应；英文提取Warp T alons的内部空格为版面提取问题，标准名Warp Talons。
Helbrute	地狱兽	官方已核	https://assets.warhammer-community.com/chi_06-05_wh40k_core%26key_munitorum_field_manual-5mrlucr2t1-fkybzzzoce.pdf；https://assets.warhammer-community.com/eng_warhammer40000_munitorum_field_manual_march_2025-cims9ya3sg-s8j9m2haae.pdf	GW-09 中文第15页；GW-10 英文第15页；篇0833	混沌星际战士单位名直接对应；英文提取Warp T alons的内部空格为版面提取问题，标准名Warp Talons。
Obliterators	泯灭者	官方已核	https://assets.warhammer-community.com/chi_06-05_wh40k_core%26key_munitorum_field_manual-5mrlucr2t1-fkybzzzoce.pdf；https://assets.warhammer-community.com/eng_warhammer40000_munitorum_field_manual_march_2025-cims9ya3sg-s8j9m2haae.pdf	GW-09 中文第15页；GW-10 英文第15页；篇0833	混沌星际战士单位名直接对应；英文提取Warp T alons的内部空格为版面提取问题，标准名Warp Talons。
Defiler	污染者	官方已核	https://assets.warhammer-community.com/chi_06-05_wh40k_core%26key_munitorum_field_manual-5mrlucr2t1-fkybzzzoce.pdf；https://assets.warhammer-community.com/eng_warhammer40000_munitorum_field_manual_march_2025-cims9ya3sg-s8j9m2haae.pdf	GW-09 中文第15页；GW-10 英文第15页；篇0833	混沌星际战士单位名直接对应；英文提取Warp T alons的内部空格为版面提取问题，标准名Warp Talons。
Noctilith Crown	夜石魔冠	官方已核	https://assets.warhammer-community.com/chi_06-05_wh40k_core%26key_munitorum_field_manual-5mrlucr2t1-fkybzzzoce.pdf；https://assets.warhammer-community.com/eng_warhammer40000_munitorum_field_manual_march_2025-cims9ya3sg-s8j9m2haae.pdf	GW-09 中文第15页；GW-10 英文第15页；篇0833	混沌星际战士单位名直接对应；英文提取Warp T alons的内部空格为版面提取问题，标准名Warp Talons。
Aquilarian Council	阿奎拉议会	暂定·待核官方	英文底稿；核心词根及全书先前定译	篇0833	原稿沉香议会；Aquilarian为专名，不按植物属名意译。
Megaborealis	大北极光	暂定·待核官方	英文底稿；核心词根及全书先前定译	篇0833	沿先前已定地名；大北极星与大北极光统一。
Sacrus Tora Hawking	萨克鲁斯·托拉·霍金	暂定·待核官方	英文底稿；核心词根及全书先前定译	篇0833	轨道空间站专名，沿既定音译；不是本篇人物，原神圣谕示鹰猎为过度意译。
Arch-Lord Discordant	大不谐领主	暂定·待核官方	英文底稿；核心词根及全书先前定译	篇0833	特殊职衔；参考完整官方单位中的不谐领主词根，Arch部分暂定。
Vex Machinator	维克斯·策划者	暂定·待核官方	英文底稿；核心词根及全书先前定译	篇0833	名字；原稿把Discordant职衔并入人名。
Electros	埃莱克特罗斯	暂定·待核官方	英文底稿；核心词根及全书先前定译	篇0833	巢都专名，原稿电镀为误作普通词。
Fabricator	铸造师	暂定·待核官方	英文底稿；核心词根及全书先前定译	篇0833	源文无General，不擅加为铸造将军。
Arch-Commodore	首席海军准将	暂定·待核官方	英文底稿；核心词根及全书先前定译	篇0833	与Commodore海军准将保持职级关系，暂定。
Nemesis 9 Tyrantis	涅墨西斯九号·泰兰提斯	暂定·待核官方	英文底稿；核心词根及全书先前定译	篇0833	原稿末词泰伦；此为专名，不应缩成种族称呼。
Temperance Blaise	节制者布莱兹	暂定·待核官方	英文底稿；核心词根及全书先前定译	篇0833	沿原稿称号式译法；Temperance为名字或德性称号尚待核。
Lake Dontor / Lake Donotor	多托尔湖	暂定·待核官方	英文底稿；核心词根及全书先前定译	篇0833	同段相同地点异拼，保留英文并统一中文。
Dirkden / Dirksden	德克登	暂定·待核官方	英文底稿；核心词根及全书先前定译	篇0833	警戒星地名异拼沿现稿统一。
Mortwald	莫特瓦德	暂定·待核官方	英文底稿；核心词根及全书先前定译	篇0833	沿本篇首次已有音译统一。
Omnissian Hoist	欧姆尼赛亚升降机	暂定·待核官方	英文底稿；核心词根及全书先前定译	篇0833	依核心欧姆尼赛亚词根；原万机神升降机留原译对照。
Citadel Vigilant	警戒堡	暂定·待核官方	英文底稿；核心词根及全书先前定译	篇0833	警戒星地面要塞；区别同中文名的Vigil空间站。
The Giants	巨人高地	暂定·待核官方	英文底稿；核心词根及全书先前定译	篇0833	一组锯齿状高原地区；补地理性质避免误当巨人生物。
Calgar’s Gambit	卡尔加的险招	暂定·待核官方	英文底稿；核心词根及全书先前定译	篇0833	gambit在战术语境为冒险策略，不照搬棋语让棋。
The Purge of Dontoria	多托瑞亚清剿战	暂定·待核官方	英文底稿；核心词根及全书先前定译	篇0833	战役名；区别The Purge净世疫军战帮。
Gellerpox Infected	盖勒瘟疫感染者	暂定·待核官方	英文底稿；核心词根及全书先前定译	篇0833	原稿盖勒铁瘟感染者无英文铁义。
Gellerpox	盖勒瘟疫	暂定·待核官方	英文底稿；核心词根及全书先前定译	篇0833	原盖勒铁瘟统一；暂定。
Claw of the Thirsting Wyrm	渴龙之爪	暂定·待核官方	英文底稿；核心词根及全书先前定译	篇0833	基因窃取者教派；Claw/Claws同篇变体。
Lenkotz Chain	伦科茨链区	暂定·待核官方	英文底稿；核心词根及全书先前定译	篇0833	警戒星地表地区，不误作星链。
Order of the Last Prioress	最后院长修会	暂定·待核官方	英文底稿；核心词根及全书先前定译	篇0833	沿现稿修会名称，Prioress为女修道院长。
Kaelac’s Bane	凯拉克之灾	暂定·待核官方	英文底稿；核心词根及全书先前定译	篇0833	南方工业和供水区域。
Vhulian Swirl	维胡利安漩涡	暂定·待核官方	英文底稿；核心词根及全书先前定译	篇0833	警戒星战事中的亚空间现象。
Vhulian Anomaly	维胡利安异象	暂定·待核官方	英文底稿；核心词根及全书先前定译	篇0833	与Vhulian Swirl有关但保留不同原称。
Phaestos Mound	费斯托斯土丘	暂定·待核官方	英文底稿；核心词根及全书先前定译	篇0833	警戒星火山。
Turingsbane Datahives	图灵克星数据巢	暂定·待核官方	英文底稿；核心词根及全书先前定译	篇0833	沿原稿专名，数据设施。
Magentine Veils	品红帷幕	暂定·待核官方	英文底稿；核心词根及全书先前定译	篇0833	警戒星地理区域；833与932均指此地，不是独立军事力量。
Magentine Arms	品红武器厂	暂定·待核官方	英文底稿；核心词根及全书先前定译	篇0833	沿原稿工业组织名。
Eyrie of Reflection	折射鹰巢	暂定·待核官方	英文底稿；核心词根及全书先前定译	篇0833	沿现稿设施名，暂定。
Lucienne Agamemnus IX	卢西安·阿伽门努斯九世	暂定·待核官方	英文底稿；核心词根及全书先前定译	篇0833	沿现稿警戒星统治者人名。
Deinos Agamemnus	迪诺斯·阿伽门努斯	暂定·待核官方	英文底稿；核心词根及全书先前定译	篇0833	沿现稿同家族人名。
Slygaxx the Prophet	先知斯莱加克斯	暂定·待核官方	英文底稿；核心词根及全书先前定译	篇0833	基因窃取者领袖。
Grandsire Wurm	祖尊乌尔姆	暂定·待核官方	英文底稿；核心词根及全书先前定译	篇0833	教派族长称号与人名。
Dethru Noan	迪瑟鲁·诺安	暂定·待核官方	英文底稿；核心词根及全书先前定译	篇0833	基因窃取者领军。
Delarique du Languille	德拉芮珂·杜·朗顾伊	暂定·待核官方	英文底稿；核心词根及全书先前定译	篇0833	沿现稿人名。
Nesium Caldrike	涅西姆·卡卓克	暂定·待核官方	英文底稿；核心词根及全书先前定译	篇0833	技术祭司人名，不将不同出现的职衔强并。
Zhune Tzang	祝恩·张	暂定·待核官方	英文底稿；核心词根及全书先前定译	篇0833	沿现稿人名，暂定。
Thorosgar Bear-Fist	索罗斯加尔·熊拳	暂定·待核官方	英文底稿；核心词根及全书先前定译	篇0833	沿现稿人名与称号。
Nerrogh van Thrynn	内罗格·冯·斯里恩	暂定·待核官方	英文底稿；核心词根及全书先前定译	篇0833	沿现稿人名。
Joren Vanaklimptas	乔伦·冯·阿克林普塔斯	暂定·待核官方	英文底稿；核心词根及全书先前定译	篇0833	沿现稿人名。
Zoculinsus	祖库林斯	暂定·待核官方	英文底稿；核心词根及全书先前定译	篇0833	沿现稿人名。
Master of Possession	唤魔大师	官方已核	https://assets.warhammer-community.com/chi_06-05_wh40k_core%26key_munitorum_field_manual-5mrlucr2t1-fkybzzzoce.pdf；https://assets.warhammer-community.com/eng_warhammer40000_munitorum_field_manual_march_2025-cims9ya3sg-s8j9m2haae.pdf	GW-09 中文第15页；GW-10 英文第15页；篇0833	混沌星际战士单位名直接对应。
Sonasthi Royal Guard	索纳斯蒂皇家卫队	暂定·官方待核	英文底稿；经逐条精校的参战序列	A0834-B0052	队名与编制数量分列；沿现稿或依词义纠正，不宣称官方译名。
Vigilant Guard	警戒卫队	暂定·官方待核	英文底稿；经逐条精校的参战序列	A0834-B0054	队名与编制数量分列；沿现稿或依词义纠正，不宣称官方译名。
Vigilant Creedsmen	警戒信徒	暂定·官方待核	英文底稿；经逐条精校的参战序列	A0834-B0056	队名与编制数量分列；沿现稿或依词义纠正，不宣称官方译名。
Vyacine Adepts	维亚辛专家	暂定·官方待核	英文底稿；经逐条精校的参战序列	A0834-B0058	队名与编制数量分列；沿现稿或依词义纠正，不宣称官方译名。
Adamant Rifles	坚定步枪兵	暂定·官方待核	英文底稿；经逐条精校的参战序列	A0834-B0060	队名与编制数量分列；沿现稿或依词义纠正，不宣称官方译名。
Dagmar Guard	达格玛卫队	暂定·官方待核	英文底稿；经逐条精校的参战序列	A0834-B0062	队名与编制数量分列；沿现稿或依词义纠正，不宣称官方译名。
Nord Lothan Vanguard	诺德洛坦先锋	暂定·官方待核	英文底稿；经逐条精校的参战序列	A0834-B0064	队名与编制数量分列；沿现稿或依词义纠正，不宣称官方译名。
Expadar Vengers	埃克斯帕达尔复仇者	暂定·官方待核	英文底稿；经逐条精校的参战序列	A0834-B0066	队名与编制数量分列；沿现稿或依词义纠正，不宣称官方译名。
Black Torus Scouts	黑环侦察兵	暂定·官方待核	英文底稿；经逐条精校的参战序列	A0834-B0069	队名与编制数量分列；沿现稿或依词义纠正，不宣称官方译名。
Sondoran Gearheads	桑多兰机械狂	暂定·官方待核	英文底稿；经逐条精校的参战序列	A0834-B0072	队名与编制数量分列；沿现稿或依词义纠正，不宣称官方译名。
Cadian Heavy Armoured	卡迪亚重装甲部队	暂定·官方待核	英文底稿；经逐条精校的参战序列	A0834-B0074	队名与编制数量分列；沿现稿或依词义纠正，不宣称官方译名。
Ustenoran Gundogs	乌斯泰诺兰枪炮犬	暂定·官方待核	英文底稿；经逐条精校的参战序列	A0834-B0076	队名与编制数量分列；沿现稿或依词义纠正，不宣称官方译名。
Kharbys Iron Cavalry	哈尔比斯铁骑兵	暂定·官方待核	英文底稿；经逐条精校的参战序列	A0834-B0078	队名与编制数量分列；沿现稿或依词义纠正，不宣称官方译名。
Utica Pikemen River Guard	尤提卡长矛兵河防卫队	暂定·官方待核	英文底稿；经逐条精校的参战序列	A0834-B0086	队名与编制数量分列；沿现稿或依词义纠正，不宣称官方译名。
Palladion Rifles	帕拉迪奥步枪兵	暂定·官方待核	英文底稿；经逐条精校的参战序列	A0834-B0088	队名与编制数量分列；沿现稿或依词义纠正，不宣称官方译名。
Tallarn Desert Raiders	塔兰沙漠突袭者	暂定·官方待核	英文底稿；经逐条精校的参战序列	A0834-B0090	队名与编制数量分列；沿现稿或依词义纠正，不宣称官方译名。
Miasman Redcowls	米亚斯曼红袍	暂定·官方待核	英文底稿；经逐条精校的参战序列	A0834-B0092	队名与编制数量分列；沿现稿或依词义纠正，不宣称官方译名。
Hydroplant Water Hounds	水厂水猎犬	暂定·官方待核	英文底稿；经逐条精校的参战序列	A0834-B0094	队名与编制数量分列；沿现稿或依词义纠正，不宣称官方译名。
Vastadt I Expendrines	瓦斯塔特一号牺牲者	暂定·官方待核	英文底稿；经逐条精校的参战序列	A0834-B0096	队名与编制数量分列；沿现稿或依词义纠正，不宣称官方译名。
Gharti Volunteers	加尔蒂志愿军	暂定·官方待核	英文底稿；经逐条精校的参战序列	A0834-B0098	队名与编制数量分列；沿现稿或依词义纠正，不宣称官方译名。
Tekarn Iron Men	特卡恩铁人	暂定·官方待核	英文底稿；经逐条精校的参战序列	A0834-B0100	队名与编制数量分列；沿现稿或依词义纠正，不宣称官方译名。
Vresh Grenadiers	弗里什掷弹兵	暂定·官方待核	英文底稿；经逐条精校的参战序列	A0834-B0102	队名与编制数量分列；沿现稿或依词义纠正，不宣称官方译名。
Anark Zeta Bullgryn Auxilia	阿纳克·泽塔牛格林辅助军	暂定·官方待核	英文底稿；经逐条精校的参战序列	A0834-B0104	队名与编制数量分列；沿现稿或依词义纠正，不宣称官方译名。
Vigilant Underhivers	警戒底巢民	暂定·官方待核	英文底稿；经逐条精校的参战序列	A0834-B0107	队名与编制数量分列；沿现稿或依词义纠正，不宣称官方译名。
Dharan Bloodfists	达朗血拳	暂定·官方待核	英文底稿；经逐条精校的参战序列	A0834-B0109	队名与编制数量分列；沿现稿或依词义纠正，不宣称官方译名。
Cthonol Nineguards	克索诺尔九卫	暂定·官方待核	英文底稿；经逐条精校的参战序列	A0834-B0113	队名与编制数量分列；沿现稿或依词义纠正，不宣称官方译名。
Anark Zeta Abhuman Auxilia	阿纳克·泽塔亚人类辅助军	暂定·官方待核	英文底稿；经逐条精校的参战序列	A0834-B0117	队名与编制数量分列；沿现稿或依词义纠正，不宣称官方译名。
Mordian Iron Guard	莫迪安铁卫	暂定·官方待核	英文底稿；经逐条精校的参战序列	A0834-B0124	队名与编制数量分列；沿现稿或依词义纠正，不宣称官方译名。
Gantor Rough Riders	甘托蛮骑兵	暂定·官方待核	英文底稿；经逐条精校的参战序列	A0834-B0126	队名与编制数量分列；沿现稿或依词义纠正，不宣称官方译名。
Indigan Praefects	因迪加近卫军	暂定·官方待核	英文底稿；经逐条精校的参战序列	A0834-B0128	队名与编制数量分列；沿现稿或依词义纠正，不宣称官方译名。
Ezelti Lancers	埃泽蒂枪骑兵	暂定·官方待核	英文底稿；经逐条精校的参战序列	A0834-B0130	队名与编制数量分列；沿现稿或依词义纠正，不宣称官方译名。
Ocanan Rad Waste Troopers	奥卡南辐射荒原兵	暂定·官方待核	英文底稿；经逐条精校的参战序列	A0834-B0132	队名与编制数量分列；沿现稿或依词义纠正，不宣称官方译名。
Cadian Shock Troopers	卡迪亚突击军	暂定·官方待核	英文底稿；经逐条精校的参战序列	A0834-B0135	队名与编制数量分列；沿现稿或依词义纠正，不宣称官方译名。
Ventrillian Nobles	文崔利安贵族	暂定·官方待核	英文底稿；经逐条精校的参战序列	A0834-B0143	队名与编制数量分列；沿现稿或依词义纠正，不宣称官方译名。
Truskan Snowhounds	图斯坎雪犬	暂定·官方待核	英文底稿；经逐条精校的参战序列	A0834-B0149	队名与编制数量分列；沿现稿或依词义纠正，不宣称官方译名。
Valhallan Ice Warriors	瓦尔哈拉冰雪战士	暂定·官方待核	英文底稿；经逐条精校的参战序列	A0834-B0153	队名与编制数量分列；沿现稿或依词义纠正，不宣称官方译名。
Winged Grail	带翼圣杯	暂定·官方待核	英文底稿；经逐条精校的参战序列	A0834-B0167	队名与编制数量分列；沿现稿或依词义纠正，不宣称官方译名。
Order of the Ebon Chalice	乌木圣杯修会	暂定·官方待核	英文底稿；经逐条精校的参战序列	A0834-B0248	队名与编制数量分列；沿现稿或依词义纠正，不宣称官方译名。
Order of the Argent Shroud	银白寿衣修会	暂定·官方待核	英文底稿；经逐条精校的参战序列	A0834-B0250	队名与编制数量分列；沿现稿或依词义纠正，不宣称官方译名。
Order of the Martyr's Shroud	殉教寿衣修会	暂定·官方待核	英文底稿；经逐条精校的参战序列	A0834-B0255	队名与编制数量分列；沿现稿或依词义纠正，不宣称官方译名。
Hyperion Hounds Warhound Titan cohort	许珀里翁猎犬战犬级泰坦大队	暂定·官方待核	英文底稿；经逐条精校的参战序列	A0834-B0265	队名与编制数量分列；沿现稿或依词义纠正，不宣称官方译名。
Fort Dakka	哒咔堡	暂定·官方待核	英文底稿；经逐条精校的参战序列	A0834-B0274	队名与编制数量分列；沿现稿或依词义纠正，不宣称官方译名。
Krooldakka Blitz Brigade	克鲁哒咔闪击旅	暂定·官方待核	英文底稿；经逐条精校的参战序列	A0834-B0276	队名与编制数量分列；沿现稿或依词义纠正，不宣称官方译名。
Ozgrog's Kult of Speed	欧兹葛罗格的极速教派	暂定·官方待核	英文底稿；经逐条精校的参战序列	A0834-B0278	队名与编制数量分列；沿现稿或依词义纠正，不宣称官方译名。
Boss Narkas' Speedin Kult	头目那卡斯的极速教派	暂定·官方待核	英文底稿；经逐条精校的参战序列	A0834-B0280	队名与编制数量分列；沿现稿或依词义纠正，不宣称官方译名。
Da Oil Guzzlas	牛饮机油帮	暂定·官方待核	英文底稿；经逐条精校的参战序列	A0834-B0282	队名与编制数量分列；沿现稿或依词义纠正，不宣称官方译名。
Da Hubdrop Skinflintz	哈伯德吝啬鬼	暂定·官方待核	英文底稿；经逐条精校的参战序列	A0834-B0284	队名与编制数量分列；沿现稿或依词义纠正，不宣称官方译名。
Tanka Spill	坦咔溢出	暂定·官方待核	英文底稿；经逐条精校的参战序列	A0834-B0286	队名与编制数量分列；沿现稿或依词义纠正，不宣称官方译名。
Dread Mob Tanka	坦咔无畏机甲战帮	暂定·官方待核	英文底稿；经逐条精校的参战序列	A0834-B0288	队名与编制数量分列；沿现稿或依词义纠正，不宣称官方译名。
Da Teefspitta Nobz	吐牙强蛮人	暂定·官方待核	英文底稿；经逐条精校的参战序列	A0834-B0290	队名与编制数量分列；沿现稿或依词义纠正，不宣称官方译名。
Killboss Wrekkfist's Stompa Mob	杀戮头目毁拳的践踏巨机战帮	暂定·官方待核	英文底稿；经逐条精校的参战序列	A0834-B0292	队名与编制数量分列；沿现稿或依词义纠正，不宣称官方译名。
Tanka's Bad Gargants	坦咔的恶棍加冈特	暂定·官方待核	英文底稿；经逐条精校的参战序列	A0834-B0294	队名与编制数量分列；沿现稿或依词义纠正，不宣称官方译名。
Hooladakka's Rig Fleet	霍拉哒咔的钻机车队	暂定·官方待核	英文底稿；经逐条精校的参战序列	A0834-B0296	队名与编制数量分列；沿现稿或依词义纠正，不宣称官方译名。
Oddmek's Twin Skullhammerz	怪技师的双颅骨锤	暂定·官方待核	英文底稿；经逐条精校的参战序列	A0834-B0298	队名与编制数量分列；沿现稿或依词义纠正，不宣称官方译名。
Drokburna's Speedmob	灼岩的极速战帮	暂定·官方待核	英文底稿；经逐条精校的参战序列	A0834-B0300	队名与编制数量分列；沿现稿或依词义纠正，不宣称官方译名。
Drogzot's Crater	德罗格佐特环形坑	暂定·官方待核	英文底稿；经逐条精校的参战序列	A0834-B0302	队名与编制数量分列；沿现稿或依词义纠正，不宣称官方译名。
Mekanik Stormboyz	机械风暴小子	暂定·官方待核	英文底稿；经逐条精校的参战序列	A0834-B0304	队名与编制数量分列；沿现稿或依词义纠正，不宣称官方译名。
Richgit Drukk's Speedsin Supastarz	财痞德鲁克的极速巨星	暂定·官方待核	英文底稿；经逐条精校的参战序列	A0834-B0306	队名与编制数量分列；沿现稿或依词义纠正，不宣称官方译名。
Drogzot's Grave Raidaz	德罗格佐特的掘墓者	暂定·官方待核	英文底稿；经逐条精校的参战序列	A0834-B0308	队名与编制数量分列；沿现稿或依词义纠正，不宣称官方译名。
Big Rigg's Tanka Crawlaz	大装配工的坦咔爬行者	暂定·官方待核	英文底稿；经逐条精校的参战序列	A0834-B0310	队名与编制数量分列；沿现稿或依词义纠正，不宣称官方译名。
Duffa's Goff Rokkers	杜法的高夫摇滚帮	暂定·官方待核	英文底稿；经逐条精校的参战序列	A0834-B0312	队名与编制数量分列；沿现稿或依词义纠正，不宣称官方译名。
Runthive	奔巢	暂定·官方待核	英文底稿；经逐条精校的参战序列	A0834-B0314	队名与编制数量分列；沿现稿或依词义纠正，不宣称官方译名。
Buglurk's Squig Breedaz	巴格卢克的史古格繁育者	暂定·官方待核	英文底稿；经逐条精校的参战序列	A0834-B0316	队名与编制数量分列；沿现稿或依词义纠正，不宣称官方译名。
Olden Runtherd Tribes	古牧奴者部落	暂定·官方待核	英文底稿；经逐条精校的参战序列	A0834-B0318	队名与编制数量分列；沿现稿或依词义纠正，不宣称官方译名。
Badgrot Stikkas	坏屁精尖刺	暂定·官方待核	英文底稿；经逐条精校的参战序列	A0834-B0320	队名与编制数量分列；沿现稿或依词义纠正，不宣称官方译名。
Da Dropz Krew	空投小队	暂定·官方待核	英文底稿；经逐条精校的参战序列	A0834-B0322	队名与编制数量分列；沿现稿或依词义纠正，不宣称官方译名。
Redkap Runt Rebelz	红帽劣种反叛军	暂定·官方待核	英文底稿；经逐条精校的参战序列	A0834-B0324	队名与编制数量分列；沿现稿或依词义纠正，不宣称官方译名。
Deff Gunnaz Big Gunz	重炮大枪	暂定·官方待核	英文底稿；经逐条精校的参战序列	A0834-B0326	队名与编制数量分列；沿现稿或依词义纠正，不宣称官方译名。
Da Evun Bigga Gunz	超级巨炮	暂定·官方待核	英文底稿；经逐条精校的参战序列	A0834-B0328	队名与编制数量分列；沿现稿或依词义纠正，不宣称官方译名。
Da Snakebite Stampede	蛇咬突击	暂定·官方待核	英文底稿；经逐条精校的参战序列	A0834-B0330	队名与编制数量分列；沿现稿或依词义纠正，不宣称官方译名。
Da Big Lugz	巨猛男	暂定·官方待核	英文底稿；经逐条精校的参战序列	A0834-B0332	队名与编制数量分列；沿现稿或依词义纠正，不宣称官方译名。
Mekstop City	技师停城	暂定·官方待核	英文底稿；经逐条精校的参战序列	A0834-B0334	队名与编制数量分列；沿现稿或依词义纠正，不宣称官方译名。
Lugnatz' Blitza Boys	卢格纳茨的突袭小子	暂定·官方待核	英文底稿；经逐条精校的参战序列	A0834-B0336	队名与编制数量分列；沿现稿或依词义纠正，不宣称官方译名。
Da Kogtribe Grindaz	克格部落碾碎者	暂定·官方待核	英文底稿；经逐条精校的参战序列	A0834-B0338	队名与编制数量分列；沿现稿或依词义纠正，不宣称官方译名。
Da Skrapyard Dogz	废料场恶犬	暂定·官方待核	英文底稿；经逐条精校的参战序列	A0834-B0340	队名与编制数量分列；沿现稿或依词义纠正，不宣称官方译名。
Kommander Grokker's Ladz fer Hire	指挥官格洛克尔的佣兵小子们	暂定·官方待核	英文底稿；经逐条精校的参战序列	A0834-B0342	队名与编制数量分列；沿现稿或依词义纠正，不宣称官方译名。
Grokker's Tankmurkz	格洛克尔的坦克屠戮者	暂定·官方待核	英文底稿；经逐条精校的参战序列	A0834-B0344	队名与编制数量分列；沿现稿或依词义纠正，不宣称官方译名。
Stormboss Stampskull's Skyburna Korps	风暴头目压颅的燃空军团	暂定·官方待核	英文底稿；经逐条精校的参战序列	A0834-B0346	队名与编制数量分列；沿现稿或依词义纠正，不宣称官方译名。
Drokk's Rivet Krew	德洛克的铆接队	暂定·官方待核	英文底稿；经逐条精校的参战序列	A0834-B0348	队名与编制数量分列；沿现稿或依词义纠正，不宣称官方译名。
Gork's Landing	搞哥登陆场	暂定·官方待核	英文底稿；经逐条精校的参战序列	A0834-B0350	队名与编制数量分列；沿现稿或依词义纠正，不宣称官方译名。
Zogbag's Killaz	佐格巴格的杀戮者	暂定·官方待核	英文底稿；经逐条精校的参战序列	A0834-B0352	队名与编制数量分列；沿现稿或依词义纠正，不宣称官方译名。
Morkanaut Mekkin Krew	摩克机甲技师组	暂定·官方待核	英文底稿；经逐条精校的参战序列	A0834-B0354	队名与编制数量分列；沿现稿或依词义纠正，不宣称官方译名。
Gorkanaut Dekkin Mob	格克机甲拆解战帮	暂定·官方待核	英文底稿；经逐条精校的参战序列	A0834-B0356	队名与编制数量分列；沿现稿或依词义纠正，不宣称官方译名。
Zogbag's Krumpin Mob	佐格巴格的狂殴战帮	暂定·官方待核	英文底稿；经逐条精校的参战序列	A0834-B0358	队名与编制数量分列；沿现稿或依词义纠正，不宣称官方译名。
Mekfist Gargants	技师之拳加冈特	暂定·官方待核	英文底稿；经逐条精校的参战序列	A0834-B0360	队名与编制数量分列；沿现稿或依词义纠正，不宣称官方译名。
Da Wheel Hub	轮毂	暂定·官方待核	英文底稿；经逐条精校的参战序列	A0834-B0362	队名与编制数量分列；沿现稿或依词义纠正，不宣称官方译名。
Tramskrappa's Dread Mob	特拉姆斯克拉帕的无畏机甲战帮	暂定·官方待核	英文底稿；经逐条精校的参战序列	A0834-B0364	队名与编制数量分列；沿现稿或依词义纠正，不宣称官方译名。
Da Wheelboss Mekmob	轮胎头目技师暴徒	暂定·官方待核	英文底稿；经逐条精校的参战序列	A0834-B0366	队名与编制数量分列；沿现稿或依词义纠正，不宣称官方译名。
Speedsta Bosskult	极速头目教派	暂定·官方待核	英文底稿；经逐条精校的参战序列	A0834-B0368	队名与编制数量分列；沿现稿或依词义纠正，不宣称官方译名。
Murk's Squigz-on-da-move	默克的机动史古格	暂定·官方待核	英文底稿；经逐条精校的参战序列	A0834-B0370	队名与编制数量分列；沿现稿或依词义纠正，不宣称官方译名。
Boss Dekkit's Blitz Brigade	头目德基特的闪击旅	暂定·官方待核	英文底稿；经逐条精校的参战序列	A0834-B0372	队名与编制数量分列；沿现稿或依词义纠正，不宣称官方译名。
Da Great Gargant Gorzilla	大加冈特“戈尔齐拉”	暂定·官方待核	英文底稿；经逐条精校的参战序列	A0834-B0374	队名与编制数量分列；沿现稿或依词义纠正，不宣称官方译名。
Rakkuk's Mekmaze	拉库克的技师迷宫	暂定·官方待核	英文底稿；经逐条精校的参战序列	A0834-B0376	队名与编制数量分列；沿现稿或依词义纠正，不宣称官方译名。
Rakkuk's Speed Freek Eleet	拉库克的极速狂飙精英	暂定·官方待核	英文底稿；经逐条精校的参战序列	A0834-B0378	队名与编制数量分列；沿现稿或依词义纠正，不宣称官方译名。
Nakkadakk's Doom Skwadron	那卡达克的末日中队	暂定·官方待核	英文底稿；经逐条精校的参战序列	A0834-B0380	队名与编制数量分列；沿现稿或依词义纠正，不宣称官方译名。
Warhog's Dakka-planes	战猪的哒咔飞机	暂定·官方待核	英文底稿；经逐条精校的参战序列	A0834-B0382	队名与编制数量分列；沿现稿或依词义纠正，不宣称官方译名。
Lockjaw's Blastamob	锁颚的爆破暴徒	暂定·官方待核	英文底稿；经逐条精校的参战序列	A0834-B0384	队名与编制数量分列；沿现稿或依词义纠正，不宣称官方译名。
Boss Shokk's Shokkaboyz	头目冲击的震击小子	暂定·官方待核	英文底稿；经逐条精校的参战序列	A0834-B0386	队名与编制数量分列；沿现稿或依词义纠正，不宣称官方译名。
Krogskukk's boyz	克罗格库克的小子	暂定·官方待核	英文底稿；经逐条精校的参战序列	A0834-B0388	队名与编制数量分列；沿现稿或依词义纠正，不宣称官方译名。
Skumtown	污垢镇	暂定·官方待核	英文底稿；经逐条精校的参战序列	A0834-B0390	队名与编制数量分列；沿现稿或依词义纠正，不宣称官方译名。
Deffstompa's Goff Krushas	重踏的高夫碾压队	暂定·官方待核	英文底稿；经逐条精校的参战序列	A0834-B0392	队名与编制数量分列；沿现稿或依词义纠正，不宣称官方译名。
Da No-mess Kill Krew	利落杀戮小队	暂定·官方待核	英文底稿；经逐条精校的参战序列	A0834-B0394	队名与编制数量分列；沿现稿或依词义纠正，不宣称官方译名。
Da Black Axes	黑斧	暂定·官方待核	英文底稿；经逐条精校的参战序列	A0834-B0396	队名与编制数量分列；沿现稿或依词义纠正，不宣称官方译名。
Da Heavy Triggaz	重扳机	暂定·官方待核	英文底稿；经逐条精校的参战序列	A0834-B0398	队名与编制数量分列；沿现稿或依词义纠正，不宣称官方译名。
Hurrikane Rekk	飓风摧毁	暂定·官方待核	英文底稿；经逐条精校的参战序列	A0834-B0400	队名与编制数量分列；沿现稿或依词义纠正，不宣称官方译名。
Da Lootin Pillagers	搜掠劫匪	暂定·官方待核	英文底稿；经逐条精校的参战序列	A0834-B0402	队名与编制数量分列；沿现稿或依词义纠正，不宣称官方译名。
Da Nikkin' Flingaz	偷袭投掷者	暂定·官方待核	英文底稿；经逐条精校的参战序列	A0834-B0404	队名与编制数量分列；沿现稿或依词义纠正，不宣称官方译名。
Da Swirlygig Riders	旋轮骑手	暂定·官方待核	英文底稿；经逐条精校的参战序列	A0834-B0406	队名与编制数量分列；沿现稿或依词义纠正，不宣称官方译名。
Da Bigmob Burnkrew	大型战帮喷火组	暂定·官方待核	英文底稿；经逐条精校的参战序列	A0834-B0408	队名与编制数量分列；沿现稿或依词义纠正，不宣称官方译名。
Krogzak's Burnaz	克洛格扎克的焚烧者	暂定·官方待核	英文底稿；经逐条精校的参战序列	A0834-B0410	队名与编制数量分列；沿现稿或依词义纠正，不宣称官方译名。
Da Pyro-Mekaniak Speedaz	火焰技师狂飙	暂定·官方待核	英文底稿；经逐条精校的参战序列	A0834-B0412	队名与编制数量分列；沿现稿或依词义纠正，不宣称官方译名。
Da Big Gutz	大肚腩	暂定·官方待核	英文底稿；经逐条精校的参战序列	A0834-B0414	队名与编制数量分列；沿现稿或依词义纠正，不宣称官方译名。
Clergy of Piston's Hollow	活塞空洞教士	暂定·官方待核	英文底稿；经逐条精校的参战序列	A0834-B0419	队名与编制数量分列；沿现稿或依词义纠正，不宣称官方译名。
Guardians of the Brood Cathedrum	族裔大教堂守护者	暂定·官方待核	英文底稿；经逐条精校的参战序列	A0834-B0421	队名与编制数量分列；沿现稿或依词义纠正，不宣称官方译名。
Lurkers in the Oil	潜油者	暂定·官方待核	英文底稿；经逐条精校的参战序列	A0834-B0423	队名与编制数量分列；沿现稿或依词义纠正，不宣称官方译名。
Sumpswimmers	池泳者	暂定·官方待核	英文底稿；经逐条精校的参战序列	A0834-B0425	队名与编制数量分列；沿现稿或依词义纠正，不宣称官方译名。
Sons of Azmadiah	阿兹玛迪亚之子	暂定·官方待核	英文底稿；经逐条精校的参战序列	A0834-B0427	队名与编制数量分列；沿现稿或依词义纠正，不宣称官方译名。
The Dynasty Beneath	下层王朝	暂定·官方待核	英文底稿；经逐条精校的参战序列	A0834-B0429	队名与编制数量分列；沿现稿或依词义纠正，不宣称官方译名。
Nameless Creepers	无名爬虫	暂定·官方待核	英文底稿；经逐条精校的参战序列	A0834-B0431	队名与编制数量分列；沿现稿或依词义纠正，不宣称官方译名。
Lineage of Ghent	根特宗族	暂定·官方待核	英文底稿；经逐条精校的参战序列	A0834-B0433	队名与编制数量分列；沿现稿或依词义纠正，不宣称官方译名。
Heralds of the Bladed Cog	刀刃齿轮先驱	暂定·官方待核	英文底稿；经逐条精校的参战序列	A0834-B0435	队名与编制数量分列；沿现稿或依词义纠正，不宣称官方译名。
Claws of Magnar Tertius	马格纳三号之爪	暂定·官方待核	英文底稿；经逐条精校的参战序列	A0834-B0437	队名与编制数量分列；沿现稿或依词义纠正，不宣称官方译名。
The Devoted Sons (Yorl Krassus)	忠诚之子（约尔·克拉斯）— 三个族裔循环编组	暂定·官方待核	英文底稿；经逐条精校的参战序列	A0834-B0439	队名与编制数量分列；沿现稿或依词义纠正，不宣称官方译名。
The Writhing Wyrm	盘绕妖龙	暂定·官方待核	英文底稿；经逐条精校的参战序列	A0834-B0441	队名与编制数量分列；沿现稿或依词义纠正，不宣称官方译名。
Grand Throng of Horga Threnst	霍加·特伦斯特大群	暂定·官方待核	英文底稿；经逐条精校的参战序列	A0834-B0445	队名与编制数量分列；沿现稿或依词义纠正，不宣称官方译名。
Flock Beneath	下层之群	暂定·官方待核	英文底稿；经逐条精校的参战序列	A0834-B0447	队名与编制数量分列；沿现稿或依词义纠正，不宣称官方译名。
Halfbrothers	半兄弟	暂定·官方待核	英文底稿；经逐条精校的参战序列	A0834-B0449	队名与编制数量分列；沿现稿或依词义纠正，不宣称官方译名。
Guardians of the Non-Hive	无巢守护者	暂定·官方待核	英文底稿；经逐条精校的参战序列	A0834-B0451	队名与编制数量分列；沿现稿或依词义纠正，不宣称官方译名。
New Brood Brothers (Undervigilants)	新族裔兄弟（警戒底层民）— 2 个团	暂定·官方待核	英文底稿；经逐条精校的参战序列	A0834-B0453	队名与编制数量分列；沿现稿或依词义纠正，不宣称官方译名。
Lost Generation	迷惘一代	暂定·官方待核	英文底稿；经逐条精校的参战序列	A0834-B0455	队名与编制数量分列；沿现稿或依词义纠正，不宣称官方译名。
Achillan Seekers	阿奇兰探索者	暂定·官方待核	英文底稿；经逐条精校的参战序列	A0834-B0457	队名与编制数量分列；沿现稿或依词义纠正，不宣称官方译名。
Untold Grandchilder	无数孙辈	暂定·官方待核	英文底稿；经逐条精校的参战序列	A0834-B0459	队名与编制数量分列；沿现稿或依词义纠正，不宣称官方译名。
Doting Daughters	溺爱之女	暂定·官方待核	英文底稿；经逐条精校的参战序列	A0834-B0461	队名与编制数量分列；沿现稿或依词义纠正，不宣称官方译名。
Rescalid Sewerlings	阴沟鳞片	暂定·官方待核	英文底稿；经逐条精校的参战序列	A0834-B0463	队名与编制数量分列；沿现稿或依词义纠正，不宣称官方译名。
Shadowed Coil	阴影缠绕	暂定·官方待核	英文底稿；经逐条精校的参战序列	A0834-B0465	队名与编制数量分列；沿现稿或依词义纠正，不宣称官方译名。
Subskein Skitterlings	地脉疾行	暂定·官方待核	英文底稿；经逐条精校的参战序列	A0834-B0467	队名与编制数量分列；沿现稿或依词义纠正，不宣称官方译名。
Dontorian Ur-Dynasty	多托瑞亚始祖王朝	暂定·官方待核	英文底稿；经逐条精校的参战序列	A0834-B0470	队名与编制数量分列；沿现稿或依词义纠正，不宣称官方译名。
Cultist Imperial Guard	沦为教徒的帝国卫队	暂定·官方待核	英文底稿；经逐条精校的参战序列	A0834-B0472	队名与编制数量分列；沿现稿或依词义纠正，不宣称官方译名。
Lake Dontor Underlings	多托尔湖下属教众	暂定·官方待核	英文底稿；经逐条精校的参战序列	A0834-B0474	队名与编制数量分列；沿现稿或依词义纠正，不宣称官方译名。
Children of the Great Choke	大窒息之子	暂定·官方待核	英文底稿；经逐条精校的参战序列	A0834-B0476	队名与编制数量分列；沿现稿或依词义纠正，不宣称官方译名。
Vostoyev Subsprawlers	沃斯托耶夫地下蔓延者	暂定·官方待核	英文底稿；经逐条精校的参战序列	A0834-B0478	队名与编制数量分列；沿现稿或依词义纠正，不宣称官方译名。
Pravdus Truthsayers	普拉维都斯真言者	暂定·官方待核	英文底稿；经逐条精校的参战序列	A0834-B0480	队名与编制数量分列；沿现稿或依词义纠正，不宣称官方译名。
Grodholev Subsprawlers	格罗德霍列夫地下蔓延者	暂定·官方待核	英文底稿；经逐条精校的参战序列	A0834-B0482	队名与编制数量分列；沿现稿或依词义纠正，不宣称官方译名。
Litmus Dock Workers' Union 282	石蕊码头工人工会282	暂定·官方待核	英文底稿；经逐条精校的参战序列	A0834-B0484	队名与编制数量分列；沿现稿或依词义纠正，不宣称官方译名。
Missionary Point Recidivists	传教点累犯	暂定·官方待核	英文底稿；经逐条精校的参战序列	A0834-B0486	队名与编制数量分列；沿现稿或依词义纠正，不宣称官方译名。
Guardia Periphery Ex-Proctors	瓜迪亚外围前督察	暂定·官方待核	英文底稿；经逐条精校的参战序列	A0834-B0488	队名与编制数量分列；沿现稿或依词义纠正，不宣称官方译名。
Deltarian Broodsurgers	德尔塔利安族裔掠袭者	暂定·官方待核	英文底稿；经逐条精校的参战序列	A0834-B0490	队名与编制数量分列；沿现稿或依词义纠正，不宣称官方译名。
Munitorum Delverkin	军务部挖掘族众	暂定·官方待核	英文底稿；经逐条精校的参战序列	A0834-B0492	队名与编制数量分列；沿现稿或依词义纠正，不宣称官方译名。
Hallordwight Ghouls	哈洛德怀特食尸鬼	暂定·官方待核	英文底稿；经逐条精校的参战序列	A0834-B0494	队名与编制数量分列；沿现稿或依词义纠正，不宣称官方译名。
Greigan Hollow 12th Reserve	格雷根山谷第12后备军	暂定·官方待核	英文底稿；经逐条精校的参战序列	A0834-B0497	队名与编制数量分列；沿现稿或依词义纠正，不宣称官方译名。
Oteck Vigilid 9th Militarum	奥特克警戒第九军	暂定·官方待核	英文底稿；经逐条精校的参战序列	A0834-B0499	队名与编制数量分列；沿现稿或依词义纠正，不宣称官方译名。
Agamemnus Hollow 2nd Reserve	阿伽门努斯山谷第二后备军	暂定·官方待核	英文底稿；经逐条精校的参战序列	A0834-B0501	队名与编制数量分列；沿现稿或依词义纠正，不宣称官方译名。
Mysandren Hollow 18th Reserve	迈桑德伦山谷第 18 后备军	暂定·官方待核	英文底稿；经逐条精校的参战序列	A0834-B0503	队名与编制数量分列；沿现稿或依词义纠正，不宣称官方译名。
Mogadon Neophyte Cavalcade	莫加东新信徒骑行队	暂定·官方待核	英文底稿；经逐条精校的参战序列	A0834-B0505	队名与编制数量分列；沿现稿或依词义纠正，不宣称官方译名。
Ostveer Remainder	奥斯特维尔残余	暂定·官方待核	英文底稿；经逐条精校的参战序列	A0834-B0507	队名与编制数量分列；沿现稿或依词义纠正，不宣称官方译名。
Turingsbane Data Recovery Squadron	图灵克星数据恢复中队	暂定·官方待核	英文底稿；经逐条精校的参战序列	A0834-B0509	队名与编制数量分列；沿现稿或依词义纠正，不宣称官方译名。
Domastren Juvesect	多玛斯特伦少年教团	暂定·官方待核	英文底稿；经逐条精校的参战序列	A0834-B0511	队名与编制数量分列；沿现稿或依词义纠正，不宣称官方译名。
Siltid River Patrol	希尔提德河流巡逻队	暂定·官方待核	英文底稿；经逐条精校的参战序列	A0834-B0513	队名与编制数量分列；沿现稿或依词义纠正，不宣称官方译名。
Symphall District Enigmas	辛法尔区谜团	暂定·官方待核	英文底稿；经逐条精校的参战序列	A0834-B0515	队名与编制数量分列；沿现稿或依词义纠正，不宣称官方译名。
The Thirsting Wyrm	渴龙	暂定·官方待核	英文底稿；经逐条精校的参战序列	A0834-B0517	队名与编制数量分列；沿现稿或依词义纠正，不宣称官方译名。
Floraquarian Sect	植物守护者教派	暂定·官方待核	英文底稿；经逐条精校的参战序列	A0834-B0520	队名与编制数量分列；沿现稿或依词义纠正，不宣称官方译名。
Electros Undercrawlers	埃莱克特罗斯下层爬行者	暂定·官方待核	英文底稿；经逐条精校的参战序列	A0834-B0522	队名与编制数量分列；沿现稿或依词义纠正，不宣称官方译名。
Djodrolev Ever-faithful	乔卓列夫永忠者	暂定·官方待核	英文底稿；经逐条精校的参战序列	A0834-B0524	队名与编制数量分列；沿现稿或依词义纠正，不宣称官方译名。
Immortalis Spireguard	不朽尖塔卫队	暂定·官方待核	英文底稿；经逐条精校的参战序列	A0834-B0526	队名与编制数量分列；沿现稿或依词义纠正，不宣称官方译名。
Rejuvenis Youthstealers	焕新青春窃取者	暂定·官方待核	英文底稿；经逐条精校的参战序列	A0834-B0528	队名与编制数量分列；沿现稿或依词义纠正，不宣称官方译名。
The Ageless Wyrm	不老之龙	暂定·官方待核	英文底稿；经逐条精校的参战序列	A0834-B0530	队名与编制数量分列；沿现稿或依词义纠正，不宣称官方译名。
Catacean Sappers	卡塔西安工兵	暂定·官方待核	英文底稿；经逐条精校的参战序列	A0834-B0532	队名与编制数量分列；沿现稿或依词义纠正，不宣称官方译名。
Trenchcrawlers	战壕爬行者	暂定·官方待核	英文底稿；经逐条精校的参战序列	A0834-B0534	队名与编制数量分列；沿现稿或依词义纠正，不宣称官方译名。
Biosantic Aberrants	拜奥桑蒂克畸变体	暂定·官方待核	英文底稿；经逐条精校的参战序列	A0834-B0536	队名与编制数量分列；沿现稿或依词义纠正，不宣称官方译名。
Glatchian Grandchilder	格拉奇安后裔	暂定·官方待核	英文底稿；经逐条精校的参战序列	A0834-B0539	队名与编制数量分列；沿现稿或依词义纠正，不宣称官方译名。
Magentine Stainclaws	品红污爪	暂定·官方待核	英文底稿；经逐条精校的参战序列	A0834-B0541	队名与编制数量分列；沿现稿或依词义纠正，不宣称官方译名。
Dubchec Cleanser Corps	杜布切克清除者部队	暂定·官方待核	英文底稿；经逐条精校的参战序列	A0834-B0543	队名与编制数量分列；沿现稿或依词义纠正，不宣称官方译名。
Industrial Enclave 15/BZ	工业飞地15/BZ	暂定·官方待核	英文底稿；经逐条精校的参战序列	A0834-B0545	队名与编制数量分列；沿现稿或依词义纠正，不宣称官方译名。
Van Gollick Tarmacadians	范·戈利克·塔马卡迪安	暂定·官方待核	英文底稿；经逐条精校的参战序列	A0834-B0547	队名与编制数量分列；沿现稿或依词义纠正，不宣称官方译名。
Fotwall Infiltrators	弗特沃渗透者	暂定·官方待核	英文底稿；经逐条精校的参战序列	A0834-B0549	队名与编制数量分列；沿现稿或依词义纠正，不宣称官方译名。
Dust-dock Scour Detail	尘坞扫荡分队	暂定·官方待核	英文底稿；经逐条精校的参战序列	A0834-B0551	队名与编制数量分列；沿现稿或依词义纠正，不宣称官方译名。
Macroyard Worker Detail 742	宏场工人分队742	暂定·官方待核	英文底稿；经逐条精校的参战序列	A0834-B0553	队名与编制数量分列；沿现稿或依词义纠正，不宣称官方译名。
Hekatorian Burnskins	赫卡托利安燃皮	暂定·官方待核	英文底稿；经逐条精校的参战序列	A0834-B0556	队名与编制数量分列；沿现稿或依词义纠正，不宣称官方译名。
Colossid Caldera-Crawlers	科洛西德火山口爬行者	暂定·官方待核	英文底稿；经逐条精校的参战序列	A0834-B0558	队名与编制数量分列；沿现稿或依词义纠正，不宣称官方译名。
Phaestos Mountaineers	费斯托斯登山者	暂定·官方待核	英文底稿；经逐条精校的参战序列	A0834-B0560	队名与编制数量分列；沿现稿或依词义纠正，不宣称官方译名。
Spawn of Mother Magma	岩浆母亲的子嗣	暂定·官方待核	英文底稿；经逐条精校的参战序列	A0834-B0562	队名与编制数量分列；沿现稿或依词义纠正，不宣称官方译名。
Aphotic Blade	无光之刃	暂定·官方待核	英文底稿；经逐条精校的参战序列	A0834-B0566	队名与编制数量分列；沿现稿或依词义纠正，不宣称官方译名。
Shrieking Masquerade	尖啸假面	暂定·官方待核	英文底稿；经逐条精校的参战序列	A0834-B0568	队名与编制数量分列；沿现稿或依词义纠正，不宣称官方译名。
Ashen Dead	灰烬亡者	暂定·官方待核	英文底稿；经逐条精校的参战序列	A0834-B0570	队名与编制数量分列；沿现稿或依词义纠正，不宣称官方译名。
Hounds of Abaddon	阿巴顿的猎犬	暂定·官方待核	英文底稿；经逐条精校的参战序列	A0834-B0574	队名与编制数量分列；沿现稿或依词义纠正，不宣称官方译名。
Lord Kadros' Champions	卡德罗领主的冠军勇士	暂定·官方待核	英文底稿；经逐条精校的参战序列	A0834-B0576	队名与编制数量分列；沿现稿或依词义纠正，不宣称官方译名。
Drakkoth's Destroyers	德拉科斯的毁灭者	暂定·官方待核	英文底稿；经逐条精校的参战序列	A0834-B0578	队名与编制数量分列；沿现稿或依词义纠正，不宣称官方译名。
Skull-eaters	吞颅者	暂定·官方待核	英文底稿；经逐条精校的参战序列	A0834-B0580	队名与编制数量分列；沿现稿或依词义纠正，不宣称官方译名。
Bringers of Decay	腐朽使者	暂定·官方待核	英文底稿；经逐条精校的参战序列	A0834-B0582	队名与编制数量分列；沿现稿或依词义纠正，不宣称官方译名。
Crimson Hurricane	深红飓风	暂定·官方待核	英文底稿；经逐条精校的参战序列	A0834-B0584	队名与编制数量分列；沿现稿或依词义纠正，不宣称官方译名。
Thaskor's Chosen	萨斯科亲选	暂定·官方待核	英文底稿；经逐条精校的参战序列	A0834-B0586	队名与编制数量分列；沿现稿或依词义纠正，不宣称官方译名。
Sons of the Cyclops	独眼巨人之子	暂定·官方待核	英文底稿；经逐条精校的参战序列	A0834-B0588	队名与编制数量分列；沿现稿或依词义纠正，不宣称官方译名。
Heralds of the Inevitable End	必然终局先驱	暂定·官方待核	英文底稿；经逐条精校的参战序列	A0834-B0590	队名与编制数量分列；沿现稿或依词义纠正，不宣称官方译名。
Sixth Rapture	第六狂喜	暂定·官方待核	英文底稿；经逐条精校的参战序列	A0834-B0594	队名与编制数量分列；沿现稿或依词义纠正，不宣称官方译名。
Ironspines	铁脊	暂定·官方待核	英文底稿；经逐条精校的参战序列	A0834-B0596	队名与编制数量分列；沿现稿或依词义纠正，不宣称官方译名。
Oathed	誓言者	暂定·官方待核	英文底稿；经逐条精校的参战序列	A0834-B0598	队名与编制数量分列；沿现稿或依词义纠正，不宣称官方译名。
Unworthy Inheritors	不配继承者	暂定·官方待核	英文底稿；经逐条精校的参战序列	A0834-B0600	队名与编制数量分列；沿现稿或依词义纠正，不宣称官方译名。
Warmaster's Blades	战帅之刃	暂定·官方待核	英文底稿；经逐条精校的参战序列	A0834-B0602	队名与编制数量分列；沿现稿或依词义纠正，不宣称官方译名。
Dolorous Strain	哀恸菌株	暂定·官方待核	英文底稿；经逐条精校的参战序列	A0834-B0617	队名与编制数量分列；沿现稿或依词义纠正，不宣称官方译名。
Dhorngar's Goredrinkers	霍恩加尔的饮血者	暂定·官方待核	英文底稿；经逐条精校的参战序列	A0834-B0622	队名与编制数量分列；沿现稿或依词义纠正，不宣称官方译名。
Crushers of Bone	碎骨者	暂定·官方待核	英文底稿；经逐条精校的参战序列	A0834-B0624	队名与编制数量分列；沿现稿或依词义纠正，不宣称官方译名。
Pistonhand's Daemoniforge	活塞之手的恶魔熔炉	暂定·官方待核	英文底稿；经逐条精校的参战序列	A0834-B0626	队名与编制数量分列；沿现稿或依词义纠正，不宣称官方译名。
Xenash Capensis' Rubric Phalanx	克萨纳什·卡彭西斯的红字方阵	暂定·官方待核	英文底稿；经逐条精校的参战序列	A0834-B0629	队名与编制数量分列；沿现稿或依词义纠正，不宣称官方译名。
Masters of Magnus' Will	马格努斯意志之主	暂定·官方待核	英文底稿；经逐条精校的参战序列	A0834-B0633	队名与编制数量分列；沿现稿或依词义纠正，不宣称官方译名。
Scions of the Great Architect	伟大建筑师之裔	暂定·官方待核	英文底稿；经逐条精校的参战序列	A0834-B0635	队名与编制数量分列；沿现稿或依词义纠正，不宣称官方译名。
Anathraxis Warhost	阿纳瑟拉斯大军	暂定·官方待核	英文底稿；经逐条精校的参战序列	A0834-B0638	队名与编制数量分列；沿现稿或依词义纠正，不宣称官方译名。
Pitiless	无情者	暂定·官方待核	英文底稿；经逐条精校的参战序列	A0834-B0640	队名与编制数量分列；沿现稿或依词义纠正，不宣称官方译名。
Hammers Relentless	无情铁锤	暂定·官方待核	英文底稿；经逐条精校的参战序列	A0834-B0642	队名与编制数量分列；沿现稿或依词义纠正，不宣称官方译名。
Siege-masters Olympian	奥林匹亚攻城大师	暂定·官方待核	英文底稿；经逐条精校的参战序列	A0834-B0644	队名与编制数量分列；沿现稿或依词义纠正，不宣称官方译名。
Holy Sons of Lorgar	珞珈的神圣之子	暂定·官方待核	英文底稿；经逐条精校的参战序列	A0834-B0647	队名与编制数量分列；沿现稿或依词义纠正，不宣称官方译名。
Runic Blazon	符文纹章	暂定·官方待核	英文底稿；经逐条精校的参战序列	A0834-B0649	队名与编制数量分列；沿现稿或依词义纠正，不宣称官方译名。
Devout Horde	虔诚大军	暂定·官方待核	英文底稿；经逐条精校的参战序列	A0834-B0651	队名与编制数量分列；沿现稿或依词义纠正，不宣称官方译名。
20th Alpharians	第20阿尔法	暂定·官方待核	英文底稿；经逐条精校的参战序列	A0834-B0656	队名与编制数量分列；沿现稿或依词义纠正，不宣称官方译名。
Armoured Serpents	装甲巨蛇	暂定·官方待核	英文底稿；经逐条精校的参战序列	A0834-B0658	队名与编制数量分列；沿现稿或依词义纠正，不宣称官方译名。
Blades of Savasdus	萨瓦斯都之刃	暂定·官方待核	英文底稿；经逐条精校的参战序列	A0834-B0661	队名与编制数量分列；沿现稿或依词义纠正，不宣称官方译名。
Bleak Claw	荒凉之爪	暂定·官方待核	英文底稿；经逐条精校的参战序列	A0834-B0663	队名与编制数量分列；沿现稿或依词义纠正，不宣称官方译名。
Vreanus' Killers	弗瑞安努斯杀手	暂定·官方待核	英文底稿；经逐条精校的参战序列	A0834-B0665	队名与编制数量分列；沿现稿或依词义纠正，不宣称官方译名。
Lashdrum Monarchs	鞭鼓君主	暂定·官方待核	英文底稿；经逐条精校的参战序列	A0834-B0668	队名与编制数量分列；沿现稿或依词义纠正，不宣称官方译名。
Villsid Skinsmen	维尔西德剥皮者	暂定·官方待核	英文底稿；经逐条精校的参战序列	A0834-B0670	队名与编制数量分列；沿现稿或依词义纠正，不宣称官方译名。
Luscious Few	绚丽密会	暂定·官方待核	英文底稿；经逐条精校的参战序列	A0834-B0672	队名与编制数量分列；沿现稿或依词义纠正，不宣称官方译名。
Jackalan Echoes	豺狼回响	暂定·官方待核	英文底稿；经逐条精校的参战序列	A0834-B0675	队名与编制数量分列；沿现稿或依词义纠正，不宣称官方译名。
Umidia's Call	乌米迪亚之召	暂定·官方待核	英文底稿；经逐条精校的参战序列	A0834-B0677	队名与编制数量分列；沿现稿或依词义纠正，不宣称官方译名。
Spectral Curse	幽魂诅咒	暂定·官方待核	英文底稿；经逐条精校的参战序列	A0834-B0679	队名与编制数量分列；沿现稿或依词义纠正，不宣称官方译名。
Nihilant Banes	虚无之祸	暂定·官方待核	英文底稿；经逐条精校的参战序列	A0834-B0682	队名与编制数量分列；沿现稿或依词义纠正，不宣称官方译名。
Eradicatus Corps	根除军团	暂定·官方待核	英文底稿；经逐条精校的参战序列	A0834-B0684	队名与编制数量分列；沿现稿或依词义纠正，不宣称官方译名。
Seers of Alltome	全书先知	暂定·官方待核	英文底稿；经逐条精校的参战序列	A0834-B0687	队名与编制数量分列；沿现稿或依词义纠正，不宣称官方译名。
Gilded Manifestans	镀金显现	暂定·官方待核	英文底稿；经逐条精校的参战序列	A0834-B0689	队名与编制数量分列；沿现稿或依词义纠正，不宣称官方译名。
Excorias Elite	剥皮精英	暂定·官方待核	英文底稿；经逐条精校的参战序列	A0834-B0691	队名与编制数量分列；沿现稿或依词义纠正，不宣称官方译名。
Daemonbind's Onslaught	束缚恶魔的猛攻	暂定·官方待核	英文底稿；经逐条精校的参战序列	A0834-B0694	队名与编制数量分列；沿现稿或依词义纠正，不宣称官方译名。
Triad of Gore	血腥三位一体	暂定·官方待核	英文底稿；经逐条精校的参战序列	A0834-B0696	队名与编制数量分列；沿现稿或依词义纠正，不宣称官方译名。
Drakes of Savage Roost	蛮栖之龙	暂定·官方待核	英文底稿；经逐条精校的参战序列	A0834-B0698	队名与编制数量分列；沿现稿或依词义纠正，不宣称官方译名。
Machnorian VI	马奇诺里安第六团	暂定·官方待核	英文底稿；经逐条精校的参战序列	A0834-B0703	队名与编制数量分列；沿现稿或依词义纠正，不宣称官方译名。
Vostokh 13th Heavy Infantry	沃斯托克第 13 重步兵团	暂定·官方待核	英文底稿；经逐条精校的参战序列	A0834-B0705	队名与编制数量分列；沿现稿或依词义纠正，不宣称官方译名。
Pallisane Idolators	帕利桑圣像崇拜者	暂定·官方待核	英文底稿；经逐条精校的参战序列	A0834-B0707	队名与编制数量分列；沿现稿或依词义纠正，不宣称官方译名。
Jenen Ironclads	耶拿铁甲	暂定·官方待核	英文底稿；经逐条精校的参战序列	A0834-B0709	队名与编制数量分列；沿现稿或依词义纠正，不宣称官方译名。
Feresk Truthsayers	弗瑞斯克真言者	暂定·官方待核	英文底稿；经逐条精校的参战序列	A0834-B0711	队名与编制数量分列；沿现稿或依词义纠正，不宣称官方译名。
Antivigil Bloodcorps	反警戒鲜血军团	暂定·官方待核	英文底稿；经逐条精校的参战序列	A0834-B0713	队名与编制数量分列；沿现稿或依词义纠正，不宣称官方译名。
Eightfold Blessed	八重祝福	暂定·官方待核	英文底稿；经逐条精校的参战序列	A0834-B0720	队名与编制数量分列；沿现稿或依词义纠正，不宣称官方译名。
Cadian 666th	卡迪亚第 666 团	暂定·官方待核	英文底稿；经逐条精校的参战序列	A0834-B0722	队名与编制数量分列；沿现稿或依词义纠正，不宣称官方译名。
Sons of the Silver King	银王之子	暂定·官方待核	英文底稿；经逐条精校的参战序列	A0834-B0726	队名与编制数量分列；沿现稿或依词义纠正，不宣称官方译名。
Children of the Blessed Light	祝福圣光之子	暂定·官方待核	英文底稿；经逐条精校的参战序列	A0834-B0728	队名与编制数量分列；沿现稿或依词义纠正，不宣称官方译名。
Touched	受触者	暂定·官方待核	英文底稿；经逐条精校的参战序列	A0834-B0730	队名与编制数量分列；沿现稿或依词义纠正，不宣称官方译名。
Cruel Blades	残忍之刃	暂定·官方待核	英文底稿；经逐条精校的参战序列	A0834-B0739	队名与编制数量分列；沿现稿或依词义纠正，不宣称官方译名。
Harnak's Gauntlet	哈纳克的臂铠	暂定·官方待核	英文底稿；经逐条精校的参战序列	A0834-B0741	队名与编制数量分列；沿现稿或依词义纠正，不宣称官方译名。
Feet of Khorne's Ire	恐虐之怒之足	暂定·官方待核	英文底稿；经逐条精校的参战序列	A0834-B0743	队名与编制数量分列；沿现稿或依词义纠正，不宣称官方译名。
Steeltalons	钢爪	暂定·官方待核	英文底稿；经逐条精校的参战序列	A0834-B0745	队名与编制数量分列；沿现稿或依词义纠正，不宣称官方译名。
Red Doom	红色末日	暂定·官方待核	英文底稿；经逐条精校的参战序列	A0834-B0747	队名与编制数量分列；沿现稿或依词义纠正，不宣称官方译名。
Scarlet Manifestation	猩红显现	暂定·官方待核	英文底稿；经逐条精校的参战序列	A0834-B0749	队名与编制数量分列；沿现稿或依词义纠正，不宣称官方译名。
Brazen Shield	黄铜之盾	暂定·官方待核	英文底稿；经逐条精校的参战序列	A0834-B0751	队名与编制数量分列；沿现稿或依词义纠正，不宣称官方译名。
Ulxor's Thunder	乌尔克斯之雷	暂定·官方待核	英文底稿；经逐条精校的参战序列	A0834-B0753	队名与编制数量分列；沿现稿或依词义纠正，不宣称官方译名。
Furnance-maws	熔炉巨口	暂定·官方待核	英文底稿；经逐条精校的参战序列	A0834-B0755	队名与编制数量分列；沿现稿或依词义纠正，不宣称官方译名。
Vishy's Last Cavalcade	维西的最后车队	暂定·官方待核	英文底稿；经逐条精校的参战序列	A0834-B0758	队名与编制数量分列；沿现稿或依词义纠正，不宣称官方译名。
Slathslayer's Merciless Sistren	斯拉斯猎杀者的无情姐妹	暂定·官方待核	英文底稿；经逐条精校的参战序列	A0834-B0760	队名与编制数量分列；沿现稿或依词义纠正，不宣称官方译名。
Gluggatch's Obseons	格拉加奇的隐秘者	暂定·官方待核	英文底稿；经逐条精校的参战序列	A0834-B0762	队名与编制数量分列；沿现稿或依词义纠正，不宣称官方译名。
Helmynch Psyrens	赫尔明奇灵能者	暂定·官方待核	英文底稿；经逐条精校的参战序列	A0834-B0764	队名与编制数量分列；沿现稿或依词义纠正，不宣称官方译名。
Ritual Scorch	灼烧仪式	暂定·官方待核	英文底稿；经逐条精校的参战序列	A0834-B0767	队名与编制数量分列；沿现稿或依词义纠正，不宣称官方译名。
Flickering Fires	闪烁火焰	暂定·官方待核	英文底稿；经逐条精校的参战序列	A0834-B0769	队名与编制数量分列；沿现稿或依词义纠正，不宣称官方译名。
Twisten Helicas	扭曲螺旋	暂定·官方待核	英文底稿；经逐条精校的参战序列	A0834-B0771	队名与编制数量分列；沿现稿或依词义纠正，不宣称官方译名。
Caspering Choir	卡斯珀林唱诗班	暂定·官方待核	英文底稿；经逐条精校的参战序列	A0834-B0773	队名与编制数量分列；沿现稿或依词义纠正，不宣称官方译名。
Brimstone Purgers	硫磺净化者	暂定·官方待核	英文底稿；经逐条精校的参战序列	A0834-B0775	队名与编制数量分列；沿现稿或依词义纠正，不宣称官方译名。
Vernastia's Gifted	维尔纳斯蒂亚的受赐者	暂定·官方待核	英文底稿；经逐条精校的参战序列	A0834-B0777	队名与编制数量分列；沿现稿或依词义纠正，不宣称官方译名。
Olghott's Gifted	奥尔戈特的受赐者	暂定·官方待核	英文底稿；经逐条精校的参战序列	A0834-B0780	队名与编制数量分列；沿现稿或依词义纠正，不宣称官方译名。
Sepsikh Choir	塞普西克唱诗班	暂定·官方待核	英文底稿；经逐条精校的参战序列	A0834-B0782	队名与编制数量分列；沿现稿或依词义纠正，不宣称官方译名。
Mortwald Tallymen	莫特瓦德记录员	暂定·官方待核	英文底稿；经逐条精校的参战序列	A0834-B0784	队名与编制数量分列；沿现稿或依词义纠正，不宣称官方译名。
Bilegut Guard	胆肠守卫	暂定·官方待核	英文底稿；经逐条精校的参战序列	A0834-B0786	队名与编制数量分列；沿现稿或依词义纠正，不宣称官方译名。
Vomitous Deluge	呕吐洪水	暂定·官方待核	英文底稿；经逐条精校的参战序列	A0834-B0788	队名与编制数量分列；沿现稿或依词义纠正，不宣称官方译名。
Hollowed	空心者	暂定·官方待核	英文底稿；经逐条精校的参战序列	A0834-B0790	队名与编制数量分列；沿现稿或依词义纠正，不宣称官方译名。
Foulgyre's Pretties	弗尔盖尔美人	暂定·官方待核	英文底稿；经逐条精校的参战序列	A0834-B0792	队名与编制数量分列；沿现稿或依词义纠正，不宣称官方译名。
Dark Bargain	黑暗交易	暂定·官方待核	英文底稿；经逐条精校的参战序列	A0834-B0795	队名与编制数量分列；沿现稿或依词义纠正，不宣称官方译名。
Rust Incarnate	铁锈化身	暂定·官方待核	英文底稿；经逐条精校的参战序列	A0834-B0797	队名与编制数量分列；沿现稿或依词义纠正，不宣称官方译名。
Stalker on the Horizon	地平线追猎者	暂定·官方待核	英文底稿；经逐条精校的参战序列	A0834-B0799	队名与编制数量分列；沿现稿或依词义纠正，不宣称官方译名。
Saim-Hann Eldar & Wraith Constructs	塞姆罕灵族&幽冥构造体	暂定·官方待核	英文底稿；经逐条精校的参战序列	A0834-B0808	队名与编制数量分列；沿现稿或依词义纠正，不宣称官方译名。
The Altered	变化者	暂定·官方待核	英文底稿；经逐条精校的参战序列	A0834-B0811	队名与编制数量分列；沿现稿或依词义纠正，不宣称官方译名。
Cult of Unending Pain	无尽痛苦教派	暂定·官方待核	英文底稿；经逐条精校的参战序列	A0834-B0817	队名与编制数量分列；沿现稿或依词义纠正，不宣称官方译名。
Cult of the Obsidian Rose	黑曜玫瑰教派	暂定·官方待核	英文底稿；经逐条精校的参战序列	A0834-B0819	队名与编制数量分列；沿现稿或依词义纠正，不宣称官方译名。
Hearthlack	赫斯拉克	暂定·官方待核	英文底稿	篇0834	绕行的小行星，原缺炉误译。
Synod Vigilant	警戒宗教会议	暂定·官方待核	英文底稿	篇0834	国教会掌控的指挥机构。
Thort Ascendancy	索尔特霸权	暂定·官方待核	英文底稿	篇0834	警戒星贵族商业联盟。
Corpse-King Rat	尸王之鼠	暂定·官方待核	英文底稿	篇0834	沿现稿帮派首领称呼。
Black Iconoclasts	黑色破信者	暂定·官方待核	英文底稿	篇0834	审判官麾下精锐，沿现稿。
Corinn Hrethnar	柯琳·赫雷瑟娜	暂定·官方待核	英文底稿	篇0834	鲜血玫瑰大修女；Hrethnarr同人异拼。
Crusade of Mina’s Consecration	米娜祝圣远征	暂定·官方待核	英文底稿	篇0834	consecration为祝圣。
Orgalnafor Massacre	奥尔加纳弗大屠杀	暂定·官方待核	英文底稿	篇0834	沿现稿事件专名。
brood cycle	族裔循环编组	暂定·官方待核	英文底稿	篇0834	基因窃取者参战序列编制名，与分教派和利爪分队不同。
claw	利爪分队	暂定·官方待核	英文底稿	篇0834	基因窃取者编制，不同欧克战帮或身体爪。
sub-sect	分教派	暂定·官方待核	英文底稿	篇0834	基因窃取者组织层级。
Morkanaut	摩克机甲	官方已核	https://assets.warhammer-community.com/chi_06-05_wh40k_core%26key_munitorum_field_manual-5mrlucr2t1-fkybzzzoce.pdf；https://assets.warhammer-community.com/eng_warhammer40000_munitorum_field_manual_march_2025-cims9ya3sg-s8j9m2haae.pdf	GW09第30页；GW10第29页；篇0834	完整单位名直接对应，官方革字保留。
Gargantuan Squiggoth	强巨史古革巨兽	官方已核	https://assets.warhammer-community.com/chi_06-05_wh40k_core%26key_munitorum_field_manual-5mrlucr2t1-fkybzzzoce.pdf；https://assets.warhammer-community.com/eng_warhammer40000_munitorum_field_manual_march_2025-cims9ya3sg-s8j9m2haae.pdf	GW09第30页；GW10第29页；篇0834	完整单位名直接对应，官方革字保留。
Szerhan Nethar	施尔汉·内塔尔	暂定·官方待核	英文底稿；经逐段通读与核心比对	篇0835	沿首次现稿统一后段瑟汉·内斯塔。
Nethar the Chainflayer	锁链剥皮者内塔尔	暂定·官方待核	英文底稿；经逐段通读与核心比对	篇0835	原链锯剥皮者误增锯。
Grakiloid Narrow / Grakiliod Narrow	格拉基罗德狭道	暂定·官方待核	英文底稿；经逐段通读与核心比对	篇0835	原稿异拼同一太空通道，不按海上水道地形强译海峡。
Battle of the Narrow	狭道之战	暂定·官方待核	英文底稿；经逐段通读与核心比对	篇0835	沿地形统一；原海峡之战。
Sanctus Entente	神圣协约	暂定·官方待核	英文底稿；经逐段通读与核心比对	篇0835	审判官联盟，原首处圣洁协约与后文不一。
Septagrammaton Sanguis	七芒星圣血	暂定·官方待核	英文底稿；经逐段通读与核心比对	篇0835	七名审判官组成的另一个联盟。
Urbanosprawl Alpha	阿尔法城市扩区	暂定·官方待核	英文底稿；经逐段通读与核心比对	篇0835	urbanosprawl描述都市蔓延区，不整体当音译人名。
Pyroxis Plaza	派罗克西斯广场	暂定·官方待核	英文底稿；经逐段通读与核心比对	篇0835	专名，原罗盘误套pyxis词义。
Vectorum District	维克托鲁姆区	暂定·官方待核	英文底稿；经逐段通读与核心比对	篇0835	地区专名，原交通区缺直接词义根据。
Fortis Maniple	福蒂斯支队	暂定·官方待核	英文底稿；经逐段通读与核心比对	篇0835	支队专名，与普通精锐修饰分开。
Officio Militarum	军事局	暂定·官方待核	英文底稿；经逐段通读与核心比对	篇0835	本处帝国军事机关，区别Departmento Munitorum军务部，职能细节待核。
Logis-Maximus	最高逻辑士	暂定·官方待核	英文底稿；经逐段通读与核心比对	篇0835	非大小意义最大逻辑士。
Phrengestus Kane	普伦格斯图斯·凯恩	暂定·官方待核	英文底稿；经逐段通读与核心比对	篇0835	沿现稿人名。
Horaxil S'Taeffan Drentor LI	霍拉希尔·斯·泰凡·德伦托尔五十一世	暂定·官方待核	英文底稿；经逐段通读与核心比对	篇0835	LI为序数51，原译李；后文简称德伦托尔。
Thunderlord Lyxades	雷霆领主莱克塞德	暂定·官方待核	英文底稿；经逐段通读与核心比对	篇0835	战将级泰坦名，沿现稿。
Cerulean Stride	天蓝阔步	暂定·官方待核	英文底稿；经逐段通读与核心比对	篇0835	掠夺者级泰坦名，沿现稿。
Jogozh	乔戈日	暂定·官方待核	英文底稿；经逐段通读与核心比对	篇0835	掠夺者级泰坦名，沿现稿。
Quirin Prisca	奎林·普里斯卡	暂定·官方待核	英文底稿；经逐段通读与核心比对	篇0835	女性海军领主上将，先失踪后揭露被俘融合设备。
Rowlan Abery Wolston XIV	罗兰·阿伯里·沃尔斯顿十四世	暂定·官方待核	英文底稿；经逐段通读与核心比对	篇0835	沿现稿人名。
Alibet Ayaneva	阿里贝特·阿亚内瓦	暂定·官方待核	英文底稿；经逐段通读与核心比对	篇0835	堡主领主人名。
Kalendela Tol	卡伦德拉·托尔	暂定·官方待核	英文底稿；经逐段通读与核心比对	篇0835	指挥官人名，沿现稿。
Badron Aqhat	巴德伦·阿克哈特	暂定·官方待核	英文底稿；经逐段通读与核心比对	篇0835	连长人名，沿现稿。
Julianis Mikon	朱利安尼斯·米肯	暂定·官方待核	英文底稿；经逐段通读与核心比对	篇0835	虚空三叉戟连长，统一朱莉安尼斯异译。
Miloni Takta	米洛尼·塔克塔	暂定·官方待核	英文底稿；经逐段通读与核心比对	篇0835	墓地雄鹰连长。
Dogodis Eg'oi	多戈迪斯·埃·戈伊	暂定·官方待核	英文底稿；经逐段通读与核心比对	篇0835	风连长人名，沿现稿。
Arven Nahrdeth	阿尔文·纳尔戴斯	暂定·官方待核	英文底稿；经逐段通读与核心比对	篇0835	圣约守卫者大师，非审判庭导师。
Fulvian	弗尔维安	暂定·官方待核	英文底稿；经逐段通读与核心比对	篇0835	美杜莎之子连长。
Yozelin Tabat	约泽林·塔巴特	暂定·官方待核	英文底稿；经逐段通读与核心比对	篇0835	银色百合修会大修女。
Kessola Amael	凯索拉·阿梅尔	暂定·官方待核	英文底稿；经逐段通读与核心比对	篇0835	深红圣杯修会大修女。
Yelgaratir	叶尔加拉蒂尔	暂定·官方待核	英文底稿；经逐段通读与核心比对	篇0835	海军上将。
Borqil	博尔奇尔	暂定·官方待核	英文底稿；经逐段通读与核心比对	篇0835	海军少将。
Arkimede Thron	阿基米德·斯罗恩	暂定·官方待核	英文底稿；经逐段通读与核心比对	篇0835	大贤者。
Omekron Vrekh	奥梅克龙·弗雷赫	暂定·官方待核	英文底稿；经逐段通读与核心比对	篇0835	贤者。
Solomonh Voloros	索洛蒙·沃洛罗斯	暂定·官方待核	英文底稿；经逐段通读与核心比对	篇0835	贤者。
Theodesus Doi	西奥德苏斯·多伊	暂定·官方待核	英文底稿；经逐段通读与核心比对	篇0835	星界红衣主教。
Kyprian Tellanarosea	基普里安·特兰纳罗萨	暂定·官方待核	英文底稿；经逐段通读与核心比对	篇0835	行商浪人。
Emerys Varran	埃默里斯·瓦兰	暂定·官方待核	英文底稿；经逐段通读与核心比对	篇0835	沿现稿混沌人物。
Tchorr'Kan	乔尔·坎	暂定·官方待核	英文底稿；经逐段通读与核心比对	篇0835	恶魔王子，统一各处撇号形式。
Kaligius	卡利吉斯	暂定·官方待核	英文底稿；经逐段通读与核心比对	篇0835	混沌骑士至高王。
Kaligia	卡莉嘉	暂定·官方待核	英文底稿；经逐段通读与核心比对	篇0835	混沌骑士至高女王。
Torian Kommodar	托里安·科莫达尔	暂定·官方待核	英文底稿；经逐段通读与核心比对	篇0835	混沌骑士男爵。
Astamorkhus Grine-Theta	阿斯塔莫尔克斯·格林-西塔	暂定·官方待核	英文底稿；经逐段通读与核心比对	篇0835	铸造将军。
Skarrovectis	斯卡罗维克提斯	暂定·官方待核	英文底稿；经逐段通读与核心比对	篇0835	死亡守卫恶魔王子。
Tyros Akylla	泰罗斯·阿克拉	暂定·官方待核	英文底稿；经逐段通读与核心比对	篇0835	沿现稿人名。
Gragutz Ship Smasha	碎船者格拉古兹	暂定·官方待核	英文底稿；经逐段通读与核心比对	篇0835	欧克流寇领袖。
Zargbrog da Iron Ork	钢铁欧克扎格布洛格	暂定·官方待核	英文底稿；经逐段通读与核心比对	篇0835	欧克流寇船长。
Bringers of Plague	瘟疫使者	暂定·官方待核	英文底稿；经逐段通读与核心比对	篇0835	哈尔肯先锋，与其他相近战帮分别对照。
Bringers of Terror	恐怖使者	暂定·官方待核	英文底稿；经逐段通读与核心比对	篇0835	同一先锋原恐怖/恐惧两译，统一首次译名。
Bringers of Doubt	怀疑使者	暂定·官方待核	英文底稿；经逐段通读与核心比对	篇0835	哈尔肯先锋。
Reflective Ones / Reflected Ones	倒影众	暂定·官方待核	英文底稿；经逐段通读与核心比对	篇0835	同篇千子战帮不同源文拼法，待核标准英文。
Order of the August Pyre	庄严柴堆修会	暂定·官方待核	英文底稿；经逐段通读与核心比对	篇0835	August非八月。
Order of the Adamant Halo	坚毅光环修会	暂定·官方待核	英文底稿；经逐段通读与核心比对	篇0835	沿原稿坚决光环词义调整。
Lattachia Triumphan	拉塔基亚凯旋号	暂定·官方待核	英文底稿；经逐段通读与核心比对	篇0835	一艘打击巡洋舰，原被拆成两舰。
Karth Victoris	卡尔斯胜利号	暂定·官方待核	英文底稿；经逐段通读与核心比对	篇0835	打击巡洋舰。
Fidelitas Omicron	忠诚奥密克戎号	暂定·官方待核	英文底稿；经逐段通读与核心比对	篇0835	米诺陶战斗驳船，原O改完整专名。
Striking Cobra	突击眼镜蛇号	暂定·官方待核	英文底稿；经逐段通读与核心比对	篇0835	护航舰，striking为攻击而非惊人。
Gobiske Dustcowls	戈比斯克尘兜军	暂定·官方待核	英文底稿；经逐段通读与核心比对	篇0835	卫队部队名，非单独防尘罩物件。
Household Yeomen Following	家族自耕民随从队	暂定·官方待核	英文底稿；经逐段通读与核心比对	篇0835	骑士家族下属编制，非单名人员。
Household Genebound	家族基因束缚者	暂定·官方待核	英文底稿；经逐段通读与核心比对	篇0835	家族所属人群，Births保留为诞群编制。
Styxx 777th Warwolves	斯蒂克斯第777战狼团	暂定·官方待核	英文底稿；经逐段通读与核心比对	篇0835	原冥河易与Stygies等其他实体混淆，按本专名保留音译。
Scorlan Brigantines	斯科兰布里甘丁军	暂定·官方待核	英文底稿；经逐段通读与核心比对	篇0835	卫队部队名，词源可能有船/甲胄多义，暂音译。
Drengr's Brethren	德伦格尔兄弟队	暂定·官方待核	英文底稿；经逐段通读与核心比对	篇0835	狼矛编制，Drengr疑专名或文化称号，未强认普通勇者。
System Defence Monitor	星系防御重炮舰	暂定·官方待核	英文底稿；经逐段通读与核心比对	篇0835	舰艇类别，原监视器错误，通用舰种译名待核。
Flare Scar	耀斑之痕	暂定·官方待核	英文底稿；经逐段通读与核心比对	篇0835	地名沿原稿词义修顺。
Praefectus Bastion	总长堡垒	暂定·官方待核	英文底稿；经逐段通读与核心比对	篇0835	沿现稿主要防御指挥中心。
Tower of Murmuration / Tower of Murmation	默摩瑞申之塔	暂定·官方待核	英文底稿；经逐段通读与核心比对	篇0835	星语唱诗班塔，同篇英文变体保留。
Omega-Threx	欧米伽·特雷克斯	暂定·官方待核	英文底稿；经逐段通读与核心比对	篇0835	铸造卫星与后文planet相冲突，中文统一名字、注类型矛盾。
The Ineluctable	无可逃避者	暂定·官方待核	英文底稿；经逐段通读与核心比对	篇0835	战帮名，原无免者生硬。
Bastrophol	巴斯特罗波尔	暂定·官方待核	英文底稿；既有词根和本篇语境	篇0836	沿现稿世界名。
Shenjin	申津	暂定·官方待核	英文底稿；既有词根和本篇语境	篇0836	沿现稿世界名。
Gehenna (System)	欣嫩子谷星系	暂定·官方待核	英文底稿；既有词根和本篇语境	篇0836	参考既有Gehenna Prime词根，星系和主星层级分别保留。
Olmec	奥尔梅克	暂定·官方待核	英文底稿；既有词根和本篇语境	篇0836	沿现稿世界名。
Lessira	莱西拉	暂定·官方待核	英文底稿；既有词根和本篇语境	篇0836	统一本篇莱斯拉等异译。
Tronion Prasorius	特罗尼奥·普拉索里乌斯	暂定·官方待核	英文底稿；既有词根和本篇语境	篇0836	舰队司令人名，原Tronion亦译特罗尼奥。
Greyshields	灰盾	暂定·官方待核	英文底稿；既有词根和本篇语境	篇0836	未计之子的别称，沿现稿。
Lhorm Reaches	洛尔姆疆域	暂定·官方待核	英文底稿；既有词根和本篇语境	篇0836	空间地区，不是河流河段。
Brass Tyrant	黄铜暴君	暂定·官方待核	英文底稿；既有词根和本篇语境	篇0836	沿现稿恶魔称号。
Tyrant of Blueflame	蓝焰暴君	暂定·官方待核	英文底稿；既有词根和本篇语境	篇0836	沿现稿大魔称号。
Bhundar	布恩达尔	暂定·官方待核	英文底稿；既有词根和本篇语境	篇0836	沿现稿巢都世界名。
Gloriphia	格洛里菲亚	暂定·官方待核	英文底稿；既有词根和本篇语境	篇0836	红衣主教世界名。
Primagenesis System	原初起源星系	暂定·官方待核	英文底稿；既有词根和本篇语境	篇0836	沿现稿专名。
Rhaxor	拉克瑟尔	暂定·官方待核	英文底稿；既有词根和本篇语境	篇0836	恶魔王子人名，沿现稿。
Battle Group Thetera	西特拉战斗群	暂定·官方待核	英文底稿；既有词根和本篇语境	篇0836	第八舰队部队。
Ironhold Protectorate	铁堡保护国	暂定·官方待核	英文底稿；既有词根和本篇语境	篇0836	沿现稿政治实体名。
Groupmaster	集群司令	暂定·官方待核	英文底稿；既有词根和本篇语境	篇0836	不屈远征战斗群统帅，与Fleetmaster舰队司令分级。
Torchbearers	持炬者	暂定·官方待核	英文底稿；既有词根和本篇语境	篇0836	依已定持炬舰队词根；失联战团的原铸技术使团。
Fleetmaster	舰队司令	暂定·官方待核	英文底稿；既有词根和本篇语境	篇0836	不屈远征舰队统帅职衔，沿现稿，区别他处Fleet Master舰队之主。
Battlegroup Betaris	贝塔利斯战斗群	暂定·官方待核	英文底稿；既有词根和本篇语境	篇0836	沿现稿部队名。
Battlegroup Cerastus	塞拉斯图斯战斗群	暂定·官方待核	英文底稿；既有词根和本篇语境	篇0836	沿现稿部队名，不与同名骑士机型合并。
Indomitus Crusade Fleet Decius	不屈远征德西乌斯舰队	暂定·官方待核	英文底稿；既有词根和本篇语境	篇0836	源文未明示番号，十舰队清单实际仅九项，保留缺项注。
Rasmatin Olythaddeus Samil	拉斯马丁·奥利萨迪乌斯·萨米尔	暂定·官方待核	英文底稿；既有词根和本篇语境	篇0836	舰队司令人名。
Aswan Relmay	阿斯旺·雷尔梅	暂定·官方待核	英文底稿；既有词根和本篇语境	篇0836	舰队司令人名。
Trincus Abconcis	特林库斯·阿布康西斯	暂定·官方待核	英文底稿；既有词根和本篇语境	篇0836	舰队司令人名。
Kaosholay	考肖莱	暂定·官方待核	英文底稿；既有词根和本篇语境	篇0836	舰队司令人名。
Donas Maxim	多纳斯·马克西姆	暂定·官方待核	英文底稿；既有词根和本篇语境	篇0836	极光战团典记员，灵能议会领袖。
Concilia Psykana	灵能议会	暂定·官方待核	英文底稿；既有词根和本篇语境	篇0836	基里曼身边的机构。
Maldovar Colquan	马尔多瓦·科尔泉	暂定·官方待核	英文底稿；既有词根和本篇语境	篇0836	禁军保民官人名，沿现稿。
Council Exterra	泰拉外议会	暂定·官方待核	英文底稿；既有词根和本篇语境	篇0836	高领主派驻远征代表议会，沿现稿。
Geesan	吉桑	暂定·官方待核	英文底稿；既有词根和本篇语境	篇0836	战争使徒，后由Mathieu接任。
Andiramus	安迪拉穆斯	暂定·官方待核	英文底稿；既有词根和本篇语境	篇0836	法务部监督官，沿现稿人名。
Provost (Adeptus Arbites)	监督官	暂定·官方待核	英文底稿；既有词根和本篇语境	篇0836	法务部职衔，原教长误作宗教人员；全称待核。
Luthian Xhyle	卢提安·希勒	暂定·官方待核	英文底稿；既有词根和本篇语境	篇0836	帝国卫队千夫长代表。
Filomensya Blaaz	菲洛门希娅·布拉兹	暂定·官方待核	英文底稿；既有词根和本篇语境	篇0836	星语庭灵能导师代表。
Arfon Hoiditma	阿尔丰·霍迪蒂特玛	暂定·官方待核	英文底稿；既有词根和本篇语境	篇0836	审判庭代表，沿现稿。
Dho Gan Mey	多甘梅	暂定·官方待核	英文底稿；既有词根和本篇语境	篇0836	帝国海军少将。
Inquisitor Draxus	审判官德拉克瑟斯	官方已核	https://assets.warhammer-community.com/chi_06-05_wh40k_core%26key_munitorum_field_manual-5mrlucr2t1-fkybzzzoce.pdf；https://assets.warhammer-community.com/eng_warhammer40000_munitorum_field_manual_march_2025-cims9ya3sg-s8j9m2haae.pdf	GW09中文第24页；GW10英文第24页；篇0837	同名官方单位直接中英对应；不根据点数或行号机械配对。
Inquisitor Coteaz	审判官克提兹	官方已核	https://assets.warhammer-community.com/chi_06-05_wh40k_core%26key_munitorum_field_manual-5mrlucr2t1-fkybzzzoce.pdf；https://assets.warhammer-community.com/eng_warhammer40000_munitorum_field_manual_march_2025-cims9ya3sg-s8j9m2haae.pdf	GW09中文第24页；GW10英文第24页；篇0837	同名官方单位直接中英对应；不根据点数或行号机械配对。
Corvus Blackstar	黑星渡鸦	官方已核	https://assets.warhammer-community.com/chi_06-05_wh40k_core%26key_munitorum_field_manual-5mrlucr2t1-fkybzzzoce.pdf；https://assets.warhammer-community.com/eng_warhammer40000_munitorum_field_manual_march_2025-cims9ya3sg-s8j9m2haae.pdf	GW09中文第24页；GW10英文第24页；篇0837	同名官方单位直接中英对应；不根据点数或行号机械配对。
Watch Master	守望堡主	官方已核	https://assets.warhammer-community.com/chi_06-05_wh40k_core%26key_munitorum_field_manual-5mrlucr2t1-fkybzzzoce.pdf；https://assets.warhammer-community.com/eng_warhammer40000_munitorum_field_manual_march_2025-cims9ya3sg-s8j9m2haae.pdf	GW09中文第24页；GW10英文第24页；篇0837	同名官方单位直接中英对应；不根据点数或行号机械配对。
Imperial Navy Breachers	帝国海军跳帮者	官方已核	https://assets.warhammer-community.com/chi_06-05_wh40k_core%26key_munitorum_field_manual-5mrlucr2t1-fkybzzzoce.pdf；https://assets.warhammer-community.com/eng_warhammer40000_munitorum_field_manual_march_2025-cims9ya3sg-s8j9m2haae.pdf	GW09中文第24页；GW10英文第24页；篇0837	同名官方单位直接中英对应；不根据点数或行号机械配对。
Inquisitorial Agents	审判庭特勤	官方已核	https://assets.warhammer-community.com/chi_06-05_wh40k_core%26key_munitorum_field_manual-5mrlucr2t1-fkybzzzoce.pdf；https://assets.warhammer-community.com/eng_warhammer40000_munitorum_field_manual_march_2025-cims9ya3sg-s8j9m2haae.pdf	GW09中文第24页；GW10英文第24页；篇0837	同名官方单位直接中英对应；不根据点数或行号机械配对。
Voidsmen-at-Arms	武装船兵	官方已核	https://assets.warhammer-community.com/chi_06-05_wh40k_core%26key_munitorum_field_manual-5mrlucr2t1-fkybzzzoce.pdf；https://assets.warhammer-community.com/eng_warhammer40000_munitorum_field_manual_march_2025-cims9ya3sg-s8j9m2haae.pdf	GW09中文第24页；GW10英文第24页；篇0837	同名官方单位直接中英对应；不根据点数或行号机械配对。
Rogue Trader Entourage	行商团队	官方已核	https://assets.warhammer-community.com/chi_06-05_wh40k_core%26key_munitorum_field_manual-5mrlucr2t1-fkybzzzoce.pdf；https://assets.warhammer-community.com/eng_warhammer40000_munitorum_field_manual_march_2025-cims9ya3sg-s8j9m2haae.pdf	GW09中文第24页；GW10英文第24页；篇0837	同名官方单位直接中英对应；不根据点数或行号机械配对。
Annihilation Barge	毁灭炮艇	官方已核	https://assets.warhammer-community.com/chi_06-05_wh40k_core%26key_munitorum_field_manual-5mrlucr2t1-fkybzzzoce.pdf；https://assets.warhammer-community.com/eng_warhammer40000_munitorum_field_manual_march_2025-cims9ya3sg-s8j9m2haae.pdf	GW09中文第28页；GW10英文第28页；篇0837	同名官方单位直接中英对应；不根据点数或行号机械配对。
Canoptek Scarab Swarms	冥工圣甲虫群	官方已核	https://assets.warhammer-community.com/chi_06-05_wh40k_core%26key_munitorum_field_manual-5mrlucr2t1-fkybzzzoce.pdf；https://assets.warhammer-community.com/eng_warhammer40000_munitorum_field_manual_march_2025-cims9ya3sg-s8j9m2haae.pdf	GW09中文第28页；GW10英文第28页；篇0837	同名官方单位直接中英对应；不根据点数或行号机械配对。
Canoptek Spyders	冥工蜘蛛	官方已核	https://assets.warhammer-community.com/chi_06-05_wh40k_core%26key_munitorum_field_manual-5mrlucr2t1-fkybzzzoce.pdf；https://assets.warhammer-community.com/eng_warhammer40000_munitorum_field_manual_march_2025-cims9ya3sg-s8j9m2haae.pdf	GW09中文第28页；GW10英文第28页；篇0837	同名官方单位直接中英对应；不根据点数或行号机械配对。
Canoptek Wraiths	冥工幽魂	官方已核	https://assets.warhammer-community.com/chi_06-05_wh40k_core%26key_munitorum_field_manual-5mrlucr2t1-fkybzzzoce.pdf；https://assets.warhammer-community.com/eng_warhammer40000_munitorum_field_manual_march_2025-cims9ya3sg-s8j9m2haae.pdf	GW09中文第28页；GW10英文第28页；篇0837	同名官方单位直接中英对应；不根据点数或行号机械配对。
Catacomb Command Barge	墓穴指挥舰	官方已核	https://assets.warhammer-community.com/chi_06-05_wh40k_core%26key_munitorum_field_manual-5mrlucr2t1-fkybzzzoce.pdf；https://assets.warhammer-community.com/eng_warhammer40000_munitorum_field_manual_march_2025-cims9ya3sg-s8j9m2haae.pdf	GW09中文第28页；GW10英文第28页；篇0837	同名官方单位直接中英对应；不根据点数或行号机械配对。
Chronomancer	时间技师	官方已核	https://assets.warhammer-community.com/chi_06-05_wh40k_core%26key_munitorum_field_manual-5mrlucr2t1-fkybzzzoce.pdf；https://assets.warhammer-community.com/eng_warhammer40000_munitorum_field_manual_march_2025-cims9ya3sg-s8j9m2haae.pdf	GW09中文第28页；GW10英文第28页；篇0837	同名官方单位直接中英对应；不根据点数或行号机械配对。
Convergence of Dominion	统御碑阵	官方已核	https://assets.warhammer-community.com/chi_06-05_wh40k_core%26key_munitorum_field_manual-5mrlucr2t1-fkybzzzoce.pdf；https://assets.warhammer-community.com/eng_warhammer40000_munitorum_field_manual_march_2025-cims9ya3sg-s8j9m2haae.pdf	GW09中文第28页；GW10英文第28页；篇0837	同名官方单位直接中英对应；不根据点数或行号机械配对。
Cryptothralls	墓穴奴仆	官方已核	https://assets.warhammer-community.com/chi_06-05_wh40k_core%26key_munitorum_field_manual-5mrlucr2t1-fkybzzzoce.pdf；https://assets.warhammer-community.com/eng_warhammer40000_munitorum_field_manual_march_2025-cims9ya3sg-s8j9m2haae.pdf	GW09中文第28页；GW10英文第28页；篇0837	同名官方单位直接中英对应；不根据点数或行号机械配对。
Doom Scythe	毁灭之镰	官方已核	https://assets.warhammer-community.com/chi_06-05_wh40k_core%26key_munitorum_field_manual-5mrlucr2t1-fkybzzzoce.pdf；https://assets.warhammer-community.com/eng_warhammer40000_munitorum_field_manual_march_2025-cims9ya3sg-s8j9m2haae.pdf	GW09中文第28页；GW10英文第28页；篇0837	同名官方单位直接中英对应；不根据点数或行号机械配对。
Doomsday Ark	末日方舟	官方已核	https://assets.warhammer-community.com/chi_06-05_wh40k_core%26key_munitorum_field_manual-5mrlucr2t1-fkybzzzoce.pdf；https://assets.warhammer-community.com/eng_warhammer40000_munitorum_field_manual_march_2025-cims9ya3sg-s8j9m2haae.pdf	GW09中文第28页；GW10英文第28页；篇0837	同名官方单位直接中英对应；不根据点数或行号机械配对。
Ghost Ark	幽灵方舟	官方已核	https://assets.warhammer-community.com/chi_06-05_wh40k_core%26key_munitorum_field_manual-5mrlucr2t1-fkybzzzoce.pdf；https://assets.warhammer-community.com/eng_warhammer40000_munitorum_field_manual_march_2025-cims9ya3sg-s8j9m2haae.pdf	GW09中文第28页；GW10英文第28页；篇0837	同名官方单位直接中英对应；不根据点数或行号机械配对。
Hexmark Destroyer	巫印毁灭者	官方已核	https://assets.warhammer-community.com/chi_06-05_wh40k_core%26key_munitorum_field_manual-5mrlucr2t1-fkybzzzoce.pdf；https://assets.warhammer-community.com/eng_warhammer40000_munitorum_field_manual_march_2025-cims9ya3sg-s8j9m2haae.pdf	GW09中文第28页；GW10英文第28页；篇0837	同名官方单位直接中英对应；不根据点数或行号机械配对。
Lokhust Destroyers	灾蝗毁灭者	官方已核	https://assets.warhammer-community.com/chi_06-05_wh40k_core%26key_munitorum_field_manual-5mrlucr2t1-fkybzzzoce.pdf；https://assets.warhammer-community.com/eng_warhammer40000_munitorum_field_manual_march_2025-cims9ya3sg-s8j9m2haae.pdf	GW09中文第28页；GW10英文第28页；篇0837	同名官方单位直接中英对应；不根据点数或行号机械配对。
Lokhust Heavy Destroyers	灾蝗重装毁灭者	官方已核	https://assets.warhammer-community.com/chi_06-05_wh40k_core%26key_munitorum_field_manual-5mrlucr2t1-fkybzzzoce.pdf；https://assets.warhammer-community.com/eng_warhammer40000_munitorum_field_manual_march_2025-cims9ya3sg-s8j9m2haae.pdf	GW09中文第28页；GW10英文第28页；篇0837	同名官方单位直接中英对应；不根据点数或行号机械配对。
Lokhust Lord	灾蝗领主	官方已核	https://assets.warhammer-community.com/chi_06-05_wh40k_core%26key_munitorum_field_manual-5mrlucr2t1-fkybzzzoce.pdf；https://assets.warhammer-community.com/eng_warhammer40000_munitorum_field_manual_march_2025-cims9ya3sg-s8j9m2haae.pdf	GW09中文第28页；GW10英文第28页；篇0837	同名官方单位直接中英对应；不根据点数或行号机械配对。
Lychguard	巫妖卫士	官方已核	https://assets.warhammer-community.com/chi_06-05_wh40k_core%26key_munitorum_field_manual-5mrlucr2t1-fkybzzzoce.pdf；https://assets.warhammer-community.com/eng_warhammer40000_munitorum_field_manual_march_2025-cims9ya3sg-s8j9m2haae.pdf	GW09中文第28页；GW10英文第28页；篇0837	同名官方单位直接中英对应；不根据点数或行号机械配对。
Monolith	巨石堡垒	官方已核	https://assets.warhammer-community.com/chi_06-05_wh40k_core%26key_munitorum_field_manual-5mrlucr2t1-fkybzzzoce.pdf；https://assets.warhammer-community.com/eng_warhammer40000_munitorum_field_manual_march_2025-cims9ya3sg-s8j9m2haae.pdf	GW09中文第28页；GW10英文第28页；篇0837	同名官方单位直接中英对应；不根据点数或行号机械配对。
Night Scythe	暗夜之镰	官方已核	https://assets.warhammer-community.com/chi_06-05_wh40k_core%26key_munitorum_field_manual-5mrlucr2t1-fkybzzzoce.pdf；https://assets.warhammer-community.com/eng_warhammer40000_munitorum_field_manual_march_2025-cims9ya3sg-s8j9m2haae.pdf	GW09中文第28页；GW10英文第28页；篇0837	同名官方单位直接中英对应；不根据点数或行号机械配对。
Obelisk	方尖碑	官方已核	https://assets.warhammer-community.com/chi_06-05_wh40k_core%26key_munitorum_field_manual-5mrlucr2t1-fkybzzzoce.pdf；https://assets.warhammer-community.com/eng_warhammer40000_munitorum_field_manual_march_2025-cims9ya3sg-s8j9m2haae.pdf	GW09中文第28页；GW10英文第28页；篇0837	同名官方单位直接中英对应；不根据点数或行号机械配对。
Ophydian Destroyers	潜蛇毁灭者	官方已核	https://assets.warhammer-community.com/chi_06-05_wh40k_core%26key_munitorum_field_manual-5mrlucr2t1-fkybzzzoce.pdf；https://assets.warhammer-community.com/eng_warhammer40000_munitorum_field_manual_march_2025-cims9ya3sg-s8j9m2haae.pdf	GW09中文第28页；GW10英文第28页；篇0837	同名官方单位直接中英对应；不根据点数或行号机械配对。
Overlord with Translocation Shroud	装备传送斗篷的霸主	官方已核	https://assets.warhammer-community.com/chi_06-05_wh40k_core%26key_munitorum_field_manual-5mrlucr2t1-fkybzzzoce.pdf；https://assets.warhammer-community.com/eng_warhammer40000_munitorum_field_manual_march_2025-cims9ya3sg-s8j9m2haae.pdf	GW09中文第28页；GW10英文第28页；篇0837	同名官方单位直接中英对应；不根据点数或行号机械配对。
Plasmancer	等离子技师	官方已核	https://assets.warhammer-community.com/chi_06-05_wh40k_core%26key_munitorum_field_manual-5mrlucr2t1-fkybzzzoce.pdf；https://assets.warhammer-community.com/eng_warhammer40000_munitorum_field_manual_march_2025-cims9ya3sg-s8j9m2haae.pdf	GW09中文第28页；GW10英文第28页；篇0837	同名官方单位直接中英对应；不根据点数或行号机械配对。
Psychomancer	精神技师	官方已核	https://assets.warhammer-community.com/chi_06-05_wh40k_core%26key_munitorum_field_manual-5mrlucr2t1-fkybzzzoce.pdf；https://assets.warhammer-community.com/eng_warhammer40000_munitorum_field_manual_march_2025-cims9ya3sg-s8j9m2haae.pdf	GW09中文第28页；GW10英文第28页；篇0837	同名官方单位直接中英对应；不根据点数或行号机械配对。
Skorpekh Destroyers	荒蝎毁灭者	官方已核	https://assets.warhammer-community.com/chi_06-05_wh40k_core%26key_munitorum_field_manual-5mrlucr2t1-fkybzzzoce.pdf；https://assets.warhammer-community.com/eng_warhammer40000_munitorum_field_manual_march_2025-cims9ya3sg-s8j9m2haae.pdf	GW09中文第28页；GW10英文第28页；篇0837	同名官方单位直接中英对应；不根据点数或行号机械配对。
Skorpekh Lord	荒蝎领主	官方已核	https://assets.warhammer-community.com/chi_06-05_wh40k_core%26key_munitorum_field_manual-5mrlucr2t1-fkybzzzoce.pdf；https://assets.warhammer-community.com/eng_warhammer40000_munitorum_field_manual_march_2025-cims9ya3sg-s8j9m2haae.pdf	GW09中文第28页；GW10英文第28页；篇0837	同名官方单位直接中英对应；不根据点数或行号机械配对。
Technomancer	机械技师	官方已核	https://assets.warhammer-community.com/chi_06-05_wh40k_core%26key_munitorum_field_manual-5mrlucr2t1-fkybzzzoce.pdf；https://assets.warhammer-community.com/eng_warhammer40000_munitorum_field_manual_march_2025-cims9ya3sg-s8j9m2haae.pdf	GW09中文第28页；GW10英文第28页；篇0837	同名官方单位直接中英对应；不根据点数或行号机械配对。
Tesseract Vault	超立方迷宫	官方已核	https://assets.warhammer-community.com/chi_06-05_wh40k_core%26key_munitorum_field_manual-5mrlucr2t1-fkybzzzoce.pdf；https://assets.warhammer-community.com/eng_warhammer40000_munitorum_field_manual_march_2025-cims9ya3sg-s8j9m2haae.pdf	GW09中文第28页；GW10英文第28页；篇0837	同名官方单位直接中英对应；不根据点数或行号机械配对。这是大型太空死灵单位，区别Tesseract Labyrinth便携式囚禁器具。
Tomb Blades	墓穴之刃	官方已核	https://assets.warhammer-community.com/chi_06-05_wh40k_core%26key_munitorum_field_manual-5mrlucr2t1-fkybzzzoce.pdf；https://assets.warhammer-community.com/eng_warhammer40000_munitorum_field_manual_march_2025-cims9ya3sg-s8j9m2haae.pdf	GW09中文第28页；GW10英文第28页；篇0837	同名官方单位直接中英对应；不根据点数或行号机械配对。
Transcendent C’tan	超群星神	官方已核	https://assets.warhammer-community.com/chi_06-05_wh40k_core%26key_munitorum_field_manual-5mrlucr2t1-fkybzzzoce.pdf；https://assets.warhammer-community.com/eng_warhammer40000_munitorum_field_manual_march_2025-cims9ya3sg-s8j9m2haae.pdf	GW09中文第28页；GW10英文第28页；篇0837	同名官方单位直接中英对应；不根据点数或行号机械配对。
Triarch Stalker	三圣追猎者	官方已核	https://assets.warhammer-community.com/chi_06-05_wh40k_core%26key_munitorum_field_manual-5mrlucr2t1-fkybzzzoce.pdf；https://assets.warhammer-community.com/eng_warhammer40000_munitorum_field_manual_march_2025-cims9ya3sg-s8j9m2haae.pdf	GW09中文第28页；GW10英文第28页；篇0837	同名官方单位直接中英对应；不根据点数或行号机械配对。
Seraptek Heavy Construct	炎工重型构造体	官方已核	https://assets.warhammer-community.com/chi_06-05_wh40k_core%26key_munitorum_field_manual-5mrlucr2t1-fkybzzzoce.pdf；https://assets.warhammer-community.com/eng_warhammer40000_munitorum_field_manual_march_2025-cims9ya3sg-s8j9m2haae.pdf	GW09中文第28页；GW10英文第28页；篇0837	同名官方单位直接中英对应；不根据点数或行号机械配对。
Draxus	德拉克瑟斯	官方词根参考·简称	所给英文底稿；已逐段核读及核心对照	篇0837	简称取官方全衔词根。
Oruskh Dynasty	奥鲁斯赫王朝	暂定·官方待核	所给英文底稿；已逐段核读及核心对照	篇0837	区别本篇 Oruscar。
Oruscar Dynasty	奥鲁斯卡王朝	暂定·官方待核	所给英文底稿；已逐段核读及核心对照	篇0837	英文另名，与 Oruskh 不强并。
Liminal Abraisers	阈限消蚀器	暂定·官方待核	所给英文底稿；已逐段核读及核心对照	篇0837	据装置消蚀现实与亚空间间屏障的用途暂译；原阈限激活。
Orphaeus	俄耳甫斯	暂定·官方待核	所给英文底稿；已逐段核读及核心对照	篇0837	不屈远征战斗群。
Iolus	伊奥劳斯	暂定·官方待核	所给英文底稿；已逐段核读及核心对照	篇0837	不屈远征战斗群。
Draix	德雷克斯	暂定·官方待核	所给英文底稿；已逐段核读及核心对照	篇0837	同篇德莱克斯并回首处。
Suleyman Khefre	苏莱曼·凯夫雷	暂定·官方待核	所给英文底稿；已逐段核读及核心对照	篇0837	同篇赫夫雷并回首处。
Nektarrik	内克塔里克	暂定·官方待核	所给英文底稿；已逐段核读及核心对照	篇0837	索科特法皇，英文明确女性代词。
Shemvokh	舍姆沃克	暂定·官方待核	所给英文底稿；已逐段核读及核心对照	篇0837	同篇舍姆沃赫统一。
Vordreska	沃尔德雷斯卡	暂定·官方待核	所给英文底稿；已逐段核读及核心对照	篇0837	原文另拼 Vordeska，暂视同处异拼。
Urtep	厄特普	暂定·官方待核	所给英文底稿；已逐段核读及核心对照	篇0837	原文另拼 Uretp，暂视同处异拼。
Kaspar Marius Todoric Marran	卡斯帕·马里乌斯·托多里奇·马兰	暂定·官方待核	所给英文底稿；已逐段核读及核心对照	篇0837	沿本篇人名暂定。
Legio Castigatum	惩戒泰坦军团	暂定·官方待核	所给英文底稿；已逐段核读及核心对照	篇0837	原智控军团为错认组织；与 Legio Cybernetica 分开。
Precept Magnificat	崇高戒律号	暂定·官方待核	所给英文底稿；已逐段核读及核心对照	篇0837	帝国舰名暂定。
Saint Aster	圣阿斯特号	暂定·官方待核	所给英文底稿；已逐段核读及核心对照	篇0837	帝国舰名暂定。
Deus Redemptor	神救赎者	暂定·官方待核	所给英文底稿；已逐段核读及核心对照	篇0837	战将级泰坦名暂定。
dataphages	噬数据体	暂定·官方待核	所给英文底稿；已逐段核读及核心对照	篇0837	对数据和机魂的侵袭，不是生物噬菌体。
Vie Almus Majora	神圣大道	暂定·官方待核	所给英文底稿；已逐段核读及核心对照	篇0837	另有 Majoria、Vic Almnus Majora 异拼；沿原稿中文，不编定拉丁词源。
Bigelis Thao	比杰利斯·塔奥	暂定·官方待核	所给英文底稿；已逐段核读及核心对照	篇0837	原比杰伦斯多一伦字，按拼写修正。
Ishlarn Thermokarst	伊什拉恩热融洼地	暂定·官方待核	所给英文底稿；已逐段核读及核心对照	篇0837	thermokarst 为热融地貌，不是人名头衔。
Kalliphor	卡利普尔	暂定·官方待核	所给英文底稿；已逐段核读及核心对照	篇0837	同篇卡利弗尔统一。
Tredica	特雷迪卡	暂定·官方待核	所给英文底稿；已逐段核读及核心对照	篇0837	地名暂定。
Tredica Decitor	特雷迪卡·德西托尔	暂定·官方待核	所给英文底稿；已逐段核读及核心对照	篇0837	所属星体，与 Fortis、Ardaxis 区分。
Tredica Fortis	特雷迪卡·福蒂斯	暂定·官方待核	所给英文底稿；已逐段核读及核心对照	篇0837	所属星体。
Tredica Ardaxis	特雷迪卡·阿达克斯	暂定·官方待核	所给英文底稿；已逐段核读及核心对照	篇0837	所属星体。
Paladin’s Shadow	圣骑之影号	暂定·官方待核	所给英文底稿；已逐段核读及核心对照	篇0837	舰名暂定。
Mnemetic Crystals	记忆晶体	暂定·官方待核	所给英文底稿；已逐段核读及核心对照	篇0837	按语境暂定技术名。
Song of Oblivion	遗忘之歌号	暂定·官方待核	所给英文底稿；已逐段核读及核心对照	篇0837	沿原稿舰名。
Zeta IIX Hespus	泽塔 IIX 赫斯普斯	暂定·官方待核	所给英文底稿；已逐段核读及核心对照	篇0837	IIX 非标准罗马数字，保留原拼，不擅改八号。
Noctilith Decree	夜石法令	暂定·官方待核	所给英文底稿；已逐段核读及核心对照	篇0837	沿本篇概念暂定。
Psolt	普索尔特	暂定·官方待核	所给英文底稿；已逐段核读及核心对照	篇0837	人名暂定。
Vergoyz Alphic	韦尔戈伊兹·阿尔法克	暂定·官方待核	所给英文底稿；已逐段核读及核心对照	篇0837	人名暂定。
Lundkest	伦德克斯特	暂定·官方待核	所给英文底稿；已逐段核读及核心对照	篇0837	人名暂定。
Yoctoparticulate Crucible	幺科粒子熔炉	暂定·官方待核	所给英文底稿；已逐段核读及核心对照	篇0837	沿原稿暂名，技术细节未明。
Dvorel’s Necrocastigatrix	德沃雷尔的死灵惩戒者	暂定·官方待核	所给英文底稿；已逐段核读及核心对照	篇0837	沿原稿武器名暂定。
Cyclophox Determination	环迅决断	暂定·官方待核	所给英文底稿；已逐段核读及核心对照	篇0837	沿原稿暂名，词源与构造待核。
Eyes of the Void	虚空之眼	暂定·官方待核	所给英文底稿；已逐段核读及核心对照	篇0837	三位技术牧首的合称。
Lomorr System	洛莫尔星系	暂定·官方待核	所给英文底稿；已逐段核读及核心对照	篇0837	沿原稿地名。
Torantis	托兰蒂斯	暂定·官方待核	所给英文底稿；已逐段核读及核心对照	篇0837	沿原稿地名。
Dracos Apocalystor	天龙启示	暂定·官方待核	所给英文底稿；已逐段核读及核心对照	篇0837	沿原稿泰坦名，非泛称战将级。
Oradi	奥拉迪	暂定·官方待核	所给英文底稿；已逐段核读及核心对照	篇0837	与 Behzt 在正文为两人。
Behzt	贝赫特	暂定·官方待核	所给英文底稿；已逐段核读及核心对照	篇0837	女性人物，与 Oradi 分开。
Manipulus-Prime	首席操纵祭司	官方词根参考·全称待核	所给英文底稿；已逐段核读及核心对照	篇0837	参考官译 Tech-Priest Manipulus 技术祭司操纵者词根，完整职衔暂定。
Ark of Oblivion	遗忘方舟	暂定·官方待核	所给英文底稿；已逐段核读及核心对照	篇0837	武器名，不当作运输舰。
ExMachinus	极限机械号	暂定·官方待核	所给英文底稿；已逐段核读及核心对照	篇0837	沿原稿舰名暂定，不声明词源意译正确。
Iash’Uddra	亚什·乌德拉	暂定·官方待核	所给英文底稿；已逐段核读及核心对照	篇0837	星神名，原拼撇号统一。
Endless Swarm	无尽虫群	暂定·官方待核	所给英文底稿；已逐段核读及核心对照	篇0837	亚什·乌德拉称号语境。
Thalcifer	塔尔西菲尔	暂定·官方待核	所给英文底稿；已逐段核读及核心对照	篇0837	地名暂定。
Mohrgar Fex’s Hyper-Alembic	莫尔加·费克斯的超蒸馏器	暂定·官方待核	所给英文底稿；已逐段核读及核心对照	篇0837	武器暂名。
Silence in Suffering	苦难沉默号	暂定·官方待核	所给英文底稿；已逐段核读及核心对照	篇0837	圣杯级巡洋舰。
Shen’Tai	申·泰	暂定·官方待核	所给英文底稿；已逐段核读及核心对照	篇0837	星系名暂定。
Skahren	斯卡伦	暂定·官方待核	所给英文底稿；已逐段核读及核心对照	篇0837	星系名，Breach 译裂口。
Santis-Magna	桑蒂斯·马格纳	暂定·官方待核	所给英文底稿；已逐段核读及核心对照	篇0837	蛮荒世界暂名。
Shivarik’s Constellation	希瓦里克星座	暂定·官方待核	所给英文底稿；已逐段核读及核心对照	篇0837	古代卫星武器系统名，不是变成星座的人。
Ghelf	格尔夫	暂定·官方待核	所给英文底稿；已逐段核读及核心对照	篇0837	统御贤者人名。
Wyrmwood	龙林星	暂定·官方待核	所给英文底稿；已逐段核读及核心对照	篇0837	沿原稿恶魔世界名。
Zakkis Armon	扎基斯·阿蒙	暂定·官方待核	所给英文底稿；已逐段核读及核心对照	篇0837	黑暗使徒人名。
Calathir	卡拉蒂尔	暂定·官方待核	所给英文底稿；已逐段核读及核心对照	篇0837	国教控制世界。
Forzare	弗扎雷	暂定·官方待核	所给英文底稿；已逐段核读及核心对照	篇0837	星系暂名。
Restitution	归还星	暂定·官方待核	所给英文底稿；已逐段核读及核心对照	篇0837	镀金之子母星，沿原稿。
Isaish Khestrin	以赛亚·赫斯特林	暂定·官方待核	所给英文底稿；已逐段核读及核心对照	篇0838	舰队司令人名，沿原稿。
Eorloid	厄洛莱德	暂定·官方待核	所给英文底稿；已逐段核读及核心对照	篇0838	战团长人名沿原稿。
Odrameyer	奥德拉梅耶	暂定·官方待核	所给英文底稿；已逐段核读及核心对照	篇0838	帝国卫队上校，不改为星际战士。
Septicus Seven	塞普提克斯·赛文	暂定·官方待核	所给英文底稿；已逐段核读及核心对照	篇0838	沿原稿人物全名；与败血军团不合并。
Septicus	塞普提克斯	暂定·官方待核	所给英文底稿；已逐段核读及核心对照	篇0838	人物简称。
Tartella System	塔尔泰拉星系	暂定·官方待核	所给英文底稿；已逐段核读及核心对照	篇0838	沿原稿地名。
Spear of Espandor	埃斯潘多之矛	暂定·官方待核	所给英文底稿；已逐段核读及核心对照	篇0838	反击作战名，沿原稿。
Plains of Hecatone	赫卡顿平原	暂定·官方待核	所给英文底稿；已逐段核读及核心对照	篇0838	地名暂定。
Vengeance Campaigns	复仇战役	暂定·官方待核	所给英文底稿；已逐段核读及核心对照	篇0838	军事实践，不是群众运动。
Legio Fortis	勇壮军团	暂定·官方待核	所给英文底稿；已逐段核读及核心对照	篇0838	泰坦军团名沿原稿。
House Konor	康诺家族	暂定·官方待核	所给英文底稿；已逐段核读及核心对照	篇0838	骑士家族名沿原稿。
Household (Knight battle formation)	家族战斗群	暂定·官方待核	所给英文底稿；已逐段核读及核心对照	篇0838	同一家族出动的战斗编组，非多个家族；规模未定。
Legions of the Three-Eyed Fly	三眼之蝇军团	暂定·官方待核	所给英文底稿；已逐段核读及核心对照	篇0838	参战恶魔军团合称。
Poxdroners	瘟疫蜂鸣者	暂定·官方待核	所给英文底稿；已逐段核读及核心对照	篇0838	恶魔军团名，不套无人机。
Bouncing Tide	跃动潮汐	暂定·官方待核	所给英文底稿；已逐段核读及核心对照	篇0838	纳垢灵大群名。
Slimepack	黏液之群	暂定·官方待核	所给英文底稿；已逐段核读及核心对照	篇0838	纳垢野兽战帮名，非野兽人。
Sporewalker	孢子步行者	暂定·官方待核	所给英文底稿；已逐段核读及核心对照	篇0838	巨兽专名沿原稿。
Cult of Renewal	重生教派	暂定·官方待核	所给英文底稿；已逐段核读及核心对照	篇0838	教派名沿原稿。
Cult of Blessed Protrusion	受祝凸起教派	暂定·官方待核	所给英文底稿；已逐段核读及核心对照	篇0838	沿原稿教派名，词义待核。
Poxguard	毒疹守卫	暂定·官方待核	所给英文底稿；已逐段核读及核心对照	篇0838	军队名称沿原稿。
Dontorian Heavy Artillery	东托利亚重型火炮部队	暂定·官方待核	所给英文底稿；已逐段核读及核心对照	篇0838	沿原稿单位名；不径认与 Dontorian Ur-Dynasty 为同一势力。
Chem Squads	化学小队	暂定·官方待核	所给英文底稿；已逐段核读及核心对照	篇0838	沿原稿编组名。
Contamination Corp	污染之团	暂定·官方待核	所给英文底稿；已逐段核读及核心对照	篇0838	军队名称，数量为两个连。
Infernal Devices	炼狱装置	暂定·官方待核	所给英文底稿；已逐段核读及核心对照	篇0838	三台战争机器，沿原稿名。
Drudgewalkers	苦工步行者	暂定·官方待核	所给英文底稿；已逐段核读及核心对照	篇0838	瘟疫使军团合称沿原稿。
Zzzzartap’s Circus	滋阿塔普马戏团	暂定·官方待核	所给英文底稿；已逐段核读及核心对照	篇0838	原之环不符 circus，修为马戏团。
Flylords	苍蝇领主	暂定·官方待核	所给英文底稿；已逐段核读及核心对照	篇0838	部队名，非单个人物职衔。
Winged Rotflies	带翼腐蝇	暂定·官方待核	所给英文底稿；已逐段核读及核心对照	篇0838	突变蝇群名。
Children of Blight	枯萎之子	暂定·官方待核	所给英文底稿；已逐段核读及核心对照	篇0838	部队名沿原稿。
Befoulers	污染者	暂定·官方待核	所给英文底稿；已逐段核读及核心对照	篇0838	本处部队名，区别 Defiler 同名单位。
Claw Corps	利爪军	暂定·官方待核	所给英文底稿；已逐段核读及核心对照	篇0838	编制名暂定，不推定人数。
Rot Reapers	腐烂收割者	暂定·官方待核	所给英文底稿；已逐段核读及核心对照	篇0838	部队名沿原稿。
Blight Guard	枯萎守卫	暂定·官方待核	所给英文底稿；已逐段核读及核心对照	篇0838	部队名沿原稿。
Filth Engines	污秽引擎	暂定·官方待核	所给英文底稿；已逐段核读及核心对照	篇0838	部队名沿原稿。
Steel Tide	钢铁潮汐	暂定·官方待核	所给英文底稿；已逐段核读及核心对照	篇0838	部队名沿原稿。
Ironhulks	钢铁巨躯	暂定·官方待核	所给英文底稿；已逐段核读及核心对照	篇0838	陆战部队名，不能由 hulk 认作废船。
Seven Blights	七重枯萎	暂定·官方待核	所给英文底稿；已逐段核读及核心对照	篇0838	七座枯萎之塔合称。
The Scabbed	结痂者	暂定·官方待核	所给英文底稿；已逐段核读及核心对照	篇0838	scab 为痂，原有疤者混同 scar。
Heltrenchers	地狱掘壕者	暂定·官方待核	所给英文底稿；已逐段核读及核心对照	篇0838	部队名沿原稿。
Sloughskins	蜕皮者	暂定·官方待核	所给英文底稿；已逐段核读及核心对照	篇0838	恶魔部队名沿原稿。
Carrion Legion	腐尸军团	暂定·官方待核	所给英文底稿；已逐段核读及核心对照	篇0838	恶魔部队名沿原稿。
Talliers of the Dead	记死者	暂定·官方待核	所给英文底稿；已逐段核读及核心对照	篇0838	恶魔部队名沿原稿。
Keepers of the Cauldron	巨釜守卫	暂定·官方待核	所给英文底稿；已逐段核读及核心对照	篇0838	与本章 Cauldron of Nurgle 纳垢巨釜词根统一。
Infumers	焚香者	暂定·官方待核	所给英文底稿；已逐段核读及核心对照	篇0838	部队名沿原稿。
Slimehorn Legions	黏液犄角军团	暂定·官方待核	所给英文底稿；已逐段核读及核心对照	篇0838	瘟角兽军团合称沿原稿。
Scourge Stars War Zone	天灾群星战区	暂定·官方待核	所给英文底稿；逐段核读	篇0839	帝国对战场的称呼。
Slurg Glottathrax	斯勒格·格洛塔克斯	暂定·官方待核	所给英文底稿；逐段核读	篇0839	沿原稿大不净者人名。
Noxias	诺克西亚斯	暂定·官方待核	所给英文底稿；逐段核读	篇0839	天灾群星所属星系。
Rottgrave	罗特格拉夫	暂定·官方待核	所给英文底稿；逐段核读	篇0839	天灾群星所属星系。
Verminox	维米诺克斯	暂定·官方待核	所给英文底稿；逐段核读	篇0839	天灾群星所属星系。
Vermidil	维米迪尔	暂定·官方待核	所给英文底稿；逐段核读	篇0839	帝国抵抗据点。
Lybria	利比里亚	暂定·官方待核	所给英文底稿；逐段核读	篇0839	七名勇士的所属地名，沿原稿。
Takarn Iron Fists	塔卡恩铁拳	暂定·官方待核	所给英文底稿；逐段核读	篇0839	步兵部队名。
Al-Arach Suvars	阿—阿拉赫苏瓦尔军	暂定·官方待核	所给英文底稿；逐段核读	篇0839	部队名，Suvars 暂音译。
Sentae Honorifica	元老院之荣	暂定·官方待核	所给英文底稿；逐段核读	篇0839	沿原稿暂名，词义待核。
Basilica of Saint Jeronius	圣杰罗尼乌斯大教堂	暂定·官方待核	所给英文底稿；逐段核读	篇0839	沿原稿地点。
Jeronian Guard	杰罗尼安卫队	暂定·官方待核	所给英文底稿；逐段核读	篇0839	步兵部队。
Justus Bombardiers	尤斯图斯炮兵	暂定·官方待核	所给英文底稿；逐段核读	篇0839	炮兵部队，原投弹手欠妥。
Servant of Jeronius	杰罗尼乌斯之仆	暂定·官方待核	所给英文底稿；逐段核读	篇0839	自由之刃骑士名，英文没有 Saint，不额外加圣。
Fort Crachtus	克拉希图斯堡垒	暂定·官方待核	所给英文底稿；逐段核读	篇0839	沿原稿地名。
Phyressian Lancers	菲雷西安枪骑兵	暂定·官方待核	所给英文底稿；逐段核读	篇0839	装甲部队沿原稿。
Legio Pestia	瘟疫军团	暂定·官方待核	所给英文底稿；逐段核读	篇0839	源文异于前篇 Pestis，暂沿中文而保留异拼待核。
Capering Cohorts	欢跃大队	暂定·官方待核	所给英文底稿；逐段核读	篇0839	恶魔军队名沿原稿。
Skyscreamers	天空尖啸者	暂定·官方待核	所给英文底稿；逐段核读	篇0839	恶魔军队名沿原稿。
Mutagenics	突变者	暂定·官方待核	所给英文底稿；逐段核读	篇0839	恶魔军队名沿原稿。
Flamechangers	火焰变形者	暂定·官方待核	所给英文底稿；逐段核读	篇0839	恶魔军队名沿原稿。
Disembowelers	开膛者	暂定·官方待核	所给英文底稿；逐段核读	篇0839	恶魔军队名沿原稿。
Dismemberers	肢解者	暂定·官方待核	所给英文底稿；逐段核读	篇0839	恶魔军队名沿原稿。
Redblades	红刃	暂定·官方待核	所给英文底稿；逐段核读	篇0839	恶魔军队名沿原稿。
Skullclaimers	索颅者	暂定·官方待核	所给英文底稿；逐段核读	篇0839	恶魔军队名沿原稿。
Dome of Angels	天使穹顶	暂定·官方待核	所给英文底稿；逐段核读	篇0840	天使堡内地点，沿现稿。
Angels Excelsis	精益天使	暂定·官方待核	所给英文底稿；逐段核读	篇0840	暂沿本篇，区别核心 Angels of Excelsis 崇高天使；是否同实体待核。
Ercon	埃尔康	暂定·官方待核	所给英文底稿；逐段核读	篇0840	战团长人名沿原稿。
Follordark	弗洛达克	暂定·官方待核	所给英文底稿；逐段核读	篇0840	战团长人名沿原稿。
Sentor Jool	森托·约尔	暂定·官方待核	所给英文底稿；逐段核读	篇0840	第一之刃人物名沿原稿。
Firstblade	第一之刃	暂定·官方待核	所给英文底稿；逐段核读	篇0840	血骑士战团职衔暂定。
Firstblood	第一之血	暂定·官方待核	所给英文底稿；逐段核读	篇0840	本篇职衔暂定。
Kaan	卡安	暂定·官方待核	所给英文底稿；逐段核读	篇0840	人物名沿原稿。
Raxiatel	拉夏泰尔	暂定·官方待核	所给英文底稿；逐段核读	篇0840	连长人名沿原稿。
Sendroth	森德罗斯	暂定·官方待核	所给英文底稿；逐段核读	篇0840	连长人名沿原稿。
Asante	阿桑特	暂定·官方待核	所给英文底稿；逐段核读	篇0840	连长人名沿原稿。
Erwin	埃尔温	暂定·官方待核	所给英文底稿；逐段核读	篇0840	连长人名沿原稿。
Cantar	坎塔尔	暂定·官方待核	所给英文底稿；逐段核读	篇0840	连长人名沿原稿。
Fen	芬恩	暂定·官方待核	所给英文底稿；逐段核读	篇0840	教士人名沿原稿。
Hajjin	哈金	暂定·官方待核	所给英文底稿；逐段核读	篇0840	军士人名沿原稿。
Bellerophon	贝勒罗丰	暂定·官方待核	所给英文底稿；逐段核读	篇0840	圣血天使舰队之主人名，非舰名。
Thirst Water	渴水	暂定·官方待核	所给英文底稿；逐段核读	篇0840	巴尔特殊物质，沿原稿。
Arx Angelicum	天使堡	暂定·官方待核	所给英文底稿；逐段核读	篇0840	圣血天使要塞修道院，沿原稿。
Baal Primus	巴尔一号	暂定·官方待核	所给英文底稿；逐段核读	篇0840	本篇与 Baal Prime 交替指巴尔卫星，保留英文差别。
Sendini	森迪尼	暂定·官方待核	所给英文底稿；逐段核读	篇0841	连长人名沿原稿。
Perdaelus	佩达勒斯	暂定·官方待核	所给英文底稿；逐段核读	篇0841	副官人名沿原稿。
Kheru	克赫鲁	暂定·官方待核	所给英文底稿；逐段核读	篇0841	原文在气态巨行星与干旱哨兵世界之间描述不一，保留疑点。
Points of Grace	恩典节点	暂定·官方待核	所给英文底稿；逐段核读	篇0841	三个前进基地合称，原恩典点。
Ashallon	阿沙隆	暂定·官方待核	所给英文底稿；逐段核读	篇0841	工业世界沿原稿。
Gamma IV System	伽马四号星系	暂定·官方待核	所给英文底稿；逐段核读	篇0841	空间站与轨道平台所在星系。
Bhelik Alphus	贝利克·阿尔弗斯	暂定·官方待核	所给英文底稿；逐段核读	篇0841	要塞世界沿原稿。
Sensorem Primus	感知之首	暂定·官方待核	所给英文底稿；逐段核读	篇0841	克赫鲁首府设施，沿原稿暂名。
sensoria-city	传感城	暂定·官方待核	所给英文底稿；逐段核读	篇0841	感测设施城市，按语境暂译。
Rasmiel	拉斯米尔	暂定·官方待核	所给英文底稿；逐段核读	篇0841	老兵小队名沿原稿。
Via Velestos	维莱斯托斯之路	暂定·官方待核	所给英文底稿；逐段核读	篇0841	巨型石桥专名沿原稿。
Rhikan	里坎	暂定·官方待核	所给英文底稿；逐段核读	篇0841	要塞与港区地点沿原稿。
Acrabellar	阿克拉贝拉	暂定·官方待核	所给英文底稿；逐段核读	篇0841	圣地世界沿原稿。
The Key to The Lock	锁之钥	暂定·官方待核	所给英文底稿；逐段核读并比对核心词根	篇0842	神秘造物专称，组成钥匙、锁、武器事件链。
Balefleet	灾祸舰队	暂定·官方待核	所给英文底稿；逐段核读并比对核心词根	篇0842	噩兆方舟及护航舰队，沿原稿。
Lords of Iron Thorn	铁棘领主	暂定·官方待核	所给英文底稿；逐段核读并比对核心词根	篇0842	异形势力名称，保持列表所给形式。
Kalavassi	卡拉瓦西	暂定·官方待核	所给英文底稿；逐段核读并比对核心词根	篇0842	异形种族暂名。
Glori Emagna	格洛里·埃马格纳	暂定·官方待核	所给英文底稿；逐段核读并比对核心词根	篇0842	审判官人名沿稿。
Nymarn	尼马尔恩	暂定·官方待核	所给英文底稿；逐段核读并比对核心词根	篇0842	钢铁天使战团长。
Yosharo DuGal	吉沙罗·杜加尔	暂定·官方待核	所给英文底稿；逐段核读并比对核心词根	篇0842	战团长；源文又错将其名当作部队名，未编出战团。
Albaar	阿尔巴尔	暂定·官方待核	所给英文底稿；逐段核读并比对核心词根	篇0842	钢铁之手连长。
Julianos	尤里安诺思	暂定·官方待核	所给英文底稿；逐段核读并比对核心词根	篇0842	极限战士教士，沿列表音译；朱利安诺斯异译归并。
Aphael	阿菲尔	暂定·官方待核	所给英文底稿；逐段核读并比对核心词根	篇0842	本篇为圣血天使连长；与核心 Herume Aphael 的同形部分采用一致音译，但未认定为同一人物。原阿法尔留对照。
Hibogen Khan	希博根可汗	暂定·官方待核	所给英文底稿；逐段核读并比对核心词根	篇0842	白疤人物。
Kelmer	凯尔默	暂定·官方待核	所给英文底稿；逐段核读并比对核心词根	篇0842	集群司令人名。
Verity Kade	维里蒂·凯德	暂定·官方待核	所给英文底稿；逐段核读并比对核心词根	篇0842	银白寿衣大修女。
Felicita	费莉西塔	暂定·官方待核	所给英文底稿；逐段核读并比对核心词根	篇0842	按英文姓名修正原弗丽瑟；暂定。
Ignacious Pell	伊格纳西斯·佩尔	暂定·官方待核	所给英文底稿；逐段核读并比对核心词根	篇0842	上将，沿原稿。
Persepha Xeng	佩尔塞法·辛格	暂定·官方待核	所给英文底稿；逐段核读并比对核心词根	篇0842	女性集群司令。
Ira Threnodar	艾拉·斯雷诺达尔	暂定·官方待核	所给英文底稿；逐段核读并比对核心词根	篇0842	女性集群司令，非单舰舰长。
Josiah Bolsett III	约西亚·博塞特三世	暂定·官方待核	所给英文底稿；逐段核读并比对核心词根	篇0842	III 为名字序数。
Zavadan Mael	扎瓦丹·梅尔	暂定·官方待核	所给英文底稿；逐段核读并比对核心词根	篇0842	集群司令。
Karakka Bloodfist	卡拉卡·血拳	暂定·官方待核	所给英文底稿；逐段核读并比对核心词根	篇0842	吞世者领主人名。
Dreagh’or	德雷格’尔	暂定·官方待核	所给英文底稿；逐段核读并比对核心词根	篇0842	恶魔王子，原文另拼 Dreag’hor；暂视同人。
Ughalax the Soul Eater	灵魂吞食者乌加拉克斯	暂定·官方待核	所给英文底稿；逐段核读并比对核心词根	篇0842	人名与称号沿原稿。
Gakhar the Savage	野蛮者加哈尔	暂定·官方待核	所给英文底稿；逐段核读并比对核心词根	篇0842	人名与称号沿原稿。
Flenseling Prince	剥皮王子	暂定·官方待核	所给英文底稿；逐段核读并比对核心词根	篇0842	人物称号沿原稿。
Lord Glass	镜面领主	暂定·官方待核	所给英文底稿；逐段核读并比对核心词根	篇0842	人物称号沿原稿。
Czagra	查格拉	暂定·官方待核	所给英文底稿；逐段核读并比对核心词根	篇0842	钢铁勇士战争铁匠。
Apophari Quen	阿波法里·昆恩	暂定·官方待核	所给英文底稿；逐段核读并比对核心词根	篇0842	冥河之心号指挥者。
Gulthorg the Blighted	枯萎者古尔索格	暂定·官方待核	所给英文底稿；逐段核读并比对核心词根	篇0842	按末尾拼写修正原古尔索普。
Gulthorg	古尔索格	暂定·官方待核	所给英文底稿；逐段核读并比对核心词根	篇0842	全名简称。
Hasomet	哈索梅特	暂定·官方待核	所给英文底稿；逐段核读并比对核心词根	篇0842	千子巫师领主。
Flensemaster Thavak	剥皮大师塔瓦克	暂定·官方待核	所给英文底稿；逐段核读并比对核心词根	篇0842	午夜领主人名与职衔。
Scourgemaster Ulghata	灾祸大师乌尔格塔	暂定·官方待核	所给英文底稿；逐段核读并比对核心词根	篇0842	人名与职衔沿原稿。
Persephora Hexxen	珀尔塞福拉·海克森	暂定·官方待核	所给英文底稿；逐段核读并比对核心词根	篇0842	黑暗贤者。
Lady Maeve	梅芙夫人	暂定·官方待核	所给英文底稿；逐段核读并比对核心词根	篇0842	格伦德尔家族人物。
Somatatek	索玛泰克	暂定·官方待核	所给英文底稿；逐段核读并比对核心词根	篇0842	太空死灵领主。
Skullkrakka	碎颅	暂定·官方待核	所给英文底稿；逐段核读并比对核心词根	篇0842	欧克战争头目，与其他颅骨称号分开。
Grymzag	格里姆扎格	暂定·官方待核	所给英文底稿；逐段核读并比对核心词根	篇0842	欧克战争头目。
Bolgrog Bigtusk	博尔格罗格·大牙	暂定·官方待核	所给英文底稿；逐段核读并比对核心词根	篇0842	欧克战争头目。
Skragga Fundastomp	斯克拉加·重踏	暂定·官方待核	所给英文底稿；逐段核读并比对核心词根	篇0842	欧克战争头目。
Da Smoggboss	大烟雾头目	暂定·官方待核	所给英文底稿；逐段核读并比对核心词根	篇0842	欧克称号沿原稿。
Vask	瓦斯克	暂定·官方待核	所给英文底稿；逐段核读并比对核心词根	篇0842	次元铁匠，区别战争铁匠职衔。
Pergamatros	帕加马托斯	暂定·官方待核	所给英文底稿；逐段核读并比对核心词根	篇0842	机械教人造卫星。
Unrepentant	不悔号	暂定·官方待核	所给英文底稿；逐段核读并比对核心词根	篇0842	黑色军团舰名。
Legio Maledictus	诅咒军团	暂定·官方待核	所给英文底稿；逐段核读并比对核心词根	篇0842	掠夺者级泰坦所属军团。
Juregg	朱里格	暂定·官方待核	所给英文底稿；逐段核读并比对核心词根	篇0842	黑暗贤者人名。
Magdalor	马格达洛	暂定·官方待核	所给英文底稿；逐段核读并比对核心词根	篇0842	钢铁天使母星。
Angels’ Crown	天使之冠	暂定·官方待核	所给英文底稿；逐段核读并比对核心词根	篇0842	要塞修道院名。
Oathing Stone	誓言之石	暂定·官方待核	所给英文底稿；逐段核读并比对核心词根	篇0842	钥匙碎片表象，沿原稿。
Korbrach	科尔布拉奇	暂定·官方待核	所给英文底稿；逐段核读并比对核心词根	篇0842	冰封卫星所属地名。
Vaingloria	虚荣星	暂定·官方待核	所给英文底稿；逐段核读并比对核心词根	篇0842	工业世界沿原稿。
Lume IV	流明四号	暂定·官方待核	所给英文底稿；逐段核读并比对核心词根	篇0842	圣地世界沿原稿。
Ogre	食人魔号	暂定·官方待核	所给英文底稿；逐段核读并比对核心词根	篇0842	噩兆方舟；两段指挥者不同而未交代交接，保留待核。
Hassp	哈斯普	暂定·官方待核	所给英文底稿；逐段核读并比对核心词根	篇0842	发掘场所在世界。
Bloodmaw	血喉号	暂定·官方待核	所给英文底稿；逐段核读并比对核心词根	篇0842	噩兆方舟。
Rasputar Cluster	拉斯普塔星群	暂定·官方待核	所给英文底稿；逐段核读并比对核心词根	篇0842	地理层级沿英文 cluster。
Bane of Life	生命之祸号	暂定·官方待核	所给英文底稿；逐段核读并比对核心词根	篇0842	噩兆方舟。
Kronus Hegemony	克洛诺斯霸权	暂定·官方待核	所给英文底稿；逐段核读并比对核心词根	篇0842	沃坦联盟政体，沿 Kronus 词根；不是同名行星实体。
Serpessa Nebulae	瑟佩萨星云	暂定·官方待核	所给英文底稿；逐段核读并比对核心词根	篇0842	地名沿原稿。
Cortosa III	科尔托萨三号	暂定·官方待核	所给英文底稿；逐段核读并比对核心词根	篇0842	要塞世界。
Fortum Primus	第一堡垒	暂定·官方待核	所给英文底稿；逐段核读并比对核心词根	篇0842	堡垒名，原命运之首错认 fortune。
Sons of Rot	腐烂之子	暂定·官方待核	所给英文底稿；逐段核读并比对核心词根	篇0842	混沌战帮。
Plaguecrows	瘟疫乌鸦	暂定·官方待核	所给英文底稿；逐段核读并比对核心词根	篇0842	部队名沿原稿。
Vermin Guard	害虫守卫	暂定·官方待核	所给英文底稿；逐段核读并比对核心词根	篇0842	部队名沿原稿。
Morbidax	莫比达克斯	暂定·官方待核	所给英文底稿；逐段核读并比对核心词根	篇0842	叛军卫队的专名词根，原译疾病误作普通词。
House Gnaw	啃噬家族	暂定·官方待核	所给英文底稿；逐段核读并比对核心词根	篇0842	混沌骑士家族。
Munifica Maxima	慷慨之最	暂定·官方待核	所给英文底稿；逐段核读并比对核心词根	篇0842	暂沿原稿地点名，拉丁构词对应未核。
Absolutis Colossi	绝对巨像山脉	暂定·官方待核	所给英文底稿；逐段核读并比对核心词根	篇0842	设防山脉名称，沿原稿词根。
Expans Martial	军事扩区	暂定·官方待核	所给英文底稿；逐段核读并比对核心词根	篇0842	训练平原名称，暂沿原稿。
Arcadia Ballistus	阿卡迪亚·巴利斯图斯	暂定·官方待核	所给英文底稿；逐段核读并比对核心词根	篇0842	塔楼群所在地点。
Blackened Tower	漆黑之塔号	暂定·官方待核	所给英文底稿；逐段核读并比对核心词根	篇0842	噩兆方舟。
Sobbing God	啜泣之神号	暂定·官方待核	所给英文底稿；逐段核读并比对核心词根	篇0842	噩兆方舟。
Vol	沃尔	暂定·官方待核	所给英文底稿；逐段核读并比对核心词根	篇0842	太空死灵墓穴世界。
Beast in Scarlet	猩红野兽号	暂定·官方待核	所给英文底稿；逐段核读并比对核心词根	篇0842	噩兆方舟。
Onalpa System	奥纳尔帕星系	暂定·官方待核	所给英文底稿；逐段核读并比对核心词根	篇0842	星系名。
Colossus	巨像号	暂定·官方待核	所给英文底稿；逐段核读并比对核心词根	篇0842	噩兆方舟名，非同形泰坦或武器。
Diamond Talon	钻石之爪	暂定·官方待核	所给英文底稿；逐段核读并比对核心词根	篇0842	灵族海盗势力。
Devourer of Hope	希望吞噬者号	暂定·官方待核	所给英文底稿；逐段核读并比对核心词根	篇0842	噩兆方舟。
House Grendyl	格伦德尔家族	暂定·官方待核	所给英文底稿；逐段核读并比对核心词根	篇0842	梅芙所属骑士家族。
Polyhadra System	波利哈德拉星系	暂定·官方待核	所给英文底稿；逐段核读并比对核心词根	篇0842	星系名。
Greater Thurian League	大索里安联盟	暂定·官方待核	所给英文底稿；逐段核读并比对核心词根	篇0842	沃坦联盟政体，沿原稿暂名。
Yme-Loc	伊姆—洛克	暂定·官方待核	所给英文底稿；逐段核读并比对核心词根	篇0842	灵族方舟世界，暂沿原稿。
Morbidius	莫比迪厄斯号	暂定·官方待核	所给英文底稿；逐段核读并比对核心词根	篇0842	噩兆方舟。
Reaper’s Shadow	收割者之影号	暂定·官方待核	所给英文底稿；逐段核读并比对核心词根	篇0842	噩兆方舟。
Neverlight	无光号	暂定·官方待核	所给英文底稿；逐段核读并比对核心词根	篇0842	噩兆方舟。
Karmyne	卡米恩	暂定·官方待核	所给英文底稿；逐段核读并比对核心词根	篇0842	矿业世界。
Dirge Discordant	不协挽歌号	暂定·官方待核	所给英文底稿；逐段核读并比对核心词根	篇0842	噩兆方舟，专名沿原稿，不套其他角色官译。
Chyron System	凯隆星系	暂定·官方待核	所给英文底稿；逐段核读并比对核心词根	篇0842	Chyron Tertius 凯隆三号所属星系。
Chyron Tertius	凯隆三号	暂定·官方待核	所给英文底稿；逐段核读并比对核心词根	篇0842	行星名。
Malak System	马拉克星系	暂定·官方待核	所给英文底稿；逐段核读并比对核心词根	篇0842	圣歌引擎战场。
Battle Group Betaris	贝塔利斯战斗群	暂定·官方待核	所给英文底稿；逐段核读并比对核心词根	篇0842	不屈远征第四舰队编组。
Battle Group Dominus	多明努斯战斗群	暂定·官方待核	所给英文底稿；逐段核读并比对核心词根	篇0842	编组专名，不套技术祭司主宰者职衔。
Mercy in Death	死亡慈悲号	暂定·官方待核	所给英文底稿；逐段核读并比对核心词根	篇0842	无畏级轻型巡洋舰。
Nemesis Class Fleet Carrier	复仇女神级舰队航母	暂定·官方待核	所给英文底稿；逐段核读并比对核心词根	篇0842	沿原稿舰级，不套灰骑士机甲官译。
Bountiful Hate	无尽仇恨号	暂定·官方待核	所给英文底稿；逐段核读并比对核心词根	篇0842	舰队航母。
Battle Group Jovia	乔维亚战斗群	暂定·官方待核	所给英文底稿；逐段核读并比对核心词根	篇0842	第四舰队编组。
Battle Group Kilox	基洛斯战斗群	暂定·官方待核	所给英文底稿；逐段核读并比对核心词根	篇0842	第四舰队编组，同篇基洛克斯归并。
Battle Group Alphae	阿尔法战斗群	暂定·官方待核	所给英文底稿；逐段核读并比对核心词根	篇0842	第四舰队编组。
Honour of Terra	泰拉之誉号	暂定·官方待核	所给英文底稿；逐段核读并比对核心词根	篇0842	阿布康西斯旗舰。
Malakra	马拉克拉	暂定·官方待核	所给英文底稿；逐段核读并比对核心词根	篇0842	丛林世界。
Malakshet	马拉克谢特	暂定·官方待核	所给英文底稿；逐段核读并比对核心词根	篇0842	冰封世界。
Battle Group Forthrax	弗斯拉克斯战斗群	暂定·官方待核	所给英文底稿；逐段核读并比对核心词根	篇0842	第四舰队编组。
Malakandrias	马拉坎德里亚斯	暂定·官方待核	所给英文底稿；逐段核读并比对核心词根	篇0842	小行星带名。
Barren Reach	荒芜地带	暂定·官方待核	所给英文底稿；逐段核读并比对核心词根	篇0842	马拉坎德里亚斯小行星带别名。
Fortress of Light	光之堡垒	暂定·官方待核	所给英文底稿；逐段核读并比对核心词根	篇0842	圣歌引擎外围要塞。
Stygian Heart	冥河之心号	暂定·官方待核	所给英文底稿；逐段核读并比对核心词根	篇0842	噩兆方舟，沿原稿。
Malakvar	马拉克瓦尔	暂定·官方待核	所给英文底稿；逐段核读并比对核心词根	篇0842	行星名。
Desecrator Class Battleship	亵渎者级战列舰	暂定·官方待核	所给英文底稿；逐段核读并比对核心词根	篇0842	混沌舰级，区别同形骑士单位。
Repulsive Class Grand Cruiser	厌恶级重型巡洋舰	暂定·官方待核	所给英文底稿；逐段核读并比对核心词根	篇0842	沿原稿舰级词根。
Clarion Dire	不祥号角号	暂定·官方待核	所给英文底稿；逐段核读并比对核心词根	篇0842	原不详改不祥，方舟名。
Ugoshi	乌戈希	暂定·官方待核	所给英文底稿；逐段核读并比对核心词根	篇0842	虚空之爪连长；同段 Ughosi 异拼保留。
Noble Blade	崇高之刃号	暂定·官方待核	所给英文底稿；逐段核读并比对核心词根	篇0842	虚空之爪打击巡洋舰。
Cry of Wrath	愤怒呼喊号	暂定·官方待核	所给英文底稿；逐段核读并比对核心词根	篇0842	火星级战列巡洋舰。
Prandium (strike cruiser)	普兰蒂姆号	暂定·官方待核	所给英文底稿；逐段核读并比对核心词根	篇0842	词根沿既有专名；原正餐号误套普通词义，不据此证实命名来源。
Vorn Dylas	沃恩·迪拉斯	暂定·官方待核	所给英文底稿；逐段核读并比对核心词根	篇0842	帝国之拳典记员。
Bloodied Fang	流血之牙号	暂定·官方待核	所给英文底稿；逐段核读并比对核心词根	篇0842	吞世者舰船。
Resplendent	辉煌号	暂定·官方待核	所给英文底稿；逐段核读并比对核心词根	篇0842	斯雷诺达尔战列舰；原另拼 Resplendant。
Blade of Aquilant	天鹰之刃号	暂定·官方待核	所给英文底稿；逐段核读并比对核心词根	篇0842	帝国战列舰沿原稿。
Ursus Claws	熊爪	暂定·官方待核	所给英文底稿；逐段核读并比对核心词根	篇0842	征服者号捕获舰船装置，与熊爪战团分开。
Steed of Kumblai	忽必烈骏马号	暂定·官方待核	所给英文底稿；逐段核读并比对核心词根	篇0842	白疤战斗驳船，沿原稿；Kumblai 异拼未改。
Battle Group Irasmus	伊拉斯姆斯战斗群	暂定·官方待核	所给英文底稿；逐段核读并比对核心词根	篇0842	第四舰队编组，同篇伊拉斯谟归并。
Scipion	西皮翁	暂定·官方待核	所给英文底稿；逐段核读并比对核心词根	篇0842	极限战士副官。
Butcherhorde	屠夫大军	暂定·官方待核	所给英文底稿；逐段核读并比对核心词根	篇0842	卡恩麾下军势，非民族部落。
Ulathu Artillery	乌拉图炮兵	暂定·官方待核	所给英文底稿；逐段核读并比对核心词根	篇0842	帝国卫队炮兵部队。
Hallowed Helm	圣盔	暂定·官方待核	所给英文底稿；逐段核读并比对核心词根	篇0842	马拉克巴力空港城。
Sanctum of the God-Emperor Resplendent	辉煌神皇圣所	暂定·官方待核	所给英文底稿；逐段核读并比对核心词根	篇0842	宗教场所名称沿原稿。
Mount Ephnari	埃弗纳里山	暂定·官方待核	所给英文底稿；逐段核读并比对核心词根	篇0842	神殿所在山峰。
Library of the Star Pilgrims	星际朝圣者图书馆	暂定·官方待核	所给英文底稿；逐段核读并比对核心词根	篇0842	宗教设施名沿原稿。
Cult of the Arkifane	造物者教派	暂定·官方待核	所给英文底稿；逐段核读并比对核心词根	篇0842	瓦什托尔自有军势，未并入怀言者。
Orac Unleashed	神谕释放号	暂定·官方待核	所给英文底稿；逐段核读并比对核心词根	篇0842	噩兆方舟，暂沿原稿；Orac 词源未核。
Orac Myriad	万象神谕	暂定·官方待核	所给英文底稿；逐段核读并比对核心词根	篇0842	方舟人工智能，暂沿原稿；与舰名分开。
The Unmaker	毁灭者	暂定·官方待核	所给英文底稿；逐段核读并比对核心词根	篇0842	本篇舰载亚空间武器，区别同形单位与生物名。
Gorgon’s Aegis	戈尔贡之盾	暂定·官方待核	所给英文底稿；逐段核读并比对核心词根	篇0842	巨石虚空盾阵列。
Implacable Justice	不屈正义号	暂定·官方待核	所给英文底稿；逐段核读并比对核心词根	篇0842	原无解正义号词义不当，暂修。
Valvire System	瓦尔维尔星系	暂定·官方待核	所给英文底稿；逐段核读并比对核心词根	篇0842	地理专名。
The Revenged	复仇号	暂定·官方待核	所给英文底稿；逐段核读并比对核心词根	篇0842	黑暗天使战舰。
Silent Sentinel	寂静哨兵号	暂定·官方待核	所给英文底稿；逐段核读并比对核心词根	篇0842	黑暗天使战舰。
Primarch’s Roar	原体咆哮号	暂定·官方待核	所给英文底稿；逐段核读并比对核心词根	篇0842	黑暗天使战舰。
Obsidian Sword	黑曜石之剑号	暂定·官方待核	所给英文底稿；逐段核读并比对核心词根	篇0842	黑暗天使战舰。
Valiant Ire	英勇之怒号	暂定·官方待核	所给英文底稿；逐段核读并比对核心词根	篇0842	黑暗天使战舰。
Solemn Vow	神圣誓言号	暂定·官方待核	所给英文底稿；逐段核读并比对核心词根	篇0842	黑暗天使护卫舰，沿原稿。
Vandabraxis	范德布拉西斯号	暂定·官方待核	所给英文底稿；逐段核读并比对核心词根	篇0842	叛军重型巡洋舰。
Vault of Banners	旗帜秘库	暂定·官方待核	所给英文底稿；逐段核读并比对核心词根	篇0842	巨石内部设施。
Whispering Dome	低语穹顶	暂定·官方待核	所给英文底稿；逐段核读并比对核心词根	篇0842	巨石内部设施，原地狱穹顶误译。
Choragg	乔拉格	暂定·官方待核	所给英文底稿；逐段核读并比对核心词根	篇0842	钢铁勇士战争铁匠，与 Czagra 查格拉另名。
Forbidden Gate	禁忌之门	暂定·官方待核	所给英文底稿；逐段核读并比对核心词根	篇0842	巨石内部设施。
Ascension Well Stairway	升天之井阶梯	暂定·官方待核	所给英文底稿；逐段核读并比对核心词根	篇0842	巨石内部设施。
Gar Hathon	加尔·哈顿	暂定·官方待核	所给英文底稿；逐段核读并比对核心词根	篇0842	怀言者黑暗使徒。
Galleria Apscondael	隐秘长廊	暂定·官方待核	所给英文底稿；逐段核读并比对核心词根	篇0842	巨石地区暂名，沿原稿。
Nameless Gate	无名之门	暂定·官方待核	所给英文底稿；逐段核读并比对核心词根	篇0842	巨石内部设施。
Grevan	格雷万	暂定·官方待核	所给英文底稿；逐段核读并比对核心词根	篇0842	渡鸦家族首席。
Somnium Stars	幻梦群星	暂定·官方待核	所给英文底稿；逐段核读并比对核心词根	篇0842	后续战场地名。
Dregrokk	德雷格罗克	暂定·官方待核	所给英文底稿；逐段核读并比对核心词根	篇0843	欧克要塞世界，另拼 Dreggrok。
Unhallowed	渎圣号	暂定·官方待核	所给英文底稿；逐段核读并比对核心词根	篇0843	噩兆方舟。
Legio Vulturum	秃鹫军团	暂定·官方待核	所给英文底稿；逐段核读并比对核心词根	篇0843	泰坦军团；原秃鹰／秃鹫并存，统一后者。
Torpedo Drone	鱼雷无人机	暂定·官方待核	所给英文底稿；逐段核读并比对核心词根	篇0843	联络用途无人机沿原稿。
Asmor Bleakverse	阿斯莫尔·荒凉之诗	暂定·官方待核	所给英文底稿；逐段核读并比对核心词根	篇0843	怀言者人物名沿原稿。
Perplexing Weave	迷乱织网	暂定·官方待核	所给英文底稿；逐段核读并比对核心词根	篇0843	千子战帮，原困惑编织不自然。
Temporary Air Base Zephyr33	西风 33 临时空军基地	暂定·官方待核	所给英文底稿；逐段核读并比对核心词根	篇0843	编号原英文保留。
Ob’lotai	奥博’罗泰	暂定·官方待核	所给英文底稿；逐段核读并比对核心词根	篇0843	沿原稿钛族人物名。
Great Star Dais	巨星平台	暂定·官方待核	所给英文底稿；逐段核读并比对核心词根	篇0843	阿尔萨斯·摩洛克古代建筑。
Star Dais Exclusion Zone	星台禁入区	暂定·官方待核	所给英文底稿；逐段核读并比对核心词根	篇0843	围绕平台建立的防御区域。
Haggard Tower	憔悴之塔	暂定·官方待核	所给英文底稿；逐段核读并比对核心词根	篇0843	沿原稿战场专名，含义待核。
Commander Bravestorm	指挥官勇暴	暂定·官方待核	所给英文底稿；逐段核读并比对核心词根	篇0843	沿原稿人物名。
Bleak Missive	凄冷信函号	暂定·官方待核	所给英文底稿；逐段核读并比对核心词根	篇0843	剑级护卫舰，missive 信函，原使命误认 mission。
Tholonius	托洛尼乌斯	暂定·官方待核	所给英文底稿；逐段核读并比对核心词根	篇0843	死亡守望守望连长。
Cachecis	卡切西斯	暂定·官方待核	所给英文底稿；逐段核读并比对核心词根	篇0843	镜面领主伪装使用的典记员身份。
Looking Glass	镜子	暂定·官方待核	所给英文底稿；逐段核读并比对核心词根	篇0843	阿尔法军团叛乱触发暗号，原中文漏译。
The Eight (Farsight)	八人组	暂定·官方待核	所给英文底稿；逐段核读并比对核心词根	篇0843	远见亲随群体，固定名称不随实际幸存人数变化；区别黄衣之王八人众。
Da Suparig	超级大车号	暂定·官方待核	所给英文底稿；逐段核读并比对核心词根	篇0843	欧克夺得方舟后的新名，原超大环误认 rig/ring。
Idolatros System	盲信星系	暂定·官方待核	所给英文底稿；逐段核读并比对核心词根	篇0843	沿原稿地名，非仅宗教概念。
Scrilem System	斯克里莱姆星系	暂定·官方待核	所给英文底稿；逐段核读并比对核心词根	篇0843	外围星系。
Apostra System	阿波斯特拉星系	暂定·官方待核	所给英文底稿；逐段核读并比对核心词根	篇0843	外围星系。
Redoubtable	可敬号	暂定·官方待核	所给英文底稿；逐段核读并比对核心词根	篇0843	戴罪者舰船，沿原稿。
Dark Cathedrum	黑暗大教堂	暂定·官方待核	所给英文底稿；逐段核读并比对核心词根	篇0843	龙林星要塞。
Warpforge Palace	亚空间铸炉宫殿	暂定·官方待核	所给英文底稿；逐段核读并比对核心词根	篇0843	原文另拼 Warpforged Palace，同一设施。
Paralaxese	帕拉莱克西斯	暂定·官方待核	所给英文底稿；逐段核读并比对核心词根	篇0843	恶魔王子。
House Bazhkar	巴兹卡尔家族	暂定·官方待核	所给英文底稿；逐段核读并比对核心词根	篇0843	混沌骑士家族。
Ouroboros (Caliban engine)	衔尾蛇	暂定·官方待核	所给英文底稿；逐段核读并比对核心词根	篇0843	与图丘查、瘟疫之心并列的引擎；区别567同形专名。
Plagueheart	瘟疫之心	暂定·官方待核	所给英文底稿；逐段核读并比对核心词根	篇0843	古代引擎，沿原稿。
Dissonance Engine	不协引擎	暂定·官方待核	所给英文底稿；逐段核读并比对核心词根	篇0843	由三台古代引擎构成的装置。
Golden Host (Blood Angels)	黄金大军	暂定·官方待核	所给英文底稿；逐段核读并比对核心词根	篇0843	但丁率领的圣血天使部队，非509同名恶魔军势。
Urghab’laxx	乌尔加布’拉克斯	暂定·官方待核	所给英文底稿；逐段核读并比对核心词根	篇0843	拦阻撤离的大不净者。
Effacers of Medrengard	梅林德加德抹除者	暂定·官方待核	所给英文底稿；逐段核读并比对核心词根	篇0843	钢铁勇士战帮。
Barbican Lords	碉楼领主	暂定·官方待核	所给英文底稿；逐段核读并比对核心词根	篇0843	钢铁勇士战帮。
Ferrocratic Creed	铁权信条	暂定·官方待核	所给英文底稿；逐段核读并比对核心词根	篇0843	钢铁勇士战帮。
Fire Riders	火焰骑士	暂定·官方待核	所给英文底稿；逐段核读并比对核心词根	篇0843	吞世者战帮，沿原稿。
Riven Reforged	分裂重铸	暂定·官方待核	所给英文底稿；逐段核读并比对核心词根	篇0843	叛军组织名暂沿现稿。
Legio Krytos	柯伊托斯军团	暂定·官方待核	所给英文底稿；逐段核读并比对核心词根	篇0843	泰坦军团名沿原稿。
Legio Rorgahl	罗加尔军团	暂定·官方待核	所给英文底稿；逐段核读并比对核心词根	篇0843	泰坦军团名沿原稿。
House Akumara	阿库马拉家族	暂定·官方待核	所给英文底稿；逐段核读并比对核心词根	篇0843	混沌骑士家族。
Grymzags Lootas	格里姆扎格的蛮人拾荒者	暂定·官方待核	所给英文底稿；逐段核读并比对核心词根	篇0843	官译 Lootas 词根参考，完整部队名暂定。
Prosperan Rift War	普罗斯佩罗裂隙战争	暂定·官方待核	所给英文底稿；逐条核读	篇0844	沿原稿战役名。
Harlecrypt Tertius	哈利克利特三号	暂定·官方待核	所给英文底稿；逐条核读	篇0844	解围目标世界，沿原稿。
Order of the Silver Veil	银色面纱修会	暂定·官方待核	所给英文底稿；逐条核读	篇0844	沿原稿修会名。
Wahiikan Raiders	瓦希坎突袭者	暂定·官方待核	所给英文底稿；逐条核读	篇0844	帝国卫队步兵。
Vastadt Guards	瓦斯塔特守卫	暂定·官方待核	所给英文底稿；逐条核读	篇0844	帝国卫队步兵。
Tekarn Iron Fists	泰克恩铁拳	暂定·官方待核	所给英文底稿；逐条核读	篇0844	本处装甲部队，区别839 Takarn 异拼待核。
House Derthos	德索斯家族	暂定·官方待核	所给英文底稿；逐条核读	篇0844	骑士家族。
House Dunstan	邓斯坦家族	暂定·官方待核	所给英文底稿；逐条核读	篇0844	骑士家族。
Chancyll	钱西	暂定·官方待核	所给英文底稿；逐条核读	篇0844	镇压战场，沿原稿。
Order of the Blessed Martyr	受祝殉教者修会	暂定·官方待核	所给英文底稿；逐条核读	篇0844	原受祝女士未译 martyr。
Chancyllian Cannoneers	钱西炮兵	暂定·官方待核	所给英文底稿；逐条核读	篇0844	炮兵部队。
Chancyllian Musketry	钱西步枪兵	暂定·官方待核	所给英文底稿；逐条核读	篇0844	步兵部队。
Chancyllian Lightfood	钱西轻步兵	暂定·官方待核	所给英文底稿；逐条核读	篇0844	原英文疑应 Lightfoot；保留底稿拼写。
Praetorian Hussars	普雷托利亚骠骑兵	暂定·官方待核	所给英文底稿；逐条核读	篇0844	装甲兵，非禁军骑兵。
House Brahmica	布拉米卡家族	暂定·官方待核	所给英文底稿；逐条核读	篇0844	骑士家族。
House Hawkwood	霍克伍德家族	暂定·官方待核	所给英文底稿；逐条核读	篇0844	骑士家族。
Rhammasys	拉姆马西斯	暂定·官方待核	所给英文底稿；逐条核读	篇0844	战役地名沿原稿。
Masters of the Crystal Serpent	晶蛇之主	暂定·官方待核	所给英文底稿；逐条核读	篇0844	千子部队名沿原稿。
House Mutica	穆蒂卡家族	暂定·官方待核	所给英文底稿；逐条核读	篇0844	原梅迪卡误音，按拼写暂修。
Changefyres	变化之焰	暂定·官方待核	所给英文底稿；逐条核读	篇0844	恶魔部队。
Infernal Madness	炼狱疯狂	暂定·官方待核	所给英文底稿；逐条核读	篇0844	恶魔部队。
Clades of Change	变化分支	暂定·官方待核	所给英文底稿；逐条核读	篇0844	战争教派沿原稿。
Denizens of Sloptube 13	13 号污水管道居民	暂定·官方待核	所给英文底稿；逐条核读	篇0844	变种人军势，不当作已知人数。
Rhammastyian Liberators	拉姆马西斯解放者	暂定·官方待核	所给英文底稿；逐条核读	篇0844	按邻近地名 Rhammasys 词根归并，英文派生异拼待核。
Vacticinum Prime	瓦克西尼姆一号	暂定·官方待核	所给英文底稿；逐条核读	篇0844	遭围攻世界。
Invocators	祈求者	暂定·官方待核	所给英文底稿；逐条核读	篇0844	混沌战帮。
House Gurgeon	古金家族	暂定·官方待核	所给英文底稿；逐条核读	篇0844	沿原稿骑士家族。
The Hellcannonades	地狱炮轰	暂定·官方待核	所给英文底稿；逐条核读	篇0844	炮兵部队。
Chronosatyrs	时空萨特	暂定·官方待核	所给英文底稿；逐条核读	篇0844	奸角兽部队专名沿原稿。
Bulwarks Prismatica	棱镜堡垒	暂定·官方待核	所给英文底稿；逐条核读	篇0844	九座堡垒合称。
The Upsilon-Kapha Severance	尤普西隆—卡帕隔断战	暂定·官方待核	所给英文底稿；逐条核读	篇0844	战役名称，沿词根补足事件语义。
Magisters of the Burning Amethyst	燃烧紫晶法师	暂定·官方待核	所给英文底稿；逐条核读	篇0844	混沌战帮合称。
True Believers of Zhao	赵的真信徒	暂定·官方待核	所给英文底稿；逐条核读	篇0844	黑暗机械教部队。
Beholders of the Cogchange	齿轮变革见证者	暂定·官方待核	所给英文底稿；逐条核读	篇0844	黑暗机械教部队。
Legio Incurvos	扭曲军团	暂定·官方待核	所给英文底稿；逐条核读	篇0844	泰坦军团。
Legio Inardescus	秘火军团	暂定·官方待核	所给英文底稿；逐条核读	篇0844	泰坦军团。
Disciples of the Eternal Flame	永恒之焰门徒	暂定·官方待核	所给英文底稿；逐条核读	篇0844	部队名沿原稿。
Talons of Change	变化之爪	暂定·官方待核	所给英文底稿；逐条核读	篇0844	恶魔部队名。
Infallible Duplicity	绝对二重	暂定·官方待核	所给英文底稿；逐条核读	篇0844	沿原稿部队专名，组织细节未核。
Subversive Division	颠覆破坏师	暂定·官方待核	所给英文底稿；逐条核读	篇0844	军队编制暂名；不是行政部门。
Deliverance of Vulgate	沃尔盖特救援之战	暂定·官方待核	所给英文底稿；逐段核读	篇0845	标题、正文统一，原拯救／救赎。
Vulgate	沃尔盖特	暂定·官方待核	所给英文底稿；逐段核读	篇0845	国教圣地世界。
Vampyre	吸血鬼	暂定·官方待核	所给英文底稿；逐段核读	篇0846	亚空间生物，沿原稿，不与其他作品同名生物自动合并。
Astral Spectre	星界幽灵	暂定·官方待核	所给英文底稿；逐段核读	篇0846	亚空间生物沿原稿。
Astral Hound (Warp entity)	星界猎犬	暂定·官方待核	所给英文底稿；逐段核读	篇0846	亚空间生物，区别星际战士战团 Astral Hounds。
The Impossible Fortress	虚妄堡垒	暂定·官方待核	所给英文底稿；逐段核读	篇0846	奸奇领域地点，沿原稿。
The Hidden Library	隐秘图书馆	暂定·官方待核	所给英文底稿；逐段核读	篇0846	亚空间地点，不等同灵族黑图书馆。
The Well of Eternity	永恒之井	暂定·官方待核	所给英文底稿；逐段核读	篇0846	亚空间地点。
Gnarlwood	瘤木	暂定·官方待核	所给英文底稿；逐段核读	篇0847	纳垢花园树种，沿原稿。
The Blighted Mansion of Misery and Mirth	苦乐枯萎之屋	暂定·官方待核	所给英文底稿；逐段核读	篇0847	纳垢宅邸名，统一原译住所／之屋。
The Death Beds	死亡之床	暂定·官方待核	所给英文底稿；逐段核读	篇0847	花园内淤泥地域，沿原稿。
The Poxyards	瘟疫之园	暂定·官方待核	所给英文底稿；逐段核读	篇0847	纳垢试验场沿原稿。
Deathbell Lily Fields	死铃百合花田	暂定·官方待核	所给英文底稿；逐段核读	篇0847	Fields 为花田，非抽象领域；chime 铃声非蜂鸣。
Hanging Gardens of Thus’Bolg	瑟什·博尔格悬挂花园	暂定·官方待核	所给英文底稿；逐段核读	篇0847	人体肠道吊挂受害者的纪念花园；原文人物另拼 Thush’Bolg。
Bubbling Gully	沸腾溪谷	暂定·官方待核	所给英文底稿；逐段核读	篇0847	花园战场沿原稿。
Nyadra’zatha	尼亚德拉萨	暂定·官方待核	所给英文底稿	849 B0007	星神，称号 the Burning One 燃烧者；保留现稿译名，未查得对应官译。
Crossroads of Inertia	惯性交汇点	暂定·官方待核	所给英文底稿	849 B0026	网道中时间停滞之处；原译保留。
Bronislaw Czevak	布罗尼斯瓦夫·切瓦克	暂定·官方待核	所给英文底稿	849 B0026；850 B0013	审判官全名，沿现稿；长寿原因是其理论。
Wraithgate	幽魂门	暂定·官方待核	所给英文底稿	849 B0029	风暴蝮蛇所启用的门户，保留现稿；不擅与其他幽冥装置合并。
Storm Serpent	风暴蝮蛇	暂定·官方待核	所给英文底稿	849 B0029	搭载门户发生器的灵族载具，保留现稿。
Black Library of Chaos	混沌黑图书馆	暂定·官方待核	所给英文底稿	849 B0044；850 B0002	灵族收藏混沌知识的图书馆；简称黑图书馆，不表示属于混沌。
Black Library	黑图书馆	暂定·官方待核	所给英文底稿	850 B0002	同一场所简称；原黑色图书馆留对照。
Masque of the Falling Moon	落月假面剧团	暂定·官方待核	所给英文底稿	850 B0007	丑角组织，不是字面面具。
Guardian-scribes	文士守护者	暂定·官方待核	所给英文底稿	850 B0011	黑图书馆整理抄录与守护人员，区别由大先知组成的议会。
Black Council	黑色议会	暂定·官方待核	所给英文底稿	850 B0011、0031	黑图书馆咨询议会，沿原名。
Dúriel	杜里尔	暂定·官方待核	所给英文底稿	850 B0015	处女世界，沿现稿人名地名音译。
Neverending Stair	无尽阶梯	暂定·官方待核	所给英文底稿	850 B0028	进入黑图书馆的路径，保留原名。
Eiladar Ys	艾拉达尔·伊斯	暂定·官方待核	所给英文底稿	850 B0035	拉格奈什大先知。
Ffaid Karhedra	法伊德·卡尔海德拉	暂定·官方待核	所给英文底稿	850 B0037	艾斯利可坦大先知。
Eyslk-Tan	艾斯利可坦	暂定·官方待核	所给英文底稿	850 B0037	方舟世界，保留原译。
Iqbraesil (person)	伊克布雷西尔	暂定·官方待核	所给英文底稿	850 B0039	此处为伊扬登大先知，不与同名方舟世界强行合并。
Morcan Fiorinintal	莫坎·菲奥里宁塔尔	暂定·官方待核	所给英文底稿	850 B0041	阿莱托克大先知。
Book of the Rhana Dandra	《终焉之战之书》	暂定·官方待核	所给英文底稿	850 B0013、0045	又称 Book of Fate《命运之书》。
Book of Mournful Night	哀夜之书	暂定·官方待核	所给英文底稿	850 B0044	保留现稿书名。
Cries of Isha	《伊莎之泣》	暂定·官方待核	所给英文底稿	850 B0046	黑图书馆馆藏书名，沿现稿。
