英文标准词	采用中文	译名状态	依据	定位	编辑说明
Khenetai Occult	肯特泰密会	暂定·官方待核	所给英文底稿	篇 0551—0553	按具体军团语境暂定；同形词不机械替换。
Order of the Jackal	豺狼教团	暂定·官方待核	所给英文底稿	篇 0551—0553	按具体军团语境暂定；同形词不机械替换。
Ammitara Occult	阿米塔拉密会	暂定·官方待核	所给英文底稿	篇 0551—0553	按具体军团语境暂定；同形词不机械替换。
Order of the Blind	盲者教团	暂定·官方待核	所给英文底稿	篇 0551—0553	按具体军团语境暂定；同形词不机械替换。
Corvidae Initiate	黑鸦信徒	暂定·官方待核	所给英文底稿	篇 0551—0553	按具体军团语境暂定；同形词不机械替换。
Corvidae Cult	黑鸦学派	暂定·官方待核	所给英文底稿	篇 0551—0553	按具体军团语境暂定；同形词不机械替换。
Fates	命运者	暂定·官方待核	所给英文底稿	篇 0551—0553	按具体军团语境暂定；同形词不机械替换。
Horus Lupercal	荷鲁斯·卢佩卡尔	暂定·官方待核	所给英文底稿	篇0554	统一本篇名称；舰名、部队及人名不因同形词而跨语境替换。
Lupercal	卢佩卡尔	暂定·官方待核	所给英文底稿	篇0554	统一本篇名称；舰名、部队及人名不因同形词而跨语境替换。
Maeleum	玛勒姆	暂定·官方待核	所给英文底稿	篇0554	统一本篇名称；舰名、部队及人名不因同形词而跨语境替换。
Maleum	玛勒姆	暂定·官方待核	所给英文底稿	篇0554	统一本篇名称；舰名、部队及人名不因同形词而跨语境替换。
Mournival	四王议会	暂定·官方待核	所给英文底稿	篇0554	统一本篇名称；舰名、部队及人名不因同形词而跨语境替换。
Justaerin	加斯塔林	暂定·官方待核	所给英文底稿	篇0554	统一本篇名称；舰名、部队及人名不因同形词而跨语境替换。
Catulan Reaver Squad	卡图兰掠夺者小队	暂定·官方待核	所给英文底稿	篇0554	统一本篇名称；舰名、部队及人名不因同形词而跨语境替换。
Reaver Attack Squad	掠夺者攻击小队	暂定·官方待核	所给英文底稿	篇0554	统一本篇名称；舰名、部队及人名不因同形词而跨语境替换。
Luperci	狼之兄弟	暂定·官方待核	所给英文底稿	篇0554	统一本篇名称；舰名、部队及人名不因同形词而跨语境替换。
Luna Wolves	影月苍狼	暂定·官方待核	所给英文底稿	篇0554	统一本篇名称；舰名、部队及人名不因同形词而跨语境替换。
Thrice-Cursed Traitors	三重诅咒叛徒	暂定·官方待核	所给英文底稿	篇0554	统一本篇名称；舰名、部队及人名不因同形词而跨语境替换。
Sons of the Eye	眼之子	暂定·官方待核	所给英文底稿	篇0554	统一本篇名称；舰名、部队及人名不因同形词而跨语境替换。
Wolves of Horus	荷鲁斯之狼	暂定·官方待核	所给英文底稿	篇0554	统一本篇名称；舰名、部队及人名不因同形词而跨语境替换。
True Sons	真子	暂定·官方待核	所给英文底稿	篇0554	统一本篇名称；舰名、部队及人名不因同形词而跨语境替换。
True Sons of Cthonia	科索尼亚真子	暂定·官方待核	所给英文底稿	篇0554	统一本篇名称；舰名、部队及人名不因同形词而跨语境替换。
Serpent Lodge	蛇之结社	暂定·官方待核	所给英文底稿	篇0554	统一本篇名称；舰名、部队及人名不因同形词而跨语境替换。
Speartip	矛尖	暂定·官方待核	所给英文底稿	篇0554	统一本篇名称；舰名、部队及人名不因同形词而跨语境替换。
Long War	万古长战	暂定·官方待核	所给英文底稿	篇0554	统一本篇名称；舰名、部队及人名不因同形词而跨语境替换。
Vengeful Spirit	复仇之魂号	暂定·官方待核	所给英文底稿	篇0554	统一本篇名称；舰名、部队及人名不因同形词而跨语境替换。
Magna Tyranis	大暴君号	暂定·官方待核	所给英文底稿	篇0554	统一本篇名称；舰名、部队及人名不因同形词而跨语境替换。
Triumph of Reason	理性凯旋号	暂定·官方待核	所给英文底稿	篇0554	统一本篇名称；舰名、部队及人名不因同形词而跨语境替换。
Lash	鞭笞号	暂定·官方待核	所给英文底稿	篇0554	统一本篇名称；舰名、部队及人名不因同形词而跨语境替换。
King Eater	噬王者号	暂定·官方待核	所给英文底稿	篇0554	统一本篇名称；舰名、部队及人名不因同形词而跨语境替换。
Throne of the Underworld	冥界王座号	暂定·官方待核	所给英文底稿	篇0554	统一本篇名称；舰名、部队及人名不因同形词而跨语境替换。
War Oath	战争誓言号	暂定·官方待核	所给英文底稿	篇0554	统一本篇名称；舰名、部队及人名不因同形词而跨语境替换。
Warmaster's Mercy	战帅慈悲号	暂定·官方待核	所给英文底稿	篇0554	统一本篇名称；舰名、部队及人名不因同形词而跨语境替换。
Conqueror's Pride	征服者之傲号	暂定·官方待核	所给英文底稿	篇0554	统一本篇名称；舰名、部队及人名不因同形词而跨语境替换。
Tomb of Gold	黄金之墓号	暂定·官方待核	所给英文底稿	篇0554	统一本篇名称；舰名、部队及人名不因同形词而跨语境替换。
His Chosen Son	祂的选中之子号	暂定·官方待核	所给英文底稿	篇0554	统一本篇名称；舰名、部队及人名不因同形词而跨语境替换。
Ikon	伊康号	暂定·官方待核	所给英文底稿	篇0554	统一本篇名称；舰名、部队及人名不因同形词而跨语境替换。
Lupercal's Spear	卢佩卡尔之矛号	暂定·官方待核	所给英文底稿	篇0554	统一本篇名称；舰名、部队及人名不因同形词而跨语境替换。
Bone Jackal	骨豺号	暂定·官方待核	所给英文底稿	篇0554	统一本篇名称；舰名、部队及人名不因同形词而跨语境替换。
Gore Prow	血首号	暂定·官方待核	所给英文底稿	篇0554	统一本篇名称；舰名、部队及人名不因同形词而跨语境替换。
Chariot of the Gods	众神战车号	暂定·官方待核	所给英文底稿	篇0554	统一本篇名称；舰名、部队及人名不因同形词而跨语境替换。
Baleful Eye	恶意之眼号	暂定·官方待核	所给英文底稿	篇0554	统一本篇名称；舰名、部队及人名不因同形词而跨语境替换。
Lupercal Pursuivant	卢佩卡尔传令官号	暂定·官方待核	所给英文底稿	篇0554	统一本篇名称；舰名、部队及人名不因同形词而跨语境替换。
Horus Triumphant	荷鲁斯胜利号	暂定·官方待核	所给英文底稿	篇0554	统一本篇名称；舰名、部队及人名不因同形词而跨语境替换。
Fourfold Wolf	四重之狼号	暂定·官方待核	所给英文底稿	篇0554	统一本篇名称；舰名、部队及人名不因同形词而跨语境替换。
Cthonia Rising	科索尼亚崛起号	暂定·官方待核	所给英文底稿	篇0554	统一本篇名称；舰名、部队及人名不因同形词而跨语境替换。
Cthonic Blood	科索尼亚鲜血号	暂定·官方待核	所给英文底稿	篇0554	统一本篇名称；舰名、部队及人名不因同形词而跨语境替换。
Requiem of Antmura	安特穆拉安魂曲号	暂定·官方待核	所给英文底稿	篇0554	统一本篇名称；舰名、部队及人名不因同形词而跨语境替换。
Raksha	拉克萨号	暂定·官方待核	所给英文底稿	篇0554	统一本篇名称；舰名、部队及人名不因同形词而跨语境替换。
Rise of the Three Suns	三日同辉号	暂定·官方待核	所给英文底稿	篇0554	统一本篇名称；舰名、部队及人名不因同形词而跨语境替换。
Son of Victory	胜利之子号	暂定·官方待核	所给英文底稿	篇0554	统一本篇名称；舰名、部队及人名不因同形词而跨语境替换。
Blood of Cthonia	科索尼亚之血号	暂定·官方待核	所给英文底稿	篇0554	统一本篇名称；舰名、部队及人名不因同形词而跨语境替换。
Cthonian Scion	科索尼亚之裔号	暂定·官方待核	所给英文底稿	篇0554	统一本篇名称；舰名、部队及人名不因同形词而跨语境替换。
Akhaten	艾卡坦	暂定·官方待核	所给英文底稿	篇0554	统一本篇名称；舰名、部队及人名不因同形词而跨语境替换。
Cthonian Wolf	科索尼亚之狼	暂定·官方待核	所给英文底稿	篇0554	统一本篇名称；舰名、部队及人名不因同形词而跨语境替换。
Falkus Kibre	法库斯·凯博	暂定·官方待核	所给英文底稿	篇0554	统一本篇名称；舰名、部队及人名不因同形词而跨语境替换。
Kalus Ekaddon	卡鲁斯·埃卡顿	暂定·官方待核	所给英文底稿	篇0554	统一本篇名称；舰名、部队及人名不因同形词而跨语境替换。
Horus Aximand	荷鲁斯·阿西曼德	暂定·官方待核	所给英文底稿	篇0554	统一本篇名称；舰名、部队及人名不因同形词而跨语境替换。
Tarik Torgaddon	塔里克·托加顿	暂定·官方待核	所给英文底稿	篇0554	统一本篇名称；舰名、部队及人名不因同形词而跨语境替换。
Garviel Loken	加维尔·洛肯	暂定·官方待核	所给英文底稿	篇0554	统一本篇名称；舰名、部队及人名不因同形词而跨语境替换。
Maloghurst	马洛赫斯特	暂定·官方待核	所给英文底稿	篇0554	统一本篇名称；舰名、部队及人名不因同形词而跨语境替换。
Maral Lupus	马拉尔·卢普斯	暂定·官方待核	所给英文底稿	篇0554	统一本篇名称；舰名、部队及人名不因同形词而跨语境替换。
Vheren Ashurhaddon	维伦·阿舒哈顿	暂定·官方待核	所给英文底稿	篇0554	统一本篇名称；舰名、部队及人名不因同形词而跨语境替换。
Iacton Qruze	亚克顿·克鲁兹	暂定·官方待核	所给英文底稿	篇0554	统一本篇名称；舰名、部队及人名不因同形词而跨语境替换。
Tybalt Marr	提伯特·玛尔	暂定·官方待核	所给英文底稿	篇0554	统一本篇名称；舰名、部队及人名不因同形词而跨语境替换。
Shadrak Meduson	沙德拉克·梅杜森	暂定·官方待核	所给英文底稿	篇0554	统一本篇名称；舰名、部队及人名不因同形词而跨语境替换。
Urlakk Urg	乌尔拉克·乌尔格	暂定·官方待核	所给英文底稿	篇0554	统一本篇名称；舰名、部队及人名不因同形词而跨语境替换。
Eugen Temba	欧根·坦巴	暂定·官方待核	所给英文底稿	篇0554	统一本篇名称；舰名、部队及人名不因同形词而跨语境替换。
Duraga Kal Esmejhak	杜拉加·卡尔·埃斯梅哈克	暂定·官方待核	所给英文底稿	篇0554	统一本篇名称；舰名、部队及人名不因同形词而跨语境替换。
Vaithan Reaver Squad	韦特罕掠夺者小队	暂定·官方待核	所给英文底稿	篇0554	统一本篇名称；舰名、部队及人名不因同形词而跨语境替换。
Skyrar's Dark Wolves	斯卡拉的暗狼	暂定·官方待核	所给英文底稿	篇0554	统一本篇名称；舰名、部队及人名不因同形词而跨语境替换。
Interex	英特雷斯	暂定·官方待核	所给英文底稿	篇0554	统一本篇名称；舰名、部队及人名不因同形词而跨语境替换。
Davin	戴文	暂定·官方待核	所给英文底稿	篇0554	统一本篇名称；舰名、部队及人名不因同形词而跨语境替换。
Molech	摩洛	暂定·官方待核	所给英文底稿	篇0554	统一本篇名称；舰名、部队及人名不因同形词而跨语境替换。
Gorro	戈罗	暂定·官方待核	所给英文底稿	篇0554	统一本篇名称；舰名、部队及人名不因同形词而跨语境替换。
Ullanor	乌兰诺	暂定·官方待核	所给英文底稿	篇0554	统一本篇名称；舰名、部队及人名不因同形词而跨语境替换。
Xenobia	泽诺比娅	暂定·官方待核	所给英文底稿	篇0554	统一本篇名称；舰名、部队及人名不因同形词而跨语境替换。
Auretian Technocracy	奥瑞提安技术联盟	暂定·官方待核	所给英文底稿	篇0554	统一本篇名称；舰名、部队及人名不因同形词而跨语境替换。
Xibana Reaches	希巴纳边域	暂定·官方待核	所给英文底稿	篇0554	统一本篇名称；舰名、部队及人名不因同形词而跨语境替换。
Saturnine Gate	土星之门	暂定·官方待核	所给英文底稿	篇0554	统一本篇名称；舰名、部队及人名不因同形词而跨语境替换。
Iterator	宣讲师	暂定·官方待核	所给英文底稿	篇0555—0559	保留具体军团与时代语境，原译异写另存对照。
Memed	梅梅德	暂定·官方待核	所给英文底稿	篇0555—0559	保留具体军团与时代语境，原译异写另存对照。
Serghar Targost	瑟加尔·塔戈斯特	暂定·官方待核	所给英文底稿	篇0555—0559	保留具体军团与时代语境，原译异写另存对照。
Hastur Sejanus	哈斯塔·赛詹努斯	暂定·官方待核	所给英文底稿	篇0555—0559	保留具体军团与时代语境，原译异写另存对照。
Grael Noctua	格拉艾·诺克图阿	暂定·官方待核	所给英文底稿	篇0555—0559	保留具体军团与时代语境，原译异写另存对照。
Hellas Sycar	赫拉斯·赛卡	暂定·官方待核	所给英文底稿	篇0555—0559	保留具体军团与时代语境，原译异写另存对照。
Bringers of Despair	绝望使者	暂定·官方待核	所给英文底稿	篇0555—0559	保留具体军团与时代语境，原译异写另存对照。
Order of the Procurators	检察官教团	暂定·官方待核	所给英文底稿	篇0555—0559	保留具体军团与时代语境，原译异写另存对照。
Procurator	检察官	暂定·官方待核	所给英文底稿	篇0555—0559	保留具体军团与时代语境，原译异写另存对照。
Procurant	检察员	暂定·官方待核	所给英文底稿	篇0555—0559	保留具体军团与时代语境，原译异写另存对照。
Vor Nergeth	洗劫者	暂定·官方待核	所给英文底稿	篇0555—0559	保留具体军团与时代语境，原译异写另存对照。
Warhawk Jump Pack	战鹰跳跃背包	暂定·官方待核	所给英文底稿	篇0555—0559	保留具体军团与时代语境，原译异写另存对照。
Saturnine Wall	土星之墙	暂定·官方待核	所给英文底稿	篇0555—0559	保留具体军团与时代语境，原译异写另存对照。
Lorgar	珞珈	暂定·官方待核	所给英文底稿	篇0558—0560	以已读英文和全书现稿统一；未称官方定译，相关源文矛盾见段落校注。
Lorgar Aurelian	珞珈·奥瑞利安	暂定·官方待核	所给英文底稿	篇0558—0560	以已读英文和全书现稿统一；未称官方定译，相关源文矛盾见段落校注。
Imperial Heralds	帝国先驱	暂定·官方待核	所给英文底稿	篇0558—0560	以已读英文和全书现稿统一；未称官方定译，相关源文矛盾见段落校注。
Iconoclasts	圣像破坏者	暂定·官方待核	所给英文底稿	篇0558—0560	以已读英文和全书现稿统一；未称官方定译，相关源文矛盾见段落校注。
Chaos Undivided	混沌无分	暂定·官方待核	所给英文底稿	篇0558—0560	以已读英文和全书现稿统一；未称官方定译，相关源文矛盾见段落校注。
Colchis	科尔基斯	暂定·官方待核	所给英文底稿	篇0558—0560	以已读英文和全书现稿统一；未称官方定译，相关源文矛盾见段落校注。
Sicarus	西卡鲁斯	暂定·官方待核	所给英文底稿	篇0558—0560	以已读英文和全书现稿统一；未称官方定译，相关源文矛盾见段落校注。
Ghalmek	加尔梅克	暂定·官方待核	所给英文底稿	篇0558—0560	以已读英文和全书现稿统一；未称官方定译，相关源文矛盾见段落校注。
Erebus	艾瑞巴斯	暂定·官方待核	所给英文底稿	篇0558—0560	以已读英文和全书现稿统一；未称官方定译，相关源文矛盾见段落校注。
Kor Phaeron	科尔·法伦	暂定·官方待核	所给英文底稿	篇0558—0560	以已读英文和全书现稿统一；未称官方定译，相关源文矛盾见段落校注。
Zardu Layak	扎度·拉亚克	暂定·官方待核	所给英文底稿	篇0558—0560	以已读英文和全书现稿统一；未称官方定译，相关源文矛盾见段落校注。
Gal Vorbak	受祝之子	暂定·官方待核	所给英文底稿	篇0558—0560	以已读英文和全书现稿统一；未称官方定译，相关源文矛盾见段落校注。
Argel Tal	阿格尔·塔尔	暂定·官方待核	所给英文底稿	篇0558—0560	以已读英文和全书现稿统一；未称官方定译，相关源文矛盾见段落校注。
Serrated Sun	锯齿烈阳	暂定·官方待核	所给英文底稿	篇0558—0560	以已读英文和全书现稿统一；未称官方定译，相关源文矛盾见段落校注。
Primordial Truth	原初真理	暂定·官方待核	所给英文底稿	篇0558—0560	以已读英文和全书现稿统一；未称官方定译，相关源文矛盾见段落校注。
Ingethel the Ascended	升天者英格泰尔	暂定·官方待核	所给英文底稿	篇0558—0560	以已读英文和全书现稿统一；未称官方定译，相关源文矛盾见段落校注。
Ingethel	英格泰尔	暂定·官方待核	所给英文底稿	篇0558—0560	以已读英文和全书现稿统一；未称官方定译，相关源文矛盾见段落校注。
Monarchia	摩纳齐亚	暂定·官方待核	所给英文底稿	篇0558—0560	以已读英文和全书现稿统一；未称官方定译，相关源文矛盾见段落校注。
Khur	库尔	暂定·官方待核	所给英文底稿	篇0558—0560	以已读英文和全书现稿统一；未称官方定译，相关源文矛盾见段落校注。
Corrinos Campaign	科里诺斯战役	暂定·官方待核	所给英文底稿	篇0558—0560	以已读英文和全书现稿统一；未称官方定译，相关源文矛盾见段落校注。
Shadow Crusade	暗影远征	暂定·官方待核	所给英文底稿	篇0558—0560	以已读英文和全书现稿统一；未称官方定译，相关源文矛盾见段落校注。
Bitter War	苦难战争	暂定·官方待核	所给英文底稿	篇0558—0560	以已读英文和全书现稿统一；未称官方定译，相关源文矛盾见段落校注。
Dark Council	黑暗议会	暂定·官方待核	所给英文底稿	篇0558—0560	以已读英文和全书现稿统一；未称官方定译，相关源文矛盾见段落校注。
Master of the Union	联合之主	暂定·官方待核	所给英文底稿	篇0558—0560	以已读英文和全书现稿统一；未称官方定译，相关源文矛盾见段落校注。
Voice of Lorgar	珞珈之声	暂定·官方待核	所给英文底稿	篇0558—0560	以已读英文和全书现稿统一；未称官方定译，相关源文矛盾见段落校注。
Coryphaus	领唱者	暂定·官方待核	所给英文底稿	篇0558—0560	以已读英文和全书现稿统一；未称官方定译，相关源文矛盾见段落校注。
First Acolyte	第一侍僧	暂定·官方待核	所给英文底稿	篇0558—0560	以已读英文和全书现稿统一；未称官方定译，相关源文矛盾见段落校注。
Martio Imprimis	第一征战	暂定·官方待核	所给英文底稿	篇0558—0560	以已读英文和全书现稿统一；未称官方定译，相关源文矛盾见段落校注。
Martio Secundus	第二征战	暂定·官方待核	所给英文底稿	篇0558—0560	以已读英文和全书现稿统一；未称官方定译，相关源文矛盾见段落校注。
Anointed	受膏者	暂定·官方待核	所给英文底稿	篇0558—0560	以已读英文和全书现稿统一；未称官方定译，相关源文矛盾见段落校注。
Annunake	安努纳克	暂定·官方待核	所给英文底稿	篇0558—0560	以已读英文和全书现稿统一；未称官方定译，相关源文矛盾见段落校注。
Harbingers of Death	死亡先驱	暂定·官方待核	所给英文底稿	篇0558—0560	以已读英文和全书现稿统一；未称官方定译，相关源文矛盾见段落校注。
Zar Hraval	扎尔·赫拉瓦尔	暂定·官方待核	所给英文底稿	篇0558—0560	以已读英文和全书现稿统一；未称官方定译，相关源文矛盾见段落校注。
Fidelitas Lex	信仰之律号	暂定·官方待核	所给英文底稿	篇0558—0560	以已读英文和全书现稿统一；未称官方定译，相关源文矛盾见段落校注。
Infidus Imperator	伪帝号	暂定·官方待核	所给英文底稿	篇0558—0560	以已读英文和全书现稿统一；未称官方定译，相关源文矛盾见段落校注。
Destiny's Hand	命运之手号	暂定·官方待核	所给英文底稿	篇0558—0560	以已读英文和全书现稿统一；未称官方定译，相关源文矛盾见段落校注。
Kamiel	卡米尔号	暂定·官方待核	所给英文底稿	篇0558—0560	以已读英文和全书现稿统一；未称官方定译，相关源文矛盾见段落校注。
Furious Abyss	狂怒深渊号	暂定·官方待核	所给英文底稿	篇0558—0560	以已读英文和全书现稿统一；未称官方定译，相关源文矛盾见段落校注。
Abyss Class Battleship	深渊级战列舰	暂定·官方待核	所给英文底稿	篇0558—0560	以已读英文和全书现稿统一；未称官方定译，相关源文矛盾见段落校注。
Trisagion	三圣颂号	暂定·官方待核	所给英文底稿	篇0558—0560	以已读英文和全书现稿统一；未称官方定译，相关源文矛盾见段落校注。
Blessed Lady	受祝女士号	暂定·官方待核	所给英文底稿	篇0558—0560	以已读英文和全书现稿统一；未称官方定译，相关源文矛盾见段落校注。
De Profundis	来自深渊号	暂定·官方待核	所给英文底稿	篇0558—0560	以已读英文和全书现稿统一；未称官方定译，相关源文矛盾见段落校注。
Dark Chorus	黑暗圣歌号	暂定·官方待核	所给英文底稿	篇0558—0560	以已读英文和全书现稿统一；未称官方定译，相关源文矛盾见段落校注。
Crucius Maledictus	十字诅咒号	暂定·官方待核	所给英文底稿	篇0558—0560	以已读英文和全书现稿统一；未称官方定译，相关源文矛盾见段落校注。
Vox Dominus	神音号	暂定·官方待核	所给英文底稿	篇0558—0560	以已读英文和全书现稿统一；未称官方定译，相关源文矛盾见段落校注。
Ayamandar	阿亚曼达尔号	暂定·官方待核	所给英文底稿	篇0558—0560	以已读英文和全书现稿统一；未称官方定译，相关源文矛盾见段落校注。
Infidus Diabolus	背信恶魔号	暂定·官方待核	所给英文底稿	篇0558—0560	以已读英文和全书现稿统一；未称官方定译，相关源文矛盾见段落校注。
Firebrand	火焰烙印号	暂定·官方待核	所给英文底稿	篇0558—0560	以已读英文和全书现稿统一；未称官方定译，相关源文矛盾见段落校注。
Amyric Kel	阿米里克·凯尔	暂定·官方待核	所给英文底稿	篇0558—0560	以已读英文和全书现稿统一；未称官方定译，相关源文矛盾见段落校注。
Xaphen	夏芬	暂定·官方待核	所给英文底稿	篇0558—0560	以已读英文和全书现稿统一；未称官方定译，相关源文矛盾见段落校注。
Zadkiel	扎德基尔	暂定·官方待核	所给英文底稿	篇0558—0560	以已读英文和全书现稿统一；未称官方定译，相关源文矛盾见段落校注。
Jarulek	贾鲁克	暂定·官方待核	所给英文底稿	篇0558—0560	以已读英文和全书现稿统一；未称官方定译，相关源文矛盾见段落校注。
Kol Badar	科尔·巴达尔	暂定·官方待核	所给英文底稿	篇0558—0560	以已读英文和全书现稿统一；未称官方定译，相关源文矛盾见段落校注。
Sor Talgron	索尔·塔格隆	暂定·官方待核	所给英文底稿	篇0558—0560	以已读英文和全书现稿统一；未称官方定译，相关源文矛盾见段落校注。
Barthusa Narek	巴图萨·纳瑞克	暂定·官方待核	所给英文底稿	篇0558—0560	以已读英文和全书现稿统一；未称官方定译，相关源文矛盾见段落校注。
Quor Vondar	库尔·旺达	暂定·官方待核	所给英文底稿	篇0558—0560	以已读英文和全书现稿统一；未称官方定译，相关源文矛盾见段落校注。
Paristur	帕里斯图尔	暂定·官方待核	所给英文底稿	篇0558—0560	以已读英文和全书现稿统一；未称官方定译，相关源文矛盾见段落校注。
Mothac	莫塔奇	暂定·官方待核	所给英文底稿	篇0558—0560	以已读英文和全书现稿统一；未称官方定译，相关源文矛盾见段落校注。
Pridor Vrakon	普里多·弗拉肯	暂定·官方待核	所给英文底稿	篇0558—0560	以已读英文和全书现稿统一；未称官方定译，相关源文矛盾见段落校注。
Burias Drak'Shal	布里亚斯·德拉克沙尔	暂定·官方待核	所给英文底稿	篇0558—0560	以已读英文和全书现稿统一；未称官方定译，相关源文矛盾见段落校注。
Eliphas the Inheritor	继承者艾里法斯	暂定·官方待核	所给英文底稿	篇0558—0560	以已读英文和全书现稿统一；未称官方定译，相关源文矛盾见段落校注。
Enusat	埃努萨特	暂定·官方待核	所给英文底稿	篇0558—0560	以已读英文和全书现稿统一；未称官方定译，相关源文矛盾见段落校注。
Ashkanez	阿什卡内兹	暂定·官方待核	所给英文底稿	篇0558—0560	以已读英文和全书现稿统一；未称官方定译，相关源文矛盾见段落校注。
Sabtec	萨博泰克	暂定·官方待核	所给英文底稿	篇0558—0560	以已读英文和全书现稿统一；未称官方定译，相关源文矛盾见段落校注。
Marduk	马尔杜克	暂定·官方待核	所给英文底稿	篇0558—0560	以已读英文和全书现稿统一；未称官方定译，相关源文矛盾见段落校注。
Sargon Eregesh	萨尔贡·埃雷格什	暂定·官方待核	所给英文底稿	篇0558—0560	以已读英文和全书现稿统一；未称官方定译，相关源文矛盾见段落校注。
Maloq Kartho	马洛克·卡尔托	暂定·官方待核	所给英文底稿	篇0558—0560	以已读英文和全书现稿统一；未称官方定译，相关源文矛盾见段落校注。
Anchorite	隐修士	暂定·官方待核	所给英文底稿	篇0558—0560	以已读英文和全书现稿统一；未称官方定译，相关源文矛盾见段落校注。
Anakatis Kul	阿纳卡蒂斯剑奴	暂定·官方待核	所给英文底稿	篇0558—0560	以已读英文和全书现稿统一；未称官方定译，相关源文矛盾见段落校注。
Mhara Gal	附魔无畏机甲	暂定·官方待核	所给英文底稿	篇0558—0560	以已读英文和全书现稿统一；未称官方定译，相关源文矛盾见段落校注。
Ashen Circle	灰烬之环	暂定·官方待核	所给英文底稿	篇0558—0560	以已读英文和全书现稿统一；未称官方定译，相关源文矛盾见段落校注。
Axe-Rake	耙斧	暂定·官方待核	所给英文底稿	篇0558—0560	以已读英文和全书现稿统一；未称官方定译，相关源文矛盾见段落校注。
Asps of the Sacred Sands	圣沙之蛇	暂定·官方待核	所给英文底稿	篇0558—0560	以已读英文和全书现稿统一；未称官方定译，相关源文矛盾见段落校注。
Graven Star	镌刻之星	暂定·官方待核	所给英文底稿	篇0558—0560	以已读英文和全书现稿统一；未称官方定译，相关源文矛盾见段落校注。
Scold's Bridle	禁言嚼口	暂定·官方待核	所给英文底稿	篇0558—0560	以已读英文和全书现稿统一；未称官方定译，相关源文矛盾见段落校注。
Opening Eye	睁开之眼	暂定·官方待核	所给英文底稿	篇0558—0560	以已读英文和全书现稿统一；未称官方定译，相关源文矛盾见段落校注。
Sundered Tower	破碎之塔	暂定·官方待核	所给英文底稿	篇0558—0560	以已读英文和全书现稿统一；未称官方定译，相关源文矛盾见段落校注。
Tri-Fold Crown	三重王冠	暂定·官方待核	所给英文底稿	篇0558—0560	以已读英文和全书现稿统一；未称官方定译，相关源文矛盾见段落校注。
Benediction	祝福星	暂定·官方待核	所给英文底稿	篇0558—0560	以已读英文和全书现稿统一；未称官方定译，相关源文矛盾见段落校注。
Alpharius	阿尔法瑞斯	暂定·官方待核	所给英文底稿	篇0561	采用已读上下文；同形的普通词及其他组织名称不机械替换。
Omegon	欧米伽	暂定·官方待核	所给英文底稿	篇0561	采用已读上下文；同形的普通词及其他组织名称不机械替换。
Alpharius Omegon	阿尔法瑞斯·欧米伽	暂定·官方待核	所给英文底稿	篇0561	采用已读上下文；同形的普通词及其他组织名称不机械替换。
Ghost Legion	幽灵军团	暂定·官方待核	所给英文底稿	篇0561	采用已读上下文；同形的普通词及其他组织名称不机械替换。
Hydra Dominatus	九头蛇不朽	暂定·官方待核	所给英文底稿	篇0561	采用已读上下文；同形的普通词及其他组织名称不机械替换。
The Book of Malignancies	邪恶之书	暂定·官方待核	所给英文底稿	篇0561	采用已读上下文；同形的普通词及其他组织名称不机械替换。
The Apocrypha Terra	泰拉伪经	暂定·官方待核	所给英文底稿	篇0561	采用已读上下文；同形的普通词及其他组织名称不机械替换。
The Harrowing	折磨	暂定·官方待核	所给英文底稿	篇0561	采用已读上下文；同形的普通词及其他组织名称不机械替换。
Harrowmaster	折磨大师	暂定·官方待核	所给英文底稿	篇0561	采用已读上下文；同形的普通词及其他组织名称不机械替换。
Master of Diversion	佯动大师	暂定·官方待核	所给英文底稿	篇0561	采用已读上下文；同形的普通词及其他组织名称不机械替换。
Sparatoi	斯帕拉托伊	暂定·官方待核	所给英文底稿	篇0561	采用已读上下文；同形的普通词及其他组织名称不机械替换。
Operative	特工	暂定·官方待核	所给英文底稿	篇0561	采用已读上下文；同形的普通词及其他组织名称不机械替换。
Effrit Stealth Squad	埃弗里特潜行小队	暂定·官方待核	所给英文底稿	篇0561	采用已读上下文；同形的普通词及其他组织名称不机械替换。
Lernaen Terminator Squad	勒拿终结者小队	暂定·官方待核	所给英文底稿	篇0561	采用已读上下文；同形的普通词及其他组织名称不机械替换。
Lernaean	勒拿终结者	暂定·官方待核	所给英文底稿	篇0561	采用已读上下文；同形的普通词及其他组织名称不机械替换。
Corvus-Alpha	渡鸦-阿尔法	暂定·官方待核	所给英文底稿	篇0561	采用已读上下文；同形的普通词及其他组织名称不机械替换。
Tesstra Prime	特斯特拉主星	暂定·官方待核	所给英文底稿	篇0561	采用已读上下文；同形的普通词及其他组织名称不机械替换。
Chondax	香德克斯	暂定·官方待核	所给英文底稿	篇0561	采用已读上下文；同形的普通词及其他组织名称不机械替换。
Eskrador	埃斯卡多	暂定·官方待核	所给英文底稿	篇0561	采用已读上下文；同形的普通词及其他组织名称不机械替换。
Alaxxes Nebula	阿拉克斯星云	暂定·官方待核	所给英文底稿	篇0561	采用已读上下文；同形的普通词及其他组织名称不机械替换。
Actaea	阿克泰	暂定·官方待核	所给英文底稿	篇0561	采用已读上下文；同形的普通词及其他组织名称不机械替换。
Aeonid Thiel	伊奥尼德·希尔	暂定·官方待核	所给英文底稿	篇0561	采用已读上下文；同形的普通词及其他组织名称不机械替换。
Branne Nev	布兰尼·涅夫	暂定·官方待核	所给英文底稿	篇0561	采用已读上下文；同形的普通词及其他组织名称不机械替换。
Ingo Pech	英戈·佩奇	暂定·官方待核	所给英文底稿	篇0561	采用已读上下文；同形的普通词及其他组织名称不机械替换。
Mathias Herzog	马蒂亚斯·赫尔佐格	暂定·官方待核	所给英文底稿	篇0561	采用已读上下文；同形的普通词及其他组织名称不机械替换。
Armillus Dynat	阿尔梅琉斯·迪纳特	暂定·官方待核	所给英文底稿	篇0561	采用已读上下文；同形的普通词及其他组织名称不机械替换。
Exodus	伊克索底斯	暂定·官方待核	所给英文底稿	篇0561	采用已读上下文；同形的普通词及其他组织名称不机械替换。
Phocron	弗克伦	暂定·官方待核	所给英文底稿	篇0561	采用已读上下文；同形的普通词及其他组织名称不机械替换。
Siridor Vhen	希瑞多·维恩	暂定·官方待核	所给英文底稿	篇0561	采用已读上下文；同形的普通词及其他组织名称不机械替换。
Sheed Ranko	谢德·兰科	暂定·官方待核	所给英文底稿	篇0561	采用已读上下文；同形的普通词及其他组织名称不机械替换。
Autilon Skorr	奥帝隆·斯考尔	暂定·官方待核	所给英文底稿	篇0561	采用已读上下文；同形的普通词及其他组织名称不机械替换。
Arkos	阿尔科斯	暂定·官方待核	所给英文底稿	篇0561	采用已读上下文；同形的普通词及其他组织名称不机械替换。
Arkturion	阿克图里翁	暂定·官方待核	所给英文底稿	篇0561	采用已读上下文；同形的普通词及其他组织名称不机械替换。
Quetzel Carthach	奎泽尔·卡尔萨克	暂定·官方待核	所给英文底稿	篇0561	采用已读上下文；同形的普通词及其他组织名称不机械替换。
Sindri Myr	辛德里·米尔	暂定·官方待核	所给英文底稿	篇0561	采用已读上下文；同形的普通词及其他组织名称不机械替换。
Occam	奥卡姆	暂定·官方待核	所给英文底稿	篇0561	采用已读上下文；同形的普通词及其他组织名称不机械替换。
Vykus Skayle	维库斯·斯凯尔	暂定·官方待核	所给英文底稿	篇0561	采用已读上下文；同形的普通词及其他组织名称不机械替换。
Kassar	卡萨尔	暂定·官方待核	所给英文底稿	篇0561	采用已读上下文；同形的普通词及其他组织名称不机械替换。
Solomon Akurra	所罗门·阿库拉	暂定·官方待核	所给英文底稿	篇0561	采用已读上下文；同形的普通词及其他组织名称不机械替换。
Kernax Voldorius	克纳克斯·沃尔多里乌斯	暂定·官方待核	所给英文底稿	篇0561	采用已读上下文；同形的普通词及其他组织名称不机械替换。
Bale	贝尔	暂定·官方待核	所给英文底稿	篇0561	采用已读上下文；同形的普通词及其他组织名称不机械替换。
Firaeveus Carron	弗里维斯·卡伦	暂定·官方待核	所给英文底稿	篇0561	采用已读上下文；同形的普通词及其他组织名称不机械替换。
Cacadius Siron	卡卡迪乌斯·西隆	暂定·官方待核	所给英文底稿	篇0561	采用已读上下文；同形的普通词及其他组织名称不机械替换。
Deathrow the Warblind	战盲死囚	暂定·官方待核	所给英文底稿	篇0561	采用已读上下文；同形的普通词及其他组织名称不机械替换。
Anarchy's Heart	无序之心号	暂定·官方待核	所给英文底稿	篇0561	采用已读上下文；同形的普通词及其他组织名称不机械替换。
Gama Mu	伽马·穆号	暂定·官方待核	所给英文底稿	篇0561	采用已读上下文；同形的普通词及其他组织名称不机械替换。
Zeta Telios	泽塔终极号	暂定·官方待核	所给英文底稿	篇0561	采用已读上下文；同形的普通词及其他组织名称不机械替换。
Omega-Echidnax	欧米伽-厄喀德那号	暂定·官方待核	所给英文底稿	篇0561	采用已读上下文；同形的普通词及其他组织名称不机械替换。
Gamma Lycurgus	伽马·莱库古号	暂定·官方待核	所给英文底稿	篇0561	采用已读上下文；同形的普通词及其他组织名称不机械替换。
World Prince Campaign	世界王子战役	暂定·官方待核	所给英文底稿	篇0561	采用已读上下文；同形的普通词及其他组织名称不机械替换。
Cryptosi Purgation	隐生清洗	暂定·官方待核	所给英文底稿	篇0561	采用已读上下文；同形的普通词及其他组织名称不机械替换。
Guns of Freedom	自由之枪	暂定·官方待核	所给英文底稿	篇0561	采用已读上下文；同形的普通词及其他组织名称不机械替换。
The Faceless	无面者	暂定·官方待核	所给英文底稿	篇0561	采用已读上下文；同形的普通词及其他组织名称不机械替换。
The Faithless	无信者	暂定·官方待核	所给英文底稿	篇0561	采用已读上下文；同形的普通词及其他组织名称不机械替换。
First Strike	首击	暂定·官方待核	所给英文底稿	篇0561	采用已读上下文；同形的普通词及其他组织名称不机械替换。
Penitent Sons	忏悔之子	暂定·官方待核	所给英文底稿	篇0561	采用已读上下文；同形的普通词及其他组织名称不机械替换。
The Redacted	抹除者	暂定·官方待核	所给英文底稿	篇0561	采用已读上下文；同形的普通词及其他组织名称不机械替换。
The Rustbloods	锈血者	暂定·官方待核	所给英文底稿	篇0561	采用已读上下文；同形的普通词及其他组织名称不机械替换。
Scaled Fang	鳞牙	暂定·官方待核	所给英文底稿	篇0561	采用已读上下文；同形的普通词及其他组织名称不机械替换。
Serpentine Scourge	蛇形灾祸	暂定·官方待核	所给英文底稿	篇0561	采用已读上下文；同形的普通词及其他组织名称不机械替换。
The Serpent's Teeth	巨蛇之牙	暂定·官方待核	所给英文底稿	篇0561	采用已读上下文；同形的普通词及其他组织名称不机械替换。
The Shadowed Ones	阴影众	暂定·官方待核	所给英文底稿	篇0561	采用已读上下文；同形的普通词及其他组织名称不机械替换。
Shrouded Hand	蔽影之手	暂定·官方待核	所给英文底稿	篇0561	采用已读上下文；同形的普通词及其他组织名称不机械替换。
Sons of Deception	欺骗之子	暂定·官方待核	所给英文底稿	篇0561	采用已读上下文；同形的普通词及其他组织名称不机械替换。
Sons of the Hydra	九头蛇之子	暂定·官方待核	所给英文底稿	篇0561	采用已读上下文；同形的普通词及其他组织名称不机械替换。
Sons of Venom	毒液之子	暂定·官方待核	所给英文底稿	篇0561	采用已读上下文；同形的普通词及其他组织名称不机械替换。
Soulfangs	魂牙	暂定·官方待核	所给英文底稿	篇0561	采用已读上下文；同形的普通词及其他组织名称不机械替换。
Splintered Sentients	破碎智灵	暂定·官方待核	所给英文底稿	篇0561	采用已读上下文；同形的普通词及其他组织名称不机械替换。
Subtle Blades	隐秘之刃	暂定·官方待核	所给英文底稿	篇0561	采用已读上下文；同形的普通词及其他组织名称不机械替换。
The Unsung	未颂者	暂定·官方待核	所给英文底稿	篇0561	采用已读上下文；同形的普通词及其他组织名称不机械替换。
Brotherhood of the Serpent's Eye	巨蛇之眼兄弟会	暂定·官方待核	所给英文底稿	篇0561	采用已读上下文；同形的普通词及其他组织名称不机械替换。
Xenos	异形	暂定·官方待核	所给英文底稿	篇0562、0564—0565	依本篇具体语义与现稿统一；阵营完整名及人物官译另按已有词表。
T'au	钛族	暂定·官方待核	所给英文底稿	篇0562、0564—0565	依本篇具体语义与现稿统一；阵营完整名及人物官译另按已有词表。
Greater Good	上上善道	官方已核对	GW-01 https://warhammer40000.com/zh-hans/the-armies/；GW-02 https://warhammer40000.com/the-armies/	两页钛帝国介绍，2026-09-22复核	对应哲学名称。
An-Iolus	安-伊奥卢斯	暂定·官方待核	所给英文底稿	篇0562、0564—0565	依本篇具体语义与现稿统一；阵营完整名及人物官译另按已有词表。
Coven of Isha	伊莎女巫会	暂定·官方待核	所给英文底稿	篇0562、0564—0565	依本篇具体语义与现稿统一；阵营完整名及人物官译另按已有词表。
Jokaero	太空猿猴	暂定·官方待核	所给英文底稿	篇0562、0564—0565	依本篇具体语义与现稿统一；阵营完整名及人物官译另按已有词表。
Jokaero death spider	太空猿猴死亡蜘蛛	暂定·官方待核	所给英文底稿	篇0562、0564—0565	依本篇具体语义与现稿统一；阵营完整名及人物官译另按已有词表。
zarthax	扎塔克斯	暂定·官方待核	所给英文底稿	篇0562、0564—0565	依本篇具体语义与现稿统一；阵营完整名及人物官译另按已有词表。
Bale Childer	灾祸之子	暂定·官方待核	所给英文底稿	篇0562、0564—0565	依本篇具体语义与现稿统一；阵营完整名及人物官译另按已有词表。
Yu'vath	尤瓦斯	暂定·官方待核	所给英文底稿	篇0562、0564—0565	依本篇具体语义与现稿统一；阵营完整名及人物官译另按已有词表。
Saruthi	萨鲁提	暂定·官方待核	所给英文底稿	篇0562、0564—0565	依本篇具体语义与现稿统一；阵营完整名及人物官译另按已有词表。
Grell	格雷尔	暂定·官方待核	所给英文底稿	篇0562、0564—0565	依本篇具体语义与现稿统一；阵营完整名及人物官译另按已有词表。
Xenarch	泽纳克	暂定·官方待核	所给英文底稿	篇0562、0564—0565	依本篇具体语义与现稿统一；阵营完整名及人物官译另按已有词表。
Rangda	冉丹	暂定·官方待核	所给英文底稿	篇0562、0564—0565	依本篇具体语义与现稿统一；阵营完整名及人物官译另按已有词表。
Rangdan	冉丹	暂定·官方待核	所给英文底稿	篇0562、0564—0565	依本篇具体语义与现稿统一；阵营完整名及人物官译另按已有词表。
Rangdan Cerabvores	冉丹食脑者	暂定·官方待核	所给英文底稿	篇0562、0564—0565	依本篇具体语义与现稿统一；阵营完整名及人物官译另按已有词表。
Rangdan Osseivores	冉丹食骨者	暂定·官方待核	所给英文底稿	篇0562、0564—0565	依本篇具体语义与现稿统一；阵营完整名及人物官译另按已有词表。
Slaugth	史洛斯	暂定·官方待核	所给英文底稿	篇0562、0564—0565	依本篇具体语义与现稿统一；阵营完整名及人物官译另按已有词表。
Shadow Blasters	暗影爆破炮	暂定·官方待核	所给英文底稿	篇0562、0564—0565	依本篇具体语义与现稿统一；阵营完整名及人物官译另按已有词表。
Laer	莱尔	暂定·官方待核	所给英文底稿	篇0562、0564—0565	依本篇具体语义与现稿统一；阵营完整名及人物官译另按已有词表。
Laeran	莱兰	暂定·官方待核	所给英文底稿	篇0562、0564—0565	依本篇具体语义与现稿统一；阵营完整名及人物官译另按已有词表。
Cleansing of Laeran	莱兰清洗	暂定·官方待核	所给英文底稿	篇0562、0564—0565	依本篇具体语义与现稿统一；阵营完整名及人物官译另按已有词表。
Old Slann	古史兰	暂定·官方待核	所给英文底稿	篇0563	依具体历史与版本语境定译；不同传说不合并为单一确证史实。
Slann	史兰	暂定·官方待核	所给英文底稿	篇0563	依具体历史与版本语境定译；不同传说不合并为单一确证史实。
Necrontyr	惧亡者	暂定·官方待核	所给英文底稿	篇0563	依具体历史与版本语境定译；不同传说不合并为单一确证史实。
Triarch	三圣	暂定·官方待核	所给英文底稿	篇0563	依具体历史与版本语境定译；不同传说不合并为单一确证史实。
C'tan	星神	暂定·官方待核	所给英文底稿	篇0563	依具体历史与版本语境定译；不同传说不合并为单一确证史实。
K'nib	克尼卜	暂定·官方待核	所给英文底稿	篇0563	依具体历史与版本语境定译；不同传说不合并为单一确证史实。
Rashan	拉杉	暂定·官方待核	所给英文底稿	篇0563	依具体历史与版本语境定译；不同传说不合并为单一确证史实。
Yngir	因吉尔	暂定·官方待核	所给英文底稿	篇0563	依具体历史与版本语境定译；不同传说不合并为单一确证史实。
God War	神战	暂定·官方待核	所给英文底稿	篇0563	依具体历史与版本语境定译；不同传说不合并为单一确证史实。
great warding	大封印	暂定·官方待核	所给英文底稿	篇0563	依具体历史与版本语境定译；不同传说不合并为单一确证史实。
Krork	古兽人	暂定·官方待核	所给英文底稿	篇0563	依具体历史与版本语境定译；不同传说不合并为单一确证史实。
Enslaver Plague	奴役者瘟疫	暂定·官方待核	所给英文底稿	篇0563	依具体历史与版本语境定译；不同传说不合并为单一确证史实。
Szarekh	斯扎拉克	暂定·官方待核	所给英文底稿	篇0563	依具体历史与版本语境定译；不同传说不合并为单一确证史实。
Kaelor	凯洛尔	暂定·官方待核	所给英文底稿	篇0563	依具体历史与版本语境定译；不同传说不合并为单一确证史实。
First Ones	初代	暂定·官方待核	所给英文底稿	篇0563	依具体历史与版本语境定译；不同传说不合并为单一确证史实。
Liber Chaotica	混沌圣典	暂定·官方待核	所给英文底稿	篇0563	依具体历史与版本语境定译；不同传说不合并为单一确证史实。
Xenology	异形学	暂定·官方待核	所给英文底稿	篇0563	依具体历史与版本语境定译；不同传说不合并为单一确证史实。
Kurdo Salvador	库尔多·萨尔瓦多	暂定·官方待核	所给英文底稿	篇0563	依具体历史与版本语境定译；不同传说不合并为单一确证史实。
Umbra	本影	暂定·官方待核	所给英文底稿	篇0563	依具体历史与版本语境定译；不同传说不合并为单一确证史实。
Qah	卡赫	暂定·官方待核	所给英文底稿	篇0563	依具体历史与版本语境定译；不同传说不合并为单一确证史实。
Hrud	赫鲁德	暂定·官方待核	所给英文底稿	篇0563	依具体历史与版本语境定译；不同传说不合并为单一确证史实。
Hazeroth Abyss	哈冼录深渊	暂定·官方待核	所给英文底稿	篇0566	依本篇语境定译；同形普通词不套用其他阵营单位。
Amaranthine Syndicate	不凋花企业联合	暂定·官方待核	所给英文底稿	篇0566	依本篇语境定译；同形普通词不套用其他阵营单位。
Intendant Recusant	异见监督者	暂定·官方待核	所给英文底稿	篇0566	依本篇语境定译；同形普通词不套用其他阵营单位。
Cleansing of Vigil	守夜星清洗	暂定·官方待核	所给英文底稿	篇0566	依本篇语境定译；同形普通词不套用其他阵营单位。
Principal	首席（史洛斯职衔）	暂定·官方待核	所给英文底稿	篇0566	依本篇语境定译；同形普通词不套用其他阵营单位。
Destructor	破坏者（史洛斯类别）	暂定·官方待核	所给英文底稿	篇0566	依本篇语境定译；同形普通词不套用其他阵营单位。
Intendent	监督者（史洛斯职衔）	暂定·官方待核	所给英文底稿	篇0566	依本篇语境定译；同形普通词不套用其他阵营单位。
Shroud Cloak	寿衣斗篷	暂定·官方待核	所给英文底稿	篇0566	依本篇语境定译；同形普通词不套用其他阵营单位。
Shroud Armour	寿衣护甲	暂定·官方待核	所给英文底稿	篇0566	依本篇语境定译；同形普通词不套用其他阵营单位。
Necrotic Sceptre	坏死权杖	暂定·官方待核	所给英文底稿	篇0566	依本篇语境定译；同形普通词不套用其他阵营单位。
Necrotic Beam	坏死光束	暂定·官方待核	所给英文底稿	篇0566	依本篇语境定译；同形普通词不套用其他阵营单位。
Necrotic Lance	坏死长枪	暂定·官方待核	所给英文底稿	篇0566	依本篇语境定译；同形普通词不套用其他阵营单位。
Warrior Vassal Construct	战士奴仆构造体	暂定·官方待核	所给英文底稿	篇0566	依本篇语境定译；同形普通词不套用其他阵营单位。
Harvest construct	收割者构造体	暂定·官方待核	所给英文底稿	篇0566	依本篇语境定译；同形普通词不套用其他阵营单位。
Miss Book	书籍女士	暂定·官方待核	所给英文底稿	篇0566	依本篇语境定译；同形普通词不套用其他阵营单位。
Vigil	警戒团（静默修女编制）／警戒堡（红蝎空间站）／守夜星（行星）	语境定译·官方待核	所给英文底稿	篇0168、0319、0566	三种实体分译；本篇为清洗战发生的行星。
Temporaferrox	Temporaferrox（暂保留英文）	暂定·官方待核	所给英文底稿	篇0567	专名按本篇英文区分；保持神话、推测及版本限定，不作官方认证。
Troglydium hrudii	Troglydium hrudii（学名）	暂定·官方待核	所给英文底稿	篇0567	专名按本篇英文区分；保持神话、推测及版本限定，不作官方认证。
Those Who Evade the Crone	躲避老妪者	暂定·官方待核	所给英文底稿	篇0567	专名按本篇英文区分；保持神话、推测及版本限定，不作官方认证。
Janus Draik	贾纳斯·德雷克	暂定·官方待核	所给英文底稿	篇0567	专名按本篇英文区分；保持神话、推测及版本限定，不作官方认证。
Sak’trada Deeps	萨克特拉达深渊	暂定·官方待核	所给英文底稿	篇0567	专名按本篇英文区分；保持神话、推测及版本限定，不作官方认证。
Hrud Rising	赫鲁德叛乱	暂定·官方待核	所给英文底稿	篇0567	专名按本篇英文区分；保持神话、推测及版本限定，不作官方认证。
Haakonath	哈科内斯	暂定·官方待核	所给英文底稿	篇0567	专名按本篇英文区分；保持神话、推测及版本限定，不作官方认证。
Damhal	达姆哈尔	暂定·官方待核	所给英文底稿	篇0567	专名按本篇英文区分；保持神话、推测及版本限定，不作官方认证。
Keep Extremis	极端堡	暂定·官方待核	所给英文底稿	篇0567	专名按本篇英文区分；保持神话、推测及版本限定，不作官方认证。
Tavalar	塔瓦拉	暂定·官方待核	所给英文底稿	篇0567	专名按本篇英文区分；保持神话、推测及版本限定，不作官方认证。
Kashann Xeno Riders	卡尚异形骑兵	暂定·官方待核	所给英文底稿	篇0567	专名按本篇英文区分；保持神话、推测及版本限定，不作官方认证。
Ursula Spinal	乌苏拉之脊	暂定·官方待核	所给英文底稿	篇0567	专名按本篇英文区分；保持神话、推测及版本限定，不作官方认证。
Paternus Gloriem	荣耀之父号	暂定·官方待核	所给英文底稿	篇0567	专名按本篇英文区分；保持神话、推测及版本限定，不作官方认证。
Selebor Mathias	塞莱博尔·马蒂亚斯	暂定·官方待核	所给英文底稿	篇0567	专名按本篇英文区分；保持神话、推测及版本限定，不作官方认证。
Cinchare	辛查尔	暂定·官方待核	所给英文底稿	篇0567	专名按本篇英文区分；保持神话、推测及版本限定，不作官方认证。
Ursarkar E. Creed	乌萨卡·E.克里德	暂定·官方待核	所给英文底稿	篇0567	专名按本篇英文区分；保持神话、推测及版本限定，不作官方认证。
Laevenir Archipelago	拉维尼尔群岛	暂定·官方待核	所给英文底稿	篇0567	专名按本篇英文区分；保持神话、推测及版本限定，不作官方认证。
Ouroboros	乌洛波洛斯	暂定·官方待核	所给英文底稿	篇0567	专名按本篇英文区分；保持神话、推测及版本限定，不作官方认证。
Liber Historica Vangelia	万杰利亚历史册	暂定·官方待核	所给英文底稿	篇0567	专名按本篇英文区分；保持神话、推测及版本限定，不作官方认证。
Mortenken’s World	莫滕肯世界	暂定·官方待核	所给英文底稿	篇0567	专名按本篇英文区分；保持神话、推测及版本限定，不作官方认证。
Olfric	奥弗里克	暂定·官方待核	所给英文底稿	篇0567	专名按本篇英文区分；保持神话、推测及版本限定，不作官方认证。
Last Chancers	最后机会	暂定·官方待核	所给英文底稿	篇0567	专名按本篇英文区分；保持神话、推测及版本限定，不作官方认证。
Es’Tau	艾斯钛	暂定·官方待核	所给英文底稿	篇0567	专名按本篇英文区分；保持神话、推测及版本限定，不作官方认证。
Saim-Hann	塞姆罕	暂定·官方待核	所给英文底稿	篇0567	专名按本篇英文区分；保持神话、推测及版本限定，不作官方认证。
Ulumeathi	乌卢梅亚蒂人	暂定·官方待核	所给英文底稿	篇0567	专名按本篇英文区分；保持神话、推测及版本限定，不作官方认证。
Draxians	德拉西安	暂定·官方待核	所给英文底稿	篇0567	专名按本篇英文区分；保持神话、推测及版本限定，不作官方认证。
Delphic	德尔斐	暂定·官方待核	所给英文底稿	篇0567	专名按本篇英文区分；保持神话、推测及版本限定，不作官方认证。
Mordant Acid Dogs	莫丹特强酸犬	暂定·官方待核	所给英文底稿	篇0567	专名按本篇英文区分；保持神话、推测及版本限定，不作官方认证。
Vesalius	维萨里号	暂定·官方待核	所给英文底稿	篇0567	专名按本篇英文区分；保持神话、推测及版本限定，不作官方认证。
Igori	伊戈里	暂定·官方待核	所给英文底稿	篇0567	专名按本篇英文区分；保持神话、推测及版本限定，不作官方认证。
Sharle Darvus	莎尔·达维斯	暂定·官方待核	所给英文底稿	篇0567	专名按本篇英文区分；保持神话、推测及版本限定，不作官方认证。
Ssaak	萨阿克	暂定·官方待核	所给英文底稿	篇0567	专名按本篇英文区分；保持神话、推测及版本限定，不作官方认证。
Harrakis	哈拉基斯	暂定·官方待核	所给英文底稿	篇0567	专名按本篇英文区分；保持神话、推测及版本限定，不作官方认证。
Fortreidon	福特雷顿	暂定·官方待核	所给英文底稿	篇0567	专名按本篇英文区分；保持神话、推测及版本限定，不作官方认证。
Omadon Tiresias	奥玛顿·提瑞西阿斯	暂定·官方待核	所给英文底稿	篇0567	专名按本篇英文区分；保持神话、推测及版本限定，不作官方认证。
Juuntak	朱恩塔克	暂定·官方待核	所给英文底稿	篇0567	专名按本篇英文区分；保持神话、推测及版本限定，不作官方认证。
Poh-ha	波哈	暂定·官方待核	所给英文底稿	篇0567	专名按本篇英文区分；保持神话、推测及版本限定，不作官方认证。
Respectable Salvager’s Nocturnal Consortium	受人尊敬的打捞者夜行联合体	暂定·官方待核	所给英文底稿	篇0567	专名按本篇英文区分；保持神话、推测及版本限定，不作官方认证。
Zanhaad	赞哈德	暂定·官方待核	所给英文底稿	篇0567	专名按本篇英文区分；保持神话、推测及版本限定，不作官方认证。
Raheed	拉希德	暂定·官方待核	所给英文底稿	篇0567	专名按本篇英文区分；保持神话、推测及版本限定，不作官方认证。
Masstribe	大部落	暂定·官方待核	所给英文底稿	篇0567	专名按本篇英文区分；保持神话、推测及版本限定，不作官方认证。
Slah-haii	斯拉哈伊	暂定·官方待核	所给英文底稿	篇0567	专名按本篇英文区分；保持神话、推测及版本限定，不作官方认证。
Yaam-khoh	雅姆科	暂定·官方待核	所给英文底稿	篇0567	专名按本篇英文区分；保持神话、推测及版本限定，不作官方认证。
Raheed-skeh	拉希德斯凯	暂定·官方待核	所给英文底稿	篇0567	专名按本篇英文区分；保持神话、推测及版本限定，不作官方认证。
Maturin Ralei	马图林·拉莱	暂定·官方待核	所给英文底稿	篇0567	专名按本篇英文区分；保持神话、推测及版本限定，不作官方认证。
Fusil	相位火枪	暂定·官方待核	所给英文底稿	篇0567	专名按本篇英文区分；保持神话、推测及版本限定，不作官方认证。
Gugann	古甘	暂定·官方待核	所给英文底稿	篇0567	专名按本篇英文区分；保持神话、推测及版本限定，不作官方认证。
Liber Xenologis	异形志	暂定·官方待核	所给英文底稿	篇0567	专名按本篇英文区分；保持神话、推测及版本限定，不作官方认证。
Eldrad Ulthran	艾尔德拉德·乌瑟兰	官方已核对	GW-09 https://assets.warhammer-community.com/chi_06-05_wh40k_core%26key_munitorum_field_manual-5mrlucr2t1-fkybzzzoce.pdf；GW-10 https://assets.warhammer-community.com/eng_warhammer40000_munitorum_field_manual_march_2025-cims9ya3sg-s8j9m2haae.pdf	两版PDF均第6页	中英官方清单逐项核对；普通 prophet 不因此一律译大先知。
Farseer	大先知	官方已核对	GW-09 https://assets.warhammer-community.com/chi_06-05_wh40k_core%26key_munitorum_field_manual-5mrlucr2t1-fkybzzzoce.pdf；GW-10 https://assets.warhammer-community.com/eng_warhammer40000_munitorum_field_manual_march_2025-cims9ya3sg-s8j9m2haae.pdf	两版PDF均第6页	中英官方清单逐项核对；普通 prophet 不因此一律译大先知。
Noisome Reek	恶臭瑞克	暂定·官方待核	所给英文底稿	篇0568—0570	沿已定词或依本篇语义暂译；同名预言、历史与人物身份不混同。
Reek	瑞克	暂定·官方待核	所给英文底稿	篇0568—0570	沿已定词或依本篇语义暂译；同名预言、历史与人物身份不混同。
Worldweave of the Noisome Reek	恶臭瑞克世界织网	暂定·官方待核	所给英文底稿	篇0568—0570	沿已定词或依本篇语义暂译；同名预言、历史与人物身份不混同。
Arcadius	阿卡迪乌斯	暂定·官方待核	所给英文底稿	篇0568—0570	沿已定词或依本篇语义暂译；同名预言、历史与人物身份不混同。
Abad Gerrit	阿巴德·格里特	暂定·官方待核	所给英文底稿	篇0568—0570	沿已定词或依本篇语义暂译；同名预言、历史与人物身份不混同。
Ghallenburg	加伦堡	暂定·官方待核	所给英文底稿	篇0568—0570	沿已定词或依本篇语义暂译；同名预言、历史与人物身份不混同。
Si’coa	西科阿	暂定·官方待核	所给英文底稿	篇0568—0570	沿已定词或依本篇语义暂译；同名预言、历史与人物身份不混同。
Aun’Va	铵瓦	暂定·官方待核	所给英文底稿	篇0568—0570	沿已定词或依本篇语义暂译；同名预言、历史与人物身份不混同。
Fire Warriors	火战士	暂定·官方待核	所给英文底稿	篇0568—0570	沿已定词或依本篇语义暂译；同名预言、历史与人物身份不混同。
Cabal	密教	暂定·官方待核	所给英文底稿	篇0568—0570	沿已定词或依本篇语义暂译；同名预言、历史与人物身份不混同。
Primordial Annihilator	原初毁灭者	暂定·官方待核	所给英文底稿	篇0568—0570	沿已定词或依本篇语义暂译；同名预言、历史与人物身份不混同。
Nurth	努尔特	暂定·官方待核	所给英文底稿	篇0568—0570	沿已定词或依本篇语义暂译；同名预言、历史与人物身份不混同。
Eolith	厄奥利斯	暂定·官方待核	所给英文底稿	篇0568—0570	沿已定词或依本篇语义暂译；同名预言、历史与人物身份不混同。
Acuity	洞察	暂定·官方待核	所给英文底稿	篇0568—0570	沿已定词或依本篇语义暂译；同名预言、历史与人物身份不混同。
Gahet	加赫特	暂定·官方待核	所给英文底稿	篇0568—0570	沿已定词或依本篇语义暂译；同名预言、历史与人物身份不混同。
Slau Dha	斯劳·达	暂定·官方待核	所给英文底稿	篇0568—0570	沿已定词或依本篇语义暂译；同名预言、历史与人物身份不混同。
Cartur Umenedies	卡图尔·乌梅尼德斯	暂定·官方待核	所给英文底稿	篇0568—0570	沿已定词或依本篇语义暂译；同名预言、历史与人物身份不混同。
G’Lattro	格拉特罗	暂定·官方待核	所给英文底稿	篇0568—0570	沿已定词或依本篇语义暂译；同名预言、历史与人物身份不混同。
Athithirtir	阿提西尔提尔	暂定·官方待核	所给英文底稿	篇0568—0570	沿已定词或依本篇语义暂译；同名预言、历史与人物身份不混同。
Drahendra	德拉亨德拉	暂定·官方待核	所给英文底稿	篇0568—0570	沿已定词或依本篇语义暂译；同名预言、历史与人物身份不混同。
Uluméathic League	乌卢梅亚蒂克联盟	暂定·官方待核	所给英文底稿	篇0568—0570	沿已定词或依本篇语义暂译；同名预言、历史与人物身份不混同。
Naga	娜迦	暂定·官方待核	所给英文底稿	篇0568—0570	沿已定词或依本篇语义暂译；同名预言、历史与人物身份不混同。
Varryean Space Docks	瓦里安太空船坞	暂定·官方待核	所给英文底稿	篇0568—0570	沿已定词或依本篇语义暂译；同名预言、历史与人物身份不混同。
Malan’tai	玛兰泰	暂定·官方待核	所给英文底稿	篇0568—0570	沿已定词或依本篇语义暂译；同名预言、历史与人物身份不混同。
Iyanden	伊扬登	暂定·官方待核	所给英文底稿	篇0568—0570	沿已定词或依本篇语义暂译；同名预言、历史与人物身份不混同。
Idharae	伊德哈尔	暂定·官方待核	所给英文底稿	篇0568—0570	沿已定词或依本篇语义暂译；同名预言、历史与人物身份不混同。
Soulburner Petard	灵魂燃烧炮	暂定·官方待核	所给英文底稿	篇0568—0570	沿已定词或依本篇语义暂译；同名预言、历史与人物身份不混同。
Chaos Decimator	混沌屠戮者	暂定·官方待核	所给英文底稿	篇0568—0570	沿已定词或依本篇语义暂译；同名预言、历史与人物身份不混同。
Asurmen	阿苏曼	官方已核对	GW-09 https://assets.warhammer-community.com/chi_06-05_wh40k_core%26key_munitorum_field_manual-5mrlucr2t1-fkybzzzoce.pdf；GW-10 https://assets.warhammer-community.com/eng_warhammer40000_munitorum_field_manual_march_2025-cims9ya3sg-s8j9m2haae.pdf	两版PDF均第6页	直接逐项核对官方中英单位名；人物额外尊号及复合职衔不随之全称认证。
Autarch	司战	官方已核对	GW-09 https://assets.warhammer-community.com/chi_06-05_wh40k_core%26key_munitorum_field_manual-5mrlucr2t1-fkybzzzoce.pdf；GW-10 https://assets.warhammer-community.com/eng_warhammer40000_munitorum_field_manual_march_2025-cims9ya3sg-s8j9m2haae.pdf	两版PDF均第6页	直接逐项核对官方中英单位名；人物额外尊号及复合职衔不随之全称认证。
Baharroth	巴哈罗斯	官方已核对	GW-09 https://assets.warhammer-community.com/chi_06-05_wh40k_core%26key_munitorum_field_manual-5mrlucr2t1-fkybzzzoce.pdf；GW-10 https://assets.warhammer-community.com/eng_warhammer40000_munitorum_field_manual_march_2025-cims9ya3sg-s8j9m2haae.pdf	两版PDF均第6页	直接逐项核对官方中英单位名；人物额外尊号及复合职衔不随之全称认证。
Dark Reapers	黑暗死神	官方已核对	GW-09 https://assets.warhammer-community.com/chi_06-05_wh40k_core%26key_munitorum_field_manual-5mrlucr2t1-fkybzzzoce.pdf；GW-10 https://assets.warhammer-community.com/eng_warhammer40000_munitorum_field_manual_march_2025-cims9ya3sg-s8j9m2haae.pdf	两版PDF均第6页	直接逐项核对官方中英单位名；人物额外尊号及复合职衔不随之全称认证。
Dire Avengers	凶暴复仇者	官方已核对	GW-09 https://assets.warhammer-community.com/chi_06-05_wh40k_core%26key_munitorum_field_manual-5mrlucr2t1-fkybzzzoce.pdf；GW-10 https://assets.warhammer-community.com/eng_warhammer40000_munitorum_field_manual_march_2025-cims9ya3sg-s8j9m2haae.pdf	两版PDF均第6页	直接逐项核对官方中英单位名；人物额外尊号及复合职衔不随之全称认证。
Fire Dragons	火龙	官方已核对	GW-09 https://assets.warhammer-community.com/chi_06-05_wh40k_core%26key_munitorum_field_manual-5mrlucr2t1-fkybzzzoce.pdf；GW-10 https://assets.warhammer-community.com/eng_warhammer40000_munitorum_field_manual_march_2025-cims9ya3sg-s8j9m2haae.pdf	两版PDF均第6页	直接逐项核对官方中英单位名；人物额外尊号及复合职衔不随之全称认证。
Fuegan	弗甘	官方已核对	GW-09 https://assets.warhammer-community.com/chi_06-05_wh40k_core%26key_munitorum_field_manual-5mrlucr2t1-fkybzzzoce.pdf；GW-10 https://assets.warhammer-community.com/eng_warhammer40000_munitorum_field_manual_march_2025-cims9ya3sg-s8j9m2haae.pdf	两版PDF均第6页	直接逐项核对官方中英单位名；人物额外尊号及复合职衔不随之全称认证。
Howling Banshees	狂嚎女妖	官方已核对	GW-09 https://assets.warhammer-community.com/chi_06-05_wh40k_core%26key_munitorum_field_manual-5mrlucr2t1-fkybzzzoce.pdf；GW-10 https://assets.warhammer-community.com/eng_warhammer40000_munitorum_field_manual_march_2025-cims9ya3sg-s8j9m2haae.pdf	两版PDF均第6页	直接逐项核对官方中英单位名；人物额外尊号及复合职衔不随之全称认证。
Jain Zar	简恩·扎尔	官方已核对	GW-09 https://assets.warhammer-community.com/chi_06-05_wh40k_core%26key_munitorum_field_manual-5mrlucr2t1-fkybzzzoce.pdf；GW-10 https://assets.warhammer-community.com/eng_warhammer40000_munitorum_field_manual_march_2025-cims9ya3sg-s8j9m2haae.pdf	两版PDF均第6页	直接逐项核对官方中英单位名；人物额外尊号及复合职衔不随之全称认证。
Lhykhis	莱吉斯	官方已核对	GW-09 https://assets.warhammer-community.com/chi_06-05_wh40k_core%26key_munitorum_field_manual-5mrlucr2t1-fkybzzzoce.pdf；GW-10 https://assets.warhammer-community.com/eng_warhammer40000_munitorum_field_manual_march_2025-cims9ya3sg-s8j9m2haae.pdf	两版PDF均第6页	直接逐项核对官方中英单位名；人物额外尊号及复合职衔不随之全称认证。
Maugan Ra	矛甘·拉	官方已核对	GW-09 https://assets.warhammer-community.com/chi_06-05_wh40k_core%26key_munitorum_field_manual-5mrlucr2t1-fkybzzzoce.pdf；GW-10 https://assets.warhammer-community.com/eng_warhammer40000_munitorum_field_manual_march_2025-cims9ya3sg-s8j9m2haae.pdf	两版PDF均第6页	直接逐项核对官方中英单位名；人物额外尊号及复合职衔不随之全称认证。
Rangers	游侠	官方已核对	GW-09 https://assets.warhammer-community.com/chi_06-05_wh40k_core%26key_munitorum_field_manual-5mrlucr2t1-fkybzzzoce.pdf；GW-10 https://assets.warhammer-community.com/eng_warhammer40000_munitorum_field_manual_march_2025-cims9ya3sg-s8j9m2haae.pdf	两版PDF均第6页	直接逐项核对官方中英单位名；人物额外尊号及复合职衔不随之全称认证。
Shadowseer	暗影先知	官方已核对	GW-09 https://assets.warhammer-community.com/chi_06-05_wh40k_core%26key_munitorum_field_manual-5mrlucr2t1-fkybzzzoce.pdf；GW-10 https://assets.warhammer-community.com/eng_warhammer40000_munitorum_field_manual_march_2025-cims9ya3sg-s8j9m2haae.pdf	两版PDF均第6页	直接逐项核对官方中英单位名；人物额外尊号及复合职衔不随之全称认证。
Shining Spears	闪矛	官方已核对	GW-09 https://assets.warhammer-community.com/chi_06-05_wh40k_core%26key_munitorum_field_manual-5mrlucr2t1-fkybzzzoce.pdf；GW-10 https://assets.warhammer-community.com/eng_warhammer40000_munitorum_field_manual_march_2025-cims9ya3sg-s8j9m2haae.pdf	两版PDF均第6页	直接逐项核对官方中英单位名；人物额外尊号及复合职衔不随之全称认证。
Solitaire	独角	官方已核对	GW-09 https://assets.warhammer-community.com/chi_06-05_wh40k_core%26key_munitorum_field_manual-5mrlucr2t1-fkybzzzoce.pdf；GW-10 https://assets.warhammer-community.com/eng_warhammer40000_munitorum_field_manual_march_2025-cims9ya3sg-s8j9m2haae.pdf	两版PDF均第6页	直接逐项核对官方中英单位名；人物额外尊号及复合职衔不随之全称认证。
Spiritseer	灵魂先知	官方已核对	GW-09 https://assets.warhammer-community.com/chi_06-05_wh40k_core%26key_munitorum_field_manual-5mrlucr2t1-fkybzzzoce.pdf；GW-10 https://assets.warhammer-community.com/eng_warhammer40000_munitorum_field_manual_march_2025-cims9ya3sg-s8j9m2haae.pdf	两版PDF均第6页	直接逐项核对官方中英单位名；人物额外尊号及复合职衔不随之全称认证。
Striking Scorpions	突击战蝎	官方已核对	GW-09 https://assets.warhammer-community.com/chi_06-05_wh40k_core%26key_munitorum_field_manual-5mrlucr2t1-fkybzzzoce.pdf；GW-10 https://assets.warhammer-community.com/eng_warhammer40000_munitorum_field_manual_march_2025-cims9ya3sg-s8j9m2haae.pdf	两版PDF均第6页	直接逐项核对官方中英单位名；人物额外尊号及复合职衔不随之全称认证。
Swooping Hawks	翔鹰	官方已核对	GW-09 https://assets.warhammer-community.com/chi_06-05_wh40k_core%26key_munitorum_field_manual-5mrlucr2t1-fkybzzzoce.pdf；GW-10 https://assets.warhammer-community.com/eng_warhammer40000_munitorum_field_manual_march_2025-cims9ya3sg-s8j9m2haae.pdf	两版PDF均第6页	直接逐项核对官方中英单位名；人物额外尊号及复合职衔不随之全称认证。
Troupe	剧团	官方已核对	GW-09 https://assets.warhammer-community.com/chi_06-05_wh40k_core%26key_munitorum_field_manual-5mrlucr2t1-fkybzzzoce.pdf；GW-10 https://assets.warhammer-community.com/eng_warhammer40000_munitorum_field_manual_march_2025-cims9ya3sg-s8j9m2haae.pdf	两版PDF均第6页	直接逐项核对官方中英单位名；人物额外尊号及复合职衔不随之全称认证。
Troupe Master	剧团长	官方已核对	GW-09 https://assets.warhammer-community.com/chi_06-05_wh40k_core%26key_munitorum_field_manual-5mrlucr2t1-fkybzzzoce.pdf；GW-10 https://assets.warhammer-community.com/eng_warhammer40000_munitorum_field_manual_march_2025-cims9ya3sg-s8j9m2haae.pdf	两版PDF均第6页	直接逐项核对官方中英单位名；人物额外尊号及复合职衔不随之全称认证。
Warp Spiders	次元蜘蛛	官方已核对	GW-09 https://assets.warhammer-community.com/chi_06-05_wh40k_core%26key_munitorum_field_manual-5mrlucr2t1-fkybzzzoce.pdf；GW-10 https://assets.warhammer-community.com/eng_warhammer40000_munitorum_field_manual_march_2025-cims9ya3sg-s8j9m2haae.pdf	两版PDF均第6页	直接逐项核对官方中英单位名；人物额外尊号及复合职衔不随之全称认证。
Windriders	驭风者摩托	官方已核对	GW-09 https://assets.warhammer-community.com/chi_06-05_wh40k_core%26key_munitorum_field_manual-5mrlucr2t1-fkybzzzoce.pdf；GW-10 https://assets.warhammer-community.com/eng_warhammer40000_munitorum_field_manual_march_2025-cims9ya3sg-s8j9m2haae.pdf	两版PDF均第6页	直接逐项核对官方中英单位名；人物额外尊号及复合职衔不随之全称认证。
Wraithguard	幽冥护卫	官方已核对	GW-09 https://assets.warhammer-community.com/chi_06-05_wh40k_core%26key_munitorum_field_manual-5mrlucr2t1-fkybzzzoce.pdf；GW-10 https://assets.warhammer-community.com/eng_warhammer40000_munitorum_field_manual_march_2025-cims9ya3sg-s8j9m2haae.pdf	两版PDF均第6页	直接逐项核对官方中英单位名；人物额外尊号及复合职衔不随之全称认证。
Wraithlord	幽冥领主	官方已核对	GW-09 https://assets.warhammer-community.com/chi_06-05_wh40k_core%26key_munitorum_field_manual-5mrlucr2t1-fkybzzzoce.pdf；GW-10 https://assets.warhammer-community.com/eng_warhammer40000_munitorum_field_manual_march_2025-cims9ya3sg-s8j9m2haae.pdf	两版PDF均第6页	直接逐项核对官方中英单位名；人物额外尊号及复合职衔不随之全称认证。
Yvraine	伊芙蕾妮	官方已核对	GW-09 https://assets.warhammer-community.com/chi_06-05_wh40k_core%26key_munitorum_field_manual-5mrlucr2t1-fkybzzzoce.pdf；GW-10 https://assets.warhammer-community.com/eng_warhammer40000_munitorum_field_manual_march_2025-cims9ya3sg-s8j9m2haae.pdf	两版PDF均第7页	直接核对对应名称；物种泛称和词根不擅自套为完整官方名。
The Visarch	维萨奇	官方已核对	GW-09 https://assets.warhammer-community.com/chi_06-05_wh40k_core%26key_munitorum_field_manual-5mrlucr2t1-fkybzzzoce.pdf；GW-10 https://assets.warhammer-community.com/eng_warhammer40000_munitorum_field_manual_march_2025-cims9ya3sg-s8j9m2haae.pdf	GW09第6页；GW10第7页	直接核对对应名称；物种泛称和词根不擅自套为完整官方名。
The Yncarne	因卡恩	官方已核对	GW-09 https://assets.warhammer-community.com/chi_06-05_wh40k_core%26key_munitorum_field_manual-5mrlucr2t1-fkybzzzoce.pdf；GW-10 https://assets.warhammer-community.com/eng_warhammer40000_munitorum_field_manual_march_2025-cims9ya3sg-s8j9m2haae.pdf	GW09第6页；GW10第7页	直接核对对应名称；物种泛称和词根不擅自套为完整官方名。
Drazhar	达扎尔	官方已核对	GW-09 https://assets.warhammer-community.com/chi_06-05_wh40k_core%26key_munitorum_field_manual-5mrlucr2t1-fkybzzzoce.pdf；GW-10 https://assets.warhammer-community.com/eng_warhammer40000_munitorum_field_manual_march_2025-cims9ya3sg-s8j9m2haae.pdf	两版PDF均第20页	直接核对对应名称；物种泛称和词根不擅自套为完整官方名。
Lelith Hesperax	莉莉丝·海斯佩拉克斯	官方已核对	GW-09 https://assets.warhammer-community.com/chi_06-05_wh40k_core%26key_munitorum_field_manual-5mrlucr2t1-fkybzzzoce.pdf；GW-10 https://assets.warhammer-community.com/eng_warhammer40000_munitorum_field_manual_march_2025-cims9ya3sg-s8j9m2haae.pdf	两版PDF均第20页	直接核对对应名称；物种泛称和词根不擅自套为完整官方名。
Incubi	梦魇剑客	官方已核对	GW-09 https://assets.warhammer-community.com/chi_06-05_wh40k_core%26key_munitorum_field_manual-5mrlucr2t1-fkybzzzoce.pdf；GW-10 https://assets.warhammer-community.com/eng_warhammer40000_munitorum_field_manual_march_2025-cims9ya3sg-s8j9m2haae.pdf	两版PDF均第20页	直接核对对应名称；物种泛称和词根不擅自套为完整官方名。
Succubus	血腥魔女	官方已核对	GW-09 https://assets.warhammer-community.com/chi_06-05_wh40k_core%26key_munitorum_field_manual-5mrlucr2t1-fkybzzzoce.pdf；GW-10 https://assets.warhammer-community.com/eng_warhammer40000_munitorum_field_manual_march_2025-cims9ya3sg-s8j9m2haae.pdf	两版PDF均第20页	直接核对对应名称；物种泛称和词根不擅自套为完整官方名。
Hellions	滑板暴徒	官方已核对	GW-09 https://assets.warhammer-community.com/chi_06-05_wh40k_core%26key_munitorum_field_manual-5mrlucr2t1-fkybzzzoce.pdf；GW-10 https://assets.warhammer-community.com/eng_warhammer40000_munitorum_field_manual_march_2025-cims9ya3sg-s8j9m2haae.pdf	两版PDF均第20页	直接核对对应名称；物种泛称和词根不擅自套为完整官方名。
Devoted of Ynnead	伊纳德信徒	官方已核对	GW-09 https://assets.warhammer-community.com/chi_06-05_wh40k_core%26key_munitorum_field_manual-5mrlucr2t1-fkybzzzoce.pdf；GW-10 https://assets.warhammer-community.com/eng_warhammer40000_munitorum_field_manual_march_2025-cims9ya3sg-s8j9m2haae.pdf	两版PDF均第7页	直接核对对应名称；物种泛称和词根不擅自套为完整官方名。
Ynnead	伊纳德	官方词根参考·单名待核	GW-09 https://assets.warhammer-community.com/chi_06-05_wh40k_core%26key_munitorum_field_manual-5mrlucr2t1-fkybzzzoce.pdf；GW-10 https://assets.warhammer-community.com/eng_warhammer40000_munitorum_field_manual_march_2025-cims9ya3sg-s8j9m2haae.pdf	两版第7页Devoted of Ynnead／伊纳德信徒	神名取自官方完整分遣队名称词根，原因尼德保留原译对照。
Anhrathe	安赫拉特	暂定·官方待核	所给英文底稿	篇0571	对照本篇英文专名；人物尊号、海盗组织与普通同形词按语境使用。
Asuryani	阿苏焉尼	暂定·官方待核	所给英文底稿	篇0571	对照本篇英文专名；人物尊号、海盗组织与普通同形词按语境使用。
Maiden Worlds	少女世界	暂定·官方待核	所给英文底稿	篇0571	对照本篇英文专名；人物尊号、海盗组织与普通同形词按语境使用。
Crone Worlds	老妪世界	暂定·官方待核	所给英文底稿	篇0571	对照本篇英文专名；人物尊号、海盗组织与普通同形词按语境使用。
Dathedian	达瑟迪安	暂定·官方待核	所给英文底稿	篇0571	对照本篇英文专名；人物尊号、海盗组织与普通同形词按语境使用。
Dysjunction	析离	暂定·官方待核	所给英文底稿	篇0571	对照本篇英文专名；人物尊号、海盗组织与普通同形词按语境使用。
Biel-Tan	比耶坦	暂定·官方待核	所给英文底稿	篇0571	对照本篇英文专名；人物尊号、海盗组织与普通同形词按语境使用。
Vaul	瓦尔	暂定·官方待核	所给英文底稿	篇0571	对照本篇英文专名；人物尊号、海盗组织与普通同形词按语境使用。
Kaela Mensha Khaine	血手凯恩	暂定·官方待核	所给英文底稿	篇0571	对照本篇英文专名；人物尊号、海盗组织与普通同形词按语境使用。
Shuriken	星镖	暂定·官方待核	所给英文底稿	篇0571	对照本篇英文专名；人物尊号、海盗组织与普通同形词按语境使用。
Shuriken Catapult	星镖枪	暂定·官方待核	所给英文底稿	篇0571	对照本篇英文专名；人物尊号、海盗组织与普通同形词按语境使用。
Shuriken Cannon	星镖炮	暂定·官方待核	所给英文底稿	篇0571	对照本篇英文专名；人物尊号、海盗组织与普通同形词按语境使用。
Spirit Stone	魂石	暂定·官方待核	所给英文底稿	篇0571	对照本篇英文专名；人物尊号、海盗组织与普通同形词按语境使用。
Infinity Circuit	无限回路	暂定·官方待核	所给英文底稿	篇0571	对照本篇英文专名；人物尊号、海盗组织与普通同形词按语境使用。
Wraithbone	灵骨	暂定·官方待核	所给英文底稿	篇0571	对照本篇英文专名；人物尊号、海盗组织与普通同形词按语境使用。
Bonesinger	吟骨者	暂定·官方待核	所给英文底稿	篇0571	对照本篇英文专名；人物尊号、海盗组织与普通同形词按语境使用。
Aspect Warrior	支派战士	暂定·官方待核	所给英文底稿	篇0571	对照本篇英文专名；人物尊号、海盗组织与普通同形词按语境使用。
Exarch	主教（灵族道途）	暂定·官方待核	所给英文底稿	篇0571	对照本篇英文专名；人物尊号、海盗组织与普通同形词按语境使用。
Alaitoc	阿莱托克	暂定·官方待核	所给英文底稿	篇0571	对照本篇英文专名；人物尊号、海盗组织与普通同形词按语境使用。
Altansar	奥坦萨	暂定·官方待核	所给英文底稿	篇0571	对照本篇英文专名；人物尊号、海盗组织与普通同形词按语境使用。
Swordwind	剑风	暂定·官方待核	所给英文底稿	篇0571	对照本篇英文专名；人物尊号、海盗组织与普通同形词按语境使用。
Wild Riders	狂野骑士	暂定·官方待核	所给英文底稿	篇0571	对照本篇英文专名；人物尊号、海盗组织与普通同形词按语境使用。
Black Guardians	黑色守护者	暂定·官方待核	所给英文底稿	篇0571	对照本篇英文专名；人物尊号、海盗组织与普通同形词按语境使用。
Cegorach	西高奇	暂定·官方待核	所给英文底稿	篇0571	对照本篇英文专名；人物尊号、海盗组织与普通同形词按语境使用。
Great Harlequin	大丑角（神祇尊号）	暂定·官方待核	所给英文底稿	篇0571	对照本篇英文专名；人物尊号、海盗组织与普通同形词按语境使用。
Commorragh	科摩罗	暂定·官方待核	所给英文底稿	篇0571	对照本篇英文专名；人物尊号、海盗组织与普通同形词按语境使用。
Eldritch Raiders	骇人突袭者	暂定·官方待核	所给英文底稿	篇0571	对照本篇英文专名；人物尊号、海盗组织与普通同形词按语境使用。
Ynnari	死神军	暂定·官方待核	所给英文底稿	篇0571	对照本篇英文专名；人物尊号、海盗组织与普通同形词按语境使用。
Reborn	重生者（死神军自称）	暂定·官方待核	所给英文底稿	篇0571	对照本篇英文专名；人物尊号、海盗组织与普通同形词按语境使用。
Whispering God	低语之神	暂定·官方待核	所给英文底稿	篇0571	对照本篇英文专名；人物尊号、海盗组织与普通同形词按语境使用。
Amallyn Shadowguide	阿玛琳·循影	暂定·官方待核	所给英文底稿	篇0571	对照本篇英文专名；人物尊号、海盗组织与普通同形词按语境使用。
Amon Harakht	阿蒙·哈拉卡特	暂定·官方待核	所给英文底稿	篇0571	对照本篇英文专名；人物尊号、海盗组织与普通同形词按语境使用。
Eagle Pilots	雄鹰飞行员	暂定·官方待核	所给英文底稿	篇0571	对照本篇英文专名；人物尊号、海盗组织与普通同形词按语境使用。
Phoenix Lord	凤凰领主	暂定·官方待核	所给英文底稿	篇0571	对照本篇英文专名；人物尊号、海盗组织与普通同形词按语境使用。
Asuryan	阿苏焉	暂定·官方待核	所给英文底稿	篇0571	对照本篇英文专名；人物尊号、海盗组织与普通同形词按语境使用。
Drastanta	德拉斯坦塔	暂定·官方待核	所给英文底稿	篇0571	对照本篇英文专名；人物尊号、海盗组织与普通同形词按语境使用。
Eiladar Ys	艾拉达尔·伊斯	暂定·官方待核	所给英文底稿	篇0571	对照本篇英文专名；人物尊号、海盗组织与普通同形词按语境使用。
Lugganath	拉格奈什	暂定·官方待核	所给英文底稿	篇0571	对照本篇英文专名；人物尊号、海盗组织与普通同形词按语境使用。
Black Council	黑色议会	暂定·官方待核	所给英文底稿	篇0571	对照本篇英文专名；人物尊号、海盗组织与普通同形词按语境使用。
Ffaid Karhedra	法伊德·卡尔海德拉	暂定·官方待核	所给英文底稿	篇0571	对照本篇英文专名；人物尊号、海盗组织与普通同形词按语境使用。
Eyslk-Tan	艾斯利可坦	暂定·官方待核	所给英文底稿	篇0571	对照本篇英文专名；人物尊号、海盗组织与普通同形词按语境使用。
Illic Nightspear	伊利克·夜矛	暂定·官方待核	所给英文底稿	篇0571	对照本篇英文专名；人物尊号、海盗组织与普通同形词按语境使用。
Iqbraesil	伊克布雷西尔	暂定·官方待核	所给英文底稿	篇0571	对照本篇英文专名；人物尊号、海盗组织与普通同形词按语境使用。
Irillyth	伊瑞利斯	暂定·官方待核	所给英文底稿	篇0571	对照本篇英文专名；人物尊号、海盗组织与普通同形词按语境使用。
Shadow Spectres	影灵	暂定·官方待核	所给英文底稿	篇0571	对照本篇英文专名；人物尊号、海盗组织与普通同形词按语境使用。
Iyanna Arienal	伊扬娜·阿里埃纳尔	暂定·官方待核	所给英文底稿	篇0571	对照本篇英文专名；人物尊号、海盗组织与普通同形词按语境使用。
Karandras	卡兰德拉斯	暂定·官方待核	所给英文底稿	篇0571	对照本篇英文专名；人物尊号、海盗组织与普通同形词按语境使用。
Kelmon	科洛蒙	暂定·官方待核	所给英文底稿	篇0571	对照本篇英文专名；人物尊号、海盗组织与普通同形词按语境使用。
Morcan Fiorinintal	莫坎·菲奥里宁塔尔	暂定·官方待核	所给英文底稿	篇0571	对照本篇英文专名；人物尊号、海盗组织与普通同形词按语境使用。
Nuadhu	努阿杜	暂定·官方待核	所给英文底稿	篇0571	对照本篇英文专名；人物尊号、海盗组织与普通同形词按语境使用。
Yriel	伊瑞尔	暂定·官方待核	所给英文底稿	篇0571	对照本篇英文专名；人物尊号、海盗组织与普通同形词按语境使用。
Isarion Stormsmourn	伊萨里昂·风暴哀悼	暂定·官方待核	所给英文底稿	篇0571	对照本篇英文专名；人物尊号、海盗组织与普通同形词按语境使用。
Ephraeleon	埃弗拉龙	暂定·官方待核	所给英文底稿	篇0571	对照本篇英文专名；人物尊号、海盗组织与普通同形词按语境使用。
Laryin Sil Cadaiyth	拉里因·西尔·卡戴伊思	暂定·官方待核	所给英文底稿	篇0571	对照本篇英文专名；人物尊号、海盗组织与普通同形词按语境使用。
Worldsinger	世界歌者	暂定·官方待核	所给英文底稿	篇0571	对照本篇英文专名；人物尊号、海盗组织与普通同形词按语境使用。
Lileathanir	利莱萨瑟尼尔	暂定·官方待核	所给英文底稿	篇0571	对照本篇英文专名；人物尊号、海盗组织与普通同形词按语境使用。
El’uriaq	埃尔·乌里亚克	暂定·官方待核	所给英文底稿	篇0571	对照本篇英文专名；人物尊号、海盗组织与普通同形词按语境使用。
Wei-yannil	魏亚尼尔	暂定·官方待核	所给英文底稿	篇0571	对照本篇英文专名；人物尊号、海盗组织与普通同形词按语境使用。
Halathel	哈拉瑟尔	暂定·官方待核	所给英文底稿	篇0571	对照本篇英文专名；人物尊号、海盗组织与普通同形词按语境使用。
Ailill Nuada	艾利尔·努阿达	暂定·官方待核	所给英文底稿	篇0571	对照本篇英文专名；人物尊号、海盗组织与普通同形词按语境使用。
Conclave of Tears	泪之密会	暂定·官方待核	所给英文底稿	篇0571	对照本篇英文专名；人物尊号、海盗组织与普通同形词按语境使用。
Kyganil	基加尼尔	暂定·官方待核	所给英文底稿	篇0571	对照本篇英文专名；人物尊号、海盗组织与普通同形词按语境使用。
Ephrael Stern	埃弗雷尔·斯特恩	暂定·官方待核	所给英文底稿	篇0571	对照本篇英文专名；人物尊号、海盗组织与普通同形词按语境使用。
Lathrangil	兰吉尔	暂定·官方待核	所给英文底稿	篇0571	对照本篇英文专名；人物尊号、海盗组织与普通同形词按语境使用。
Lhaerial Rey	勒亚尔·雷伊	暂定·官方待核	所给英文底稿	篇0571	对照本篇英文专名；人物尊号、海盗组织与普通同形词按语境使用。
Masque of the Ceaseless Song	不休之歌剧团	暂定·官方待核	所给英文底稿	篇0571	对照本篇英文专名；人物尊号、海盗组织与普通同形词按语境使用。
Motley	莫特利	暂定·官方待核	所给英文底稿	篇0571	对照本篇英文专名；人物尊号、海盗组织与普通同形词按语境使用。
Sylandri Veilwalker	西兰德里·帷幕行者	暂定·官方待核	所给英文底稿	篇0571	对照本篇英文专名；人物尊号、海盗组织与普通同形词按语境使用。
Masque of the Veiled Path	朦胧之路剧团	暂定·官方待核	所给英文底稿	篇0571	对照本篇英文专名；人物尊号、海盗组织与普通同形词按语境使用。
Asdrubael Vect	阿斯杜巴尔·维克特	暂定·官方待核	所给英文底稿	篇0571	对照本篇英文专名；人物尊号、海盗组织与普通同形词按语境使用。
Kabal of the Black Heart	黑心阴谋团	暂定·官方待核	所给英文底稿	篇0571	对照本篇英文专名；人物尊号、海盗组织与普通同形词按语境使用。
Lady Malys	玛勒丝女士	暂定·官方待核	所给英文底稿	篇0571	对照本篇英文专名；人物尊号、海盗组织与普通同形词按语境使用。
Kabal of the Poisoned Tongue	毒舌阴谋团	暂定·官方待核	所给英文底稿	篇0571	对照本篇英文专名；人物尊号、海盗组织与普通同形词按语境使用。
Baron Sathonyx	萨索尼克斯男爵	暂定·官方待核	所给英文底稿	篇0571	对照本篇英文专名；人物尊号、海盗组织与普通同形词按语境使用。
Kheradruakh	坎杜拉克	暂定·官方待核	所给英文底稿	篇0571	对照本篇英文专名；人物尊号、海盗组织与普通同形词按语境使用。
Wych Cult of Strife	纷争巫灵教团	暂定·官方待核	所给英文底稿	篇0571	对照本篇英文专名；人物尊号、海盗组织与普通同形词按语境使用。
Duke Sliscus	斯里斯克斯公爵	暂定·官方待核	所给英文底稿	篇0571	对照本篇英文专名；人物尊号、海盗组织与普通同形词按语境使用。
Sky Serpents	天空之蛇	暂定·官方待核	所给英文底稿	篇0571	对照本篇英文专名；人物尊号、海盗组织与普通同形词按语境使用。
Urien Rakarth	乌瑞恩·拉卡斯	暂定·官方待核	所给英文底稿	篇0571	对照本篇英文专名；人物尊号、海盗组织与普通同形词按语境使用。
Vraesque	弗雷斯克	暂定·官方待核	所给英文底稿	篇0571	对照本篇英文专名；人物尊号、海盗组织与普通同形词按语境使用。
Kabal of the Flayed Skull	剥皮颅骨阴谋团	暂定·官方待核	所给英文底稿	篇0571	对照本篇英文专名；人物尊号、海盗组织与普通同形词按语境使用。
Shaa-Dom	沙多姆	暂定·官方待核	所给英文底稿	篇0571	对照本篇英文专名；人物尊号、海盗组织与普通同形词按语境使用。
Amharoc	阿姆哈洛克	暂定·官方待核	所给英文底稿	篇0571	对照本篇英文专名；人物尊号、海盗组织与普通同形词按语境使用。
Conanmaol	科南莫尔	暂定·官方待核	所给英文底稿	篇0571	对照本篇英文专名；人物尊号、海盗组织与普通同形词按语境使用。
Executioners	处刑者	暂定·官方待核	所给英文底稿	篇0571	对照本篇英文专名；人物尊号、海盗组织与普通同形词按语境使用。
Count Erandael	埃兰代尔伯爵	暂定·官方待核	所给英文底稿	篇0571	对照本篇英文专名；人物尊号、海盗组织与普通同形词按语境使用。
Sunblitz Brotherhood	日闪兄弟会	暂定·官方待核	所给英文底稿	篇0571	对照本篇英文专名；人物尊号、海盗组织与普通同形词按语境使用。
Duke Siriolas	西里奥拉斯公爵	暂定·官方待核	所给英文底稿	篇0571	对照本篇英文专名；人物尊号、海盗组织与普通同形词按语境使用。
Ebahn Lauma	伊班·劳玛	暂定·官方待核	所给英文底稿	篇0571	对照本篇英文专名；人物尊号、海盗组织与普通同形词按语境使用。
Baelstorm Avengers	巴力风暴复仇者	暂定·官方待核	所给英文底稿	篇0571	对照本篇英文专名；人物尊号、海盗组织与普通同形词按语境使用。
Ferianwyr Greensteel	费里安维尔·绿钢	暂定·官方待核	所给英文底稿	篇0571	对照本篇英文专名；人物尊号、海盗组织与普通同形词按语境使用。
Greensteel Warriors	绿钢勇士	暂定·官方待核	所给英文底稿	篇0571	对照本篇英文专名；人物尊号、海盗组织与普通同形词按语境使用。
Galadhar the Grey	灰袍加拉达	暂定·官方待核	所给英文底稿	篇0571	对照本篇英文专名；人物尊号、海盗组织与普通同形词按语境使用。
Duro	杜罗	暂定·官方待核	所给英文底稿	篇0571	对照本篇英文专名；人物尊号、海盗组织与普通同形词按语境使用。
Kaelis Carnelia	凯利斯·卡内利娅	暂定·官方待核	所给英文底稿	篇0571	对照本篇英文专名；人物尊号、海盗组织与普通同形词按语境使用。
Steeleye Reavers	钢眼掠夺者	暂定·官方待核	所给英文底稿	篇0571	对照本篇英文专名；人物尊号、海盗组织与普通同形词按语境使用。
Lady Hale’drithea	海尔德利西亚女士	暂定·官方待核	所给英文底稿	篇0571	对照本篇英文专名；人物尊号、海盗组织与普通同形词按语境使用。
Black Suns	黑日	暂定·官方待核	所给英文底稿	篇0571	对照本篇英文专名；人物尊号、海盗组织与普通同形词按语境使用。
Lord Phaendris	芬德里斯领主	暂定·官方待核	所给英文底稿	篇0571	对照本篇英文专名；人物尊号、海盗组织与普通同形词按语境使用。
Saaraina	萨拉伊娜	暂定·官方待核	所给英文底稿	篇0571	对照本篇英文专名；人物尊号、海盗组织与普通同形词按语境使用。
Void Dragons	虚空之龙	暂定·官方待核	所给英文底稿	篇0571	对照本篇英文专名；人物尊号、海盗组织与普通同形词按语境使用。
Illiyanne Natasé	伊利亚恩·纳塔塞	暂定·官方待核	所给英文底稿	篇0571	对照本篇英文专名；人物尊号、海盗组织与普通同形词按语境使用。
Abriel Hum	阿布里埃尔·休姆	暂定·官方待核	所给英文底稿	篇0571	对照本篇英文专名；人物尊号、海盗组织与普通同形词按语境使用。
Kysaduras	凯萨杜拉斯	暂定·官方待核	所给英文底稿	篇0572—0573	本篇语境或已有译名；同名组织、职衔与通称分列。
Port Demesnus	德梅斯努斯港	暂定·官方待核	所给英文底稿	篇0572—0573	本篇语境或已有译名；同名组织、职衔与通称分列。
Crone Swords	老妪之剑	暂定·官方待核	所给英文底稿	篇0572—0573	本篇语境或已有译名；同名组织、职衔与通称分列。
Seventh Path	第七道途	暂定·官方待核	所给英文底稿	篇0572—0573	本篇语境或已有译名；同名组织、职衔与通称分列。
Eladrith Ynneas	艾拉德斯·伊涅阿斯	暂定·官方待核	所给英文底稿	篇0572—0573	本篇语境或已有译名；同名组织、职衔与通称分列。
Pleasure Cults	欢愉教派	暂定·官方待核	所给英文底稿	篇0572—0573	本篇语境或已有译名；同名组织、职衔与通称分列。
Age of Dark Genesis	黑暗起源时代	暂定·官方待核	所给英文底稿	篇0572—0573	本篇语境或已有译名；同名组织、职衔与通称分列。
Age of Pain	痛苦时代	暂定·官方待核	所给英文底稿	篇0572—0573	本篇语境或已有译名；同名组织、职衔与通称分列。
Age of Plenty	丰饶时代	暂定·官方待核	所给英文底稿	篇0572—0573	本篇语境或已有译名；同名组织、职衔与通称分列。
Age of the Living Muse	活体缪斯时代	暂定·官方待核	所给英文底稿	篇0572—0573	本篇语境或已有译名；同名组织、职衔与通称分列。
Dark Muse	黑暗缪斯	暂定·官方待核	所给英文底稿	篇0572—0573	本篇语境或已有译名；同名组织、职衔与通称分列。
Khaine’s Gate	凯恩之门	暂定·官方待核	所给英文底稿	篇0572—0573	本篇语境或已有译名；同名组织、职衔与通称分列。
Evolus Massacre	埃沃勒斯大屠杀	暂定·官方待核	所给英文底稿	篇0572—0573	本篇语境或已有译名；同名组织、职衔与通称分列。
The Thirst	饥渴（黑暗灵族灵魂饥渴）	暂定·官方待核	所给英文底稿	篇0572—0573	本篇语境或已有译名；同名组织、职衔与通称分列。
Kabal	阴谋团	暂定·官方待核	所给英文底稿	篇0572—0573	本篇语境或已有译名；同名组织、职衔与通称分列。
High Commorragh	高科摩罗	暂定·官方待核	所给英文底稿	篇0572—0573	本篇语境或已有译名；同名组织、职衔与通称分列。
Obsidian Rose	黑曜玫瑰	暂定·官方待核	所给英文底稿	篇0572—0573	本篇语境或已有译名；同名组织、职衔与通称分列。
Last Hatred	最终仇恨	暂定·官方待核	所给英文底稿	篇0572—0573	本篇语境或已有译名；同名组织、职衔与通称分列。
Dying Sun	垂死之日	暂定·官方待核	所给英文底稿	篇0572—0573	本篇语境或已有译名；同名组织、职衔与通称分列。
Iron Thorn	铁棘	暂定·官方待核	所给英文底稿	篇0572—0573	本篇语境或已有译名；同名组织、职衔与通称分列。
Broken Sigil	破碎之印	暂定·官方待核	所给英文底稿	篇0572—0573	本篇语境或已有译名；同名组织、职衔与通称分列。
Wych Cults	巫灵教团	暂定·官方待核	所给英文底稿	篇0572—0573	本篇语境或已有译名；同名组织、职衔与通称分列。
Cult of Strife	纷争教团	暂定·官方待核	所给英文底稿	篇0572—0573	本篇语境或已有译名；同名组织、职衔与通称分列。
Cursed Blade	诅咒之刃（巫灵教团）	暂定·官方待核	所给英文底稿	篇0572—0573	本篇语境或已有译名；同名组织、职衔与通称分列。
Red Grief	红色悲伤	暂定·官方待核	所给英文底稿	篇0572—0573	本篇语境或已有译名；同名组织、职衔与通称分列。
Seventh Woe	七灾	暂定·官方待核	所给英文底稿	篇0572—0573	本篇语境或已有译名；同名组织、职衔与通称分列。
Blade Denied	拒绝之刃	暂定·官方待核	所给英文底稿	篇0572—0573	本篇语境或已有译名；同名组织、职衔与通称分列。
Wrath Unbound	无拘之怒	暂定·官方待核	所给英文底稿	篇0572—0573	本篇语境或已有译名；同名组织、职衔与通称分列。
Thirteenth Night	第十三夜	暂定·官方待核	所给英文底稿	篇0572—0573	本篇语境或已有译名；同名组织、职衔与通称分列。
Pain Eternal	永恒痛苦	暂定·官方待核	所给英文底稿	篇0572—0573	本篇语境或已有译名；同名组织、职衔与通称分列。
Haemonculi Covens	血伶人巫会	暂定·官方待核	所给英文底稿	篇0572—0573	本篇语境或已有译名；同名组织、职衔与通称分列。
Prophets of Flesh	血肉先知	暂定·官方待核	所给英文底稿	篇0572—0573	本篇语境或已有译名；同名组织、职衔与通称分列。
Dark Creed	黑暗信条	暂定·官方待核	所给英文底稿	篇0572—0573	本篇语境或已有译名；同名组织、职衔与通称分列。
Coven of Twelve	十二巫会	暂定·官方待核	所给英文底稿	篇0572—0573	本篇语境或已有译名；同名组织、职衔与通称分列。
Black Descent	黑色血统	暂定·官方待核	所给英文底稿	篇0572—0573	本篇语境或已有译名；同名组织、职衔与通称分列。
The Hex	咒厄	暂定·官方待核	所给英文底稿	篇0572—0573	本篇语境或已有译名；同名组织、职衔与通称分列。
The Everspiral	永恒螺旋	暂定·官方待核	所给英文底稿	篇0572—0573	本篇语境或已有译名；同名组织、职衔与通称分列。
The Ebon Sting	黑檀之刺	暂定·官方待核	所给英文底稿	篇0572—0573	本篇语境或已有译名；同名组织、职衔与通称分列。
Incubi Shrines	梦魇剑客神殿	暂定·官方待核	所给英文底稿	篇0572—0573	本篇语境或已有译名；同名组织、职衔与通称分列。
Lhamaean	蕾蜜恩	暂定·官方待核	所给英文底稿	篇0572—0573	本篇语境或已有译名；同名组织、职衔与通称分列。
Sslyth	蛇人	暂定·官方待核	所给英文底稿	篇0572—0573	本篇语境或已有译名；同名组织、职衔与通称分列。
Arhra	阿赫拉	暂定·官方待核	所给英文底稿	篇0572—0573	本篇语境或已有译名；同名组织、职衔与通称分列。
Aurelia Malys	奥瑞利亚·玛勒丝	暂定·官方待核	所给英文底稿	篇0572—0573	本篇语境或已有译名；同名组织、职衔与通称分列。
Tahril	塔里尔	暂定·官方待核	所给英文底稿	篇0572—0573	本篇语境或已有译名；同名组织、职衔与通称分列。
Kaurava	考拉瓦	暂定·官方待核	所给英文底稿	篇0572—0573	本篇语境或已有译名；同名组织、职衔与通称分列。
Traevelliath Sliscus	特拉维利亚斯·斯里斯克斯	暂定·官方待核	所给英文底稿	篇0572—0573	本篇语境或已有译名；同名组织、职衔与通称分列。
Archon	执政官	官方已核对	GW-09 https://assets.warhammer-community.com/chi_06-05_wh40k_core%26key_munitorum_field_manual-5mrlucr2t1-fkybzzzoce.pdf；GW-10 https://assets.warhammer-community.com/eng_warhammer40000_munitorum_field_manual_march_2025-cims9ya3sg-s8j9m2haae.pdf	两版PDF均第20页	逐项核对对应单位；其他阵营同形英文不可机械套用。
Haemonculus	血伶人	官方已核对	GW-09 https://assets.warhammer-community.com/chi_06-05_wh40k_core%26key_munitorum_field_manual-5mrlucr2t1-fkybzzzoce.pdf；GW-10 https://assets.warhammer-community.com/eng_warhammer40000_munitorum_field_manual_march_2025-cims9ya3sg-s8j9m2haae.pdf	两版PDF均第20页	逐项核对对应单位；其他阵营同形英文不可机械套用。
Mandrakes	曼德拉	官方已核对	GW-09 https://assets.warhammer-community.com/chi_06-05_wh40k_core%26key_munitorum_field_manual-5mrlucr2t1-fkybzzzoce.pdf；GW-10 https://assets.warhammer-community.com/eng_warhammer40000_munitorum_field_manual_march_2025-cims9ya3sg-s8j9m2haae.pdf	两版PDF均第20页	逐项核对对应单位；其他阵营同形英文不可机械套用。
Reavers	劫掠者	官方已核对	GW-09 https://assets.warhammer-community.com/chi_06-05_wh40k_core%26key_munitorum_field_manual-5mrlucr2t1-fkybzzzoce.pdf；GW-10 https://assets.warhammer-community.com/eng_warhammer40000_munitorum_field_manual_march_2025-cims9ya3sg-s8j9m2haae.pdf	两版PDF均第20页	逐项核对对应单位；其他阵营同形英文不可机械套用。
Raider	掠袭者飞艇	官方已核对	GW-09 https://assets.warhammer-community.com/chi_06-05_wh40k_core%26key_munitorum_field_manual-5mrlucr2t1-fkybzzzoce.pdf；GW-10 https://assets.warhammer-community.com/eng_warhammer40000_munitorum_field_manual_march_2025-cims9ya3sg-s8j9m2haae.pdf	两版PDF均第20页	逐项核对对应单位；其他阵营同形英文不可机械套用。
Ravager	破坏者飞艇	官方已核对	GW-09 https://assets.warhammer-community.com/chi_06-05_wh40k_core%26key_munitorum_field_manual-5mrlucr2t1-fkybzzzoce.pdf；GW-10 https://assets.warhammer-community.com/eng_warhammer40000_munitorum_field_manual_march_2025-cims9ya3sg-s8j9m2haae.pdf	两版PDF均第20页	逐项核对对应单位；其他阵营同形英文不可机械套用。
Venom	毒液飞艇	官方已核对	GW-09 https://assets.warhammer-community.com/chi_06-05_wh40k_core%26key_munitorum_field_manual-5mrlucr2t1-fkybzzzoce.pdf；GW-10 https://assets.warhammer-community.com/eng_warhammer40000_munitorum_field_manual_march_2025-cims9ya3sg-s8j9m2haae.pdf	两版PDF均第20页	逐项核对对应单位；其他阵营同形英文不可机械套用。
Wyches	巫灵	官方已核对	GW-09 https://assets.warhammer-community.com/chi_06-05_wh40k_core%26key_munitorum_field_manual-5mrlucr2t1-fkybzzzoce.pdf；GW-10 https://assets.warhammer-community.com/eng_warhammer40000_munitorum_field_manual_march_2025-cims9ya3sg-s8j9m2haae.pdf	两版PDF均第20页	逐项核对对应单位；其他阵营同形英文不可机械套用。
Kabalite Warriors	阴谋团战士	官方已核对	GW-09 https://assets.warhammer-community.com/chi_06-05_wh40k_core%26key_munitorum_field_manual-5mrlucr2t1-fkybzzzoce.pdf；GW-10 https://assets.warhammer-community.com/eng_warhammer40000_munitorum_field_manual_march_2025-cims9ya3sg-s8j9m2haae.pdf	两版PDF均第20页	逐项核对对应单位；其他阵营同形英文不可机械套用。
Battlewagon	战斗堡垒	官方已核对	GW-09 https://assets.warhammer-community.com/chi_06-05_wh40k_core%26key_munitorum_field_manual-5mrlucr2t1-fkybzzzoce.pdf；GW-10 https://assets.warhammer-community.com/eng_warhammer40000_munitorum_field_manual_march_2025-cims9ya3sg-s8j9m2haae.pdf	GW09中文第30页；GW10英文第29页	两版官方单位清单按名称对应；非按行位置或点数匹配。
Beast Snagga Boyz	豢兽师小子	官方已核对	GW-09 https://assets.warhammer-community.com/chi_06-05_wh40k_core%26key_munitorum_field_manual-5mrlucr2t1-fkybzzzoce.pdf；GW-10 https://assets.warhammer-community.com/eng_warhammer40000_munitorum_field_manual_march_2025-cims9ya3sg-s8j9m2haae.pdf	GW09中文第30页；GW10英文第29页	两版官方单位清单按名称对应；非按行位置或点数匹配。
Big Mek	蛮人大技师	官方已核对	GW-09 https://assets.warhammer-community.com/chi_06-05_wh40k_core%26key_munitorum_field_manual-5mrlucr2t1-fkybzzzoce.pdf；GW-10 https://assets.warhammer-community.com/eng_warhammer40000_munitorum_field_manual_march_2025-cims9ya3sg-s8j9m2haae.pdf	GW09中文第30页；GW10英文第29页	两版官方单位清单按名称对应；非按行位置或点数匹配。
Boss Snikrot	鬼祟鼠头目	官方已核对	GW-09 https://assets.warhammer-community.com/chi_06-05_wh40k_core%26key_munitorum_field_manual-5mrlucr2t1-fkybzzzoce.pdf；GW-10 https://assets.warhammer-community.com/eng_warhammer40000_munitorum_field_manual_march_2025-cims9ya3sg-s8j9m2haae.pdf	GW09中文第30页；GW10英文第29页	两版官方单位清单按名称对应；非按行位置或点数匹配。
Boyz	蛮人小子	官方已核对	GW-09 https://assets.warhammer-community.com/chi_06-05_wh40k_core%26key_munitorum_field_manual-5mrlucr2t1-fkybzzzoce.pdf；GW-10 https://assets.warhammer-community.com/eng_warhammer40000_munitorum_field_manual_march_2025-cims9ya3sg-s8j9m2haae.pdf	GW09中文第30页；GW10英文第29页	两版官方单位清单按名称对应；非按行位置或点数匹配。
Burna Boyz	喷火小子	官方已核对	GW-09 https://assets.warhammer-community.com/chi_06-05_wh40k_core%26key_munitorum_field_manual-5mrlucr2t1-fkybzzzoce.pdf；GW-10 https://assets.warhammer-community.com/eng_warhammer40000_munitorum_field_manual_march_2025-cims9ya3sg-s8j9m2haae.pdf	GW09中文第30页；GW10英文第29页	两版官方单位清单按名称对应；非按行位置或点数匹配。
Flash Gitz	怪枪小子	官方已核对	GW-09 https://assets.warhammer-community.com/chi_06-05_wh40k_core%26key_munitorum_field_manual-5mrlucr2t1-fkybzzzoce.pdf；GW-10 https://assets.warhammer-community.com/eng_warhammer40000_munitorum_field_manual_march_2025-cims9ya3sg-s8j9m2haae.pdf	GW09中文第30页；GW10英文第29页	两版官方单位清单按名称对应；非按行位置或点数匹配。
Ghazghkull Thraka	碎骨者·斯拉卡	官方已核对	GW-09 https://assets.warhammer-community.com/chi_06-05_wh40k_core%26key_munitorum_field_manual-5mrlucr2t1-fkybzzzoce.pdf；GW-10 https://assets.warhammer-community.com/eng_warhammer40000_munitorum_field_manual_march_2025-cims9ya3sg-s8j9m2haae.pdf	GW09中文第30页；GW10英文第29页	两版官方单位清单按名称对应；非按行位置或点数匹配。
Gretchin	屁精	官方已核对	GW-09 https://assets.warhammer-community.com/chi_06-05_wh40k_core%26key_munitorum_field_manual-5mrlucr2t1-fkybzzzoce.pdf；GW-10 https://assets.warhammer-community.com/eng_warhammer40000_munitorum_field_manual_march_2025-cims9ya3sg-s8j9m2haae.pdf	GW09中文第30页；GW10英文第29页	两版官方单位清单按名称对应；非按行位置或点数匹配。
Kommandos	特种兵	官方已核对	GW-09 https://assets.warhammer-community.com/chi_06-05_wh40k_core%26key_munitorum_field_manual-5mrlucr2t1-fkybzzzoce.pdf；GW-10 https://assets.warhammer-community.com/eng_warhammer40000_munitorum_field_manual_march_2025-cims9ya3sg-s8j9m2haae.pdf	GW09中文第30页；GW10英文第29页	两版官方单位清单按名称对应；非按行位置或点数匹配。
Lootas	蛮人拾荒者	官方已核对	GW-09 https://assets.warhammer-community.com/chi_06-05_wh40k_core%26key_munitorum_field_manual-5mrlucr2t1-fkybzzzoce.pdf；GW-10 https://assets.warhammer-community.com/eng_warhammer40000_munitorum_field_manual_march_2025-cims9ya3sg-s8j9m2haae.pdf	GW09中文第30页；GW10英文第29页	两版官方单位清单按名称对应；非按行位置或点数匹配。
Meganobz	重甲强蛮人	官方已核对	GW-09 https://assets.warhammer-community.com/chi_06-05_wh40k_core%26key_munitorum_field_manual-5mrlucr2t1-fkybzzzoce.pdf；GW-10 https://assets.warhammer-community.com/eng_warhammer40000_munitorum_field_manual_march_2025-cims9ya3sg-s8j9m2haae.pdf	GW09中文第30页；GW10英文第29页	两版官方单位清单按名称对应；非按行位置或点数匹配。
Mek	蛮人技师	官方已核对	GW-09 https://assets.warhammer-community.com/chi_06-05_wh40k_core%26key_munitorum_field_manual-5mrlucr2t1-fkybzzzoce.pdf；GW-10 https://assets.warhammer-community.com/eng_warhammer40000_munitorum_field_manual_march_2025-cims9ya3sg-s8j9m2haae.pdf	GW09中文第30页；GW10英文第29页	两版官方单位清单按名称对应；非按行位置或点数匹配。
Mozrog Skragbad	莫兹罗格·斯夸格巴德	官方已核对	GW-09 https://assets.warhammer-community.com/chi_06-05_wh40k_core%26key_munitorum_field_manual-5mrlucr2t1-fkybzzzoce.pdf；GW-10 https://assets.warhammer-community.com/eng_warhammer40000_munitorum_field_manual_march_2025-cims9ya3sg-s8j9m2haae.pdf	GW09中文第30页；GW10英文第29页	两版官方单位清单按名称对应；非按行位置或点数匹配。
Nobz	强蛮人	官方已核对	GW-09 https://assets.warhammer-community.com/chi_06-05_wh40k_core%26key_munitorum_field_manual-5mrlucr2t1-fkybzzzoce.pdf；GW-10 https://assets.warhammer-community.com/eng_warhammer40000_munitorum_field_manual_march_2025-cims9ya3sg-s8j9m2haae.pdf	GW09中文第30页；GW10英文第29页	两版官方单位清单按名称对应；非按行位置或点数匹配。
Painboy	痛苦小子	官方已核对	GW-09 https://assets.warhammer-community.com/chi_06-05_wh40k_core%26key_munitorum_field_manual-5mrlucr2t1-fkybzzzoce.pdf；GW-10 https://assets.warhammer-community.com/eng_warhammer40000_munitorum_field_manual_march_2025-cims9ya3sg-s8j9m2haae.pdf	GW09中文第30页；GW10英文第29页	两版官方单位清单按名称对应；非按行位置或点数匹配。
Squighog Boyz	跳跳猪小子	官方已核对	GW-09 https://assets.warhammer-community.com/chi_06-05_wh40k_core%26key_munitorum_field_manual-5mrlucr2t1-fkybzzzoce.pdf；GW-10 https://assets.warhammer-community.com/eng_warhammer40000_munitorum_field_manual_march_2025-cims9ya3sg-s8j9m2haae.pdf	GW09中文第30页；GW10英文第29页	两版官方单位清单按名称对应；非按行位置或点数匹配。
Stormboyz	风暴小子	官方已核对	GW-09 https://assets.warhammer-community.com/chi_06-05_wh40k_core%26key_munitorum_field_manual-5mrlucr2t1-fkybzzzoce.pdf；GW-10 https://assets.warhammer-community.com/eng_warhammer40000_munitorum_field_manual_march_2025-cims9ya3sg-s8j9m2haae.pdf	GW09中文第30页；GW10英文第29页	两版官方单位清单按名称对应；非按行位置或点数匹配。
Tankbustas	坦克破坏者	官方已核对	GW-09 https://assets.warhammer-community.com/chi_06-05_wh40k_core%26key_munitorum_field_manual-5mrlucr2t1-fkybzzzoce.pdf；GW-10 https://assets.warhammer-community.com/eng_warhammer40000_munitorum_field_manual_march_2025-cims9ya3sg-s8j9m2haae.pdf	GW09中文第30页；GW10英文第29页	两版官方单位清单按名称对应；非按行位置或点数匹配。
Warbikers	摩托小子	官方已核对	GW-09 https://assets.warhammer-community.com/chi_06-05_wh40k_core%26key_munitorum_field_manual-5mrlucr2t1-fkybzzzoce.pdf；GW-10 https://assets.warhammer-community.com/eng_warhammer40000_munitorum_field_manual_march_2025-cims9ya3sg-s8j9m2haae.pdf	GW09中文第30页；GW10英文第29页	两版官方单位清单按名称对应；非按行位置或点数匹配。
Warboss	战争头目	官方已核对	GW-09 https://assets.warhammer-community.com/chi_06-05_wh40k_core%26key_munitorum_field_manual-5mrlucr2t1-fkybzzzoce.pdf；GW-10 https://assets.warhammer-community.com/eng_warhammer40000_munitorum_field_manual_march_2025-cims9ya3sg-s8j9m2haae.pdf	GW09中文第30页；GW10英文第29页	两版官方单位清单按名称对应；非按行位置或点数匹配。
Weirdboy	灵能小子	官方已核对	GW-09 https://assets.warhammer-community.com/chi_06-05_wh40k_core%26key_munitorum_field_manual-5mrlucr2t1-fkybzzzoce.pdf；GW-10 https://assets.warhammer-community.com/eng_warhammer40000_munitorum_field_manual_march_2025-cims9ya3sg-s8j9m2haae.pdf	GW09中文第30页；GW10英文第29页	两版官方单位清单按名称对应；非按行位置或点数匹配。
Zodgrod Wortsnagga	佐德格罗德·沃茨纳加	官方已核对	GW-09 https://assets.warhammer-community.com/chi_06-05_wh40k_core%26key_munitorum_field_manual-5mrlucr2t1-fkybzzzoce.pdf；GW-10 https://assets.warhammer-community.com/eng_warhammer40000_munitorum_field_manual_march_2025-cims9ya3sg-s8j9m2haae.pdf	GW09中文第30页；GW10英文第29页	两版官方单位清单按名称对应；非按行位置或点数匹配。
Wazdakka Gutsmek	瓦兹达卡·古茨梅克	官方中文参考·英文对应待复核	GW-09 https://assets.warhammer-community.com/chi_06-05_wh40k_core%26key_munitorum_field_manual-5mrlucr2t1-fkybzzzoce.pdf	中文PDF第30页；英文名见底稿574	较旧GW10对应页未列此人物，未作为双版全称核对。
Orkoids	欧克类	暂定·官方待核	所给英文底稿	篇0574	按本篇语境与已有译名；英文单复数、欧克口音拼写见正文，非新种族。
Brain Boyz	聪明小子	暂定·官方待核	所给英文底稿	篇0574	按本篇语境与已有译名；英文单复数、欧克口音拼写见正文，非新种族。
Oddboyz	怪怪小子	暂定·官方待核	所给英文底稿	篇0574	按本篇语境与已有译名；英文单复数、欧克口音拼写见正文，非新种族。
Mekboyz	技师小子	暂定·官方待核	所给英文底稿	篇0574	按本篇语境与已有译名；英文单复数、欧克口音拼写见正文，非新种族。
Tribe	部落（欧克组织）	暂定·官方待核	所给英文底稿	篇0574	按本篇语境与已有译名；英文单复数、欧克口音拼写见正文，非新种族。
Mob	战群（欧克组织）	暂定·官方待核	所给英文底稿	篇0574	按本篇语境与已有译名；英文单复数、欧克口音拼写见正文，非新种族。
Bad Moons	恶月	暂定·官方待核	所给英文底稿	篇0574	按本篇语境与已有译名；英文单复数、欧克口音拼写见正文，非新种族。
Blood Axes	血斧	暂定·官方待核	所给英文底稿	篇0574	按本篇语境与已有译名；英文单复数、欧克口音拼写见正文，非新种族。
Deathskulls	死颅	暂定·官方待核	所给英文底稿	篇0574	按本篇语境与已有译名；英文单复数、欧克口音拼写见正文，非新种族。
Evil Sunz	邪日	暂定·官方待核	所给英文底稿	篇0574	按本篇语境与已有译名；英文单复数、欧克口音拼写见正文，非新种族。
Goffs	高夫	暂定·官方待核	所给英文底稿	篇0574	按本篇语境与已有译名；英文单复数、欧克口音拼写见正文，非新种族。
Snakebites	蛇咬	暂定·官方待核	所给英文底稿	篇0574	按本篇语境与已有译名；英文单复数、欧克口音拼写见正文，非新种族。
Speed Freeks	极速怪胎	暂定·官方待核	所给英文底稿	篇0574	按本篇语境与已有译名；英文单复数、欧克口音拼写见正文，非新种族。
Freebooterz	流寇	暂定·官方待核	所给英文底稿	篇0574	按本篇语境与已有译名；英文单复数、欧克口音拼写见正文，非新种族。
Kult of Speed	飙速教派	暂定·官方待核	所给英文底稿	篇0574	按本篇语境与已有译名；英文单复数、欧克口音拼写见正文，非新种族。
Feral Orks	蛮荒欧克	暂定·官方待核	所给英文底稿	篇0574	按本篇语境与已有译名；英文单复数、欧克口音拼写见正文，非新种族。
Beast Snaggas	兽霸	暂定·官方待核	所给英文底稿	篇0574	按本篇语境与已有译名；英文单复数、欧克口音拼写见正文，非新种族。
Sneaky Gitz	鬼祟小子	暂定·官方待核	所给英文底稿	篇0574	按本篇语境与已有译名；英文单复数、欧克口音拼写见正文，非新种族。
Boom Boyz	爆炸小子	暂定·官方待核	所给英文底稿	篇0574	按本篇语境与已有译名；英文单复数、欧克口音拼写见正文，非新种族。
Pyromaniacs	纵火狂	暂定·官方待核	所给英文底稿	篇0574	按本篇语境与已有译名；英文单复数、欧克口音拼写见正文，非新种族。
Big Krumpaz	轰爪欧克	暂定·官方待核	所给英文底稿	篇0574	按本篇语境与已有译名；英文单复数、欧克口音拼写见正文，非新种族。
Trukk Boyz	卡车小子	暂定·官方待核	所给英文底稿	篇0574	按本篇语境与已有译名；英文单复数、欧克口音拼写见正文，非新种族。
Gork	搞哥	暂定·官方待核	所给英文底稿	篇0574	按本篇语境与已有译名；英文单复数、欧克口音拼写见正文，非新种族。
Mork	毛哥	暂定·官方待核	所给英文底稿	篇0574	按本篇语境与已有译名；英文单复数、欧克口音拼写见正文，非新种族。
Great Green	大绿	暂定·官方待核	所给英文底稿	篇0574	按本篇语境与已有译名；英文单复数、欧克口音拼写见正文，非新种族。
Makari	马卡利	暂定·官方待核	所给英文底稿	篇0574	按本篇语境与已有译名；英文单复数、欧克口音拼写见正文，非新种族。
teef	牙币	暂定·官方待核	所给英文底稿	篇0574	按本篇语境与已有译名；英文单复数、欧克口音拼写见正文，非新种族。
Warbuggy	战斗越野车	暂定·官方待核	所给英文底稿	篇0574	按本篇语境与已有译名；英文单复数、欧克口音拼写见正文，非新种族。
Brewboyz	酿酒小子	暂定·官方待核	所给英文底稿	篇0574	按本篇语境与已有译名；英文单复数、欧克口音拼写见正文，非新种族。
Sloppers	做饭小子	暂定·官方待核	所给英文底稿	篇0574	按本篇语境与已有译名；英文单复数、欧克口音拼写见正文，非新种族。
Cyborks	赛博欧克	暂定·官方待核	所给英文底稿	篇0574	按本篇语境与已有译名；英文单复数、欧克口音拼写见正文，非新种族。
Nob Bikerz	摩托强蛮人	暂定·官方待核	所给英文底稿	篇0574	按本篇语境与已有译名；英文单复数、欧克口音拼写见正文，非新种族。
’Ard Boyz	硬皮小子	暂定·官方待核	所给英文底稿	篇0574	按本篇语境与已有译名；英文单复数、欧克口音拼写见正文，非新种族。
Flyboyz	飞空小子	暂定·官方待核	所给英文底稿	篇0574	按本篇语境与已有译名；英文单复数、欧克口音拼写见正文，非新种族。
Boarboyz	野猪小子	暂定·官方待核	所给英文底稿	篇0574	按本篇语境与已有译名；英文单复数、欧克口音拼写见正文，非新种族。
Warboars	战猪	暂定·官方待核	所给英文底稿	篇0574	按本篇语境与已有译名；英文单复数、欧克口音拼写见正文，非新种族。
Squighog	史古格战猪	暂定·官方待核	所给英文底稿	篇0574	按本篇语境与已有译名；英文单复数、欧克口音拼写见正文，非新种族。
Gargant	加冈特	暂定·官方待核	所给英文底稿	篇0574	按本篇语境与已有译名；英文单复数、欧克口音拼写见正文，非新种族。
Charadon	查拉顿	暂定·官方待核	所给英文底稿	篇0574	按本篇语境与已有译名；英文单复数、欧克口音拼写见正文，非新种族。
Arch-Arsonist	头号纵火狂	暂定·官方待核	所给英文底稿	篇0574	按本篇语境与已有译名；英文单复数、欧克口音拼写见正文，非新种族。
Nazdreg Ug Urdgrub	纳兹德雷格·乌骨·乌德格拉布	暂定·官方待核	所给英文底稿	篇0574	按本篇语境与已有译名；英文单复数、欧克口音拼写见正文，非新种族。
The Overfiend of Octarius	奥克塔琉斯暴君	暂定·官方待核	所给英文底稿	篇0574	按本篇语境与已有译名；英文单复数、欧克口音拼写见正文，非新种族。
Snagrod	斯纳哥罗德	暂定·官方待核	所给英文底稿	篇0574	按本篇语境与已有译名；英文单复数、欧克口音拼写见正文，非新种族。
Grog Ironteef	格罗格·铁牙	暂定·官方待核	所给英文底稿	篇0574	按本篇语境与已有译名；英文单复数、欧克口音拼写见正文，非新种族。
Alsanta	阿尔桑塔	暂定·官方待核	所给英文底稿	篇0574	按本篇语境与已有译名；英文单复数、欧克口音拼写见正文，非新种族。
Tuska	图斯卡	暂定·官方待核	所给英文底稿	篇0574	按本篇语境与已有译名；英文单复数、欧克口音拼写见正文，非新种族。
Grukk Face-Rippa	撕脸者格鲁克	暂定·官方待核	所给英文底稿	篇0574	按本篇语境与已有译名；英文单复数、欧克口音拼写见正文，非新种族。
Red Waaagh!	红潮	暂定·官方待核	所给英文底稿	篇0574	按本篇语境与已有译名；英文单复数、欧克口音拼写见正文，非新种族。
Garaghak	加拉哈克	暂定·官方待核	所给英文底稿	篇0574	按本篇语境与已有译名；英文单复数、欧克口音拼写见正文，非新种族。
Tallarax	塔拉拉克斯	暂定·官方待核	所给英文底稿	篇0574	按本篇语境与已有译名；英文单复数、欧克口音拼写见正文，非新种族。
Klawjaw	爪颚	暂定·官方待核	所给英文底稿	篇0574	按本篇语境与已有译名；英文单复数、欧克口音拼写见正文，非新种族。
Bork	博克	暂定·官方待核	所给英文底稿	篇0574	按本篇语境与已有译名；英文单复数、欧克口音拼写见正文，非新种族。
The Arch-Maniac of Calverna	卡尔维纳的头号疯子	暂定·官方待核	所给英文底稿	篇0574	按本篇语境与已有译名；英文单复数、欧克口音拼写见正文，非新种族。
The Beast	野兽	暂定·官方待核	所给英文底稿	篇0574	按本篇语境与已有译名；英文单复数、欧克口音拼写见正文，非新种族。
Gharkul Blackfang	伽尔库·黑牙	暂定·官方待核	所给英文底稿	篇0574	按本篇语境与已有译名；英文单复数、欧克口音拼写见正文，非新种族。
Mekboss Buzzgob	技师头目巴兹戈布	暂定·官方待核	所给英文底稿	篇0574	按本篇语境与已有译名；英文单复数、欧克口音拼写见正文，非新种族。
Kaptin Badrukk	烂赌鬼船长	暂定·官方待核	所给英文底稿	篇0574	按本篇语境与已有译名；英文单复数、欧克口音拼写见正文，非新种族。
Kaptin Dedeye	死眼船长	暂定·官方待核	所给英文底稿	篇0574	按本篇语境与已有译名；英文单复数、欧克口音拼写见正文，非新种族。
Mad Dok Grotsnik	疯医戈斯尼克	暂定·官方待核	所给英文底稿	篇0574	按本篇语境与已有译名；英文单复数、欧克口音拼写见正文，非新种族。
Old Zogwort	老祖格沃特	暂定·官方待核	所给英文底稿	篇0574	按本篇语境与已有译名；英文单复数、欧克口音拼写见正文，非新种族。
Zagstruk	祖格斯图卡	暂定·官方待核	所给英文底稿	篇0574	按本篇语境与已有译名；英文单复数、欧克口音拼写见正文，非新种族。
Da Great Waaagh!	大 Waaagh!	暂定·官方待核	所给英文底稿	篇0576	依原稿语境区分人物、地点、欧克头衔，来源纪年疑点见校注。
Kill Wrecka	杀戮破坏者号	暂定·官方待核	所给英文底稿	篇0576	依原稿语境区分人物、地点、欧克头衔，来源纪年疑点见校注。
Warpheads	次元脑袋	暂定·官方待核	所给英文底稿	篇0576	依原稿语境区分人物、地点、欧克头衔，来源纪年疑点见校注。
Haunted Gulf	闹鬼湾	暂定·官方待核	所给英文底稿	篇0576	依原稿语境区分人物、地点、欧克头衔，来源纪年疑点见校注。
Octaria	奥克塔瑞亚	暂定·官方待核	所给英文底稿	篇0576	依原稿语境区分人物、地点、欧克头衔，来源纪年疑点见校注。
Urgok Da Slayer	杀戮者乌尔戈克	暂定·官方待核	所给英文底稿	篇0576	依原稿语境区分人物、地点、欧克头衔，来源纪年疑点见校注。
Urk	乌尔克	暂定·官方待核	所给英文底稿	篇0576	依原稿语境区分人物、地点、欧克头衔，来源纪年疑点见校注。
Gorsnik Magash	戈尔斯尼克·马加什	暂定·官方待核	所给英文底稿	篇0576	依原稿语境区分人物、地点、欧克头衔，来源纪年疑点见校注。
Golgotha Sector	各各他星区	暂定·官方待核	所给英文底稿	篇0576	依原稿语境区分人物、地点、欧克头衔，来源纪年疑点见校注。
Dead Lands	死地	暂定·官方待核	所给英文底稿	篇0576	依原稿语境区分人物、地点、欧克头衔，来源纪年疑点见校注。
Zog Steeltoof	佐格·钢牙	暂定·官方待核	所给英文底稿	篇0576	依原稿语境区分人物、地点、欧克头衔，来源纪年疑点见校注。
Krongar	克朗加	暂定·官方待核	所给英文底稿	篇0576	依原稿语境区分人物、地点、欧克头衔，来源纪年疑点见校注。
Deff-Kolonel Zogboss	死亡上校佐格头目	暂定·官方待核	所给英文底稿	篇0576	依原稿语境区分人物、地点、欧克头衔，来源纪年疑点见校注。
Madboyz	疯小子	暂定·官方待核	所给英文底稿	篇0576	依原稿语境区分人物、地点、欧克头衔，来源纪年疑点见校注。
Cantissa	坎蒂萨	暂定·官方待核	所给英文底稿	篇0576	依原稿语境区分人物、地点、欧克头衔，来源纪年疑点见校注。
Aurochtha	奥罗克塔	暂定·官方待核	所给英文底稿	篇0576	依原稿语境区分人物、地点、欧克头衔，来源纪年疑点见校注。
Mawloc	沙蟒	官方已核对	GW-09 https://assets.warhammer-community.com/chi_06-05_wh40k_core%26key_munitorum_field_manual-5mrlucr2t1-fkybzzzoce.pdf；GW-10 https://assets.warhammer-community.com/eng_warhammer40000_munitorum_field_manual_march_2025-cims9ya3sg-s8j9m2haae.pdf	GW09第37页；GW10第36页	官方中英单位逐项核对。
Commissar Yarrick	雅瑞克政委	官方中文参考·英文对应待复核	GW-09 https://assets.warhammer-community.com/chi_06-05_wh40k_core%26key_munitorum_field_manual-5mrlucr2t1-fkybzzzoce.pdf	中文PDF第8页；英文名见底稿576	GW10旧版同栏未列，不冒充双版对应核对。
Ork Empire of Octarius	奥克塔琉斯欧克帝国	暂定·官方待核	所给英文底稿	篇0577—0578	所给英文专名，欧克方言拼写与普通英语区分，原文矛盾见校注。
Orrok	奥罗克	暂定·官方待核	所给英文底稿	篇0577—0578	所给英文专名，欧克方言拼写与普通英语区分，原文矛盾见校注。
Orruk	奥鲁克	暂定·官方待核	所给英文底稿	篇0577—0578	所给英文专名，欧克方言拼写与普通英语区分，原文矛盾见校注。
Urmuk	乌尔穆克	暂定·官方待核	所给英文底稿	篇0577—0578	所给英文专名，欧克方言拼写与普通英语区分，原文矛盾见校注。
Junka-Port	废料港	暂定·官方待核	所给英文底稿	篇0577—0578	所给英文专名，欧克方言拼写与普通英语区分，原文矛盾见校注。
Dakkazot	哒咔佐特	暂定·官方待核	所给英文底稿	篇0577—0578	所给英文专名，欧克方言拼写与普通英语区分，原文矛盾见校注。
Badsquig	坏史古格	暂定·官方待核	所给英文底稿	篇0577—0578	所给英文专名，欧克方言拼写与普通英语区分，原文矛盾见校注。
Ghorala	戈拉勒	暂定·官方待核	所给英文底稿	篇0577—0578	所给英文专名，欧克方言拼写与普通英语区分，原文矛盾见校注。
Derragon	德拉贡	暂定·官方待核	所给英文底稿	篇0577—0578	所给英文专名，欧克方言拼写与普通英语区分，原文矛盾见校注。
Keltor	凯尔托	暂定·官方待核	所给英文底稿	篇0577—0578	所给英文专名，欧克方言拼写与普通英语区分，原文矛盾见校注。
Janding’s Reach	詹丁疆域	暂定·官方待核	所给英文底稿	篇0577—0578	所给英文专名，欧克方言拼写与普通英语区分，原文矛盾见校注。
Gryga XIII	格里加十三号	暂定·官方待核	所给英文底稿	篇0577—0578	所给英文专名，欧克方言拼写与普通英语区分，原文矛盾见校注。
Deffspin	死旋星	暂定·官方待核	所给英文底稿	篇0577—0578	所给英文专名，欧克方言拼写与普通英语区分，原文矛盾见校注。
Rujikar	鲁吉卡尔	暂定·官方待核	所给英文底稿	篇0577—0578	所给英文专名，欧克方言拼写与普通英语区分，原文矛盾见校注。
Thedna VII	瑟德纳七号	暂定·官方待核	所给英文底稿	篇0577—0578	所给英文专名，欧克方言拼写与普通英语区分，原文矛盾见校注。
Darkmont	达克蒙特	暂定·官方待核	所给英文底稿	篇0577—0578	所给英文专名，欧克方言拼写与普通英语区分，原文矛盾见校注。
Phundil	方迪尔	暂定·官方待核	所给英文底稿	篇0577—0578	所给英文专名，欧克方言拼写与普通英语区分，原文矛盾见校注。
Derenden II	德兰登二号	暂定·官方待核	所给英文底稿	篇0577—0578	所给英文专名，欧克方言拼写与普通英语区分，原文矛盾见校注。
Ghubelia	古贝利亚	暂定·官方待核	所给英文底稿	篇0577—0578	所给英文专名，欧克方言拼写与普通英语区分，原文矛盾见校注。
Fendatha	芬达塔	暂定·官方待核	所给英文底稿	篇0577—0578	所给英文专名，欧克方言拼写与普通英语区分，原文矛盾见校注。
Kraidak	克莱达克	暂定·官方待核	所给英文底稿	篇0577—0578	所给英文专名，欧克方言拼写与普通英语区分，原文矛盾见校注。
Veloria	维洛里亚	暂定·官方待核	所给英文底稿	篇0577—0578	所给英文专名，欧克方言拼写与普通英语区分，原文矛盾见校注。
Speedboss	极速头目	暂定·官方待核	所给英文底稿	篇0577—0578	所给英文专名，欧克方言拼写与普通英语区分，原文矛盾见校注。
Mekboss	技师头目	暂定·官方待核	所给英文底稿	篇0577—0578	所给英文专名，欧克方言拼写与普通英语区分，原文矛盾见校注。
Flyboss	飞空头目	暂定·官方待核	所给英文底稿	篇0577—0578	所给英文专名，欧克方言拼写与普通英语区分，原文矛盾见校注。
Kaptin	船长（欧克称号）	暂定·官方待核	所给英文底稿	篇0577—0578	所给英文专名，欧克方言拼写与普通英语区分，原文矛盾见校注。
Boarboss	野猪头目	暂定·官方待核	所给英文底稿	篇0577—0578	所给英文专名，欧克方言拼写与普通英语区分，原文矛盾见校注。
Attack Squig	攻击史古格	暂定·官方待核	所给英文底稿	篇0577—0578	所给英文专名，欧克方言拼写与普通英语区分，原文矛盾见校注。
Kombi-Weapon	嵌合武器	暂定·官方待核	所给英文底稿	篇0577—0578	所给英文专名，欧克方言拼写与普通英语区分，原文矛盾见校注。
Kustom Shoota	改装大枪	暂定·官方待核	所给英文底稿	篇0577—0578	所给英文专名，欧克方言拼写与普通英语区分，原文矛盾见校注。
Twin-linked Shoota	双联大枪	暂定·官方待核	所给英文底稿	篇0577—0578	所给英文专名，欧克方言拼写与普通英语区分，原文矛盾见校注。
Slugga	欧克手枪	暂定·官方待核	所给英文底稿	篇0577—0578	所给英文专名，欧克方言拼写与普通英语区分，原文矛盾见校注。
Stikkbombz	棍子炸弹	暂定·官方待核	所给英文底稿	篇0577—0578	所给英文专名，欧克方言拼写与普通英语区分，原文矛盾见校注。
Choppa	砍刀	暂定·官方待核	所给英文底稿	篇0577—0578	所给英文专名，欧克方言拼写与普通英语区分，原文矛盾见校注。
Big Choppa	大砍刀	暂定·官方待核	所给英文底稿	篇0577—0578	所给英文专名，欧克方言拼写与普通英语区分，原文矛盾见校注。
Power Klaw	动力爪	暂定·官方待核	所给英文底稿	篇0577—0578	所给英文专名，欧克方言拼写与普通英语区分，原文矛盾见校注。
Mega Armour	超重型护甲	暂定·官方待核	所给英文底稿	篇0577—0578	所给英文专名，欧克方言拼写与普通英语区分，原文矛盾见校注。
Cybork Body	赛博躯体	暂定·官方待核	所给英文底稿	篇0577—0578	所给英文专名，欧克方言拼写与普通英语区分，原文矛盾见校注。
Bosspole	头目之旗	暂定·官方待核	所给英文底稿	篇0577—0578	所给英文专名，欧克方言拼写与普通英语区分，原文矛盾见校注。
Forsarr	弗萨尔	暂定·官方待核	所给英文底稿	篇0577—0578	所给英文专名，欧克方言拼写与普通英语区分，原文矛盾见校注。
Beastboss	野兽头目	官方已核对	GW-09 https://assets.warhammer-community.com/chi_06-05_wh40k_core%26key_munitorum_field_manual-5mrlucr2t1-fkybzzzoce.pdf；GW-10 https://assets.warhammer-community.com/eng_warhammer40000_munitorum_field_manual_march_2025-cims9ya3sg-s8j9m2haae.pdf	GW09第30页；GW10第29页	直接核对官方完整单位名。
Beastboss on Squigosaur	骑跳跳恐龙的野兽头目	官方已核对	GW-09 https://assets.warhammer-community.com/chi_06-05_wh40k_core%26key_munitorum_field_manual-5mrlucr2t1-fkybzzzoce.pdf；GW-10 https://assets.warhammer-community.com/eng_warhammer40000_munitorum_field_manual_march_2025-cims9ya3sg-s8j9m2haae.pdf	GW09第30页；GW10第29页	直接核对官方完整单位名。
Painboss	痛苦头目	官方已核对	GW-09 https://assets.warhammer-community.com/chi_06-05_wh40k_core%26key_munitorum_field_manual-5mrlucr2t1-fkybzzzoce.pdf；GW-10 https://assets.warhammer-community.com/eng_warhammer40000_munitorum_field_manual_march_2025-cims9ya3sg-s8j9m2haae.pdf	GW09第30页；GW10第29页	直接核对官方完整单位名。
Warboss in Mega Armour	超重型护甲战争头目	官方已核对	GW-09 https://assets.warhammer-community.com/chi_06-05_wh40k_core%26key_munitorum_field_manual-5mrlucr2t1-fkybzzzoce.pdf；GW-10 https://assets.warhammer-community.com/eng_warhammer40000_munitorum_field_manual_march_2025-cims9ya3sg-s8j9m2haae.pdf	GW09第30页；GW10第29页	直接核对官方完整单位名。
Squigosaur	跳跳恐龙	官方词根参考·通称待核	GW-09 https://assets.warhammer-community.com/chi_06-05_wh40k_core%26key_munitorum_field_manual-5mrlucr2t1-fkybzzzoce.pdf；GW-10 https://assets.warhammer-community.com/eng_warhammer40000_munitorum_field_manual_march_2025-cims9ya3sg-s8j9m2haae.pdf	GW09第30页；GW10第29页	取Beastboss on Squigosaur完整单位词根，非将所有Squig都改名。
The Swarmlord	虫群领主	官方已核对	GW-09 https://assets.warhammer-community.com/chi_06-05_wh40k_core%26key_munitorum_field_manual-5mrlucr2t1-fkybzzzoce.pdf；GW-10 https://assets.warhammer-community.com/eng_warhammer40000_munitorum_field_manual_march_2025-cims9ya3sg-s8j9m2haae.pdf	GW09第37页；GW10第36页	直接核对官方完整单位名。
The Great Devourer	大吞噬者	暂定·官方待核	所给英文底稿	篇0579	逐句对照；异拼和来源矛盾见本篇校注。
Tyran	泰兰	暂定·官方待核	所给英文底稿	篇0579	逐句对照；异拼和来源矛盾见本篇校注。
Nusquam Fundumentibus	虚无之基	暂定·官方待核	所给英文底稿	篇0579	逐句对照；异拼和来源矛盾见本篇校注。
The Blackness	黑暗期	暂定·官方待核	所给英文底稿	篇0579	逐句对照；异拼和来源矛盾见本篇校注。
Strategic Collective	战略集团	暂定·官方待核	所给英文底稿	篇0579	逐句对照；异拼和来源矛盾见本篇校注。
Biomorph	生物形态	暂定·官方待核	所给英文底稿	篇0579	逐句对照；异拼和来源矛盾见本篇校注。
Scything Talons	镰爪	暂定·官方待核	所给英文底稿	篇0579	逐句对照；异拼和来源矛盾见本篇校注。
Drool Cannon	口涎炮	暂定·官方待核	所给英文底稿	篇0579	逐句对照；异拼和来源矛盾见本篇校注。
The Doom of Malan’tai	玛兰泰之殇	暂定·官方待核	所给英文底稿	篇0579	逐句对照；异拼和来源矛盾见本篇校注。
Mycetic Spores	菌丝孢子	暂定·官方待核	所给英文底稿	篇0579	逐句对照；异拼和来源矛盾见本篇校注。
Tyrannaforming	泰伦化改造	暂定·官方待核	所给英文底稿	篇0579	逐句对照；异拼和来源矛盾见本篇校注。
Tyrannoforming	泰伦化改造	暂定·官方待核	所给英文底稿	篇0579	逐句对照；异拼和来源矛盾见本篇校注。
Gaunt	兵虫	暂定·官方待核	所给英文底稿	篇0579	逐句对照；异拼和来源矛盾见本篇校注。
Reclamation Pools	回收池	暂定·官方待核	所给英文底稿	篇0579	逐句对照；异拼和来源矛盾见本篇校注。
Capillary Towers	毛细管塔	暂定·官方待核	所给英文底稿	篇0579	逐句对照；异拼和来源矛盾见本篇校注。
Eater Beasts	吞食兽	暂定·官方待核	所给英文底稿	篇0579	逐句对照；异拼和来源矛盾见本篇校注。
Brood ships	育群舰	暂定·官方待核	所给英文底稿	篇0579	逐句对照；异拼和来源矛盾见本篇校注。
Dalki-Prime	达尔基主星	暂定·官方待核	所给英文底稿	篇0579	逐句对照；异拼和来源矛盾见本篇校注。
Advanced Space Crusade	高级太空远征	暂定·官方待核	所给英文底稿	篇0579	逐句对照；异拼和来源矛盾见本篇校注。
Carnifexes	刽子手	官方已核对	GW-09 https://assets.warhammer-community.com/chi_06-05_wh40k_core%26key_munitorum_field_manual-5mrlucr2t1-fkybzzzoce.pdf；GW-10 https://assets.warhammer-community.com/eng_warhammer40000_munitorum_field_manual_march_2025-cims9ya3sg-s8j9m2haae.pdf	GW09第37页；GW10第36页	完整单位名对照；Zoanthrope为复数Zoanthropes的单数规范形式。
Deathleaper	死亡跃袭者	官方已核对	GW-09 https://assets.warhammer-community.com/chi_06-05_wh40k_core%26key_munitorum_field_manual-5mrlucr2t1-fkybzzzoce.pdf；GW-10 https://assets.warhammer-community.com/eng_warhammer40000_munitorum_field_manual_march_2025-cims9ya3sg-s8j9m2haae.pdf	GW09第37页；GW10第36页	完整单位名对照；Zoanthrope为复数Zoanthropes的单数规范形式。
Exocrine	离子炮兽	官方已核对	GW-09 https://assets.warhammer-community.com/chi_06-05_wh40k_core%26key_munitorum_field_manual-5mrlucr2t1-fkybzzzoce.pdf；GW-10 https://assets.warhammer-community.com/eng_warhammer40000_munitorum_field_manual_march_2025-cims9ya3sg-s8j9m2haae.pdf	GW09第37页；GW10第36页	完整单位名对照；Zoanthrope为复数Zoanthropes的单数规范形式。
Gargoyles	石像鬼	官方已核对	GW-09 https://assets.warhammer-community.com/chi_06-05_wh40k_core%26key_munitorum_field_manual-5mrlucr2t1-fkybzzzoce.pdf；GW-10 https://assets.warhammer-community.com/eng_warhammer40000_munitorum_field_manual_march_2025-cims9ya3sg-s8j9m2haae.pdf	GW09第37页；GW10第36页	完整单位名对照；Zoanthrope为复数Zoanthropes的单数规范形式。
Hive Crone	虫巢天妪	官方已核对	GW-09 https://assets.warhammer-community.com/chi_06-05_wh40k_core%26key_munitorum_field_manual-5mrlucr2t1-fkybzzzoce.pdf；GW-10 https://assets.warhammer-community.com/eng_warhammer40000_munitorum_field_manual_march_2025-cims9ya3sg-s8j9m2haae.pdf	GW09第37页；GW10第36页	完整单位名对照；Zoanthrope为复数Zoanthropes的单数规范形式。
Hive Guard	虫巢护卫	官方已核对	GW-09 https://assets.warhammer-community.com/chi_06-05_wh40k_core%26key_munitorum_field_manual-5mrlucr2t1-fkybzzzoce.pdf；GW-10 https://assets.warhammer-community.com/eng_warhammer40000_munitorum_field_manual_march_2025-cims9ya3sg-s8j9m2haae.pdf	GW09第37页；GW10第36页	完整单位名对照；Zoanthrope为复数Zoanthropes的单数规范形式。
Hive Tyrant	虫巢暴君	官方已核对	GW-09 https://assets.warhammer-community.com/chi_06-05_wh40k_core%26key_munitorum_field_manual-5mrlucr2t1-fkybzzzoce.pdf；GW-10 https://assets.warhammer-community.com/eng_warhammer40000_munitorum_field_manual_march_2025-cims9ya3sg-s8j9m2haae.pdf	GW09第37页；GW10第36页	完整单位名对照；Zoanthrope为复数Zoanthropes的单数规范形式。
Hormagaunts	刀虫	官方已核对	GW-09 https://assets.warhammer-community.com/chi_06-05_wh40k_core%26key_munitorum_field_manual-5mrlucr2t1-fkybzzzoce.pdf；GW-10 https://assets.warhammer-community.com/eng_warhammer40000_munitorum_field_manual_march_2025-cims9ya3sg-s8j9m2haae.pdf	GW09第37页；GW10第36页	完整单位名对照；Zoanthrope为复数Zoanthropes的单数规范形式。
Lictor	刀斧虫	官方已核对	GW-09 https://assets.warhammer-community.com/chi_06-05_wh40k_core%26key_munitorum_field_manual-5mrlucr2t1-fkybzzzoce.pdf；GW-10 https://assets.warhammer-community.com/eng_warhammer40000_munitorum_field_manual_march_2025-cims9ya3sg-s8j9m2haae.pdf	GW09第37页；GW10第36页	完整单位名对照；Zoanthrope为复数Zoanthropes的单数规范形式。
Neurogaunts	神经虫	官方已核对	GW-09 https://assets.warhammer-community.com/chi_06-05_wh40k_core%26key_munitorum_field_manual-5mrlucr2t1-fkybzzzoce.pdf；GW-10 https://assets.warhammer-community.com/eng_warhammer40000_munitorum_field_manual_march_2025-cims9ya3sg-s8j9m2haae.pdf	GW09第37页；GW10第36页	完整单位名对照；Zoanthrope为复数Zoanthropes的单数规范形式。
Old One Eye	老独眼	官方已核对	GW-09 https://assets.warhammer-community.com/chi_06-05_wh40k_core%26key_munitorum_field_manual-5mrlucr2t1-fkybzzzoce.pdf；GW-10 https://assets.warhammer-community.com/eng_warhammer40000_munitorum_field_manual_march_2025-cims9ya3sg-s8j9m2haae.pdf	GW09第37页；GW10第36页	完整单位名对照；Zoanthrope为复数Zoanthropes的单数规范形式。
Parasite of Mortrex	摩崔克斯寄生虫	官方已核对	GW-09 https://assets.warhammer-community.com/chi_06-05_wh40k_core%26key_munitorum_field_manual-5mrlucr2t1-fkybzzzoce.pdf；GW-10 https://assets.warhammer-community.com/eng_warhammer40000_munitorum_field_manual_march_2025-cims9ya3sg-s8j9m2haae.pdf	GW09第37页；GW10第36页	完整单位名对照；Zoanthrope为复数Zoanthropes的单数规范形式。
Psychophage	噬灵虫	官方已核对	GW-09 https://assets.warhammer-community.com/chi_06-05_wh40k_core%26key_munitorum_field_manual-5mrlucr2t1-fkybzzzoce.pdf；GW-10 https://assets.warhammer-community.com/eng_warhammer40000_munitorum_field_manual_march_2025-cims9ya3sg-s8j9m2haae.pdf	GW09第37页；GW10第36页	完整单位名对照；Zoanthrope为复数Zoanthropes的单数规范形式。
Raveners	蛇虫	官方已核对	GW-09 https://assets.warhammer-community.com/chi_06-05_wh40k_core%26key_munitorum_field_manual-5mrlucr2t1-fkybzzzoce.pdf；GW-10 https://assets.warhammer-community.com/eng_warhammer40000_munitorum_field_manual_march_2025-cims9ya3sg-s8j9m2haae.pdf	GW09第37页；GW10第36页	完整单位名对照；Zoanthrope为复数Zoanthropes的单数规范形式。
Ripper Swarms	撕裂虫群	官方已核对	GW-09 https://assets.warhammer-community.com/chi_06-05_wh40k_core%26key_munitorum_field_manual-5mrlucr2t1-fkybzzzoce.pdf；GW-10 https://assets.warhammer-community.com/eng_warhammer40000_munitorum_field_manual_march_2025-cims9ya3sg-s8j9m2haae.pdf	GW09第37页；GW10第36页	完整单位名对照；Zoanthrope为复数Zoanthropes的单数规范形式。
Spore Mines	孢子雷	官方已核对	GW-09 https://assets.warhammer-community.com/chi_06-05_wh40k_core%26key_munitorum_field_manual-5mrlucr2t1-fkybzzzoce.pdf；GW-10 https://assets.warhammer-community.com/eng_warhammer40000_munitorum_field_manual_march_2025-cims9ya3sg-s8j9m2haae.pdf	GW09第37页；GW10第36页	完整单位名对照；Zoanthrope为复数Zoanthropes的单数规范形式。
Termagants	枪虫	官方已核对	GW-09 https://assets.warhammer-community.com/chi_06-05_wh40k_core%26key_munitorum_field_manual-5mrlucr2t1-fkybzzzoce.pdf；GW-10 https://assets.warhammer-community.com/eng_warhammer40000_munitorum_field_manual_march_2025-cims9ya3sg-s8j9m2haae.pdf	GW09第37页；GW10第36页	完整单位名对照；Zoanthrope为复数Zoanthropes的单数规范形式。
Tervigon	母虫	官方已核对	GW-09 https://assets.warhammer-community.com/chi_06-05_wh40k_core%26key_munitorum_field_manual-5mrlucr2t1-fkybzzzoce.pdf；GW-10 https://assets.warhammer-community.com/eng_warhammer40000_munitorum_field_manual_march_2025-cims9ya3sg-s8j9m2haae.pdf	GW09第37页；GW10第36页	完整单位名对照；Zoanthrope为复数Zoanthropes的单数规范形式。
Toxicrene	毒鞭兽	官方已核对	GW-09 https://assets.warhammer-community.com/chi_06-05_wh40k_core%26key_munitorum_field_manual-5mrlucr2t1-fkybzzzoce.pdf；GW-10 https://assets.warhammer-community.com/eng_warhammer40000_munitorum_field_manual_march_2025-cims9ya3sg-s8j9m2haae.pdf	GW09第37页；GW10第36页	完整单位名对照；Zoanthrope为复数Zoanthropes的单数规范形式。
Trygon	掘蟒	官方已核对	GW-09 https://assets.warhammer-community.com/chi_06-05_wh40k_core%26key_munitorum_field_manual-5mrlucr2t1-fkybzzzoce.pdf；GW-10 https://assets.warhammer-community.com/eng_warhammer40000_munitorum_field_manual_march_2025-cims9ya3sg-s8j9m2haae.pdf	GW09第37页；GW10第36页	完整单位名对照；Zoanthrope为复数Zoanthropes的单数规范形式。
Tyrannofex	暴虐兽	官方已核对	GW-09 https://assets.warhammer-community.com/chi_06-05_wh40k_core%26key_munitorum_field_manual-5mrlucr2t1-fkybzzzoce.pdf；GW-10 https://assets.warhammer-community.com/eng_warhammer40000_munitorum_field_manual_march_2025-cims9ya3sg-s8j9m2haae.pdf	GW09第37页；GW10第36页	完整单位名对照；Zoanthrope为复数Zoanthropes的单数规范形式。
Venomthropes	毒烟虫	官方已核对	GW-09 https://assets.warhammer-community.com/chi_06-05_wh40k_core%26key_munitorum_field_manual-5mrlucr2t1-fkybzzzoce.pdf；GW-10 https://assets.warhammer-community.com/eng_warhammer40000_munitorum_field_manual_march_2025-cims9ya3sg-s8j9m2haae.pdf	GW09第37页；GW10第36页	完整单位名对照；Zoanthrope为复数Zoanthropes的单数规范形式。
Von Ryan’s Leapers	冯·瑞恩跃袭者	官方已核对	GW-09 https://assets.warhammer-community.com/chi_06-05_wh40k_core%26key_munitorum_field_manual-5mrlucr2t1-fkybzzzoce.pdf；GW-10 https://assets.warhammer-community.com/eng_warhammer40000_munitorum_field_manual_march_2025-cims9ya3sg-s8j9m2haae.pdf	GW09第37页；GW10第36页	完整单位名对照；Zoanthrope为复数Zoanthropes的单数规范形式。
Zoanthropes	脑虫	官方已核对	GW-09 https://assets.warhammer-community.com/chi_06-05_wh40k_core%26key_munitorum_field_manual-5mrlucr2t1-fkybzzzoce.pdf；GW-10 https://assets.warhammer-community.com/eng_warhammer40000_munitorum_field_manual_march_2025-cims9ya3sg-s8j9m2haae.pdf	GW09第37页；GW10第36页	完整单位名对照；Zoanthrope为复数Zoanthropes的单数规范形式。
Zoanthrope	脑虫	官方已核对	GW-09 https://assets.warhammer-community.com/chi_06-05_wh40k_core%26key_munitorum_field_manual-5mrlucr2t1-fkybzzzoce.pdf；GW-10 https://assets.warhammer-community.com/eng_warhammer40000_munitorum_field_manual_march_2025-cims9ya3sg-s8j9m2haae.pdf	GW09第37页；GW10第36页	完整单位名对照；Zoanthrope为复数Zoanthropes的单数规范形式。
The Red Terror	红色惧物	官方中文参考·英文对名待核	GW-09 https://assets.warhammer-community.com/chi_06-05_wh40k_core%26key_munitorum_field_manual-5mrlucr2t1-fkybzzzoce.pdf	GW09第37页	GW10旧版缺条目，参考新版中文及本稿英文对名，暂未双语核对。
Tyranid Warriors	泰伦武士	官方词根参考·通称待核	GW-09 https://assets.warhammer-community.com/chi_06-05_wh40k_core%26key_munitorum_field_manual-5mrlucr2t1-fkybzzzoce.pdf；GW-10 https://assets.warhammer-community.com/eng_warhammer40000_munitorum_field_manual_march_2025-cims9ya3sg-s8j9m2haae.pdf	GW09第37页；GW10第36页	取with Melee/Ranged Bio-weapons两种完整单位共同词根，通称非独立整项认证。
Tarsis Ultra	塔西斯·极限	暂定·官方待核	所给英文底稿	篇0580	按语境统一；原文纪年差异与英文误拼见校注。
Kryptman Census	克瑞普特曼统计	暂定·官方待核	所给英文底稿	篇0580	按语境统一；原文纪年差异与英文误拼见校注。
Astador	阿斯塔多	暂定·官方待核	所给英文底稿	篇0580	按语境统一；原文纪年差异与英文误拼见校注。
Octavius Rebalaq	屋大维·拉伯拉克	暂定·官方待核	所给英文底稿	篇0580	按语境统一；原文纪年差异与英文误拼见校注。
Trymon Stagler	特里蒙·斯塔格勒	暂定·官方待核	所给英文底稿	篇0580	按语境统一；原文纪年差异与英文误拼见校注。
Satria	萨特里亚	暂定·官方待核	所给英文底稿	篇0580	按语境统一；原文纪年差异与英文误拼见校注。
Vianco Locard	维安科·洛卡德	暂定·官方待核	所给英文底稿	篇0580	按语境统一；原文纪年差异与英文误拼见校注。
Barbarus Prime	巴巴鲁斯一号	暂定·官方待核	所给英文底稿	篇0580	按语境统一；原文纪年差异与英文误拼见校注。
Chordelis	科德里斯	暂定·官方待核	所给英文底稿	篇0580	按语境统一；原文纪年差异与英文误拼见校注。
Carta Extremis	极端文书	暂定·官方待核	所给英文底稿	篇0580	按语境统一；原文纪年差异与英文误拼见校注。
Carpathia	卡柏菲亚	暂定·官方待核	所给英文底稿	篇0580	按语境统一；原文纪年差异与英文误拼见校注。
Perdition’s Flame	毁灭之火号	暂定·官方待核	所给英文底稿	篇0580	按语境统一；原文纪年差异与英文误拼见校注。
Gheist	盖斯特	暂定·官方待核	所给英文底稿	篇0580	按语境统一；原文纪年差异与英文误拼见校注。
Skarfang	锐牙	暂定·官方待核	所给英文底稿	篇0580	按语境统一；原文纪年差异与英文误拼见校注。
Aajz Solari	阿基兹·索拉里	暂定·官方待核	所给英文底稿	篇0580	按语境统一；原文纪年差异与英文误拼见校注。
Bloodfall	血落星	暂定·官方待核	所给英文底稿	篇0580	按语境统一；原文纪年差异与英文误拼见校注。
Angel’s Halo	天使光环	暂定·官方待核	所给英文底稿	篇0580	按语境统一；原文纪年差异与英文误拼见校注。
Nautilon	诺提隆	暂定·官方待核	所给英文底稿	篇0580	按语境统一；原文纪年差异与英文误拼见校注。
Promethor	普罗米索尔	暂定·官方待核	所给英文底稿	篇0580	按语境统一；原文纪年差异与英文误拼见校注。
Grendyllus	格伦迪勒斯	暂定·官方待核	所给英文底稿	篇0580	按语境统一；原文纪年差异与英文误拼见校注。
Knydd	克尼德	暂定·官方待核	所给英文底稿	篇0580	按语境统一；原文纪年差异与英文误拼见校注。
Morpheum Sector	莫菲厄姆星区	暂定·官方待核	所给英文底稿	篇0580	按语境统一；原文纪年差异与英文误拼见校注。
Guideoth	吉德欧斯	暂定·官方待核	所给英文底稿	篇0580	按语境统一；原文纪年差异与英文误拼见校注。
Byroth Sub-sector	拜洛斯次星区	暂定·官方待核	所给英文底稿	篇0580	按语境统一；原文纪年差异与英文误拼见校注。
Trinary Reach Cluster	三重疆域星团	暂定·官方待核	所给英文底稿	篇0580	按语境统一；原文纪年差异与英文误拼见校注。
Haratus Stars	哈拉图斯群星	暂定·官方待核	所给英文底稿	篇0580	按语境统一；原文纪年差异与英文误拼见校注。
Mytolian Belt	米托利亚带	暂定·官方待核	所给英文底稿	篇0580	按语境统一；原文纪年差异与英文误拼见校注。
Templum II	坦普鲁姆二号	暂定·官方待核	所给英文底稿	篇0580	按语境统一；原文纪年差异与英文误拼见校注。
Gethsemanax	客西马尼克斯	暂定·官方待核	所给英文底稿	篇0580	按语境统一；原文纪年差异与英文误拼见校注。
Vynor Sector	维诺星区	暂定·官方待核	所给英文底稿	篇0580	按语境统一；原文纪年差异与英文误拼见校注。
Pinion	翼羽号	暂定·官方待核	所给英文底稿	篇0580	按语境统一；原文纪年差异与英文误拼见校注。
Solblades	太阳之刃	暂定·官方待核	所给英文底稿	篇0580	按语境统一；原文纪年差异与英文误拼见校注。
Sanctus Line	神圣防线	暂定·官方待核	所给英文底稿	篇0580	按语境统一；原文纪年差异与英文误拼见校注。
Anchor Worlds	锚点世界	暂定·官方待核	所给英文底稿	篇0580	按语境统一；原文纪年差异与英文误拼见校注。
Tysen Yacobe	泰森·雅各布	暂定·官方待核	所给英文底稿	篇0580	按语境统一；原文纪年差异与英文误拼见校注。
Battle Group Faustus	浮士德战斗群	暂定·官方待核	所给英文底稿	篇0580	按语境统一；原文纪年差异与英文误拼见校注。
Bastior Sub-sector	巴斯蒂奥次星区	暂定·官方待核	所给英文底稿	篇0580	按语境统一；原文纪年差异与英文误拼见校注。
Sanctum	圣所星	暂定·官方待核	所给英文底稿	篇0580	按语境统一；原文纪年差异与英文误拼见校注。
Formidyre	弗米迪尔	暂定·官方待核	所给英文底稿	篇0580	按语境统一；原文纪年差异与英文误拼见校注。
Pyremoat	派雷莫特	暂定·官方待核	所给英文底稿	篇0580	按语境统一；原文纪年差异与英文误拼见校注。
Kastayl	卡斯泰尔	暂定·官方待核	所给英文底稿	篇0580	按语境统一；原文纪年差异与英文误拼见校注。
Sanctuary Systems	庇护星系	暂定·官方待核	所给英文底稿	篇0580	按语境统一；原文纪年差异与英文误拼见校注。
Ghluthykk	格鲁西克	暂定·官方待核	所给英文底稿	篇0580	按语境统一；原文纪年差异与英文误拼见校注。
Mebrii	梅布里	暂定·官方待核	所给英文底稿	篇0580	按语境统一；原文纪年差异与英文误拼见校注。
Stanghalde	斯坦海尔德	暂定·官方待核	所给英文底稿	篇0580	按语境统一；原文纪年差异与英文误拼见校注。
Sard Gaeron	萨德·加隆	暂定·官方待核	所给英文底稿	篇0580	按语境统一；原文纪年差异与英文误拼见校注。
Regium	雷吉乌姆	暂定·官方待核	所给英文底稿	篇0580	按语境统一；原文纪年差异与英文误拼见校注。
Trygg	特吕格	暂定·官方待核	所给英文底稿	篇0580	按语境统一；原文纪年差异与英文误拼见校注。
Bio-Purge	生物净化	暂定·官方待核	所给英文底稿	篇0580	按语境统一；原文纪年差异与英文误拼见校注。
Duriel	杜里尔	暂定·官方待核	所给英文底稿	篇0580	按语境统一；原文纪年差异与英文误拼见校注。
Fireheart	火焰之心	暂定·官方待核	所给英文底稿	篇0580	按语境统一；原文纪年差异与英文误拼见校注。
Verdox	韦多克斯	暂定·官方待核	所给英文底稿	篇0580	按语境统一；原文纪年差异与英文误拼见校注。
Sunspear	日矛	暂定·官方待核	所给英文底稿	篇0580	按语境统一；原文纪年差异与英文误拼见校注。
Tesla Prime	特斯拉一号	暂定·官方待核	所给英文底稿	篇0580	按语境统一；原文纪年差异与英文误拼见校注。
Kalevala	卡莱瓦拉	暂定·官方待核	所给英文底稿	篇0580	按语境统一；原文纪年差异与英文误拼见校注。
Rigant	里甘特	暂定·官方待核	所给英文底稿	篇0580	按语境统一；原文纪年差异与英文误拼见校注。
Gorgo’s Talon	戈尔戈之爪	暂定·官方待核	所给英文底稿	篇0580	按语境统一；原文纪年差异与英文误拼见校注。
Gorgo	戈尔戈	暂定·官方待核	所给英文底稿	篇0580	按语境统一；原文纪年差异与英文误拼见校注。
Spear of Sicarius	西卡留斯之矛	暂定·官方待核	所给英文底稿	篇0580	按语境统一；原文纪年差异与英文误拼见校注。
Sondheim V	桑德海姆五号	暂定·官方待核	所给英文底稿	篇0580	按语境统一；原文纪年差异与英文误拼见校注。
Shadowbrink	暗影边缘	暂定·官方待核	所给英文底稿	篇0580	按语境统一；原文纪年差异与英文误拼见校注。
Forgefane	铸造神殿	暂定·官方待核	所给英文底稿	篇0580	按语境统一；原文纪年差异与英文误拼见校注。
St Caspalen	圣卡斯帕伦	暂定·官方待核	所给英文底稿	篇0580	按语境统一；原文纪年差异与英文误拼见校注。
Stormvald	斯托姆瓦尔德	暂定·官方待核	所给英文底稿	篇0580	按语境统一；原文纪年差异与英文误拼见校注。
Ulik Sector	乌里克星区	暂定·官方待核	所给英文底稿	篇0580	按语境统一；原文纪年差异与英文误拼见校注。
Trankar	坦卡尔	暂定·官方待核	所给英文底稿	篇0580	按语境统一；原文纪年差异与英文误拼见校注。
Phodiam	弗迪亚姆	暂定·官方待核	所给英文底稿	篇0580	按语境统一；原文纪年差异与英文误拼见校注。
Valedor	瓦莱多尔	暂定·官方待核	所给英文底稿	篇0580	按语境统一；原文纪年差异与英文误拼见校注。
Vonst	冯斯特	暂定·官方待核	所给英文底稿	篇0580	按语境统一；原文纪年差异与英文误拼见校注。
War of Foretelling	预言战争	暂定·官方待核	所给英文底稿	篇0580	按语境统一；原文纪年差异与英文误拼见校注。
Emberg-Aegnir Bloc	恩伯格—艾格尼尔集团	暂定·官方待核	所给英文底稿	篇0580	按语境统一；原文纪年差异与英文误拼见校注。
Splinter Fleet Grael Alpha	格雷尔·阿尔法分裂舰队	暂定·官方待核	所给英文底稿	篇0580	按语境统一；原文纪年差异与英文误拼见校注。
Splinter Fleet Gryphonne Prime	格里芬之首分裂舰队	暂定·官方待核	所给英文底稿	篇0580	按语境统一；原文纪年差异与英文误拼见校注。
Splinter Fleet Solstice Omega	至日·欧米伽分裂舰队	暂定·官方待核	所给英文底稿	篇0580	按语境统一；原文纪年差异与英文误拼见校注。
Splinter Fleet Tarsis Majoris	塔西斯之主分裂舰队	暂定·官方待核	所给英文底稿	篇0580	按语境统一；原文纪年差异与英文误拼见校注。
Hierophant	圣师兽	官方已核对	GW-09 https://assets.warhammer-community.com/chi_06-05_wh40k_core%26key_munitorum_field_manual-5mrlucr2t1-fkybzzzoce.pdf；GW-10 https://assets.warhammer-community.com/eng_warhammer40000_munitorum_field_manual_march_2025-cims9ya3sg-s8j9m2haae.pdf	GW09第37页；GW10第36页	泰伦单位；勿用于审判庭同形职衔。
Brood Coven	族会	暂定·官方待核	所给英文底稿	篇0581	按本篇语境或沿现稿；教派档案中Officially并非GW译名认证。
Broodcoven	族会	暂定·官方待核	所给英文底稿	篇0581	按本篇语境或沿现稿；教派档案中Officially并非GW译名认证。
Broodmind	族裔思维	暂定·官方待核	所给英文底稿	篇0581	按本篇语境或沿现稿；教派档案中Officially并非GW译名认证。
Gene-sect	基因分教团	暂定·官方待核	所给英文底稿	篇0581	按本篇语境或沿现稿；教派档案中Officially并非GW译名认证。
First Curse	初始诅咒	暂定·官方待核	所给英文底稿	篇0581	按本篇语境或沿现稿；教派档案中Officially并非GW译名认证。
Groupmind	群体思维	暂定·官方待核	所给英文底稿	篇0581	按本篇语境或沿现稿；教派档案中Officially并非GW译名认证。
Csith	奇斯	暂定·官方待核	所给英文底稿	篇0581	按本篇语境或沿现稿；教派档案中Officially并非GW译名认证。
Arcadium	阿卡迪亚姆	暂定·官方待核	所给英文底稿	篇0581	按本篇语境或沿现稿；教派档案中Officially并非GW译名认证。
Darvon VI	达尔丰六号	暂定·官方待核	所给英文底稿	篇0581	按本篇语境或沿现稿；教派档案中Officially并非GW译名认证。
Ghosar Quintus	戈萨尔五号	暂定·官方待核	所给英文底稿	篇0581	按本篇语境或沿现稿；教派档案中Officially并非GW译名认证。
Ghyre	吉尔	暂定·官方待核	所给英文底稿	篇0581	按本篇语境或沿现稿；教派档案中Officially并非GW译名认证。
Gravalax	格拉瓦拉克斯	暂定·官方待核	所给英文底稿	篇0581	按本篇语境或沿现稿；教派档案中Officially并非GW译名认证。
Lamarno	拉马尔诺	暂定·官方待核	所给英文底稿	篇0581	按本篇语境或沿现稿；教派档案中Officially并非GW译名认证。
Radnar	拉德纳	暂定·官方待核	所给英文底稿	篇0581	按本篇语境或沿现稿；教派档案中Officially并非GW译名认证。
Sabulorb	萨博洛布	暂定·官方待核	所给英文底稿	篇0581	按本篇语境或沿现稿；教派档案中Officially并非GW译名认证。
Scitalyss	西塔利斯	暂定·官方待核	所给英文底稿	篇0581	按本篇语境或沿现稿；教派档案中Officially并非GW译名认证。
Stalinvast	斯大林瓦斯特	暂定·官方待核	所给英文底稿	篇0581	按本篇语境或沿现稿；教派档案中Officially并非GW译名认证。
Thranx	特兰克斯	暂定·官方待核	所给英文底稿	篇0581	按本篇语境或沿现稿；教派档案中Officially并非GW译名认证。
Torhaven	托尔黑文	暂定·官方待核	所给英文底稿	篇0581	按本篇语境或沿现稿；教派档案中Officially并非GW译名认证。
Zaisuthra	扎苏特拉	暂定·官方待核	所给英文底稿	篇0581	按本篇语境或沿现稿；教派档案中Officially并非GW译名认证。
Cult of the Bladed Cog	刀刃齿轮教派	暂定·官方待核	所给英文底稿	篇0581	按本篇语境或沿现稿；教派档案中Officially并非GW译名认证。
Cult of the Four-Armed Emperor	四臂帝皇教派	暂定·官方待核	所给英文底稿	篇0581	按本篇语境或沿现稿；教派档案中Officially并非GW译名认证。
Cult of the Hive Cult	虫群崇拜教派	暂定·官方待核	所给英文底稿	篇0581	按本篇语境或沿现稿；教派档案中Officially并非GW译名认证。
Cult of the Innerwyrm	内龙教派	暂定·官方待核	所给英文底稿	篇0581	按本篇语境或沿现稿；教派档案中Officially并非GW译名认证。
Cult of the Pauper Princes	乞丐王子教派	暂定·官方待核	所给英文底稿	篇0581	按本篇语境或沿现稿；教派档案中Officially并非GW译名认证。
Cult of the Rusted Claw	锈爪教派	暂定·官方待核	所给英文底稿	篇0581	按本篇语境或沿现稿；教派档案中Officially并非GW译名认证。
Cult of the Twisted Helix	扭曲螺旋教派	暂定·官方待核	所给英文底稿	篇0581	按本篇语境或沿现稿；教派档案中Officially并非GW译名认证。
Greet	格利特	暂定·官方待核	所给英文底稿	篇0581	按本篇语境或沿现稿；教派档案中Officially并非GW译名认证。
Tarellians	塔里利安	暂定·官方待核	所给英文底稿	篇0581	按本篇语境或沿现稿；教派档案中Officially并非GW译名认证。
Tim Huckelbery	蒂姆·哈克尔伯里	暂定·官方待核	所给英文底稿	篇0581	按本篇语境或沿现稿；教派档案中Officially并非GW译名认证。
Deathwatch: Overkill	死亡守望：赶尽杀绝	暂定·官方待核	所给英文底稿	篇0581	按本篇语境或沿现稿；教派档案中Officially并非GW译名认证。
Aberrants	畸变体	官方已核对	GW-09 https://assets.warhammer-community.com/chi_06-05_wh40k_core%26key_munitorum_field_manual-5mrlucr2t1-fkybzzzoce.pdf；GW-10 https://assets.warhammer-community.com/eng_warhammer40000_munitorum_field_manual_march_2025-cims9ya3sg-s8j9m2haae.pdf	GW09第22页；GW10第22页	核对官方基因窃取者教派完整单位名，不用于其他同形职衔或一般名词。
Abominant	憎恶体	官方已核对	GW-09 https://assets.warhammer-community.com/chi_06-05_wh40k_core%26key_munitorum_field_manual-5mrlucr2t1-fkybzzzoce.pdf；GW-10 https://assets.warhammer-community.com/eng_warhammer40000_munitorum_field_manual_march_2025-cims9ya3sg-s8j9m2haae.pdf	GW09第22页；GW10第22页	核对官方基因窃取者教派完整单位名，不用于其他同形职衔或一般名词。
Benefictus	赐灵者	官方已核对	GW-09 https://assets.warhammer-community.com/chi_06-05_wh40k_core%26key_munitorum_field_manual-5mrlucr2t1-fkybzzzoce.pdf；GW-10 https://assets.warhammer-community.com/eng_warhammer40000_munitorum_field_manual_march_2025-cims9ya3sg-s8j9m2haae.pdf	GW09第22页；GW10第22页	核对官方基因窃取者教派完整单位名，不用于其他同形职衔或一般名词。
Biophagus	生物噬变师	官方已核对	GW-09 https://assets.warhammer-community.com/chi_06-05_wh40k_core%26key_munitorum_field_manual-5mrlucr2t1-fkybzzzoce.pdf；GW-10 https://assets.warhammer-community.com/eng_warhammer40000_munitorum_field_manual_march_2025-cims9ya3sg-s8j9m2haae.pdf	GW09第22页；GW10第22页	核对官方基因窃取者教派完整单位名，不用于其他同形职衔或一般名词。
Clamavus	传教员	官方已核对	GW-09 https://assets.warhammer-community.com/chi_06-05_wh40k_core%26key_munitorum_field_manual-5mrlucr2t1-fkybzzzoce.pdf；GW-10 https://assets.warhammer-community.com/eng_warhammer40000_munitorum_field_manual_march_2025-cims9ya3sg-s8j9m2haae.pdf	GW09第22页；GW10第22页	核对官方基因窃取者教派完整单位名，不用于其他同形职衔或一般名词。
Kelermorph	杀戮兵器	官方已核对	GW-09 https://assets.warhammer-community.com/chi_06-05_wh40k_core%26key_munitorum_field_manual-5mrlucr2t1-fkybzzzoce.pdf；GW-10 https://assets.warhammer-community.com/eng_warhammer40000_munitorum_field_manual_march_2025-cims9ya3sg-s8j9m2haae.pdf	GW09第22页；GW10第22页	核对官方基因窃取者教派完整单位名，不用于其他同形职衔或一般名词。
Locus	基卫	官方已核对	GW-09 https://assets.warhammer-community.com/chi_06-05_wh40k_core%26key_munitorum_field_manual-5mrlucr2t1-fkybzzzoce.pdf；GW-10 https://assets.warhammer-community.com/eng_warhammer40000_munitorum_field_manual_march_2025-cims9ya3sg-s8j9m2haae.pdf	GW09第22页；GW10第22页	核对官方基因窃取者教派完整单位名，不用于其他同形职衔或一般名词。
Magus	占星师	官方已核对	GW-09 https://assets.warhammer-community.com/chi_06-05_wh40k_core%26key_munitorum_field_manual-5mrlucr2t1-fkybzzzoce.pdf；GW-10 https://assets.warhammer-community.com/eng_warhammer40000_munitorum_field_manual_march_2025-cims9ya3sg-s8j9m2haae.pdf	GW09第22页；GW10第22页	核对官方基因窃取者教派完整单位名，不用于其他同形职衔或一般名词。
Neophyte Hybrids	混血新信徒	官方已核对	GW-09 https://assets.warhammer-community.com/chi_06-05_wh40k_core%26key_munitorum_field_manual-5mrlucr2t1-fkybzzzoce.pdf；GW-10 https://assets.warhammer-community.com/eng_warhammer40000_munitorum_field_manual_march_2025-cims9ya3sg-s8j9m2haae.pdf	GW09第22页；GW10第22页	核对官方基因窃取者教派完整单位名，不用于其他同形职衔或一般名词。
Nexos	指挥使	官方已核对	GW-09 https://assets.warhammer-community.com/chi_06-05_wh40k_core%26key_munitorum_field_manual-5mrlucr2t1-fkybzzzoce.pdf；GW-10 https://assets.warhammer-community.com/eng_warhammer40000_munitorum_field_manual_march_2025-cims9ya3sg-s8j9m2haae.pdf	GW09第22页；GW10第22页	核对官方基因窃取者教派完整单位名，不用于其他同形职衔或一般名词。
Patriarch	族长	官方已核对	GW-09 https://assets.warhammer-community.com/chi_06-05_wh40k_core%26key_munitorum_field_manual-5mrlucr2t1-fkybzzzoce.pdf；GW-10 https://assets.warhammer-community.com/eng_warhammer40000_munitorum_field_manual_march_2025-cims9ya3sg-s8j9m2haae.pdf	GW09第22页；GW10第22页	核对官方基因窃取者教派完整单位名，不用于其他同形职衔或一般名词。
Primus	领军	官方已核对	GW-09 https://assets.warhammer-community.com/chi_06-05_wh40k_core%26key_munitorum_field_manual-5mrlucr2t1-fkybzzzoce.pdf；GW-10 https://assets.warhammer-community.com/eng_warhammer40000_munitorum_field_manual_march_2025-cims9ya3sg-s8j9m2haae.pdf	GW09第22页；GW10第22页	核对官方基因窃取者教派完整单位名，不用于其他同形职衔或一般名词。
Purestrain Genestealers	纯种基因窃取者	官方已核对	GW-09 https://assets.warhammer-community.com/chi_06-05_wh40k_core%26key_munitorum_field_manual-5mrlucr2t1-fkybzzzoce.pdf；GW-10 https://assets.warhammer-community.com/eng_warhammer40000_munitorum_field_manual_march_2025-cims9ya3sg-s8j9m2haae.pdf	GW09第22页；GW10第22页	核对官方基因窃取者教派完整单位名，不用于其他同形职衔或一般名词。
Reductus Saboteur	隐蔽破坏者	官方已核对	GW-09 https://assets.warhammer-community.com/chi_06-05_wh40k_core%26key_munitorum_field_manual-5mrlucr2t1-fkybzzzoce.pdf；GW-10 https://assets.warhammer-community.com/eng_warhammer40000_munitorum_field_manual_march_2025-cims9ya3sg-s8j9m2haae.pdf	GW09第22页；GW10第22页	核对官方基因窃取者教派完整单位名，不用于其他同形职衔或一般名词。
Sanctus	圣裁者	官方已核对	GW-09 https://assets.warhammer-community.com/chi_06-05_wh40k_core%26key_munitorum_field_manual-5mrlucr2t1-fkybzzzoce.pdf；GW-10 https://assets.warhammer-community.com/eng_warhammer40000_munitorum_field_manual_march_2025-cims9ya3sg-s8j9m2haae.pdf	GW09第22页；GW10第22页	核对官方基因窃取者教派完整单位名，不用于其他同形职衔或一般名词。
Genestealer Magus	基因窃取者占星师	官方词根参考·全称待核	GW-09 https://assets.warhammer-community.com/chi_06-05_wh40k_core%26key_munitorum_field_manual-5mrlucr2t1-fkybzzzoce.pdf；GW-10 https://assets.warhammer-community.com/eng_warhammer40000_munitorum_field_manual_march_2025-cims9ya3sg-s8j9m2haae.pdf	GW09第22页；GW10第22页	Magus已核，原书增加种族限定；区别机械教Magos贤者。
Cult Benefictus	教派赐灵者	官方词根参考·全称待核	GW-09 https://assets.warhammer-community.com/chi_06-05_wh40k_core%26key_munitorum_field_manual-5mrlucr2t1-fkybzzzoce.pdf；GW-10 https://assets.warhammer-community.com/eng_warhammer40000_munitorum_field_manual_march_2025-cims9ya3sg-s8j9m2haae.pdf	GW09第22页；GW10第22页	Benefictus已核，原书增加教派限定。
Reductus	隐蔽破坏者	官方词根参考·全称待核	GW-09 https://assets.warhammer-community.com/chi_06-05_wh40k_core%26key_munitorum_field_manual-5mrlucr2t1-fkybzzzoce.pdf；GW-10 https://assets.warhammer-community.com/eng_warhammer40000_munitorum_field_manual_march_2025-cims9ya3sg-s8j9m2haae.pdf	GW09第22页；GW10第22页	本篇为Reductus Saboteur简称。
Brood Brothers	族裔兄弟	官方词根参考·全称待核	GW-09 https://assets.warhammer-community.com/chi_06-05_wh40k_core%26key_munitorum_field_manual-5mrlucr2t1-fkybzzzoce.pdf；GW-10 https://assets.warhammer-community.com/eng_warhammer40000_munitorum_field_manual_march_2025-cims9ya3sg-s8j9m2haae.pdf	GW09第22页；GW10第22页	取Brood Brother Auxilia族裔兄弟辅助军的共同词根。
Neurothrope	神经脑虫	暂定·官方待核	所给英文底稿	篇0001/泰伦灵能者	区别官方Neurogaunts神经虫，不混为同一单位；正式对应待核。
T’au Lexicon	钛语	暂定·官方待核	所给英文底稿	篇0582	按钛族社会及组织语境，非普通英语词义。
Ethereal Supreme	至高以太	暂定·官方待核	所给英文底稿	篇0582	按钛族社会及组织语境，非普通英语词义。
Ethereal Council	以太议会	暂定·官方待核	所给英文底稿	篇0582	按钛族社会及组织语境，非普通英语词义。
Information Awareness	信息监察机构	暂定·官方待核	所给英文底稿	篇0582	按钛族社会及组织语境，非普通英语词义。
Fire Caste	火氏族	暂定·官方待核	所给英文底稿	篇0582	按钛族社会及组织语境，非普通英语词义。
Earth Caste	地氏族	暂定·官方待核	所给英文底稿	篇0582	按钛族社会及组织语境，非普通英语词义。
Water Caste	水氏族	暂定·官方待核	所给英文底稿	篇0582	按钛族社会及组织语境，非普通英语词义。
Air Caste	气氏族	暂定·官方待核	所给英文底稿	篇0582	按钛族社会及组织语境，非普通英语词义。
Kor’vattra	科’瓦特拉	暂定·官方待核	所给英文底稿	篇0582	按钛族社会及组织语境，非普通英语词义。
Land’s Vision	兰德之视	暂定·官方待核	所给英文底稿	篇0582	按钛族社会及组织语境，非普通英语词义。
Mont’au	蒙特’奥	暂定·官方待核	所给英文底稿	篇0582	按钛族社会及组织语境，非普通英语词义。
Fio’taun	菲·托恩	暂定·官方待核	所给英文底稿	篇0582	按钛族社会及组织语境，非普通英语词义。
Sept	家门	暂定·官方待核	所给英文底稿	篇0582	按钛族社会及组织语境，非普通英语词义。
Poctroon	珀克纯	暂定·官方待核	所给英文底稿	篇0582	按钛族社会及组织语境，非普通英语词义。
Prospect	开拓团	暂定·官方待核	所给英文底稿	篇0582	按钛族社会及组织语境，非普通英语词义。
Dal’yth	达利斯	暂定·官方待核	所给英文底稿	篇0582	按钛族社会及组织语境，非普通英语词义。
Great War of Confederation	联邦大战	暂定·官方待核	所给英文底稿	篇0582	按钛族社会及组织语境，非普通英语词义。
Mu’gulath Bay	穆古拉湾	暂定·官方待核	所给英文底稿	篇0582	按钛族社会及组织语境，非普通英语词义。
Malbede	马尔贝德	暂定·官方待核	所给英文底稿	篇0582	按钛族社会及组织语境，非普通英语词义。
Kvarium Alpha	克瓦里姆·阿尔法	暂定·官方待核	所给英文底稿	篇0582	按钛族社会及组织语境，非普通英语词义。
Startide Nexus	星潮枢纽	暂定·官方待核	所给英文底稿	篇0582	按钛族社会及组织语境，非普通英语词义。
Zone of Silence	寂静区	暂定·官方待核	所给英文底稿	篇0582	按钛族社会及组织语境，非普通英语词义。
Re-Education Facility	再教育设施	暂定·官方待核	所给英文底稿	篇0582	按钛族社会及组织语境，非普通英语词义。
Kindred	亲族	暂定·官方待核	所给英文底稿	篇0582	按钛族社会及组织语境，非普通英语词义。
Shaper	塑形者	暂定·官方待核	所给英文底稿	篇0582	按钛族社会及组织语境，非普通英语词义。
Pech	佩什	暂定·官方待核	所给英文底稿	篇0582	按钛族社会及组织语境，非普通英语词义。
Vespid	胡蜂人	暂定·官方待核	所给英文底稿	篇0582	按钛族社会及组织语境，非普通英语词义。
Mal’kor	马尔’科	暂定·官方待核	所给英文底稿	篇0582	按钛族社会及组织语境，非普通英语词义。
Strain	群系	暂定·官方待核	所给英文底稿	篇0582	按钛族社会及组织语境，非普通英语词义。
Brimlock Dragoons	边锁龙骑兵	暂定·官方待核	所给英文底稿	篇0582	按钛族社会及组织语境，非普通英语词义。
Anthrazods	安斯拉佐德	暂定·官方待核	所给英文底稿	篇0582	按钛族社会及组织语境，非普通英语词义。
Boaburi	博阿布瑞	暂定·官方待核	所给英文底稿	篇0582	按钛族社会及组织语境，非普通英语词义。
Brachyura	布拉基乌拉	暂定·官方待核	所给英文底稿	篇0582	按钛族社会及组织语境，非普通英语词义。
Charpactin	查尔帕辛	暂定·官方待核	所给英文底稿	篇0582	按钛族社会及组织语境，非普通英语词义。
Demiurg	德穆革	暂定·官方待核	所给英文底稿	篇0582	按钛族社会及组织语境，非普通英语词义。
Domati	多马蒂	暂定·官方待核	所给英文底稿	篇0582	按钛族社会及组织语境，非普通英语词义。
Wyrmships	龙船	暂定·官方待核	所给英文底稿	篇0582	按钛族社会及组织语境，非普通英语词义。
Formosians	弗尔莫西亚	暂定·官方待核	所给英文底稿	篇0582	按钛族社会及组织语境，非普通英语词义。
Galg	高尔格	暂定·官方待核	所给英文底稿	篇0582	按钛族社会及组织语境，非普通英语词义。
Isla’su	伊斯拉’苏	暂定·官方待核	所给英文底稿	篇0582	按钛族社会及组织语境，非普通英语词义。
G’nosh	基’诺什	暂定·官方待核	所给英文底稿	篇0582	按钛族社会及组织语境，非普通英语词义。
Hrenian	赫雷尼安	暂定·官方待核	所给英文底稿	篇0582	按钛族社会及组织语境，非普通英语词义。
Jagordian	雅戈尔迪安	暂定·官方待核	所给英文底稿	篇0582	按钛族社会及组织语境，非普通英语词义。
Ji’atrix	基’阿特里克斯	暂定·官方待核	所给英文底稿	篇0582	按钛族社会及组织语境，非普通英语词义。
Morralian	莫拉里安	暂定·官方待核	所给英文底稿	篇0582	按钛族社会及组织语境，非普通英语词义。
Deathsworn	死誓者	暂定·官方待核	所给英文底稿	篇0582	此为钛军莫拉里安辅助单位，非太空野狼同名兵种。
M’uh’ja	牧’胡’加	暂定·官方待核	所给英文底稿	篇0582	按钛族社会及组织语境，非普通英语词义。
Nagi	纳基	暂定·官方待核	所给英文底稿	篇0582	按钛族社会及组织语境，非普通英语词义。
Nicassar	尼卡萨	暂定·官方待核	所给英文底稿	篇0582	按钛族社会及组织语境，非普通英语词义。
Ostense Council	奥斯坦塞议会	暂定·官方待核	所给英文底稿	篇0582	按钛族社会及组织语境，非普通英语词义。
Pohu-Agg	波胡—阿戈	暂定·官方待核	所给英文底稿	篇0582	按钛族社会及组织语境，非普通英语词义。
Phosiab	弗西亚布	暂定·官方待核	所给英文底稿	篇0582	按钛族社会及组织语境，非普通英语词义。
Ranghon	朗宏	暂定·官方待核	所给英文底稿	篇0582	按钛族社会及组织语境，非普通英语词义。
Thraxians	特拉希安	暂定·官方待核	所给英文底稿	篇0582	按钛族社会及组织语境，非普通英语词义。
Vorgh	沃格	暂定·官方待核	所给英文底稿	篇0582	按钛族社会及组织语境，非普通英语词义。
Yabi-Yabi	亚比—亚比	暂定·官方待核	所给英文底稿	篇0582	按钛族社会及组织语境，非普通英语词义。
Shas’ar’tol	沙’阿’托尔	暂定·官方待核	所给英文底稿	篇0582	按钛族社会及组织语境，非普通英语词义。
Pathfinder Infiltration Cadre	探路者渗透核心队	暂定·官方待核	所给英文底稿	篇0582	按钛族社会及组织语境，非普通英语词义。
Ethereal	以太	官方已核对	GW-09 https://assets.warhammer-community.com/chi_06-05_wh40k_core%26key_munitorum_field_manual-5mrlucr2t1-fkybzzzoce.pdf；GW-10 https://assets.warhammer-community.com/eng_warhammer40000_munitorum_field_manual_march_2025-cims9ya3sg-s8j9m2haae.pdf	GW09第35页；GW10第34页	核官方完整单位/分遣队名；一般指称按语境。
Commander Farsight	指挥官远见	官方已核对	GW-09 https://assets.warhammer-community.com/chi_06-05_wh40k_core%26key_munitorum_field_manual-5mrlucr2t1-fkybzzzoce.pdf；GW-10 https://assets.warhammer-community.com/eng_warhammer40000_munitorum_field_manual_march_2025-cims9ya3sg-s8j9m2haae.pdf	GW09第35页；GW10第34页	核官方完整单位/分遣队名；一般指称按语境。
Commander Shadowsun	指挥官影阳	官方已核对	GW-09 https://assets.warhammer-community.com/chi_06-05_wh40k_core%26key_munitorum_field_manual-5mrlucr2t1-fkybzzzoce.pdf；GW-10 https://assets.warhammer-community.com/eng_warhammer40000_munitorum_field_manual_march_2025-cims9ya3sg-s8j9m2haae.pdf	GW09第35页；GW10第34页	核官方完整单位/分遣队名；一般指称按语境。
Hammerhead Gunship	锤头鲨炮艇	官方已核对	GW-09 https://assets.warhammer-community.com/chi_06-05_wh40k_core%26key_munitorum_field_manual-5mrlucr2t1-fkybzzzoce.pdf；GW-10 https://assets.warhammer-community.com/eng_warhammer40000_munitorum_field_manual_march_2025-cims9ya3sg-s8j9m2haae.pdf	GW09第35页；GW10第34页	核官方完整单位/分遣队名；一般指称按语境。
Manta	蝠鲼登陆舰	官方已核对	GW-09 https://assets.warhammer-community.com/chi_06-05_wh40k_core%26key_munitorum_field_manual-5mrlucr2t1-fkybzzzoce.pdf；GW-10 https://assets.warhammer-community.com/eng_warhammer40000_munitorum_field_manual_march_2025-cims9ya3sg-s8j9m2haae.pdf	GW09第35页；GW10第34页	核官方完整单位/分遣队名；一般指称按语境。
Vespid Stingwings	胡蜂尖翼战士	官方已核对	GW-09 https://assets.warhammer-community.com/chi_06-05_wh40k_core%26key_munitorum_field_manual-5mrlucr2t1-fkybzzzoce.pdf；GW-10 https://assets.warhammer-community.com/eng_warhammer40000_munitorum_field_manual_march_2025-cims9ya3sg-s8j9m2haae.pdf	GW09第35页；GW10第34页	核官方完整单位/分遣队名；一般指称按语境。
Pathfinder Team	探路者小队	官方已核对	GW-09 https://assets.warhammer-community.com/chi_06-05_wh40k_core%26key_munitorum_field_manual-5mrlucr2t1-fkybzzzoce.pdf；GW-10 https://assets.warhammer-community.com/eng_warhammer40000_munitorum_field_manual_march_2025-cims9ya3sg-s8j9m2haae.pdf	GW09第35页；GW10第34页	核官方完整单位/分遣队名；一般指称按语境。
Retaliation Cadre	反击核心队	官方已核对	GW-09 https://assets.warhammer-community.com/chi_06-05_wh40k_core%26key_munitorum_field_manual-5mrlucr2t1-fkybzzzoce.pdf；GW-10 https://assets.warhammer-community.com/eng_warhammer40000_munitorum_field_manual_march_2025-cims9ya3sg-s8j9m2haae.pdf	GW09第35页；GW10第34页	核官方完整单位/分遣队名；一般指称按语境。
Shadowsun	影阳	官方词根参考·语境定译	GW-09 https://assets.warhammer-community.com/chi_06-05_wh40k_core%26key_munitorum_field_manual-5mrlucr2t1-fkybzzzoce.pdf；GW-10 https://assets.warhammer-community.com/eng_warhammer40000_munitorum_field_manual_march_2025-cims9ya3sg-s8j9m2haae.pdf	GW09第35页；GW10第34页	Commander Shadowsun姓名词根，正文指挥官可按中文语序后置。
Pathfinders	探路者	官方词根参考·语境定译	GW-09 https://assets.warhammer-community.com/chi_06-05_wh40k_core%26key_munitorum_field_manual-5mrlucr2t1-fkybzzzoce.pdf；GW-10 https://assets.warhammer-community.com/eng_warhammer40000_munitorum_field_manual_march_2025-cims9ya3sg-s8j9m2haae.pdf	GW09第35页；GW10第34页	Pathfinder Team词根，仅指钛族兵种，不套其他阵营同名。
Cadre	骨干连（寂静修女）／核心队（钛族）	官方词根参考·语境定译	GW-09 https://assets.warhammer-community.com/chi_06-05_wh40k_core%26key_munitorum_field_manual-5mrlucr2t1-fkybzzzoce.pdf；GW-10 https://assets.warhammer-community.com/eng_warhammer40000_munitorum_field_manual_march_2025-cims9ya3sg-s8j9m2haae.pdf	GW09第35页；GW10第34页	钛族取Retaliation/Auxiliary Cadre词根；不同阵营编制不混同。
Devlan	德夫兰	暂定·官方待核	所给英文底稿	篇0583	按所给英文或沿现稿；个别同名角色/军衔需结合全名区分。
ZFR Horizon Accelerator Engine	ZFR地平线加速引擎	暂定·官方待核	所给英文底稿	篇0583	按所给英文或沿现稿；个别同名角色/军衔需结合全名区分。
O’Shaserra	欧·沙塞拉	暂定·官方待核	所给英文底稿	篇0583	按所给英文或沿现稿；个别同名角色/军衔需结合全名区分。
Ta’lissera	塔利赛拉	暂定·官方待核	所给英文底稿	篇0583	按所给英文或沿现稿；个别同名角色/军衔需结合全名区分。
Elemental Council	元素议会	暂定·官方待核	所给英文底稿	篇0583	按所给英文或沿现稿；个别同名角色/军衔需结合全名区分。
T’au’n	钛’恩	暂定·官方待核	所给英文底稿	篇0583	按所给英文或沿现稿；个别同名角色/军衔需结合全名区分。
Vior’la	维奥’拉	暂定·官方待核	所给英文底稿	篇0583	按所给英文或沿现稿；个别同名角色/军衔需结合全名区分。
D’yanoi	迪’亚诺伊	暂定·官方待核	所给英文底稿	篇0583	按所给英文或沿现稿；个别同名角色/军衔需结合全名区分。
Bork’an	博克’安	暂定·官方待核	所给英文底稿	篇0583	按所给英文或沿现稿；个别同名角色/军衔需结合全名区分。
Fal’shia	法尔’什亚	暂定·官方待核	所给英文底稿	篇0583	按所给英文或沿现稿；个别同名角色/军衔需结合全名区分。
Sa’cea	萨’恰	暂定·官方待核	所给英文底稿	篇0583	按所给英文或沿现稿；个别同名角色/军衔需结合全名区分。
N’dras	恩’达斯	暂定·官方待核	所给英文底稿	篇0583	按所给英文或沿现稿；个别同名角色/军衔需结合全名区分。
Kais	凯斯	暂定·官方待核	所给英文底稿	篇0583	按所给英文或沿现稿；个别同名角色/军衔需结合全名区分。
Vral	维拉尔	暂定·官方待核	所给英文底稿	篇0583	按所给英文或沿现稿；个别同名角色/军衔需结合全名区分。
Tsua’m	苏阿’姆	暂定·官方待核	所给英文底稿	篇0583	按所给英文或沿现稿；个别同名角色/军衔需结合全名区分。
Rinyon	环勇	暂定·官方待核	所给英文底稿	篇0583	按所给英文或沿现稿；个别同名角色/军衔需结合全名区分。
Rip’yka	瑞皮’卡	暂定·官方待核	所给英文底稿	篇0583	按所给英文或沿现稿；个别同名角色/军衔需结合全名区分。
Mecha-T’au	机甲钛	暂定·官方待核	所给英文底稿	篇0583	按所给英文或沿现稿；个别同名角色/军衔需结合全名区分。
Pulse Rifle	脉冲步枪	暂定·官方待核	所给英文底稿	篇0583	按所给英文或沿现稿；个别同名角色/军衔需结合全名区分。
Pulse Carbine	脉冲卡宾枪	暂定·官方待核	所给英文底稿	篇0583	按所给英文或沿现稿；个别同名角色/军衔需结合全名区分。
Burst Cannon	爆裂炮	暂定·官方待核	所给英文底稿	篇0583	按所给英文或沿现稿；个别同名角色/军衔需结合全名区分。
Railgun	磁轨炮	暂定·官方待核	所给英文底稿	篇0583	按所给英文或沿现稿；个别同名角色/军衔需结合全名区分。
Missile Pods	导弹巢	暂定·官方待核	所给英文底稿	篇0583	按所给英文或沿现稿；个别同名角色/军衔需结合全名区分。
Fusion Blaster	融合爆破炮	暂定·官方待核	所给英文底稿	篇0583	按所给英文或沿现稿；个别同名角色/军衔需结合全名区分。
Hydass	海达斯	暂定·官方待核	所给英文底稿	篇0583	按所给英文或沿现稿；个别同名角色/军衔需结合全名区分。
Kor’or’vesh	科’欧’维许	暂定·官方待核	所给英文底稿	篇0583	按所给英文或沿现稿；个别同名角色/军衔需结合全名区分。
Gravitic Drives	重力驱动	暂定·官方待核	所给英文底稿	篇0583	按所给英文或沿现稿；个别同名角色/军衔需结合全名区分。
Cryostasis Units	低温休眠舱	暂定·官方待核	所给英文底稿	篇0583	按所给英文或沿现稿；个别同名角色/军衔需结合全名区分。
Aun’shi	铵史	暂定·官方待核	所给英文底稿	篇0583	按所给英文或沿现稿；个别同名角色/军衔需结合全名区分。
Fio’vash	菲奥’瓦什	暂定·官方待核	所给英文底稿	篇0583	按所给英文或沿现稿；个别同名角色/军衔需结合全名区分。
Shas’O Kais	沙’欧·凯斯	暂定·官方待核	所给英文底稿	篇0583	按所给英文或沿现稿；个别同名角色/军衔需结合全名区分。
Kronus	克洛诺斯	暂定·官方待核	所给英文底稿	篇0583	按所给英文或沿现稿；个别同名角色/军衔需结合全名区分。
Kor’o Y’eldi	科’欧·耶’尔迪	暂定·官方待核	所给英文底稿	篇0583	按所给英文或沿现稿；个别同名角色/军衔需结合全名区分。
Shas’O R’myr	沙’欧·雷’米尔	暂定·官方待核	所给英文底稿	篇0583	按所给英文或沿现稿；个别同名角色/军衔需结合全名区分。
Commander Longknife	长刀指挥官	暂定·官方待核	所给英文底稿	篇0583	按所给英文或沿现稿；个别同名角色/军衔需结合全名区分。
Shas’O R’alai	沙’欧·瑞’奥艾	暂定·官方待核	所给英文底稿	篇0583	按所给英文或沿现稿；个别同名角色/军衔需结合全名区分。
Kel’shan	克尔’杉	暂定·官方待核	所给英文底稿	篇0583	按所给英文或沿现稿；个别同名角色/军衔需结合全名区分。
Commander Coldfire	冷焰指挥官	暂定·官方待核	所给英文底稿	篇0583	按所给英文或沿现稿；个别同名角色/军衔需结合全名区分。
Shas’La Kais	沙’拉·凯斯	暂定·官方待核	所给英文底稿	篇0583	按所给英文或沿现稿；个别同名角色/军衔需结合全名区分。
Longstrike	长击	暂定·官方待核	所给英文底稿	篇0583	按所给英文或沿现稿；个别同名角色/军衔需结合全名区分。
Shas’El Lusha	沙’埃·卢沙	暂定·官方待核	所给英文底稿	篇0583	按所给英文或沿现稿；个别同名角色/军衔需结合全名区分。
Shas’vre Doros	沙’维·多罗斯	暂定·官方待核	所给英文底稿	篇0583	按所给英文或沿现稿；个别同名角色/军衔需结合全名区分。
El’Myamoto	埃’玛亚莫托	暂定·官方待核	所给英文底稿	篇0583	按所给英文或沿现稿；个别同名角色/军衔需结合全名区分。
Vorcah	沃卡斯	暂定·官方待核	所给英文底稿	篇0583	按所给英文或沿现稿；个别同名角色/军衔需结合全名区分。
Sha’draig	沙’德莱格	暂定·官方待核	所给英文底稿	篇0583	按所给英文或沿现稿；个别同名角色/军衔需结合全名区分。
Shishell	希谢尔	暂定·官方待核	所给英文底稿	篇0583	按所给英文或沿现稿；个别同名角色/军衔需结合全名区分。
Gav Thorpe	加夫·索普	暂定·官方待核	所给英文底稿	篇0583	按所给英文或沿现稿；个别同名角色/军衔需结合全名区分。
Jes Goodwin	杰斯·古德温	暂定·官方待核	所给英文底稿	篇0583	按所给英文或沿现稿；个别同名角色/军衔需结合全名区分。
Andy Chambers	安迪·钱伯斯	暂定·官方待核	所给英文底稿	篇0583	按所给英文或沿现稿；个别同名角色/军衔需结合全名区分。
Broadside Battlesuits	舷炮战斗服	官方已核对	GW-09 https://assets.warhammer-community.com/chi_06-05_wh40k_core%26key_munitorum_field_manual-5mrlucr2t1-fkybzzzoce.pdf；GW-10 https://assets.warhammer-community.com/eng_warhammer40000_munitorum_field_manual_march_2025-cims9ya3sg-s8j9m2haae.pdf	GW09第35页；GW10第34页	官方单位或分遣队/强化名对照。
Stealth Battlesuits	隐形战斗服	官方已核对	GW-09 https://assets.warhammer-community.com/chi_06-05_wh40k_core%26key_munitorum_field_manual-5mrlucr2t1-fkybzzzoce.pdf；GW-10 https://assets.warhammer-community.com/eng_warhammer40000_munitorum_field_manual_march_2025-cims9ya3sg-s8j9m2haae.pdf	GW09第35页；GW10第34页	官方单位或分遣队/强化名对照。
Mont’ka	蒙特卡	官方已核对	GW-09 https://assets.warhammer-community.com/chi_06-05_wh40k_core%26key_munitorum_field_manual-5mrlucr2t1-fkybzzzoce.pdf；GW-10 https://assets.warhammer-community.com/eng_warhammer40000_munitorum_field_manual_march_2025-cims9ya3sg-s8j9m2haae.pdf	GW09第35页；GW10第34页	官方单位或分遣队/强化名对照。
Kauyon	考雍	官方已核对	GW-09 https://assets.warhammer-community.com/chi_06-05_wh40k_core%26key_munitorum_field_manual-5mrlucr2t1-fkybzzzoce.pdf；GW-10 https://assets.warhammer-community.com/eng_warhammer40000_munitorum_field_manual_march_2025-cims9ya3sg-s8j9m2haae.pdf	GW09第35页；GW10第34页	官方单位或分遣队/强化名对照。
Darkstrider	暗行	官方已核对	GW-09 https://assets.warhammer-community.com/chi_06-05_wh40k_core%26key_munitorum_field_manual-5mrlucr2t1-fkybzzzoce.pdf；GW-10 https://assets.warhammer-community.com/eng_warhammer40000_munitorum_field_manual_march_2025-cims9ya3sg-s8j9m2haae.pdf	GW09第35页；GW10第34页	官方单位或分遣队/强化名对照。
Stormsurge	风暴潮	官方已核对	GW-09 https://assets.warhammer-community.com/chi_06-05_wh40k_core%26key_munitorum_field_manual-5mrlucr2t1-fkybzzzoce.pdf；GW-10 https://assets.warhammer-community.com/eng_warhammer40000_munitorum_field_manual_march_2025-cims9ya3sg-s8j9m2haae.pdf	GW09第35页；GW10第34页	官方单位或分遣队/强化名对照。
Puretide Engram Neurochip	清汐记忆神经芯片	官方已核对	GW-09 https://assets.warhammer-community.com/chi_06-05_wh40k_core%26key_munitorum_field_manual-5mrlucr2t1-fkybzzzoce.pdf；GW-10 https://assets.warhammer-community.com/eng_warhammer40000_munitorum_field_manual_march_2025-cims9ya3sg-s8j9m2haae.pdf	GW09第35页；GW10第34页	官方单位或分遣队/强化名对照。
Puretide	清汐	官方词根参考·单名待核	GW-09 https://assets.warhammer-community.com/chi_06-05_wh40k_core%26key_munitorum_field_manual-5mrlucr2t1-fkybzzzoce.pdf；GW-10 https://assets.warhammer-community.com/eng_warhammer40000_munitorum_field_manual_march_2025-cims9ya3sg-s8j9m2haae.pdf	GW09第35页；GW10第34页	取Puretide Engram Neurochip姓名词根，完整人物名待核。
Infinite Empire	无限帝国	暂定·官方待核	所给英文底稿	篇0584	按语境沿稿或修正；跨篇纪年矛盾保留校注。
Necron Star Empire	死灵群星帝国	暂定·官方待核	所给英文底稿	篇0584	按语境沿稿或修正；跨篇纪年矛盾保留校注。
First Wars of Secession	第一次分裂战争	暂定·官方待核	所给英文底稿	篇0584	按语境沿稿或修正；跨篇纪年矛盾保留校注。
Second Wars of Secession	第二次分裂战争	暂定·官方待核	所给英文底稿	篇0584	按语境沿稿或修正；跨篇纪年矛盾保留校注。
Book of Mournful Night	哀夜之书	暂定·官方待核	所给英文底稿	篇0584	按语境沿稿或修正；跨篇纪年矛盾保留校注。
Biotransference	生体转化	暂定·官方待核	所给英文底稿	篇0584	按语境沿稿或修正；跨篇纪年矛盾保留校注。
Great Sleep	大休眠	暂定·官方待核	所给英文底稿	篇0584	按语境沿稿或修正；跨篇纪年矛盾保留校注。
Awakened Council	苏醒议会	暂定·官方待核	所给英文底稿	篇0584	按语境沿稿或修正；跨篇纪年矛盾保留校注。
Chronosense	时间知觉	暂定·官方待核	所给英文底稿	篇0584	按语境沿稿或修正；跨篇纪年矛盾保留校注。
Reanimation Protocols	复生协议	暂定·官方待核	所给英文底稿	篇0584	按语境沿稿或修正；跨篇纪年矛盾保留校注。
Phaeron	法皇	暂定·官方待核	所给英文底稿	篇0584	按语境沿稿或修正；跨篇纪年矛盾保留校注。
Necron Lord	死灵领主	暂定·官方待核	所给英文底稿	篇0584	按语境沿稿或修正；跨篇纪年矛盾保留校注。
Flayer Virus	剥皮者病毒	暂定·官方待核	所给英文底稿	篇0584	按语境沿稿或修正；跨篇纪年矛盾保留校注。
Destroyer Cult	毁灭者教派	暂定·官方待核	所给英文底稿	篇0584	按语境沿稿或修正；跨篇纪年矛盾保留校注。
Necrodermis	死灵金属	暂定·官方待核	所给英文底稿	篇0584	按语境沿稿或修正；跨篇纪年矛盾保留校注。
Celestial Orrery	璀璨星图	暂定·官方待核	所给英文底稿	篇0584	按语境沿稿或修正；跨篇纪年矛盾保留校注。
Dolmen Gates	墓石之门	暂定·官方待核	所给英文底稿	篇0584	按语境沿稿或修正；跨篇纪年矛盾保留校注。
Inertialess Drive	无惯性驱动	暂定·官方待核	所给英文底稿	篇0584	按语境沿稿或修正；跨篇纪年矛盾保留校注。
Reality-Tethers	现实系缆	暂定·官方待核	所给英文底稿	篇0584	按语境沿稿或修正；跨篇纪年矛盾保留校注。
Strangesteel	奇异钢	暂定·官方待核	所给英文底稿	篇0584	按语境沿稿或修正；跨篇纪年矛盾保留校注。
Megaton Matter	兆吨物质	暂定·官方待核	所给英文底稿	篇0584	按语境沿稿或修正；跨篇纪年矛盾保留校注。
Antimatter Collider	反物质对撞机	暂定·官方待核	所给英文底稿	篇0584	按语境沿稿或修正；跨篇纪年矛盾保留校注。
Kastak	卡斯塔克	暂定·官方待核	所给英文底稿	篇0584	按语境沿稿或修正；跨篇纪年矛盾保留校注。
Thaszar	塔萨尔	暂定·官方待核	所给英文底稿	篇0584	按语境沿稿或修正；跨篇纪年矛盾保留校注。
Keph	凯夫	暂定·官方待核	所给英文底稿	篇0584	按语境沿稿或修正；跨篇纪年矛盾保留校注。
Charnovokh Dynasty	查诺沃赫王朝	暂定·官方待核	所给英文底稿	篇0584	按语境沿稿或修正；跨篇纪年矛盾保留校注。
Bardrick System	巴德里克星系	暂定·官方待核	所给英文底稿	篇0584	按语境沿稿或修正；跨篇纪年矛盾保留校注。
Rytak Dynasty	莱塔克王朝	暂定·官方待核	所给英文底稿	篇0584	按语境沿稿或修正；跨篇纪年矛盾保留校注。
Kayra Dynasty	凯拉王朝	暂定·官方待核	所给英文底稿	篇0584	按语境沿稿或修正；跨篇纪年矛盾保留校注。
Silentia	西伦提亚	暂定·官方待核	所给英文底稿	篇0584	按语境沿稿或修正；跨篇纪年矛盾保留校注。
Shukketh Voidmaw	沙凯斯·虚空之喉	暂定·官方待核	所给英文底稿	篇0584	按语境沿稿或修正；跨篇纪年矛盾保留校注。
Uttu Prime	乌图主星	暂定·官方待核	所给英文底稿	篇0584	按语境沿稿或修正；跨篇纪年矛盾保留校注。
Uan’Voss	乌安’沃斯	暂定·官方待核	所给英文底稿	篇0584	按语境沿稿或修正；跨篇纪年矛盾保留校注。
Agdagath Dynasty	阿格达伽斯王朝	暂定·官方待核	所给英文底稿	篇0584	按语境沿稿或修正；跨篇纪年矛盾保留校注。
Thokt Dynasty	索科特王朝	暂定·官方待核	所给英文底稿	篇0584	按语境沿稿或修正；跨篇纪年矛盾保留校注。
Bludtoof	血牙	暂定·官方待核	所给英文底稿	篇0584	按语境沿稿或修正；跨篇纪年矛盾保留校注。
Ahhotekh	阿霍泰克	暂定·官方待核	所给英文底稿	篇0584	按语境沿稿或修正；跨篇纪年矛盾保留校注。
Ahmontekh	阿蒙泰克	暂定·官方待核	所给英文底稿	篇0584	按语境沿稿或修正；跨篇纪年矛盾保留校注。
Suhbekhar Dynasty	索贝克哈尔王朝	暂定·官方待核	所给英文底稿	篇0584	按语境沿稿或修正；跨篇纪年矛盾保留校注。
Anrakyr the Traveller	旅行者安拉基尔	暂定·官方待核	所给英文底稿	篇0584	按语境沿稿或修正；跨篇纪年矛盾保留校注。
Hasmoteph the Resplendent	辉煌者哈斯莫特普	暂定·官方待核	所给英文底稿	篇0584	按语境沿稿或修正；跨篇纪年矛盾保留校注。
Kamoteph the Crooked	欺诈者卡莫特普	暂定·官方待核	所给英文底稿	篇0584	按语境沿稿或修正；跨篇纪年矛盾保留校注。
Vargard Obyron	王卫奥伯龙	暂定·官方待核	所给英文底稿	篇0584	按语境沿稿或修正；跨篇纪年矛盾保留校注。
Nemesor Zahndrekh	戴冠者扎赫德克	暂定·官方待核	所给英文底稿	篇0584	按语境沿稿或修正；跨篇纪年矛盾保留校注。
Solemnace	索勒纳姆斯	暂定·官方待核	所给英文底稿	篇0584	按语境沿稿或修正；跨篇纪年矛盾保留校注。
Gidrim	吉德瑞姆	暂定·官方待核	所给英文底稿	篇0584	按语境沿稿或修正；跨篇纪年矛盾保留校注。
Zaphet	扎贝特	暂定·官方待核	所给英文底稿	篇0584	按语境沿稿或修正；跨篇纪年矛盾保留校注。
Shining Company	闪耀连队	暂定·官方待核	所给英文底稿	篇0584	按语境沿稿或修正；跨篇纪年矛盾保留校注。
Chaos Androids	混沌机器人	暂定·官方待核	所给英文底稿	篇0584	按语境沿稿或修正；跨篇纪年矛盾保留校注。
Imotekh the Stormlord	风暴王伊摩特克	官方已核对	GW-09 https://assets.warhammer-community.com/chi_06-05_wh40k_core%26key_munitorum_field_manual-5mrlucr2t1-fkybzzzoce.pdf；GW-10 https://assets.warhammer-community.com/eng_warhammer40000_munitorum_field_manual_march_2025-cims9ya3sg-s8j9m2haae.pdf	GW09第28页；GW10第28页	完整单位名称逐项核对；不依新版点数配行。
Orikan the Diviner	占卜者欧瑞肯	官方已核对	GW-09 https://assets.warhammer-community.com/chi_06-05_wh40k_core%26key_munitorum_field_manual-5mrlucr2t1-fkybzzzoce.pdf；GW-10 https://assets.warhammer-community.com/eng_warhammer40000_munitorum_field_manual_march_2025-cims9ya3sg-s8j9m2haae.pdf	GW09第28页；GW10第28页	完整单位名称逐项核对；不依新版点数配行。
Illuminor Szeras	光耀者泽拉斯	官方已核对	GW-09 https://assets.warhammer-community.com/chi_06-05_wh40k_core%26key_munitorum_field_manual-5mrlucr2t1-fkybzzzoce.pdf；GW-10 https://assets.warhammer-community.com/eng_warhammer40000_munitorum_field_manual_march_2025-cims9ya3sg-s8j9m2haae.pdf	GW09第28页；GW10第28页	完整单位名称逐项核对；不依新版点数配行。
The Silent King	寂静王	官方已核对	GW-09 https://assets.warhammer-community.com/chi_06-05_wh40k_core%26key_munitorum_field_manual-5mrlucr2t1-fkybzzzoce.pdf；GW-10 https://assets.warhammer-community.com/eng_warhammer40000_munitorum_field_manual_march_2025-cims9ya3sg-s8j9m2haae.pdf	GW09第28页；GW10第28页	完整单位名称逐项核对；不依新版点数配行。
Overlord	霸主	官方已核对	GW-09 https://assets.warhammer-community.com/chi_06-05_wh40k_core%26key_munitorum_field_manual-5mrlucr2t1-fkybzzzoce.pdf；GW-10 https://assets.warhammer-community.com/eng_warhammer40000_munitorum_field_manual_march_2025-cims9ya3sg-s8j9m2haae.pdf	GW09第28页；GW10第28页	完整单位名称逐项核对；不依新版点数配行。
Royal Warden	皇家监军	官方已核对	GW-09 https://assets.warhammer-community.com/chi_06-05_wh40k_core%26key_munitorum_field_manual-5mrlucr2t1-fkybzzzoce.pdf；GW-10 https://assets.warhammer-community.com/eng_warhammer40000_munitorum_field_manual_march_2025-cims9ya3sg-s8j9m2haae.pdf	GW09第28页；GW10第28页	完整单位名称逐项核对；不依新版点数配行。
Necron Warriors	太空死灵武士	官方已核对	GW-09 https://assets.warhammer-community.com/chi_06-05_wh40k_core%26key_munitorum_field_manual-5mrlucr2t1-fkybzzzoce.pdf；GW-10 https://assets.warhammer-community.com/eng_warhammer40000_munitorum_field_manual_march_2025-cims9ya3sg-s8j9m2haae.pdf	GW09第28页；GW10第28页	完整单位名称逐项核对；不依新版点数配行。
Immortals	不朽者	官方已核对	GW-09 https://assets.warhammer-community.com/chi_06-05_wh40k_core%26key_munitorum_field_manual-5mrlucr2t1-fkybzzzoce.pdf；GW-10 https://assets.warhammer-community.com/eng_warhammer40000_munitorum_field_manual_march_2025-cims9ya3sg-s8j9m2haae.pdf	GW09第28页；GW10第28页	完整单位名称逐项核对；不依新版点数配行。
Flayed Ones	剥皮者	官方已核对	GW-09 https://assets.warhammer-community.com/chi_06-05_wh40k_core%26key_munitorum_field_manual-5mrlucr2t1-fkybzzzoce.pdf；GW-10 https://assets.warhammer-community.com/eng_warhammer40000_munitorum_field_manual_march_2025-cims9ya3sg-s8j9m2haae.pdf	GW09第28页；GW10第28页	完整单位名称逐项核对；不依新版点数配行。
Deathmarks	死印战士	官方已核对	GW-09 https://assets.warhammer-community.com/chi_06-05_wh40k_core%26key_munitorum_field_manual-5mrlucr2t1-fkybzzzoce.pdf；GW-10 https://assets.warhammer-community.com/eng_warhammer40000_munitorum_field_manual_march_2025-cims9ya3sg-s8j9m2haae.pdf	GW09第28页；GW10第28页	完整单位名称逐项核对；不依新版点数配行。
Triarch Praetorians	三圣禁卫	官方已核对	GW-09 https://assets.warhammer-community.com/chi_06-05_wh40k_core%26key_munitorum_field_manual-5mrlucr2t1-fkybzzzoce.pdf；GW-10 https://assets.warhammer-community.com/eng_warhammer40000_munitorum_field_manual_march_2025-cims9ya3sg-s8j9m2haae.pdf	GW09第28页；GW10第28页	完整单位名称逐项核对；不依新版点数配行。
C’tan Shard of the Deceiver	欺诈者星神碎片	官方已核对	GW-09 https://assets.warhammer-community.com/chi_06-05_wh40k_core%26key_munitorum_field_manual-5mrlucr2t1-fkybzzzoce.pdf；GW-10 https://assets.warhammer-community.com/eng_warhammer40000_munitorum_field_manual_march_2025-cims9ya3sg-s8j9m2haae.pdf	GW09第28页；GW10第28页	完整单位名称逐项核对；不依新版点数配行。
C’tan Shard of the Nightbringer	拥夜者星神碎片	官方已核对	GW-09 https://assets.warhammer-community.com/chi_06-05_wh40k_core%26key_munitorum_field_manual-5mrlucr2t1-fkybzzzoce.pdf；GW-10 https://assets.warhammer-community.com/eng_warhammer40000_munitorum_field_manual_march_2025-cims9ya3sg-s8j9m2haae.pdf	GW09第28页；GW10第28页	完整单位名称逐项核对；不依新版点数配行。
C’tan Shard of the Void Dragon	虚空龙星神碎片	官方已核对	GW-09 https://assets.warhammer-community.com/chi_06-05_wh40k_core%26key_munitorum_field_manual-5mrlucr2t1-fkybzzzoce.pdf；GW-10 https://assets.warhammer-community.com/eng_warhammer40000_munitorum_field_manual_march_2025-cims9ya3sg-s8j9m2haae.pdf	GW09第28页；GW10第28页	完整单位名称逐项核对；不依新版点数配行。
Imotekh	伊摩特克	官方词根参考·单名待核	GW-09 https://assets.warhammer-community.com/chi_06-05_wh40k_core%26key_munitorum_field_manual-5mrlucr2t1-fkybzzzoce.pdf；GW-10 https://assets.warhammer-community.com/eng_warhammer40000_munitorum_field_manual_march_2025-cims9ya3sg-s8j9m2haae.pdf	GW09第28页；GW10第28页	完整称号风暴王伊摩特克中姓名词根。
Orikan	欧瑞肯	官方词根参考·单名待核	GW-09 https://assets.warhammer-community.com/chi_06-05_wh40k_core%26key_munitorum_field_manual-5mrlucr2t1-fkybzzzoce.pdf；GW-10 https://assets.warhammer-community.com/eng_warhammer40000_munitorum_field_manual_march_2025-cims9ya3sg-s8j9m2haae.pdf	GW09第28页；GW10第28页	完整称号占卜者欧瑞肯中姓名词根。
The Deceiver	欺诈者	官方词根参考·单名待核	GW-09 https://assets.warhammer-community.com/chi_06-05_wh40k_core%26key_munitorum_field_manual-5mrlucr2t1-fkybzzzoce.pdf；GW-10 https://assets.warhammer-community.com/eng_warhammer40000_munitorum_field_manual_march_2025-cims9ya3sg-s8j9m2haae.pdf	GW09第28页；GW10第28页	完整星神碎片名称中尊号，碎片不等于全部本体。
The Nightbringer	拥夜者	官方词根参考·单名待核	GW-09 https://assets.warhammer-community.com/chi_06-05_wh40k_core%26key_munitorum_field_manual-5mrlucr2t1-fkybzzzoce.pdf；GW-10 https://assets.warhammer-community.com/eng_warhammer40000_munitorum_field_manual_march_2025-cims9ya3sg-s8j9m2haae.pdf	GW09第28页；GW10第28页	完整星神碎片名称中尊号，原拥夜者沿用。
Zarhulash	扎胡拉什	暂定·官方待核	所给英文底稿	篇0585	按英文语境沿现稿或修正；官方对应待核。
Krukesh	克鲁克什	暂定·官方待核	所给英文底稿	篇0585	按英文语境沿现稿或修正；官方对应待核。
Oberdeii	奥伯德伊	暂定·官方待核	所给英文底稿	篇0585	按英文语境沿现稿或修正；官方对应待核。
Aegida Company	神盾连	暂定·官方待核	所给英文底稿	篇0585	按英文语境沿现稿或修正；官方对应待核。
Warden of the Pharos	灯塔守望者	暂定·官方待核	所给英文底稿	篇0585	按英文语境沿现稿或修正；官方对应待核。
Emperor-Regent	摄政皇帝	暂定·官方待核	所给英文底稿	篇0585	按英文语境沿现稿或修正；官方对应待核。
Zar-Quaesitor	探索者之王号	暂定·官方待核	所给英文底稿	篇0585	按英文语境沿现稿或修正；官方对应待核。
Quantum Empathic Resonance Beacon	量子共情共振信标	暂定·官方待核	所给英文底稿	篇0585	按英文语境沿现稿或修正；官方对应待核。
Mount Pharos	法罗斯山	暂定·官方待核	所给英文底稿	篇0585	按英文语境沿现稿或修正；官方对应待核。
mountain dreaming	山梦	暂定·官方待核	所给英文底稿	篇0585	按英文语境沿现稿或修正；官方对应待核。
Pylons	方尖碑	暂定·官方待核	所给英文底稿	篇0586	按英文语境沿现稿或修正；官方对应待核。
Noctilith	夜石	暂定·官方待核	所给英文底稿	篇0586	按英文语境沿现稿或修正；官方对应待核。
Noctolith	夜石	暂定·官方待核	所给英文底稿	篇0586	按英文语境沿现稿或修正；官方对应待核。
Pylon Ship	方尖碑舰	暂定·官方待核	所给英文底稿	篇0586	按英文语境沿现稿或修正；官方对应待核。
Project Aurora	奥罗拉计划	暂定·官方待核	所给英文底稿	篇0586	按英文语境沿现稿或修正；官方对应待核。
Demerium	德梅里姆	暂定·官方待核	所给英文底稿	篇0586	按英文语境沿现稿或修正；官方对应待核。
Sigulus Herstoffen	西格鲁斯·赫托芬	暂定·官方待核	所给英文底稿	篇0586	按英文语境沿现稿或修正；官方对应待核。
Sons of Bael	贝尔之子	暂定·官方待核	所给英文底稿	篇0586	按英文语境沿现稿或修正；官方对应待核。
Attilan Gate	阿提兰之门	暂定·官方待核	所给英文底稿	篇0586	按英文语境沿现稿或修正；官方对应待核。
Mesmoch	梅斯莫克	暂定·官方待核	所给英文底稿	篇0586	按英文语境沿现稿或修正；官方对应待核。
Gu-Oli	古-奥利	暂定·官方待核	所给英文底稿	篇0586	按英文语境沿现稿或修正；官方对应待核。
Skahren’s Coil	斯卡伦之线圈	暂定·官方待核	所给英文底稿	篇0586	按英文语境沿现稿或修正；官方对应待核。
Contra-Empyric Nexus	反至高天枢纽	暂定·官方待核	所给英文底稿	篇0587	按英文语境沿现稿或修正；官方对应待核。
Xendu System	森杜星系	暂定·官方待核	所给英文底稿	篇0587	按英文语境沿现稿或修正；官方对应待核。
The Stilling	沉寂效应	暂定·官方待核	所给英文底稿	篇0587	按英文语境沿现稿或修正；官方对应待核。
Battlegroup Kallides	卡利德斯战斗群	暂定·官方待核	所给英文底稿	篇0587	按英文语境沿现稿或修正；官方对应待核。
Battle Group Hephaestus	赫菲斯托斯战斗群	暂定·官方待核	所给英文底稿	篇0587	按英文语境沿现稿或修正；官方对应待核。
The Anathema	被诅咒者	暂定·官方待核	所给英文底稿	篇0588	按英文语境沿现稿或修正；官方对应待核。
Neoth	尼欧斯	暂定·官方待核	所给英文底稿	篇0588	按英文语境沿现稿或修正；官方对应待核。
Master of the Lines	血统大师	暂定·官方待核	所给英文底稿	篇0588	按英文语境沿现稿或修正；官方对应待核。
Reillis	莱利斯	暂定·官方待核	所给英文底稿	篇0588	按英文语境沿现稿或修正；官方对应待核。
Gyros-Thravian	杰罗斯-萨洛维安	暂定·官方待核	所给英文底稿	篇0588	按英文语境沿现稿或修正；官方对应待核。
Kai Zulane	凯·祖兰	暂定·官方待核	所给英文底稿	篇0588	按英文语境沿现稿或修正；官方对应待核。
Ra Endymion	拉·恩底弥翁	暂定·官方待核	所给英文底稿	篇0588	按英文语境沿现稿或修正；官方对应待核。
Ael Wyntor	艾尔·温特	暂定·官方待核	所给英文底稿	篇0588	按英文语境沿现稿或修正；官方对应待核。
Revelation	启示	暂定·官方待核	所给英文底稿	篇0588	按英文语境沿现稿或修正；官方对应待核。
Operation Anabasis	远征行动	暂定·官方待核	所给英文底稿	篇0588	按英文语境沿现稿或修正；官方对应待核。
Inevitable City	必然之城	暂定·官方待核	所给英文底稿	篇0588	按英文语境沿现稿或修正；官方对应待核。
Dark King	黑暗之王	暂定·官方待核	所给英文底稿	篇0588	按英文语境沿现稿或修正；官方对应待核。
Lupercal’s Court	卢佩卡尔王庭	暂定·官方待核	所给英文底稿	篇0588	按英文语境沿现稿或修正；官方对应待核。
Mathieu	马蒂厄	暂定·官方待核	所给英文底稿	篇0588	按英文语境沿现稿或修正；官方对应待核。
Godblight	神瘟	暂定·官方待核	所给英文底稿	篇0588	按英文语境沿现稿或修正；官方对应待核。
Cauldron of Nurgle	纳垢巨釜	暂定·官方待核	所给英文底稿	篇0588	按英文语境沿现稿或修正；官方对应待核。
Proconsul (Adeptus Custodes)	执政官	暂定·官方待核	所给英文底稿	篇0588	按英文语境沿现稿或修正；官方对应待核。
Ollanius Piers	欧良尼乌斯·皮尔斯	暂定·官方待核	所给英文底稿	篇0589	按英文语境沿现稿或修正；官方对应待核。
Catheric	天主教派	暂定·官方待核	所给英文底稿	篇0589	按英文语境沿现稿或修正；官方对应待核。
Graft	格拉夫特	暂定·官方待核	所给英文底稿	篇0589	按英文语境沿现稿或修正；官方对应待核。
Chrysophar	克里索法尔	暂定·官方待核	所给英文底稿	篇0589	按英文语境沿现稿或修正；官方对应待核。
Anatol Hive	阿纳托尔巢都	暂定·官方待核	所给英文底稿	篇0589	按英文语境沿现稿或修正；官方对应待核。
Immaterium sidestep	非物质界侧步	暂定·官方待核	所给英文底稿	篇0589	按英文语境沿现稿或修正；官方对应待核。
Dogent Krank	多根特·克兰克	暂定·官方待核	所给英文底稿	篇0589	按英文语境沿现稿或修正；官方对应待核。
Bale Rane	巴勒·莱恩	暂定·官方待核	所给英文底稿	篇0589	按英文语境沿现稿或修正；官方对应待核。
Hebet Zybes	赫贝特·齐贝斯	暂定·官方待核	所给英文底稿	篇0589	按英文语境沿现稿或修正；官方对应待核。
Katt	凯特	暂定·官方待核	所给英文底稿	篇0589	按英文语境沿现稿或修正；官方对应待核。
Andrioch	安德里奥	暂定·官方待核	所给英文底稿	篇0589	按英文语境沿现稿或修正；官方对应待核。
Hatay-Antakya Hive	哈塔伊·安塔基亚巢都	暂定·官方待核	所给英文底稿	篇0589	按英文语境沿现稿或修正；官方对应待核。
Actae	阿克泰	暂定·官方待核	所给英文底稿	篇0589	按英文语境沿现稿或修正；官方对应待核。
Arvus Lighter	阿维鲁斯轻型运输机	暂定·官方待核	所给英文底稿	篇0589	按英文语境沿现稿或修正；官方对应待核。
The Guardsman (Tarot)	卫兵	暂定·官方待核	所给英文底稿	篇0589	按英文语境沿现稿或修正；官方对应待核。
The Lantern (Tarot)	提灯	暂定·官方待核	所给英文底稿	篇0589	按英文语境沿现稿或修正；官方对应待核。
Guelb	盖尔布	暂定·官方待核	所给英文底稿	篇0590	按英文语境沿现稿或修正；官方对应待核。
Arcadia	阿卡迪亚	暂定·官方待核	所给英文底稿	篇0591	按英文语境沿现稿或修正；官方对应待核。
Jeph	杰夫	暂定·官方待核	所给英文底稿	篇0591	按英文语境沿现稿或修正；官方对应待核。
Miska	米斯卡	暂定·官方待核	所给英文底稿	篇0591	按英文语境沿现稿或修正；官方对应待核。
Vivyen	维温	暂定·官方待核	所给英文底稿	篇0591	按英文语境沿现稿或修正；官方对应待核。
Castor Alcade	卡斯托·阿尔卡德	暂定·官方待核	所给英文底稿	篇0591	按英文语境沿现稿或修正；官方对应待核。
Molech’s Enlightenment	摩洛启蒙号	暂定·官方待核	所给英文底稿	篇0591	按英文语境沿现稿或修正；官方对应待核。
Sulaiman	苏莱曼	暂定·官方待核	所给英文底稿	篇0591	按英文语境沿现稿或修正；官方对应待核。
Elysian Gate	极乐之门	暂定·官方待核	所给英文底稿	篇0591	按英文语境沿现稿或修正；官方对应待核。
Cardinal Boras	枢机主教博拉斯号	暂定·官方待核	所给英文底稿	篇0591	按英文语境沿现稿或修正；官方对应待核。
Khalid Hassan	哈立德·哈桑	暂定·官方待核	所给英文底稿	篇0591	按英文语境沿现稿或修正；官方对应待核。
Regicide	弑君棋	暂定·官方待核	所给英文底稿	篇0591	按英文语境沿现稿或修正；官方对应待核。
Atrahasis	阿特拉哈西斯	暂定·官方待核	所给英文底稿	篇0591	按英文语境沿现稿或修正；官方对应待核。
Caucasian Levvies	高加索征召军	暂定·官方待核	所给英文底稿	篇0592	按英文语境沿现稿或修正；官方对应待核。
Konig Heniker	柯尼希·赫尼克	暂定·官方待核	所给英文底稿	篇0592	按英文语境沿现稿或修正；官方对应待核。
42 Hydra Tertius	42九头蛇三号	暂定·官方待核	所给英文底稿	篇0592	按英文语境沿现稿或修正；官方对应待核。
Caeren Sebaton	卡伦·塞巴顿	暂定·官方待核	所给英文底稿	篇0592	按英文语境沿现稿或修正；官方对应待核。
Traois	特洛伊斯	暂定·官方待核	所给英文底稿	篇0592	按英文语境沿现稿或修正；官方对应待核。
Valdrekk Elias	瓦尔德鲁克·伊莱亚斯	暂定·官方待核	所给英文底稿	篇0592	按英文语境沿现稿或修正；官方对应待核。
Ababa Hive	亚贝巴巢都	暂定·官方待核	所给英文底稿	篇0592	按英文语境沿现稿或修正；官方对应待核。
First Lord of Terra	泰拉第一领主	暂定·官方待核	所给英文底稿	篇0593	按英文语境沿现稿或修正；官方对应待核。
Malcador the Hero	英雄马卡多	暂定·官方待核	所给英文底稿	篇0593	按英文语境沿现稿或修正；官方对应待核。
The Sigillites	掌印者	暂定·官方待核	所给英文底稿	篇0593	按英文语境沿现稿或修正；官方对应待核。
Brahm al-Khadour	布拉姆·阿尔·赫杜尔	暂定·官方待核	所给英文底稿	篇0593	按英文语境沿现稿或修正；官方对应待核。
Solomon Voss	所罗门·沃斯	暂定·官方待核	所给英文底稿	篇0593	按英文语境沿现稿或修正；官方对应待核。
Chaplain Edict	教士法令	暂定·官方待核	所给英文底稿	篇0593	按英文语境沿现稿或修正；官方对应待核。
White Mountain	白山	暂定·官方待核	所给英文底稿	篇0593	按英文语境沿现稿或修正；官方对应待核。
Janius	雅努斯	暂定·官方待核	所给英文底稿	篇0593	按英文语境沿现稿或修正；官方对应待核。
Epithemuius	厄庇墨透斯	暂定·官方待核	所给英文底稿	篇0593	按英文语境沿现稿或修正；官方对应待核。
Kyril Sindermann	凯里尔·辛德曼	暂定·官方待核	所给英文底稿	篇0593	按英文语境沿现稿或修正；官方对应待核。
Lemuel Gaumon	莱缪尔·高蒙	暂定·官方待核	所给英文底稿	篇0593	按英文语境沿现稿或修正；官方对应待核。
Macro-Geller Fields	巨型盖勒力场	暂定·官方待核	所给英文底稿	篇0593	按英文语境沿现稿或修正；官方对应待核。
Mersadie Oliton	梅萨迪·奥莱顿	暂定·官方待核	所给英文底稿	篇0593	按英文语境沿现稿或修正；官方对应待核。
Kazzim-Aleph-1	卡齐姆-阿列夫-1	暂定·官方待核	所给英文底稿	篇0593	按英文语境沿现稿或修正；官方对应待核。
Soul-Engine	灵魂引擎	暂定·官方待核	所给英文底稿	篇0593	按英文语境沿现稿或修正；官方对应待核。
Bodvar Bjarki	博德瓦尔·比亚尔基	暂定·官方待核	所给英文底稿	篇0593	按英文语境沿现稿或修正；官方对应待核。
Gallent Sidozie	加伦特·西多杰	暂定·官方待核	所给英文底稿	篇0593	按英文语境沿现稿或修正；官方对应待核。
Yasu Nagasena	长濑康	暂定·官方待核	所给英文底稿	篇0593	按英文语境沿现稿或修正；官方对应待核。
Lord Geneticist	遗传学领主	暂定·官方待核	所给英文底稿	篇0595	按英文语境沿现稿或修正；官方对应待核。
Alapi Mountains	阿拉皮山脉	暂定·官方待核	所给英文底稿	篇0595	按英文语境沿现稿或修正；官方对应待核。
Putoo	普图	暂定·官方待核	所给英文底稿	篇0595	按英文语境沿现稿或修正；官方对应待核。
Miamar	米阿马	暂定·官方待核	所给英文底稿	篇0595	按英文语境沿现稿或修正；官方对应待核。
Altrix Herminia	阿尔特里克斯·赫米尼亚	暂定·官方待核	所给英文底稿	篇0595	按英文语境沿现稿或修正；官方对应待核。
Friedisch	弗里德里希	暂定·官方待核	所给英文底稿	篇0595	按英文语境沿现稿或修正；官方对应待核。
Uwoma Kandawire	乌沃玛·坎达维尔	暂定·官方待核	所给英文底稿	篇0596	按英文语境沿现稿或修正；官方对应待核。
Castellan Exemplars	堡主典范	暂定·官方待核	所给英文底稿	篇0596	按英文语境沿现稿或修正；官方对应待核。
Samonas	萨门纳斯	暂定·官方待核	所给英文底稿	篇0596	按英文语境沿现稿或修正；官方对应待核。
Uriah Olathaire	乌利亚·奥拉泰尔	暂定·官方待核	所给英文底稿	篇0597	按英文语境沿现稿或修正；官方对应待核。
Franc	法兰克	暂定·官方待核	所给英文底稿	篇0597	按英文语境沿现稿或修正；官方对应待核。
Battle of Gaduare	加杜阿雷之战	暂定·官方待核	所给英文底稿	篇0597	按英文语境沿现稿或修正；官方对应待核。
Church of the Lightning Stone	雷石教堂	暂定·官方待核	所给英文底稿	篇0597	按英文语境沿现稿或修正；官方对应待核。
Imagist	影像师	暂定·官方待核	所给英文底稿	篇0598	按英文语境沿现稿或修正；官方对应待核。
Eristede Kell	埃里斯泰德·凯尔	暂定·官方待核	所给英文底稿	篇0598	按英文语境沿现稿或修正；官方对应待核。
Cor’bax Utterblight	科尔’巴克斯·枯毁	暂定·官方待核	所给英文底稿	篇0598	按英文语境沿现稿或修正；官方对应待核。
Tower of Hegemon	霸权之塔	暂定·官方待核	所给英文底稿	篇0598	按英文语境沿现稿或修正；官方对应待核。
Basilio Fo	巴西利奥·弗	暂定·官方待核	所给英文底稿	篇0598	按英文语境沿现稿或修正；官方对应待核。
Hellick Mauer	赫立克·莫尔	暂定·官方待核	所给英文底稿	篇0598	按英文语境沿现稿或修正；官方对应待核。
Andromeda-17	安德洛墨达-17	暂定·官方待核	所给英文底稿	篇0598	按英文语境沿现稿或修正；官方对应待核。
The Lord Cypher	塞弗领主	暂定·官方待核	所给英文底稿	篇0598	按英文语境沿现稿或修正；官方对应待核。
Keeler Comet	琪乐彗星	暂定·官方待核	所给英文底稿	篇0598	按英文语境沿现稿或修正；官方对应待核。
El’Phanor	埃尔’法诺	暂定·官方待核	所给英文底稿	篇0598	按英文语境沿现稿或修正；官方对应待核。
Euphrate’s Warp	尤弗拉蒂之扭曲	暂定·官方待核	所给英文底稿	篇0598	按英文语境沿现稿或修正；官方对应待核。
Cohran Hursula	科赫兰·赫苏拉	暂定·官方待核	所给英文底稿	篇0599	按英文语境沿现稿或修正；官方对应待核。
Mistress of the Astronomican	星炬主管	暂定·官方待核	所给英文底稿	篇0599	按英文语境沿现稿或修正；官方对应待核。
The Angel	天使	暂定·官方待核	所给英文底稿	篇0600	按英文语境沿现稿或修正；官方对应待核。
The Sleeper	沉睡者	暂定·官方待核	所给英文底稿	篇0600	按英文语境沿现稿或修正；官方对应待核。
Angel of Destruction	毁灭天使	暂定·官方待核	所给英文底稿	篇0600	按英文语境沿现稿或修正；官方对应待核。
Pharaa’gueotla	法拉’格奥特拉	暂定·官方待核	所给英文底稿	篇0600	按英文语境沿现稿或修正；官方对应待核。
Karis Cephalon	卡里斯·凯法隆	暂定·官方待核	所给英文底稿	篇0600	按英文语境沿现稿或修正；官方对应待核。
Coranis	科拉尼斯	暂定·官方待核	所给英文底稿	篇0600	按英文语境沿现稿或修正；官方对应待核。
Lichtenstein	利希滕斯坦	暂定·官方待核	所给英文底稿	篇0600	按英文语境沿现稿或修正；官方对应待核。
Librarium Hereticus	异端图书馆	暂定·官方待核	所给英文底稿	篇0600	按英文语境沿现稿或修正；官方对应待核。
Kessel	凯瑟尔	暂定·官方待核	所给英文底稿	篇0600	按英文语境沿现稿或修正；官方对应待核。
Cardinal Kodazcka	枢机主教科达兹卡	暂定·官方待核	所给英文底稿	篇0600	按英文语境沿现稿或修正；官方对应待核。
Cephalon Institute of Ecclesiastical Antiquities	凯法隆教会古物研究所	暂定·官方待核	所给英文底稿	篇0600	按英文语境沿现稿或修正；官方对应待核。
Amethyst Palace	紫晶宫	暂定·官方待核	所给英文底稿	篇0600	按英文语境沿现稿或修正；官方对应待核。
Lord Vertian	维尔蒂安领主	暂定·官方待核	所给英文底稿	篇0600	按英文语境沿现稿或修正；官方对应待核。
Eugan Temba	尤根·坦巴	暂定·官方待核	所给英文底稿	篇0601	按英文语境沿现稿或修正；官方对应待核。
Glory of Terra	泰拉之誉号	暂定·官方待核	所给英文底稿	篇0601	按英文语境沿现稿或修正；官方对应待核。
Nurg-leth	努尔格-莱斯	暂定·官方待核	所给英文底稿	篇0601	按英文语境沿现稿或修正；官方对应待核。
Verulam Moy	维鲁拉姆·莫伊	暂定·官方待核	所给英文底稿	篇0601	按英文语境沿现稿或修正；官方对应待核。
Maulland Sen	莫兰森	暂定·官方待核	所给英文底稿	篇0602	按英文语境沿现稿或修正；官方对应待核。
Victor of Gaduare	加杜阿雷胜利者	暂定·官方待核	所给英文底稿	篇0603	按英文语境沿现稿或修正；官方对应待核。
Last Rider	最后骑手	暂定·官方待核	所给英文底稿	篇0603	按英文语境沿现稿或修正；官方对应待核。
Butcher of Scandia	斯堪迪亚屠夫	暂定·官方待核	所给英文底稿	篇0603	按英文语境沿现稿或修正；官方对应待核。
Throne Slayer	王座杀手	暂定·官方待核	所给英文底稿	篇0603	按英文语境沿现稿或修正；官方对应待核。
Pass of Mohan	莫汉关口	暂定·官方待核	所给英文底稿	篇0603	按英文语境沿现稿或修正；官方对应待核。
Urartu	乌拉图	暂定·官方待核	所给英文底稿	篇0603	按英文语境沿现稿或修正；官方对应待核。
Lightning Bearer	携电者	暂定·官方待核	所给英文底稿	篇0603	按英文语境沿现稿或修正；官方对应待核。
Babu Dhakal	巴布·达卡尔	暂定·官方待核	所给英文底稿	篇0603	按英文语境沿现稿或修正；官方对应待核。
Petitioner’s City	祈愿者之城	暂定·官方待核	所给英文底稿	篇0603	按英文语境沿现稿或修正；官方对应待核。
Khangba Marwu	康巴·玛乌	暂定·官方待核	所给英文底稿	篇0603	按英文语境沿现稿或修正；官方对应待核。
Temple of Woe	痛苦圣殿	暂定·官方待核	所给英文底稿	篇0603	按英文语境沿现稿或修正；官方对应待核。
Ghota	戈塔	暂定·官方待核	所给英文底稿	篇0603	按英文语境沿现稿或修正；官方对应待核。
Einrekh Phlagustok	爱因雷赫·弗拉古斯托克	暂定·官方待核	所给英文底稿	篇0604	按英文语境沿现稿或修正；官方对应待核。
Sigma-Ulstari	西格玛-乌斯塔利	暂定·官方待核	所给英文底稿	篇0604	按英文语境沿现稿或修正；官方对应待核。
Fidus Kryptman	菲杜斯·克瑞普特曼	暂定·官方待核	所给英文底稿	篇0605	按英文语境沿现稿或修正；官方对应待核。
Octavius Rabelaq	屋大维·拉伯拉克	暂定·官方待核	所给英文底稿	篇0605	按英文语境沿现稿或修正；官方对应待核。
Aries Satria	阿瑞斯·萨特里亚	暂定·官方待核	所给英文底稿	篇0605	按英文语境沿现稿或修正；官方对应待核。
Captain Bannon	班农连长	暂定·官方待核	所给英文底稿	篇0605	按英文语境沿现稿或修正；官方对应待核。
Battlefleet Tempestus	暴风战斗舰队	暂定·官方待核	所给英文底稿	篇0605	按英文语境沿现稿或修正；官方对应待核。
Amalathian	阿马拉特安派	暂定·官方待核	所给英文底稿	篇0606	按英文语境沿现稿或修正；官方对应待核。
DeKere’s World	德科勒世界	暂定·官方待核	所给英文底稿	篇0606	按英文语境沿现稿或修正；官方对应待核。
Almanadae	阿尔曼达伊	暂定·官方待核	所给英文底稿	篇0606	按英文语境沿现稿或修正；官方对应待核。
Hapshant	哈普山特	暂定·官方待核	所给英文底稿	篇0606	按英文语境沿现稿或修正；官方对应待核。
Titus Endor	泰图斯·恩多	暂定·官方待核	所给英文底稿	篇0606	按英文语境沿现稿或修正；官方对应待核。
Lemete Syre	勒梅特·赛尔	暂定·官方待核	所给英文底稿	篇0606	按英文语境沿现稿或修正；官方对应待核。
Flammel	弗拉梅尔	暂定·官方待核	所给英文底稿	篇0606	按英文语境沿现稿或修正；官方对应待核。
Grand Banks	大浅滩诸世界	暂定·官方待核	所给英文底稿	篇0606	按英文语境沿现稿或修正；官方对应待核。
Ignix	伊格尼斯	暂定·官方待核	所给英文底稿	篇0606	按英文语境沿现稿或修正；官方对应待核。
Murdin Eyclone	穆丁·埃克隆	暂定·官方待核	所给英文底稿	篇0606	按英文语境沿现稿或修正；官方对应待核。
Hubris	傲慢星	暂定·官方待核	所给英文底稿	篇0606	按英文语境沿现稿或修正；官方对应待核。
Godwyn Fischig	古德温·费希格	暂定·官方待核	所给英文底稿	篇0606	按英文语境沿现稿或修正；官方对应待核。
Pontius Glaw	庞蒂乌斯·格劳	暂定·官方待核	所给英文底稿	篇0606	按英文语境沿现稿或修正；官方对应待核。
The Pontius	庞蒂乌斯	暂定·官方待核	所给英文底稿	篇0606	按英文语境沿现稿或修正；官方对应待核。
Necroteuch	《死灵之书》	暂定·官方待核	所给英文底稿	篇0606	按英文语境沿现稿或修正；官方对应待核。
Gorgone Locke	戈尔贡·洛克	暂定·官方待核	所给英文底稿	篇0606	按英文语境沿现稿或修正；官方对应待核。
Commodus Voke	科莫德斯·沃克	暂定·官方待核	所给英文底稿	篇0606	按英文语境沿现稿或修正；官方对应待核。
Helican Schism	赫利坎分裂	暂定·官方待核	所给英文底稿	篇0606	按英文语境沿现稿或修正；官方对应待核。
Gudrun	古德伦	暂定·官方待核	所给英文底稿	篇0606	按英文语境沿现稿或修正；官方对应待核。
Damask	达马斯克	暂定·官方待核	所给英文底稿	篇0606	按英文语境沿现稿或修正；官方对应待核。
Konrad Molitor	康拉德·莫里托	暂定·官方待核	所给英文底稿	篇0606	按英文语境沿现稿或修正；官方对应待核。
Lowink	洛温克	暂定·官方待核	所给英文底稿	篇0606	按英文语境沿现稿或修正；官方对应待核。
Cherubael	凯鲁巴埃尔	暂定·官方待核	所给英文底稿	篇0606	按英文语境沿现稿或修正；官方对应待核。
Sameter	萨米特	暂定·官方待核	所给英文底稿	篇0606	按英文语境沿现稿或修正；官方对应待核。
Quixos	奇科索斯	暂定·官方待核	所给英文底稿	篇0606	按英文语境沿现稿或修正；官方对应待核。
Midas Betancore	米达斯·贝坦科尔	暂定·官方待核	所给英文底稿	篇0606	按英文语境沿现稿或修正；官方对应待核。
Medea Betancore	美狄亚·贝坦科尔	暂定·官方待核	所给英文底稿	篇0606	按英文语境沿现稿或修正；官方对应待核。
Fayde Thuring	菲德·瑟林	暂定·官方待核	所给英文底稿	篇0606	按英文语境沿现稿或修正；官方对应待核。
Thracian Primaris	色雷斯主星	暂定·官方待核	所给英文底稿	篇0606	按英文语境沿现稿或修正；官方对应待核。
Eechan	伊詹	暂定·官方待核	所给英文底稿	篇0606	按英文语境沿现稿或修正；官方对应待核。
Lyko	莱克	暂定·官方待核	所给英文底稿	篇0606	按英文语境沿现稿或修正；官方对应待核。
Prophaniti	普罗法尼狄	暂定·官方待核	所给英文底稿	篇0606	按英文语境沿现稿或修正；官方对应待核。
Osma	奥斯马	暂定·官方待核	所给英文底稿	篇0606	按英文语境沿现稿或修正；官方对应待核。
Malus Codicium	《邪恶律典》	暂定·官方待核	所给英文底稿	篇0606	按英文语境沿现稿或修正；官方对应待核。
Heldane	赫尔丹	暂定·官方待核	所给英文底稿	篇0606	按英文语境沿现稿或修正；官方对应待核。
Divine Fratery	神圣兄弟会	暂定·官方待核	所给英文底稿	篇0606	按英文语境沿现稿或修正；官方对应待核。
Keeler Image	琪乐影像	暂定·官方待核	所给英文底稿	篇0606	按英文语境沿现稿或修正；官方对应待核。
Gershom	格肖姆	暂定·官方待核	所给英文底稿	篇0606	按英文语境沿现稿或修正；官方对应待核。
Valentin Drusher	瓦伦丁·德鲁什	暂定·官方待核	所给英文底稿	篇0606	按英文语境沿现稿或修正；官方对应待核。
Germaine Macks	杰曼·麦克斯	暂定·官方待核	所给英文底稿	篇0606	按英文语境沿现稿或修正；官方对应待核。
Goran Gobleka	戈兰·戈布雷卡	暂定·官方待核	所给英文底稿	篇0606	按英文语境沿现稿或修正；官方对应待核。
Queen Mab	马布女王城	暂定·官方待核	所给英文底稿	篇0606	按英文语境沿现稿或修正；官方对应待核。
Sancour	桑库尔	暂定·官方待核	所给英文底稿	篇0606	按英文语境沿现稿或修正；官方对应待核。
City of Dust	尘埃之城	暂定·官方待核	所给英文底稿	篇0606	按英文语境沿现稿或修正；官方对应待核。
Comus	科摩斯	暂定·官方待核	所给英文底稿	篇0606	按英文语境沿现稿或修正；官方对应待核。
Glossia	格罗西亚码	暂定·官方待核	所给英文底稿	篇0606	按英文语境沿现稿或修正；官方对应待核。
Provost of Inx	因克斯教长	暂定·官方待核	所给英文底稿	篇0606	按英文语境沿现稿或修正；官方对应待核。
Lores Vibben	洛蕾斯·维本	暂定·官方待核	所给英文底稿	篇0606	按英文语境沿现稿或修正；官方对应待核。
Barbarisater	巴巴里萨特	暂定·官方待核	所给英文底稿	篇0606	按英文语境沿现稿或修正；官方对应待核。
Arianhrod Esw Sweydyr	阿瑞安诺德·艾希·斯威德	暂定·官方待核	所给英文底稿	篇0606	按英文语境沿现稿或修正；官方对应待核。
Eemanda	艾曼达	暂定·官方待核	所给英文底稿	篇0606	按英文语境沿现稿或修正；官方对应待核。
Uber Aemos	乌伯·艾莫斯	暂定·官方待核	所给英文底稿	篇0606	按英文语境沿现稿或修正；官方对应待核。
Savant	博学者	暂定·官方待核	所给英文底稿	篇0606	按英文语境沿现稿或修正；官方对应待核。
Mescher Qus	米彻尔·丘斯	暂定·官方待核	所给英文底稿	篇0606	按英文语境沿现稿或修正；官方对应待核。
Harlon Nayl	哈隆·纳伊尔	暂定·官方待核	所给英文底稿	篇0606	按英文语境沿现稿或修正；官方对应待核。
Jan Husmaan	扬·胡斯曼	暂定·官方待核	所给英文底稿	篇0606	按英文语境沿现稿或修正；官方对应待核。
Nathun Inshabel	纳森·因沙贝尔	暂定·官方待核	所给英文底稿	篇0606	按英文语境沿现稿或修正；官方对应待核。
Kara Swole	卡拉·斯沃	暂定·官方待核	所给英文底稿	篇0606	按英文语境沿现稿或修正；官方对应待核。
Bex Begundi	贝克斯·贝贡迪	暂定·官方待核	所给英文底稿	篇0606	按英文语境沿现稿或修正；官方对应待核。
Duclane Haar	杜克兰·哈尔	暂定·官方待核	所给英文底稿	篇0606	按英文语境沿现稿或修正；官方对应待核。
Eleena Koi	埃琳娜·科伊	暂定·官方待核	所给英文底稿	篇0606	按英文语境沿现稿或修正；官方对应待核。
Lucius Devlan	卢修斯·迪维兰	暂定·官方待核	所给英文底稿	篇0606	按英文语境沿现稿或修正；官方对应待核。
Severina Devout	瑟维丽娜·迪奥特	暂定·官方待核	所给英文底稿	篇0606	按英文语境沿现稿或修正；官方对应待核。
Sevora Devout	瑟沃娜·迪奥特	暂定·官方待核	所给英文底稿	篇0606	按英文语境沿现稿或修正；官方对应待核。
Quovandius	寇万迪乌斯	暂定·官方待核	所给英文底稿	篇0606	按英文语境沿现稿或修正；官方对应待核。
Tobias Maxilla	托比阿斯·马克西拉	暂定·官方待核	所给英文底稿	篇0606	按英文语境沿现稿或修正；官方对应待核。
Olm Madorthene	奥姆·马多西恩	暂定·官方待核	所给英文底稿	篇0606	按英文语境沿现稿或修正；官方对应待核。
Geard Bure	吉尔德·布尔	暂定·官方待核	所给英文底稿	篇0606	按英文语境沿现稿或修正；官方对应待核。
Crezia Berschilde	克丽齐亚·贝希尔德	暂定·官方待核	所给英文底稿	篇0606	按英文语境沿现稿或修正；官方对应待核。
Adrastia	阿德拉斯蒂娅	暂定·官方待核	所给英文底稿	篇0607	按英文语境沿现稿或修正；官方对应待核。
Aurelia Sub-sector	奥瑞利亚次星区	暂定·官方待核	所给英文底稿	篇0607	按英文语境沿现稿或修正；官方对应待核。
Leon Chirastes	莱昂·奇拉斯特斯	暂定·官方待核	所给英文底稿	篇0608	按英文语境沿现稿或修正；官方对应待核。
Cardinal Astra	星界红衣主教	暂定·官方待核	所给英文底稿	篇0608	按英文语境沿现稿或修正；官方对应待核。
Fenris Incident	芬里斯事件	暂定·官方待核	所给英文底稿	篇0608	按英文语境沿现稿或修正；官方对应待核。
Fulcrum	支点	暂定·官方待核	所给英文底稿	篇0608	按英文语境沿现稿或修正；官方对应待核。
Fulcrum Hunters	支点猎手	暂定·官方待核	所给英文底稿	篇0608	按英文语境沿现稿或修正；官方对应待核。
Righteous Flail	正义链枷号	暂定·官方待核	所给英文底稿	篇0608	按英文语境沿现稿或修正；官方对应待核。
Ojada VII	奥贾达七号	暂定·官方待核	所给英文底稿	篇0608	按英文语境沿现稿或修正；官方对应待核。
Ojada Perennials Fourteenth Advanced Armoured Regiment	奥贾达常青军第十四高级装甲团	暂定·官方待核	所给英文底稿	篇0608	按英文语境沿现稿或修正；官方对应待核。
Blackmane Thunderfist	黑鬃·雷拳	暂定·官方待核	所给英文底稿	篇0608	按英文语境沿现稿或修正；官方对应待核。
Axith Orquemond	阿克西斯·奥奎蒙德	暂定·官方待核	所给英文底稿	篇0608	按英文语境沿现稿或修正；官方对应待核。
Buta Avelina	布塔·阿维莉娜	暂定·官方待核	所给英文底稿	篇0608	按英文语境沿现稿或修正；官方对应待核。
Acherosa	疼痛蔷薇	暂定·官方待核	所给英文底稿	篇0608	按英文语境沿现稿或修正；官方对应待核。
Járnhamar Pack	铁锤小队	暂定·官方待核	所给英文底稿	篇0608	按英文语境沿现稿或修正；官方对应待核。
Hjortur Bloodfang	约尔图尔·血牙	暂定·官方待核	所给英文底稿	篇0608	按英文语境沿现稿或修正；官方对应待核。
Gunnlaugur	贡劳尔	暂定·官方待核	所给英文底稿	篇0608	按英文语境沿现稿或修正；官方对应待核。
Berek Thunderfist	贝雷克·雷拳	暂定·官方待核	所给英文底稿	篇0608	按英文语境沿现稿或修正；官方对应待核。
Perigino	佩里尼奥	暂定·官方待核	所给英文底稿	篇0609	按英文语境沿现稿或修正；官方对应待核。
Perigno	佩里尼奥	暂定·官方待核	所给英文底稿	篇0609	按英文语境沿现稿或修正；官方对应待核。
Arch-Cardinal	大红衣主教	暂定·官方待核	所给英文底稿	篇0609	按英文语境沿现稿或修正；官方对应待核。
Promethean Cult	普罗米修斯教派	暂定·官方待核	所给英文底稿	篇0609	按英文语境沿现稿或修正；官方对应待核。
War of Flames	火焰战争	暂定·官方待核	所给英文底稿	篇0609	按英文语境沿现稿或修正；官方对应待核。
New Folly	新愚星	暂定·官方待核	所给英文底稿	篇0609	按英文语境沿现稿或修正；官方对应待核。
Archmagos Dominus	统御大贤者	暂定·官方待核	所给英文底稿	篇0610	按英文语境沿现稿或修正；官方对应待核。
Dominatus Dominus	统御之主	暂定·官方待核	所给英文底稿	篇0610	按英文语境沿现稿或修正；官方对应待核。
Master of Masters	大师之师	暂定·官方待核	所给英文底稿	篇0610	按英文语境沿现稿或修正；官方对应待核。
Xanthe Terra	克珊忒台地	暂定·官方待核	所给英文底稿	篇0610	按英文语境沿现稿或修正；官方对应待核。
Hammareth	哈马瑞斯	暂定·官方待核	所给英文底稿	篇0610	按英文语境沿现稿或修正；官方对应待核。
Tech-Acolyte	技术侍僧	暂定·官方待核	所给英文底稿	篇0610	按英文语境沿现稿或修正；官方对应待核。
Trisolian-A4	特里索兰-A4	暂定·官方待核	所给英文底稿	篇0610	按英文语境沿现稿或修正；官方对应待核。
Hester Aspertia Sigma-Sigma	海丝特·阿斯佩蒂亚·西格玛-西格玛	暂定·官方待核	所给英文底稿	篇0610	按英文语境沿现稿或修正；官方对应待核。
Cawl Inferior	次级考尔	暂定·官方待核	所给英文底稿	篇0610	按英文语境沿现稿或修正；官方对应待核。
Kalisus	卡利苏斯	暂定·官方待核	所给英文底稿	篇0610	按英文语境沿现稿或修正；官方对应待核。
Solar Atomiser	日冕爆炎枪	暂定·官方待核	所给英文底稿	篇0610	按英文语境沿现稿或修正；官方对应待核。
Arc Scourge	电弧鞭	暂定·官方待核	所给英文底稿	篇0610	按英文语境沿现稿或修正；官方对应待核。
Master-crafted Omnisian Axe	精工欧姆尼赛亚之斧	暂定·官方待核	所给英文底稿	篇0610	按英文语境沿现稿或修正；官方对应待核。
Refractor Field	折射力场	暂定·官方待核	所给英文底稿	篇0610	按英文语境沿现稿或修正；官方对应待核。
Mechandarites	机械触须	暂定·官方待核	所给英文底稿	篇0610	按英文语境沿现稿或修正；官方对应待核。
Sub-Cawl	分考尔	暂定·官方待核	所给英文底稿	篇0610	按英文语境沿现稿或修正；官方对应待核。
Alpha Primus	原铸之首	暂定·官方待核	所给英文底稿	篇0610	按英文语境沿现稿或修正；官方对应待核。
Land’s Raider-Pattern Main Battle Tank	兰德掠袭者型主战坦克	暂定·官方待核	所给英文底稿	篇0611	按英文语境沿现稿或修正；官方对应待核。
Land’s Crawler	兰德爬行者	暂定·官方待核	所给英文底稿	篇0611	按英文语境沿现稿或修正；官方对应待核。
Mars Universal Land Engine	火星通用兰德引擎	暂定·官方待核	所给英文底稿	篇0611	按英文语境沿现稿或修正；官方对应待核。
Paragon Pattern Jetbike	典范型喷气摩托	暂定·官方待核	所给英文底稿	篇0611	按英文语境沿现稿或修正；官方对应待核。
cruciamen	钻心者	暂定·官方待核	所给英文底稿	篇0611	按英文语境沿现稿或修正；官方对应待核。
Hexarchion Vaults	六头秘库	暂定·官方待核	所给英文底稿	篇0611	按英文语境沿现稿或修正；官方对应待核。
Nicanor Tullus	尼卡诺·图卢斯	暂定·官方待核	所给英文底稿	篇0611	按英文语境沿现稿或修正；官方对应待核。
Hieronyma	希罗尼玛	暂定·官方待核	所给英文底稿	篇0611	按英文语境沿现稿或修正；官方对应待核。
Archimandrite	技术牧首	暂定·官方待核	所给英文底稿	篇0611	按英文语境沿现稿或修正；官方对应待核。
Grav-Raider	反重力掠袭者战车	暂定·官方待核	所给英文底稿	篇0611	按英文语境沿现稿或修正；官方对应待核。
Psyber-Monkey	灵械猿猴	暂定·官方待核	所给英文底稿	篇0611	按英文语境沿现稿或修正；官方对应待核。
Sapien	萨皮恩	暂定·官方待核	所给英文底稿	篇0611	按英文语境沿现稿或修正；官方对应待核。
Calastar	卡拉斯塔	暂定·官方待核	所给英文底稿	篇0611	按英文语境沿现稿或修正；官方对应待核。
Dominion Zephon	统御者泽丰	暂定·官方待核	所给英文底稿	篇0611	按英文语境沿现稿或修正；官方对应待核。
Transacta-7Y1	坦斯达-7Y1	暂定·官方待核	所给英文底稿	篇0611	按英文语境沿现稿或修正；官方对应待核。
Eristes	厄里斯忒斯	暂定·官方待核	所给英文底稿	篇0611	按英文语境沿现稿或修正；官方对应待核。
Shafia	沙菲亚	暂定·官方待核	所给英文底稿	篇0611	按英文语境沿现稿或修正；官方对应待核。
Shenkai	申凯	暂定·官方待核	所给英文底稿	篇0611	按英文语境沿现稿或修正；官方对应待核。
Kargos Bloodspitter	吐血者卡尔戈斯	暂定·官方待核	所给英文底稿	篇0611	按英文语境沿现稿或修正；官方对应待核。
Landites	兰德学派	暂定·官方待核	所给英文底稿	篇0611	按英文语境沿现稿或修正；官方对应待核。
Landists	兰德派	暂定·官方待核	所给英文底稿	篇0611	按英文语境沿现稿或修正；官方对应待核。
Mondus Occulam	蒙杜斯·奥库勒姆	暂定·官方待核	所给英文底稿	篇0612	与386的Mondus Occulum同一铸造城，统一中文，保留英文异拼。
Forge Master	铸造大师	暂定·官方待核	所给英文底稿	篇0612	按英文语境沿现稿或修正；官方对应待核。
binary succession	二元继承	暂定·官方待核	所给英文底稿	篇0612	按英文语境沿现稿或修正；官方对应待核。
Magnificum Incendius	宏伟烈焰号	暂定·官方待核	所给英文底稿	篇0612	按英文语境沿现稿或修正；官方对应待核。
Legio Ignatum	烈焰军团	暂定·官方待核	所给英文底稿	篇0612	按英文语境沿现稿或修正；官方对应待核。
Esha Ani Mohana	艾莎·阿尼·莫哈娜	暂定·官方待核	所给英文底稿	篇0612	按英文语境沿现稿或修正；官方对应待核。
Grand Council of Reconstruction	重建大议会	暂定·官方待核	所给英文底稿	篇0612	按英文语境沿现稿或修正；官方对应待核。
Ipluvien Maximal	伊普露维恩·马克西姆	暂定·官方待核	所给英文底稿	篇0613	按英文语境沿现稿或修正；官方对应待核。
Koriel Zeth	科瑞尔·泽斯	暂定·官方待核	所给英文底稿	篇0613	按英文语境沿现稿或修正；官方对应待核。
Akashic Reader	阿卡西克读取器	暂定·官方待核	所给英文底稿	篇0613	按英文语境沿现稿或修正；官方对应待核。
Magma City	岩浆城	暂定·官方待核	所给英文底稿	篇0614	按英文语境沿现稿或修正；官方对应待核。
Dalia Cythera	达莉亚·库忒拉	暂定·官方待核	所给英文底稿	篇0614	按英文语境沿现稿或修正；官方对应待核。
Death of Innocence	纯真之死	暂定·官方待核	所给英文底稿	篇0614	按英文语境沿现稿或修正；官方对应待核。
Sisters of Cydonia	赛多尼亚修女	暂定·官方待核	所给英文底稿	篇0614	按英文语境沿现稿或修正；官方对应待核。
Tilvius	蒂尔维乌斯	暂定·官方待核	所给英文底稿	篇0615	按英文语境沿现稿或修正；官方对应待核。
Chief Artisan	首席工匠	暂定·官方待核	所给英文底稿	篇0615	按英文语境沿现稿或修正；官方对应待核。
Land Raider Prometheus	普罗米修斯型兰德掠袭者战车	暂定·官方待核	所给英文底稿	篇0615	按英文语境沿现稿或修正；官方对应待核。
Urtzi Malevolus	乌尔齐·马勒沃尔斯	暂定·官方待核	所给英文底稿	篇0616	按英文语境沿现稿或修正；官方对应待核。
Lukas Chrom	卢卡斯·克罗姆	暂定·官方待核	所给英文底稿	篇0616	按英文语境沿现稿或修正；官方对应待核。
Melgator	梅尔加托	暂定·官方待核	所给英文底稿	篇0616	按英文语境沿现稿或修正；官方对应待核。
Nine Disciples	九门徒	暂定·官方待核	所给英文底稿	篇0616	按英文语境沿现稿或修正；官方对应待核。
Sota-Nul	索塔·努尔	暂定·官方待核	所给英文底稿	篇0616	按英文语境沿现稿或修正；官方对应待核。
Regulus	雷古勒斯	暂定·官方待核	所给英文底稿	篇0617	按英文语境沿现稿或修正；官方对应待核。
Wrought	锻造秘库	暂定·官方待核	所给英文底稿	篇0617	按英文语境沿现稿或修正；官方对应待核。
T'kell	特凯尔	暂定·官方待核	所给英文底稿	篇0617	按英文语境沿现稿或修正；官方对应待核。
Simion Pentasian	西蒙·彭塔西安	暂定·官方待核	所给英文底稿	篇0618	按英文语境沿现稿或修正；官方对应待核。
Nemo Zhi-Meng	尼莫·志明	暂定·官方待核	所给英文底稿	篇0619	按英文语境沿现稿或修正；官方对应待核。
Choirmaster	星语唱诗长	暂定·官方待核	所给英文底稿	篇0619	按英文语境沿现稿或修正；官方对应待核。
Aniq Sarashina	安尼·萨拉希娜	暂定·官方待核	所给英文底稿	篇0619	按英文语境沿现稿或修正；官方对应待核。
Athena Diyos	雅典娜·迪约斯	暂定·官方待核	所给英文底稿	篇0619	按英文语境沿现稿或修正；官方对应待核。
Evander Gregoras	埃万德·格雷戈拉斯	暂定·官方待核	所给英文底稿	篇0619	按英文语境沿现稿或修正；官方对应待核。
Cryptaesthesians	隐感者	暂定·官方待核	所给英文底稿	篇0619	按英文语境沿现稿或修正；官方对应待核。
City of Sight	视界之城	暂定·官方待核	所给英文底稿	篇0619	按英文语境沿现稿或修正；官方对应待核。
Keelerite	琪乐派信徒	暂定·官方待核	所给英文底稿	篇0619	按英文语境沿现稿或修正；官方对应待核。
The Age of Revolution: Suppressed Monographs of Choirmaster Nemo Zhi Meng	变革时代：星语唱诗长尼莫·志明的查禁专论	暂定·官方待核	所给英文底稿	篇0619	按英文语境沿现稿或修正；官方对应待核。
House Castana	卡斯塔纳家族	暂定·官方待核	所给英文底稿	篇0620	按英文语境沿现稿或修正；官方对应待核。
Argo	阿尔戈号	暂定·官方待核	所给英文底稿	篇0620	按英文语境沿现稿或修正；官方对应待核。
Roxanne Castana	罗克珊·卡斯塔纳	暂定·官方待核	所给英文底稿	篇0620	按英文语境沿现稿或修正；官方对应待核。
Atharva	阿塔瓦	暂定·官方待核	所给英文底稿	篇0620	按英文语境沿现稿或修正；官方对应待核。
Ashuba	阿舒巴	暂定·官方待核	所给英文底稿	篇0620	按英文语境沿现稿或修正；官方对应待核。
Soulless Queen of the Imperium	帝国的无魂女王	暂定·官方待核	所给英文底稿	篇0621	按英文语境沿现稿或修正；官方对应待核。
Chief Investigatus-Militant	首席军务调查员	暂定·官方待核	所给英文底稿	篇0621	按英文语境沿现稿或修正；官方对应待核。
Albian Wasteland	阿尔比亚荒原	暂定·官方待核	所给英文底稿	篇0621	按英文语境沿现稿或修正；官方对应待核。
Wars of Succession	继承战争	暂定·官方待核	所给英文底稿	篇0621	按英文语境沿现稿或修正；官方对应待核。
Red Frost	红霜之战	暂定·官方待核	所给英文底稿	篇0621	按英文语境沿现稿或修正；官方对应待核。
Last Unity	最后统一之战	暂定·官方待核	所给英文底稿	篇0621	按英文语境沿现稿或修正；官方对应待核。
Compliance 9-13	第9-13号平定行动	暂定·官方待核	所给英文底稿	篇0621	按英文语境沿现稿或修正；官方对应待核。
Cataclysm of Pentacanaes	佩塔卡纳斯之灾	暂定·官方待核	所给英文底稿	篇0621	按英文语境沿现稿或修正；官方对应待核。
Mournful Gate	悲伤之门	暂定·官方待核	所给英文底稿	篇0621	按英文语境沿现稿或修正；官方对应待核。
Laurels Invictarus	常胜桂冠	暂定·官方待核	所给英文底稿	篇0621	按英文语境沿现稿或修正；官方对应待核。
Skagan	斯卡根	暂定·官方待核	所给英文底稿	篇0621	按英文语境沿现稿或修正；官方对应待核。
Itria	伊特里亚	暂定·官方待核	所给英文底稿	篇0621	按英文语境沿现稿或修正；官方对应待核。
Witch Wars	巫师战争	暂定·官方待核	所给英文底稿	篇0621	按英文语境沿现稿或修正；官方对应待核。
Asmodex	阿斯莫德克斯	暂定·官方待核	所给英文底稿	篇0621	按英文语境沿现稿或修正；官方对应待核。
Jasaric	贾萨里克	暂定·官方待核	所给英文底稿	篇0621	按英文语境沿现稿或修正；官方对应待核。
Kadai Vilaccan	卡代·维拉坎	暂定·官方待核	所给英文底稿	篇0621	按英文语境沿现稿或修正；官方对应待核。
Aphone Ire	阿芙恩·艾尔	暂定·官方待核	所给英文底稿	篇0621	按英文语境沿现稿或修正；官方对应待核。
Voidsheen Cloak	虚光斗篷	暂定·官方待核	所给英文底稿	篇0621	按英文语境沿现稿或修正；官方对应待核。
Onyx Cloak	玛瑙斗篷	暂定·官方待核	所给英文底稿	篇0621	按英文语境沿现稿或修正；官方对应待核。
Veracity	真实	暂定·官方待核	所给英文底稿	篇0621	按英文语境沿现稿或修正；官方对应待核。
Mortale	凡人	暂定·官方待核	所给英文底稿	篇0621	按英文语境沿现稿或修正；官方对应待核。
No Man's Hand	无人之手	暂定·官方待核	所给英文底稿	篇0621	按英文语境沿现稿或修正；官方对应待核。
Proloquor	传言者	暂定·官方待核	所给英文底稿	篇0621	按英文语境沿现稿或修正；官方对应待核。
Melpomanei	墨尔波墨涅	暂定·官方待核	所给英文底稿	篇0621	按英文语境沿现稿或修正；官方对应待核。
Raptor Guard	猛禽卫队	暂定·官方待核	所给英文底稿	篇0621	按英文语境沿现稿或修正；官方对应待核。
Kaeria Casryn	凯莉娅·卡斯琳	暂定·官方待核	所给英文底稿	篇0622	按英文语境沿现稿或修正；官方对应待核。
Steel Foxes Cadre	钢狐核心队	暂定·官方待核	所给英文底稿	篇0622	按英文语境沿现稿或修正；官方对应待核。
Unspoken Sanction	沉默法案	暂定·官方待核	所给英文底稿	篇0622	按英文语境沿现稿或修正；官方对应待核。
First of the Ten Thousand	万夫团之首	暂定·官方待核	所给英文底稿	篇0623	按英文语境沿现稿或修正；官方对应待核。
Emperor's Spear	帝皇之矛	暂定·官方待核	所给英文底稿	篇0623	按英文语境沿现稿或修正；官方对应待核。
Anuatan Steppes	阿努亚坦草原	暂定·官方待核	所给英文底稿	篇0623	按英文语境沿现稿或修正；官方对应待核。
Blood Games	鲜血游戏	暂定·官方待核	所给英文底稿	篇0623	按英文语境沿现稿或修正；官方对应待核。
Pherom Sichar	费尔昂·西查尔	暂定·官方待核	所给英文底稿	篇0623	按英文语境沿现稿或修正；官方对应待核。
Hy Brasil	海巴西	暂定·官方待核	所给英文底稿	篇0623	按英文语境沿现稿或修正；官方对应待核。
alpha-dan	阿尔法段位	暂定·官方待核	所给英文底稿	篇0623	按英文语境沿现稿或修正；官方对应待核。
Colossi Gate	巨像门	暂定·官方待核	所给英文底稿	篇0623	按英文语境沿现稿或修正；官方对应待核。
Blackstone Prison	黑石监狱	暂定·官方待核	所给英文底稿	篇0623	按英文语境沿现稿或修正；官方对应待核。
Apollonian Spear	日神之矛	暂定·官方待核	所给英文底稿	篇0623	按英文语境沿现稿或修正；官方对应待核。
Corinthine Warplate	科林斯战甲	暂定·官方待核	所给英文底稿	篇0623	按英文语境沿现稿或修正；官方对应待核。
Mournful Siren	哀悼塞壬号	暂定·官方待核	所给英文底稿	篇0624	按英文语境沿现稿或修正；官方对应待核。
Emperor's Writhing Shadow	帝皇蠕动之影	暂定·官方待核	所给英文底稿	篇0624	按英文语境沿现稿或修正；官方对应待核。
Krushfist	碎拳	暂定·官方待核	所给英文底稿	篇0624	按英文语境沿现稿或修正；官方对应待核。
Years of Madness	疯狂年代	暂定·官方待核	所给英文底稿	篇0624	按英文语境沿现稿或修正；官方对应待核。
Moment Shackle	时间枷锁	暂定·官方待核	所给英文底稿	篇0624	按英文语境沿现稿或修正；官方对应待核。
Lev Tieron	列弗·蒂隆	暂定·官方待核	所给英文底稿	篇0624	按英文语境沿现稿或修正；官方对应待核。
Lord Brach	布拉奇领主	暂定·官方待核	所给英文底稿	篇0624	按英文语境沿现稿或修正；官方对应待核。
Irthu Haemotalion	伊图·哈默塔利昂	暂定·官方待核	所给英文底稿	篇0624	按英文语境沿现稿或修正；官方对应待核。
Manifest Judgement	审判显现号	暂定·官方待核	所给英文底稿	篇0624	按英文语境沿现稿或修正；官方对应待核。
Castellan Plate	堡主战甲	暂定·官方待核	所给英文底稿	篇0624	按英文语境沿现稿或修正；官方对应待核。
Watcher's Axe	守望者之斧	暂定·官方待核	所给英文底稿	篇0624	按英文语境沿现稿或修正；官方对应待核。
Misericordia	怜悯之刃	暂定·官方待核	所给英文底稿	篇0624	按英文语境沿现稿或修正；官方对应待核。
Uzkarel Ophite	乌兹卡雷尔·奥菲特	暂定·官方待核	所给英文底稿	篇0625	按英文语境沿现稿或修正；官方对应待核。
Draakward	火龙之剑护卫	暂定·英文疑似异拼	所给英文底稿；REF-03	A0588-B0059；Draaksward人物表	与Draaksward疑为同一护卫编制的异拼；保留原文，不按另一种对象翻译。
